pair_id	participant_a	participant_b	main_cochaperones	observation_count	resource_count	resources	resource_collection_count	resource_collections	record_types	interaction_observation_classes	record_contexts	experimental_contexts	source_experimental_systems	source_throughputs	interaction_types	evidence_codes	relationship_directions	directed_relationships	evidence_ceilings	pmids	database_resource_coverage_level	analytical_context_only	evidence_score_contribution	caveat_flags	pair_source_review_row_count	reviewed_primary_source_count	pair_review_status	pair_source_dispositions	reviewed_relation_classes	reviewed_directionalities	reviewed_directed_relationships	reviewed_directness_classes	reviewed_evidence_tiers	reviewed_hsp90_scopes	reviewed_pmids	reviewed_experimental_system_classes	reviewed_organism_contexts	reviewed_cellular_compartments	reviewed_evidence_basis_classes	pair_queue_resolution	reviewed_relationship_display_status	reviewed_relationship_display_layer	reviewed_production_score_effects
ABL2::CDC37	ABL2	CDC37	CDC37	5	2	BioGRID;IntAct	2	BioGRID;IntAct	BioGRID_physical;IntAct_binary_expansion_or_pair_record	curated_pair_association_record			"Affinity Capture-Luminescence;Affinity Capture-MS;psi-mi:""MI:0007""(anti tag coimmunoprecipitation);psi-mi:""MI:0096""(pull down)"	High Throughput;Low Throughput	"physical;psi-mi:""MI:0914""(association)"		undirected_or_not_applicable		curated_interaction_record_requires_primary_source_and_complex_expansion_review;curated_physical_database_record_requires_primary_source_interpretation	25036637;32707033	two_database_resources	true	0	MITAB_binary_expansion_may_not_be_direct;database_record_not_primary_source_review;experimental_system_name_does_not_alone_establish_direct_binding;isoform_and_construct_context_require_source_review;query_accession_is_not_bait_direction	1	1	focused_primary_review_complete	supports_context_qualified_pair_relationship	physical_association;shared_complex	undirected_or_not_applicable		cellular_complex_not_binary	high_confidence_cellular_apms_co_complex	no_pair_specific_HSP90_assay_in_this_source	32707033	cultured_cell_line	human	whole_cell_or_unspecified_fraction	omics_or_screening_measurement;physical_interaction_or_proximity	close_pair	reviewed_context_qualified	reviewed_neighborhood_relationship	none_v6_253_reviewed_neighborhood_only
AGO1::AIP	AGO1	AIP	AIP	8	3	BioGRID;BioPlex;IntAct	4	BioGRID;BioPlex_293T;BioPlex_HCT116;IntAct	AP_MS_network_edge;BioGRID_physical;IntAct_binary_expansion_or_pair_record	ap_ms_network_association;curated_pair_association_record		293T;HCT116	"293T affinity-purification mass spectrometry network;Affinity Capture-MS;Affinity Capture-Western;HCT116 affinity-purification mass spectrometry network;psi-mi:""MI:0007""(anti tag coimmunoprecipitation)"	High Throughput;Low Throughput	"physical;physical_association_network;psi-mi:""MI:0914""(association)"		undirected_or_not_applicable		AP_MS_association_not_binary_binding;curated_interaction_record_requires_primary_source_and_complex_expansion_review;curated_physical_database_record_requires_primary_source_interpretation	24778252;33961781	three_or_more_database_resources	true	0	MITAB_binary_expansion_may_not_be_direct;cell_line_measurement_context;database_record_not_primary_source_review;experimental_system_name_does_not_alone_establish_direct_binding;high_throughput_AP_MS_context;isoform_and_construct_context_require_source_review;network_edge_not_direct_binding;no_pair_specific_publication_identifier_in_local_matrix;query_accession_is_not_bait_direction;single_final_network_presence_not_cell_line_specific_evidence	2	2	focused_primary_review_complete	supports_context_qualified_pair_relationship	physical_association;shared_complex	undirected_or_not_applicable		tagged_bait_APMS_association_not_binary_binding;tagged_bait_APMS_or_affinity_capture_association_not_binary_binding	database_indexed_high_stringency_MPI_APMS_cellular_association_pair_metrics_unavailable;same_study_cross_cell_line_single_direction_cellular_APMS_association	no_HSP90_assay_in_this_source	24778252;33961781	cultured_cell_line	human	whole_cell_or_unspecified_fraction	omics_or_screening_measurement;physical_interaction_or_proximity	close_pair	reviewed_context_qualified	reviewed_neighborhood_relationship	none_v6_253_reviewed_neighborhood_only
AGO1::FKBP5	AGO1	FKBP5	FKBP5	10	3	BioGRID;BioPlex;IntAct	3	BioGRID;BioPlex_293T;IntAct	AP_MS_network_edge;BioGRID_physical;IntAct_binary_expansion_or_pair_record	ap_ms_network_association;curated_pair_association_record		293T	"293T affinity-purification mass spectrometry network;Affinity Capture-Luminescence;Affinity Capture-MS;psi-mi:""MI:0007""(anti tag coimmunoprecipitation)"	High Throughput;Low Throughput	"physical;physical_association_network;psi-mi:""MI:0914""(association)"		undirected_or_not_applicable		AP_MS_association_not_binary_binding;curated_interaction_record_requires_primary_source_and_complex_expansion_review;curated_physical_database_record_requires_primary_source_interpretation	24778252;25036637;28363942;33961781;35271311	three_or_more_database_resources	true	0	MITAB_binary_expansion_may_not_be_direct;cell_line_measurement_context;database_record_not_primary_source_review;experimental_system_name_does_not_alone_establish_direct_binding;high_throughput_AP_MS_context;isoform_and_construct_context_require_source_review;network_edge_not_direct_binding;no_pair_specific_publication_identifier_in_local_matrix;query_accession_is_not_bait_direction;single_final_network_presence_not_cell_line_specific_evidence	5	5	focused_primary_review_complete	supports_context_qualified_pair_relationship	physical_association;shared_complex	undirected_or_not_applicable		cellular_complex_not_binary	replicated_cellular_affinity_capture_association	cytosolic_hsp90_unresolved;no_pair_specific_HSP90_assay_in_this_source;no_pair_specific_HSP90_mediation_established	24778252;25036637;28363942;33961781;35271311	cultured_cell_line	human	whole_cell_or_unspecified_fraction	omics_or_screening_measurement;physical_interaction_or_proximity	close_pair	reviewed_context_qualified	reviewed_neighborhood_relationship	none_v6_253_reviewed_neighborhood_only
AGO1::PPP5C	AGO1	PPP5C	PPP5C	4	2	BioGRID;IntAct	2	BioGRID;IntAct	BioGRID_physical;IntAct_binary_expansion_or_pair_record	curated_pair_association_record			"Affinity Capture-MS;Affinity Capture-Western;psi-mi:""MI:0007""(anti tag coimmunoprecipitation);psi-mi:""MI:0096""(pull down)"	High Throughput;Low Throughput	"physical;psi-mi:""MI:0914""(association);psi-mi:""MI:0915""(physical association)"		undirected_or_not_applicable		curated_interaction_record_requires_primary_source_and_complex_expansion_review;curated_physical_database_record_requires_primary_source_interpretation	28330616	two_database_resources	true	0	MITAB_binary_expansion_may_not_be_direct;database_record_not_primary_source_review;experimental_system_name_does_not_alone_establish_direct_binding;isoform_and_construct_context_require_source_review;query_accession_is_not_bait_direction	1	1	focused_primary_review_complete	supports_context_qualified_pair_relationship	physical_association;shared_complex	undirected_or_not_applicable		tagged_cellular_APMS_plus_tagged_coIP_not_direct_binding	PPP5C_bait_high_confidence_APMS_plus_tagged_coIP_with_BioID_not_recovered	no_HSP90_assay_in_this_source	28330616	cultured_cell_line	human	whole_cell_or_unspecified_fraction	omics_or_screening_measurement;physical_interaction_or_proximity	close_pair	reviewed_context_qualified	reviewed_neighborhood_relationship	none_v6_253_reviewed_neighborhood_only
AGO1::STUB1	AGO1	STUB1	STUB1	6	3	BioGRID;BioPlex;IntAct	3	BioGRID;BioPlex_293T;IntAct	AP_MS_network_edge;BioGRID_physical;IntAct_binary_expansion_or_pair_record	ap_ms_network_association;curated_pair_association_record		293T	"293T affinity-purification mass spectrometry network;Affinity Capture-MS;Affinity Capture-Western;psi-mi:""MI:0007""(anti tag coimmunoprecipitation)"	High Throughput;Low Throughput	"physical;physical_association_network;psi-mi:""MI:0914""(association)"		undirected_or_not_applicable		AP_MS_association_not_binary_binding;curated_interaction_record_requires_primary_source_and_complex_expansion_review;curated_physical_database_record_requires_primary_source_interpretation	24778252;33961781	three_or_more_database_resources	true	0	MITAB_binary_expansion_may_not_be_direct;cell_line_measurement_context;database_record_not_primary_source_review;experimental_system_name_does_not_alone_establish_direct_binding;high_throughput_AP_MS_context;isoform_and_construct_context_require_source_review;network_edge_not_direct_binding;no_pair_specific_publication_identifier_in_local_matrix;query_accession_is_not_bait_direction;single_final_network_presence_not_cell_line_specific_evidence	2	2	focused_primary_review_complete	supports_context_qualified_pair_relationship	physical_association;shared_complex	undirected_or_not_applicable		tagged_bait_APMS_association_not_binary_binding;tagged_bait_APMS_or_affinity_capture_association_not_binary_binding	database_indexed_high_stringency_MPI_APMS_cellular_association_pair_metrics_unavailable;single_direction_293T_cellular_APMS_association	no_HSP90_assay_in_this_source	24778252;33961781	cultured_cell_line	human	whole_cell_or_unspecified_fraction	omics_or_screening_measurement;physical_interaction_or_proximity	close_pair	reviewed_context_qualified	reviewed_neighborhood_relationship	none_v6_253_reviewed_neighborhood_only
AGO2::FKBP5	AGO2	FKBP5	FKBP5	7	2	BioGRID;IntAct	2	BioGRID;IntAct	BioGRID_physical;IntAct_binary_expansion_or_pair_record	curated_pair_association_record			"Affinity Capture-Luminescence;Affinity Capture-MS;Proximity Label-MS;psi-mi:""MI:0007""(anti tag coimmunoprecipitation);psi-mi:""MI:0729""(luminescence based mammalian interactome mapping)"	High Throughput;Low Throughput	"physical;psi-mi:""MI:0914""(association);psi-mi:""MI:0915""(physical association)"		undirected_or_not_applicable		curated_interaction_record_requires_primary_source_and_complex_expansion_review;curated_physical_database_record_requires_primary_source_interpretation	25036637;29395067;35271311	two_database_resources	true	0	MITAB_binary_expansion_may_not_be_direct;database_record_not_primary_source_review;experimental_system_name_does_not_alone_establish_direct_binding;isoform_and_construct_context_require_source_review;query_accession_is_not_bait_direction	4	4	focused_primary_review_complete	supports_context_qualified_pair_relationship;supports_pair_relationship	functional_complex;physical_association;protein_stability_regulation;shared_complex	directed;undirected_or_not_applicable	FKBP5->AGO2	cellular_complex_not_binary;cellular_pair_association_and_perturbation_not_pairwise_direct_contact;cellular_proximity_not_binary	mechanistically_supported_cellular_association_and_AGO2_stability_RISC_loading	cytosolic_hsp90_unresolved;no_pair_specific_HSP90_assay_in_this_source;no_pair_specific_HSP90_mediation_established	24049110;25036637;29395067;35271311	cultured_cell_line	human;mouse	whole_cell_or_unspecified_fraction	functional_or_phenotypic_readout;genetic_perturbation;omics_or_screening_measurement;pharmacologic_or_chemical_perturbation;physical_interaction_or_proximity;protein_abundance_stability_or_folding	close_pair	reviewed_mixed	reviewed_neighborhood_mixed	none_v6_253_reviewed_neighborhood_only
AGO2::STUB1	AGO2	STUB1	STUB1	3	2	BioGRID;IntAct	2	BioGRID;IntAct	BioGRID_physical;IntAct_binary_expansion_or_pair_record	curated_pair_association_record			"Affinity Capture-MS;Affinity Capture-Western;psi-mi:""MI:0729""(luminescence based mammalian interactome mapping)"	Low Throughput	"physical;psi-mi:""MI:0915""(physical association)"		undirected_or_not_applicable		curated_interaction_record_requires_primary_source_and_complex_expansion_review;curated_physical_database_record_requires_primary_source_interpretation	25036637;35533808	two_database_resources	true	0	MITAB_binary_expansion_may_not_be_direct;database_record_not_primary_source_review;experimental_system_name_does_not_alone_establish_direct_binding;isoform_and_construct_context_require_source_review;query_accession_is_not_bait_direction	1	1	focused_primary_review_complete	supports_context_qualified_pair_relationship	physical_association;shared_complex	undirected_or_not_applicable		cellular_complex_not_binary	tagged_expression_LUMIER_cellular_association_without_qualifying_APMS	no_pair_specific_HSP90_mediation_established	25036637	cultured_cell_line	human	whole_cell_or_unspecified_fraction	omics_or_screening_measurement;physical_interaction_or_proximity	retain_pair	reviewed_context_qualified	reviewed_neighborhood_relationship	none_v6_253_reviewed_neighborhood_only
AGO3::PPP5C	AGO3	PPP5C	PPP5C	4	2	BioGRID;IntAct	2	BioGRID;IntAct	BioGRID_physical;IntAct_binary_expansion_or_pair_record	curated_pair_association_record			"Affinity Capture-MS;Affinity Capture-Western;psi-mi:""MI:0007""(anti tag coimmunoprecipitation);psi-mi:""MI:0096""(pull down)"	High Throughput;Low Throughput	"physical;psi-mi:""MI:0914""(association);psi-mi:""MI:0915""(physical association)"		undirected_or_not_applicable		curated_interaction_record_requires_primary_source_and_complex_expansion_review;curated_physical_database_record_requires_primary_source_interpretation	28330616	two_database_resources	true	0	MITAB_binary_expansion_may_not_be_direct;database_record_not_primary_source_review;experimental_system_name_does_not_alone_establish_direct_binding;isoform_and_construct_context_require_source_review;query_accession_is_not_bait_direction	1	1	focused_primary_review_complete	supports_context_qualified_pair_relationship	physical_association;shared_complex	undirected_or_not_applicable		tagged_cellular_APMS_plus_tagged_coIP_not_direct_binding	PPP5C_bait_high_confidence_APMS_plus_tagged_coIP_with_BioID_not_recovered	no_HSP90_assay_in_this_source	28330616	cultured_cell_line	human	whole_cell_or_unspecified_fraction	omics_or_screening_measurement;physical_interaction_or_proximity	close_pair	reviewed_context_qualified	reviewed_neighborhood_relationship	none_v6_253_reviewed_neighborhood_only
AGO4::DNAJA2	AGO4	DNAJA2	DNAJA2	2	2	BioGRID;IntAct	2	BioGRID;IntAct	BioGRID_physical;IntAct_binary_expansion_or_pair_record	curated_pair_association_record			"Affinity Capture-MS;psi-mi:""MI:0007""(anti tag coimmunoprecipitation)"	Low Throughput	"physical;psi-mi:""MI:0914""(association)"		undirected_or_not_applicable		curated_interaction_record_requires_primary_source_and_complex_expansion_review;curated_physical_database_record_requires_primary_source_interpretation	19167051	two_database_resources	true	0	MITAB_binary_expansion_may_not_be_direct;database_record_not_primary_source_review;experimental_system_name_does_not_alone_establish_direct_binding;isoform_and_construct_context_require_source_review;query_accession_is_not_bait_direction	1	1	focused_primary_review_complete	supports_context_qualified_pair_relationship	shared_complex	undirected_or_not_applicable		cellular_complex_not_binary	four_query_match_cellular_anti_FLAG_IPMS_context	no_pair_specific_HSP90_assay_in_this_source	19167051	cultured_cell_line	human	whole_cell_or_unspecified_fraction	omics_or_screening_measurement;physical_interaction_or_proximity	close_pair	reviewed_context_qualified	reviewed_neighborhood_relationship	none_v6_253_reviewed_neighborhood_only
AGO4::DNAJB11	AGO4	DNAJB11	DNAJB11	2	2	BioGRID;IntAct	2	BioGRID;IntAct	BioGRID_physical;IntAct_binary_expansion_or_pair_record	curated_pair_association_record			"Affinity Capture-MS;psi-mi:""MI:0007""(anti tag coimmunoprecipitation)"	Low Throughput	"physical;psi-mi:""MI:0914""(association)"		undirected_or_not_applicable		curated_interaction_record_requires_primary_source_and_complex_expansion_review;curated_physical_database_record_requires_primary_source_interpretation	19167051	two_database_resources	true	0	MITAB_binary_expansion_may_not_be_direct;database_record_not_primary_source_review;experimental_system_name_does_not_alone_establish_direct_binding;isoform_and_construct_context_require_source_review;query_accession_is_not_bait_direction	1	1	focused_primary_review_complete	supports_context_qualified_pair_relationship	shared_complex	undirected_or_not_applicable		cellular_complex_not_binary	single_query_match_cellular_anti_FLAG_IPMS_context	no_pair_specific_HSP90_assay_in_this_source	19167051	cultured_cell_line	human	cytosol;endoplasmic_reticulum	omics_or_screening_measurement;physical_interaction_or_proximity	close_pair	reviewed_context_qualified	reviewed_neighborhood_relationship	none_v6_253_reviewed_neighborhood_only
AGO4::PTGES3	AGO4	PTGES3	PTGES3	7	3	BioGRID;BioPlex;IntAct	4	BioGRID;BioPlex_293T;BioPlex_HCT116;IntAct	AP_MS_network_edge;BioGRID_physical;IntAct_binary_expansion_or_pair_record	ap_ms_network_association;curated_pair_association_record		293T;HCT116	"293T affinity-purification mass spectrometry network;Affinity Capture-MS;HCT116 affinity-purification mass spectrometry network;psi-mi:""MI:0007""(anti tag coimmunoprecipitation)"	High Throughput;Low Throughput	"physical;physical_association_network;psi-mi:""MI:0914""(association)"		undirected_or_not_applicable		AP_MS_association_not_binary_binding;curated_interaction_record_requires_primary_source_and_complex_expansion_review;curated_physical_database_record_requires_primary_source_interpretation	19167051;33961781	three_or_more_database_resources	true	0	MITAB_binary_expansion_may_not_be_direct;cell_line_measurement_context;database_record_not_primary_source_review;experimental_system_name_does_not_alone_establish_direct_binding;high_throughput_AP_MS_context;isoform_and_construct_context_require_source_review;network_edge_not_direct_binding;no_pair_specific_publication_identifier_in_local_matrix;query_accession_is_not_bait_direction;single_final_network_presence_not_cell_line_specific_evidence	2	2	focused_primary_review_complete	supports_context_qualified_pair_relationship	physical_association;shared_complex	undirected_or_not_applicable		cellular_APMS_network_not_binary;single_bait_tagged_IPMS_screen_not_binary	BioPlex3_APMS_network_edge_with_source_specific_cell_line_context;screen_only_tagged_IPMS_complex_context	HSP90_containing_screen_context_without_pair_specific_mediation_or_paralog_assignment;no_pair_specific_HSP90_mediation_established	19167051;33961781	cultured_cell_line	human	whole_cell_or_unspecified_fraction	omics_or_screening_measurement;physical_interaction_or_proximity	close_pair	reviewed_context_qualified	reviewed_neighborhood_relationship	none_v6_253_reviewed_neighborhood_only
AHR::PTGES3	AHR	PTGES3	PTGES3	7	4	BioGRID;BioPlex;HPRD;IntAct	5	BioGRID;BioPlex_293T;BioPlex_HCT116;HPRD;IntAct	AP_MS_network_edge;BioGRID_physical;IntAct_binary_expansion_or_pair_record;legacy_curated_binary_interaction_record	ap_ms_network_association;curated_pair_association_record		293T;HCT116	"293T affinity-purification mass spectrometry network;Affinity Capture-MS;HCT116 affinity-purification mass spectrometry network;Reconstituted Complex;in vitro;in vivo;psi-mi:""MI:0007""(anti tag coimmunoprecipitation)"	High Throughput;Low Throughput	"physical;physical_association_network;protein_protein_interaction;psi-mi:""MI:0914""(association)"		undirected_or_not_applicable		AP_MS_association_not_binary_binding;curated_interaction_record_requires_primary_source_and_complex_expansion_review;curated_physical_database_record_requires_primary_source_interpretation;legacy_curated_pair_requires_primary_source_review	11013261;11259606;33961781	three_or_more_database_resources	true	0	MITAB_binary_expansion_may_not_be_direct;cell_line_measurement_context;database_record_not_primary_source_review;experimental_system_name_does_not_alone_establish_direct_binding;high_throughput_AP_MS_context;isoform_and_construct_context_require_source_review;legacy_2010_database_snapshot;method_labels_aggregate_publications;network_edge_not_direct_binding;no_pair_specific_publication_identifier_in_local_matrix;query_accession_is_not_bait_direction;single_final_network_presence_not_cell_line_specific_evidence	1	1	focused_primary_review_complete	supports_context_qualified_pair_relationship	physical_association;shared_complex	undirected_or_not_applicable		tagged_bait_APMS_association_not_binary_binding	BioPlex3_cross_cell_line_single_direction_cellular_APMS_association	no_pair_specific_HSP90_assay_in_this_source	33961781	cultured_cell_line	human	whole_cell_or_unspecified_fraction	omics_or_screening_measurement;physical_interaction_or_proximity	retain_pair	reviewed_context_qualified	reviewed_neighborhood_relationship	none_v6_253_reviewed_neighborhood_only
AHSA1::BET1	AHSA1	BET1	AHSA1	2	2	BioGRID;IntAct	2	BioGRID;IntAct	BioGRID_physical;IntAct_binary_expansion_or_pair_record	curated_pair_association_record			"Proximity Label-MS;psi-mi:""MI:1314""(proximity-dependent biotin identification)"	High Throughput	"physical;psi-mi:""MI:2364""(proximity)"		undirected_or_not_applicable		curated_interaction_record_requires_primary_source_and_complex_expansion_review;curated_physical_database_record_requires_primary_source_interpretation	29568061	two_database_resources	true	0	MITAB_binary_expansion_may_not_be_direct;database_record_not_primary_source_review;experimental_system_name_does_not_alone_establish_direct_binding;isoform_and_construct_context_require_source_review;query_accession_is_not_bait_direction	1	1	focused_primary_review_complete	supports_context_qualified_pair_relationship	physical_association	assay_bait_to_prey_not_biological_direction	BET1->AHSA1	cellular_proximity_not_binary	high_throughput_BioID_proximity_SAINT_threshold_passing	no_pair_specific_HSP90_assay_in_this_source	29568061	cultured_cell_line	human	whole_cell_or_unspecified_fraction	omics_or_screening_measurement;physical_interaction_or_proximity	close_pair	reviewed_context_qualified	reviewed_neighborhood_relationship	none_v6_253_reviewed_neighborhood_only
AHSA1::CFTR	AHSA1	CFTR	AHSA1	11	2	BioGRID;IntAct	2	BioGRID;IntAct	BioGRID_physical;IntAct_binary_expansion_or_pair_record	curated_pair_association_record			"Affinity Capture-MS;Affinity Capture-Western;psi-mi:""MI:0006""(anti bait coimmunoprecipitation);psi-mi:""MI:0096""(pull down);psi-mi:""MI:1314""(proximity-dependent biotin identification)"	High Throughput;Low Throughput	"physical;psi-mi:""MI:0914""(association);psi-mi:""MI:2364""(proximity)"		undirected_or_not_applicable		curated_interaction_record_requires_primary_source_and_complex_expansion_review;curated_physical_database_record_requires_primary_source_interpretation	17110338;18556464;26618866;29924966;36012204	two_database_resources	true	0	MITAB_binary_expansion_may_not_be_direct;database_record_not_primary_source_review;experimental_system_name_does_not_alone_establish_direct_binding;isoform_and_construct_context_require_source_review;query_accession_is_not_bait_direction	1	1	focused_primary_review_complete	database_route_not_supported_by_source		not_applicable		subthreshold_proximity_result_not_positive_pair_support	database_projection_not_supported_by_source_thresholds	no_HSP90_assay_or_isoform_resolution_in_this_source	36012204	cultured_cell_line	human	whole_cell_or_unspecified_fraction	methods_or_source_object_only;omics_or_screening_measurement	retain_pair	reviewed_database_projection_not_supported	reviewed_neighborhood_exclusion	none_v6_253_reviewed_neighborhood_only
AHSA1::CHORDC1	AHSA1	CHORDC1	AHSA1	3	2	BioGRID;IntAct	2	BioGRID;IntAct	BioGRID_physical;IntAct_binary_expansion_or_pair_record	curated_pair_association_record			"Affinity Capture-Luminescence;Affinity Capture-MS;psi-mi:""MI:0007""(anti tag coimmunoprecipitation)"	Low Throughput	"physical;psi-mi:""MI:0914""(association)"		undirected_or_not_applicable		curated_interaction_record_requires_primary_source_and_complex_expansion_review;curated_physical_database_record_requires_primary_source_interpretation	25036637	two_database_resources	true	0	MITAB_binary_expansion_may_not_be_direct;database_record_not_primary_source_review;experimental_system_name_does_not_alone_establish_direct_binding;isoform_and_construct_context_require_source_review;query_accession_is_not_bait_direction	1	1	focused_primary_review_complete	supports_context_qualified_pair_relationship	physical_association;shared_complex	undirected_or_not_applicable		cellular_complex_not_binary	tagged_expression_duplicate_APMS_cellular_association	no_pair_specific_HSP90_assay_in_this_source	25036637	cultured_cell_line	human	whole_cell_or_unspecified_fraction	omics_or_screening_measurement;physical_interaction_or_proximity	close_pair	reviewed_context_qualified	reviewed_neighborhood_relationship	none_v6_253_reviewed_neighborhood_only
AHSA1::EGFR	AHSA1	EGFR	AHSA1	3	2	BioGRID;IntAct	2	BioGRID;IntAct	BioGRID_physical;IntAct_binary_expansion_or_pair_record	curated_pair_association_record			"PCA;psi-mi:""MI:0112""(ubiquitin reconstruction)"	Low Throughput	"physical;psi-mi:""MI:0915""(physical association)"		undirected_or_not_applicable		curated_interaction_record_requires_primary_source_and_complex_expansion_review;curated_physical_database_record_requires_primary_source_interpretation	20029029;31980649	two_database_resources	true	0	MITAB_binary_expansion_may_not_be_direct;database_record_not_primary_source_review;experimental_system_name_does_not_alone_establish_direct_binding;isoform_and_construct_context_require_source_review;query_accession_is_not_bait_direction	1	1	focused_primary_review_complete	supports_context_qualified_pair_relationship	physical_association	undirected_or_not_applicable		heterologous_membrane_reporter_association_not_native_binary	single_heterologous_membrane_reporter_association	no_pair_specific_HSP90_assay_in_this_source	20029029	cultured_cell_line	budding_yeast;human	plasma_membrane_or_cell_surface	omics_or_screening_measurement;physical_interaction_or_proximity	close_pair	reviewed_context_qualified	reviewed_neighborhood_relationship	none_v6_253_reviewed_neighborhood_only
AHSA1::FKBPL	AHSA1	FKBPL	AHSA1	3	2	BioGRID;IntAct	2	BioGRID;IntAct	BioGRID_physical;IntAct_binary_expansion_or_pair_record	curated_pair_association_record			"Affinity Capture-Luminescence;Affinity Capture-MS;psi-mi:""MI:0007""(anti tag coimmunoprecipitation)"	Low Throughput	"physical;psi-mi:""MI:0914""(association)"		undirected_or_not_applicable		curated_interaction_record_requires_primary_source_and_complex_expansion_review;curated_physical_database_record_requires_primary_source_interpretation	25036637	two_database_resources	true	0	MITAB_binary_expansion_may_not_be_direct;database_record_not_primary_source_review;experimental_system_name_does_not_alone_establish_direct_binding;isoform_and_construct_context_require_source_review;query_accession_is_not_bait_direction	1	1	focused_primary_review_complete	supports_context_qualified_pair_relationship	physical_association;shared_complex	undirected_or_not_applicable		cellular_complex_not_binary	tagged_expression_duplicate_APMS_cellular_association	no_pair_specific_HSP90_assay_in_this_source	25036637	cultured_cell_line	human	whole_cell_or_unspecified_fraction	omics_or_screening_measurement;physical_interaction_or_proximity	close_pair	reviewed_context_qualified	reviewed_neighborhood_relationship	none_v6_253_reviewed_neighborhood_only
AHSA1::TARS2	AHSA1	TARS2	AHSA1	3	2	BioGRID;IntAct	2	BioGRID;IntAct	BioGRID_physical;IntAct_binary_expansion_or_pair_record	curated_pair_association_record			"Affinity Capture-Luminescence;Affinity Capture-MS;psi-mi:""MI:0007""(anti tag coimmunoprecipitation)"	Low Throughput	"physical;psi-mi:""MI:0914""(association)"		undirected_or_not_applicable		curated_interaction_record_requires_primary_source_and_complex_expansion_review;curated_physical_database_record_requires_primary_source_interpretation	25036637	two_database_resources	true	0	MITAB_binary_expansion_may_not_be_direct;database_record_not_primary_source_review;experimental_system_name_does_not_alone_establish_direct_binding;isoform_and_construct_context_require_source_review;query_accession_is_not_bait_direction	1	1	focused_primary_review_complete	supports_context_qualified_pair_relationship	physical_association;shared_complex	undirected_or_not_applicable		cellular_complex_not_binary	tagged_expression_duplicate_APMS_cellular_association	no_pair_specific_HSP90_assay_in_this_source	25036637	cultured_cell_line	human	whole_cell_or_unspecified_fraction	omics_or_screening_measurement;physical_interaction_or_proximity	close_pair	reviewed_context_qualified	reviewed_neighborhood_relationship	none_v6_253_reviewed_neighborhood_only
AHSA1::TOMM34	AHSA1	TOMM34	AHSA1	3	2	BioGRID;IntAct	2	BioGRID;IntAct	BioGRID_physical;IntAct_binary_expansion_or_pair_record	curated_pair_association_record			"Affinity Capture-Luminescence;Affinity Capture-MS;psi-mi:""MI:0007""(anti tag coimmunoprecipitation)"	Low Throughput	"physical;psi-mi:""MI:0914""(association)"		undirected_or_not_applicable		curated_interaction_record_requires_primary_source_and_complex_expansion_review;curated_physical_database_record_requires_primary_source_interpretation	25036637	two_database_resources	true	0	MITAB_binary_expansion_may_not_be_direct;database_record_not_primary_source_review;experimental_system_name_does_not_alone_establish_direct_binding;isoform_and_construct_context_require_source_review;query_accession_is_not_bait_direction	1	1	focused_primary_review_complete	supports_context_qualified_pair_relationship	physical_association;shared_complex	undirected_or_not_applicable		cellular_complex_not_binary	tagged_expression_duplicate_APMS_cellular_association	no_pair_specific_HSP90_assay_in_this_source	25036637	cultured_cell_line	human	whole_cell_or_unspecified_fraction	omics_or_screening_measurement;physical_interaction_or_proximity	close_pair	reviewed_context_qualified	reviewed_neighborhood_relationship	none_v6_253_reviewed_neighborhood_only
AHSA1::TTC4	AHSA1	TTC4	AHSA1	3	2	BioGRID;IntAct	2	BioGRID;IntAct	BioGRID_physical;IntAct_binary_expansion_or_pair_record	curated_pair_association_record			"Affinity Capture-Luminescence;Affinity Capture-MS;psi-mi:""MI:0007""(anti tag coimmunoprecipitation)"	Low Throughput	"physical;psi-mi:""MI:0914""(association)"		undirected_or_not_applicable		curated_interaction_record_requires_primary_source_and_complex_expansion_review;curated_physical_database_record_requires_primary_source_interpretation	25036637	two_database_resources	true	0	MITAB_binary_expansion_may_not_be_direct;database_record_not_primary_source_review;experimental_system_name_does_not_alone_establish_direct_binding;isoform_and_construct_context_require_source_review;query_accession_is_not_bait_direction	1	1	focused_primary_review_complete	supports_context_qualified_pair_relationship	physical_association;shared_complex	undirected_or_not_applicable		cellular_complex_not_binary	tagged_expression_duplicate_APMS_cellular_association	no_pair_specific_HSP90_assay_in_this_source	25036637	cultured_cell_line	human	whole_cell_or_unspecified_fraction	omics_or_screening_measurement;physical_interaction_or_proximity	close_pair	reviewed_context_qualified	reviewed_neighborhood_relationship	none_v6_253_reviewed_neighborhood_only
AIP::DNAAF2	AIP	DNAAF2	AIP	3	2	BioGRID;IntAct	2	BioGRID;IntAct	BioGRID_physical;IntAct_binary_expansion_or_pair_record	curated_pair_association_record			"Affinity Capture-Luminescence;Affinity Capture-MS;psi-mi:""MI:0007""(anti tag coimmunoprecipitation)"	Low Throughput	"physical;psi-mi:""MI:0914""(association)"		undirected_or_not_applicable		curated_interaction_record_requires_primary_source_and_complex_expansion_review;curated_physical_database_record_requires_primary_source_interpretation	25036637	two_database_resources	true	0	MITAB_binary_expansion_may_not_be_direct;database_record_not_primary_source_review;experimental_system_name_does_not_alone_establish_direct_binding;isoform_and_construct_context_require_source_review;query_accession_is_not_bait_direction	1	1	focused_primary_review_complete	supports_context_qualified_pair_relationship	physical_association;shared_complex	undirected_or_not_applicable		cellular_complex_not_binary	tagged_expression_duplicate_APMS_cellular_association	no_pair_specific_HSP90_assay_in_this_source	25036637	cultured_cell_line	human	whole_cell_or_unspecified_fraction	omics_or_screening_measurement;physical_interaction_or_proximity	close_pair	reviewed_context_qualified	reviewed_neighborhood_relationship	none_v6_253_reviewed_neighborhood_only
AIP::EGFR	AIP	EGFR	AIP	3	2	BioGRID;IntAct	2	BioGRID;IntAct	BioGRID_physical;IntAct_binary_expansion_or_pair_record	curated_pair_association_record			"PCA;psi-mi:""MI:0112""(ubiquitin reconstruction)"	Low Throughput	"physical;psi-mi:""MI:0915""(physical association)"		undirected_or_not_applicable		curated_interaction_record_requires_primary_source_and_complex_expansion_review;curated_physical_database_record_requires_primary_source_interpretation	20029029;31980649	two_database_resources	true	0	MITAB_binary_expansion_may_not_be_direct;database_record_not_primary_source_review;experimental_system_name_does_not_alone_establish_direct_binding;isoform_and_construct_context_require_source_review;query_accession_is_not_bait_direction	1	1	focused_primary_review_complete	supports_context_qualified_pair_relationship	physical_association	undirected_or_not_applicable		heterologous_membrane_reporter_association_not_native_binary	single_heterologous_membrane_reporter_association	no_pair_specific_HSP90_assay_in_this_source	20029029	cultured_cell_line	budding_yeast;human	plasma_membrane_or_cell_surface	omics_or_screening_measurement;physical_interaction_or_proximity	close_pair	reviewed_context_qualified	reviewed_neighborhood_relationship	none_v6_253_reviewed_neighborhood_only
AIP::NADSYN1	AIP	NADSYN1	AIP	3	2	BioGRID;IntAct	2	BioGRID;IntAct	BioGRID_physical;IntAct_binary_expansion_or_pair_record	curated_pair_association_record			"Affinity Capture-Luminescence;Affinity Capture-MS;psi-mi:""MI:0007""(anti tag coimmunoprecipitation)"	Low Throughput	"physical;psi-mi:""MI:0914""(association)"		undirected_or_not_applicable		curated_interaction_record_requires_primary_source_and_complex_expansion_review;curated_physical_database_record_requires_primary_source_interpretation	25036637	two_database_resources	true	0	MITAB_binary_expansion_may_not_be_direct;database_record_not_primary_source_review;experimental_system_name_does_not_alone_establish_direct_binding;isoform_and_construct_context_require_source_review;query_accession_is_not_bait_direction	1	1	focused_primary_review_complete	supports_context_qualified_pair_relationship	physical_association;shared_complex	undirected_or_not_applicable		cellular_complex_not_binary	tagged_expression_duplicate_APMS_cellular_association	no_pair_specific_HSP90_assay_in_this_source	25036637	cultured_cell_line	human	whole_cell_or_unspecified_fraction	omics_or_screening_measurement;physical_interaction_or_proximity	close_pair	reviewed_context_qualified	reviewed_neighborhood_relationship	none_v6_253_reviewed_neighborhood_only
AIP::PPARA	AIP	PPARA	AIP	3	2	BioGRID;HPRD	2	BioGRID;HPRD	BioGRID_physical;legacy_curated_binary_interaction_record	curated_pair_association_record			Affinity Capture-Western;Reconstituted Complex;in vitro;in vivo	Low Throughput	physical;protein_protein_interaction		undirected_or_not_applicable		curated_physical_database_record_requires_primary_source_interpretation;legacy_curated_pair_requires_primary_source_review	12482853	two_database_resources	true	0	database_record_not_primary_source_review;experimental_system_name_does_not_alone_establish_direct_binding;isoform_and_construct_context_require_source_review;legacy_2010_database_snapshot;method_labels_aggregate_publications	1	1	focused_primary_review_complete	supports_pair_relationship	functional_complex;physical_association;shared_complex	directed	AIP->PPARA	tissue_complex_and_reticulocyte_lysate_association_not_purified_binary	endogenous_tissue_complex_plus_reticulocyte_lysate_association_and_reporter_regulation	cytosolic_HSP90_unresolved_no_isoform_specific_inference	12482853	cultured_cell_line;purified_or_cell_free;tissue_or_biospecimen	african_green_monkey;mouse;rabbit;rat	cytosol;whole_cell_or_unspecified_fraction	biochemical_or_structural;functional_or_phenotypic_readout;physical_interaction_or_proximity	close_pair	reviewed_supported	reviewed_neighborhood_relationship	none_v6_253_reviewed_neighborhood_only
AIP::RAF1	AIP	RAF1	AIP	4	2	BioGRID;IntAct	2	BioGRID;IntAct	BioGRID_physical;IntAct_binary_expansion_or_pair_record	curated_pair_association_record			"Affinity Capture-MS;Proximity Label-MS;psi-mi:""MI:0096""(pull down)"	High Throughput;Low Throughput	"physical;psi-mi:""MI:0914""(association)"		undirected_or_not_applicable		curated_interaction_record_requires_primary_source_and_complex_expansion_review;curated_physical_database_record_requires_primary_source_interpretation	32707033;36244648;38496616	two_database_resources	true	0	MITAB_binary_expansion_may_not_be_direct;database_record_not_primary_source_review;experimental_system_name_does_not_alone_establish_direct_binding;isoform_and_construct_context_require_source_review;query_accession_is_not_bait_direction	1	1	focused_primary_review_complete	supports_context_qualified_pair_relationship	physical_association;shared_complex	undirected_or_not_applicable		cellular_complex_not_binary	high_confidence_cellular_apms_co_complex	no_pair_specific_HSP90_assay_in_this_source	32707033	cultured_cell_line	human	whole_cell_or_unspecified_fraction	omics_or_screening_measurement;physical_interaction_or_proximity	close_pair	reviewed_context_qualified	reviewed_neighborhood_relationship	none_v6_253_reviewed_neighborhood_only
AIP::RET	AIP	RET	AIP	7	3	BioGRID;CORUM;IntAct	3	BioGRID;CORUM;IntAct	BioGRID_physical;IntAct_binary_expansion_or_pair_record;curated_complex_comembership	curated_complex_comembership;curated_pair_association_record	complex_id=10299|complex_name=AIP-RET complex	HEK293 cells; SH-SY5Y cells	"Affinity Capture-Western;MI:0006:anti bait coimmunoprecipitation;PCA;Proximity Label-MS;psi-mi:""MI:1314""(proximity-dependent biotin identification)"	High Throughput;Low Throughput	"complex_comembership;physical;psi-mi:""MI:2364""(proximity)"		undirected_or_not_applicable		curated_complex_comembership_not_binary_interaction;curated_interaction_record_requires_primary_source_and_complex_expansion_review;curated_physical_database_record_requires_primary_source_interpretation	19366855;32062451;35384245	three_or_more_database_resources	true	0	MITAB_binary_expansion_may_not_be_direct;cell_line_is_experimental_context_not_interaction_system;complex_expansion_not_pairwise_binding;database_record_not_primary_source_review;experimental_system_name_does_not_alone_establish_direct_binding;isoform_and_construct_context_require_source_review;multiple_complex_records_from_one_source_do_not_equal_independent_replication;query_accession_is_not_bait_direction	1	1	focused_primary_review_complete	supports_context_qualified_pair_relationship	physical_association	undirected_or_not_applicable		cellular_proximity_not_binary	high_confidence_cellular_bioid_proximity	no_pair_specific_HSP90_assay_in_this_source	35384245	cultured_cell_line	human	whole_cell_or_unspecified_fraction	omics_or_screening_measurement;physical_interaction_or_proximity	close_pair	reviewed_context_qualified	reviewed_neighborhood_relationship	none_v6_253_reviewed_neighborhood_only
AIP::USP19	AIP	USP19	AIP	3	2	BioGRID;IntAct	2	BioGRID;IntAct	BioGRID_physical;IntAct_binary_expansion_or_pair_record	curated_pair_association_record			"Affinity Capture-Luminescence;Affinity Capture-MS;psi-mi:""MI:0007""(anti tag coimmunoprecipitation)"	Low Throughput	"physical;psi-mi:""MI:0914""(association)"		undirected_or_not_applicable		curated_interaction_record_requires_primary_source_and_complex_expansion_review;curated_physical_database_record_requires_primary_source_interpretation	25036637	two_database_resources	true	0	MITAB_binary_expansion_may_not_be_direct;database_record_not_primary_source_review;experimental_system_name_does_not_alone_establish_direct_binding;isoform_and_construct_context_require_source_review;query_accession_is_not_bait_direction	1	1	focused_primary_review_complete	supports_context_qualified_pair_relationship	physical_association;shared_complex	undirected_or_not_applicable		cellular_complex_not_binary	tagged_expression_duplicate_APMS_cellular_association	no_pair_specific_HSP90_assay_in_this_source	25036637	cultured_cell_line	human	whole_cell_or_unspecified_fraction	omics_or_screening_measurement;physical_interaction_or_proximity	close_pair	reviewed_context_qualified	reviewed_neighborhood_relationship	none_v6_253_reviewed_neighborhood_only
AIPL1::HSPA8	AIPL1	HSPA8	AIPL1	3	2	BioGRID;CORUM	2	BioGRID;CORUM	BioGRID_physical;curated_complex_comembership	curated_complex_comembership;curated_pair_association_record	complex_id=8301|complex_name=AIPL1 chaperone complex	retina;  Y79 retinoblastoma cells	Co-fractionation;MI:0019:coimmunoprecipitation;Reconstituted Complex	Low Throughput	complex_comembership;physical		undirected_or_not_applicable		curated_complex_comembership_not_binary_interaction;curated_physical_database_record_requires_primary_source_interpretation	18408180	two_database_resources	true	0	cell_line_is_experimental_context_not_interaction_system;complex_expansion_not_pairwise_binding;database_record_not_primary_source_review;experimental_system_name_does_not_alone_establish_direct_binding;isoform_and_construct_context_require_source_review;multiple_complex_records_from_one_source_do_not_equal_independent_replication	1	1	focused_primary_review_complete	supports_pair_relationship	physical_association;shared_complex	undirected_or_not_applicable		heterologous_pairwise_Y2H_plus_cell_and_lysate_coassociation_not_purified_binary	exact_HSPA8_CytoTrap_Y2H_plus_multisystem_chaperone_coassociation	separate_cytosolic_HSP90_complex_context_without_pair_specific_isoform_dependency	18408180	cultured_cell_line;tissue_or_biospecimen	african_green_monkey;budding_yeast;cow;human	cytosol	biochemical_or_structural;functional_or_phenotypic_readout;physical_interaction_or_proximity	close_pair	reviewed_supported	reviewed_neighborhood_relationship	none_v6_253_reviewed_neighborhood_only
AKT1::CDC37	AKT1	CDC37	CDC37	13	3	BioGRID;HPRD;IntAct	3	BioGRID;HPRD_complex;IntAct	BioGRID_physical;IntAct_binary_expansion_or_pair_record;legacy_curated_complex_comembership	curated_complex_comembership;curated_pair_association_record	COM_373		"Affinity Capture-MS;Affinity Capture-Western;Reconstituted Complex;in vitro;psi-mi:""MI:0007""(anti tag coimmunoprecipitation);psi-mi:""MI:0019""(coimmunoprecipitation)"	High Throughput;Low Throughput	"physical;protein_complex_membership;psi-mi:""MI:0914""(association);psi-mi:""MI:0915""(physical association)"		undirected_or_not_applicable		curated_interaction_record_requires_primary_source_and_complex_expansion_review;curated_physical_database_record_requires_primary_source_interpretation;legacy_curated_complex_comembership_not_binary_interaction	12176997;16156789;22504172;24869908;31980649;34591612	three_or_more_database_resources	true	0	MITAB_binary_expansion_may_not_be_direct;complex_expansion_not_pairwise_binding;database_record_not_primary_source_review;experimental_system_name_does_not_alone_establish_direct_binding;isoform_and_construct_context_require_source_review;legacy_2010_database_snapshot;multiple_complex_records_from_one_source_do_not_equal_independent_replication;query_accession_is_not_bait_direction	1	1	focused_primary_review_complete	supports_context_qualified_pair_relationship	physical_association;shared_complex	undirected_or_not_applicable		cellular_complex_not_binary	high_confidence_cellular_apms_with_pan_AKT_coip	no_pair_specific_HSP90_assay_in_this_source	31980649	cultured_cell_line	human	whole_cell_or_unspecified_fraction	omics_or_screening_measurement;physical_interaction_or_proximity	close_pair	reviewed_context_qualified	reviewed_neighborhood_relationship	none_v6_253_reviewed_neighborhood_only
ALK::DNAJB11	ALK	DNAJB11	DNAJB11	5	2	BioGRID;IntAct	2	BioGRID;IntAct	BioGRID_physical;IntAct_binary_expansion_or_pair_record	curated_pair_association_record			"Affinity Capture-MS;Affinity Capture-Western;Proximity Label-MS;psi-mi:""MI:0004""(affinity chromatography technology);psi-mi:""MI:1314""(proximity-dependent biotin identification)"	High Throughput;Low Throughput	"physical;psi-mi:""MI:0914""(association);psi-mi:""MI:2364""(proximity)"		undirected_or_not_applicable		curated_interaction_record_requires_primary_source_and_complex_expansion_review;curated_physical_database_record_requires_primary_source_interpretation	35384245	two_database_resources	true	0	MITAB_binary_expansion_may_not_be_direct;database_record_not_primary_source_review;experimental_system_name_does_not_alone_establish_direct_binding;isoform_and_construct_context_require_source_review;query_accession_is_not_bait_direction	1	1	focused_primary_review_complete	supports_context_qualified_pair_relationship	physical_association;shared_complex	undirected_or_not_applicable		cellular_complex_not_binary	high_confidence_cellular_apms_and_bioid_with_targeted_coip_dotblot	no_pair_specific_HSP90_assay_in_this_source	35384245	cultured_cell_line	human	endoplasmic_reticulum;plasma_membrane_or_cell_surface	omics_or_screening_measurement;physical_interaction_or_proximity	close_pair	reviewed_context_qualified	reviewed_neighborhood_relationship	none_v6_253_reviewed_neighborhood_only
ANKMY2::FKBP5	ANKMY2	FKBP5	FKBP5	3	2	BioGRID;IntAct	2	BioGRID;IntAct	BioGRID_physical;IntAct_binary_expansion_or_pair_record	curated_pair_association_record			"Affinity Capture-Luminescence;Affinity Capture-MS;psi-mi:""MI:0007""(anti tag coimmunoprecipitation)"	Low Throughput	"physical;psi-mi:""MI:0914""(association)"		undirected_or_not_applicable		curated_interaction_record_requires_primary_source_and_complex_expansion_review;curated_physical_database_record_requires_primary_source_interpretation	25036637	two_database_resources	true	0	MITAB_binary_expansion_may_not_be_direct;database_record_not_primary_source_review;experimental_system_name_does_not_alone_establish_direct_binding;isoform_and_construct_context_require_source_review;query_accession_is_not_bait_direction	1	1	focused_primary_review_complete	supports_context_qualified_pair_relationship	physical_association;shared_complex	undirected_or_not_applicable		cellular_complex_not_binary	tagged_expression_duplicate_APMS_cellular_association	no_pair_specific_HSP90_assay_in_this_source	25036637	cultured_cell_line	human	whole_cell_or_unspecified_fraction	omics_or_screening_measurement;physical_interaction_or_proximity	close_pair	reviewed_context_qualified	reviewed_neighborhood_relationship	none_v6_253_reviewed_neighborhood_only
APOBEC1::DNAJB11	APOBEC1	DNAJB11	DNAJB11	2	2	BioGRID;HPRD	2	BioGRID;HPRD	BioGRID_physical;legacy_curated_binary_interaction_record	curated_pair_association_record			Reconstituted Complex;in vitro;in vivo;yeast 2-hybrid	Low Throughput	physical;protein_protein_interaction		undirected_or_not_applicable		curated_physical_database_record_requires_primary_source_interpretation;legacy_curated_pair_requires_primary_source_review	11584023	two_database_resources	true	0	database_record_not_primary_source_review;experimental_system_name_does_not_alone_establish_direct_binding;isoform_and_construct_context_require_source_review;legacy_2010_database_snapshot;method_labels_aggregate_publications	1	1	focused_primary_review_complete	supports_pair_relationship	functional_complex;physical_association;shared_complex	directed	DNAJB11->APOBEC1	heterologous_binary_reporter_plus_reticulocyte_lysate_pull_down_and_cellular_complex_not_purified_binary	Y2H_plus_reticulocyte_lysate_pull_down_cellular_coIP_and_genetic_functional_support	no_HSP90_assay_in_this_source	11584023	cultured_cell_line;purified_or_cell_free	budding_yeast;chicken;escherichia_coli;human;mouse;rabbit	cytosol;nucleus_or_chromatin;whole_cell_or_unspecified_fraction	biochemical_or_structural;functional_or_phenotypic_readout;genetic_perturbation;physical_interaction_or_proximity;rna_expression_or_regulatory_readout	close_pair	reviewed_supported	reviewed_neighborhood_relationship	none_v6_253_reviewed_neighborhood_only
APOE::CDC37	APOE	CDC37	CDC37	5	2	BioGRID;IntAct	2	BioGRID;IntAct	BioGRID_physical;IntAct_binary_expansion_or_pair_record	curated_pair_association_record			"Affinity Capture-Western;Two-hybrid;psi-mi:""MI:0006""(anti bait coimmunoprecipitation);psi-mi:""MI:0397""(two hybrid array)"	Low Throughput	"physical;psi-mi:""MI:0914""(association);psi-mi:""MI:0915""(physical association)"		undirected_or_not_applicable		curated_interaction_record_requires_primary_source_and_complex_expansion_review;curated_physical_database_record_requires_primary_source_interpretation	21163940	two_database_resources	true	0	MITAB_binary_expansion_may_not_be_direct;database_record_not_primary_source_review;experimental_system_name_does_not_alone_establish_direct_binding;isoform_and_construct_context_require_source_review;query_accession_is_not_bait_direction	1	1	focused_primary_review_complete	supports_context_qualified_pair_relationship	physical_association;shared_complex	undirected_or_not_applicable		heterologous_binary_reporter_plus_endogenous_cellular_coIP_not_direct_binding	one_study_author_high_matrix_Y2H_plus_reciprocal_endogenous_coIP	no_HSP90_assay_in_this_source	21163940	cultured_cell_line	budding_yeast;human	whole_cell_or_unspecified_fraction	omics_or_screening_measurement;physical_interaction_or_proximity	close_pair	reviewed_context_qualified	reviewed_neighborhood_relationship	none_v6_253_reviewed_neighborhood_only
APP::CDC37	APP	CDC37	CDC37	2	2	BioGRID;IntAct	2	BioGRID;IntAct	BioGRID_physical;IntAct_binary_expansion_or_pair_record	curated_pair_association_record			"Two-hybrid;psi-mi:""MI:0397""(two hybrid array)"	Low Throughput	"physical;psi-mi:""MI:0915""(physical association)"		undirected_or_not_applicable		curated_interaction_record_requires_primary_source_and_complex_expansion_review;curated_physical_database_record_requires_primary_source_interpretation	21163940	two_database_resources	true	0	MITAB_binary_expansion_may_not_be_direct;database_record_not_primary_source_review;experimental_system_name_does_not_alone_establish_direct_binding;isoform_and_construct_context_require_source_review;query_accession_is_not_bait_direction	1	1	focused_primary_review_complete	supports_context_qualified_pair_relationship	physical_association	undirected_or_not_applicable		heterologous_binary_reporter_not_native_complex	one_study_author_high_matrix_Y2H	no_HSP90_assay_in_this_source	21163940	cultured_cell_line	budding_yeast;human	not_reported	omics_or_screening_measurement;physical_interaction_or_proximity	close_pair	reviewed_context_qualified	reviewed_neighborhood_relationship	none_v6_253_reviewed_neighborhood_only
AR::STUB1	AR	STUB1	STUB1	17	2	BioGRID;HPRD	2	BioGRID;HPRD	BioGRID_physical;legacy_curated_binary_interaction_record	curated_pair_association_record			Affinity Capture-Western;Biochemical Activity;Co-localization;Protein-peptide;Reconstituted Complex;Two-hybrid;in vitro;yeast 2-hybrid	Low Throughput	physical;protein_protein_interaction		undirected_or_not_applicable		curated_physical_database_record_requires_primary_source_interpretation;legacy_curated_pair_requires_primary_source_review	15107424;16725394;19706771;20661446;21157430;27835608;27903893;29249800;30446660;39968753	two_database_resources	true	0	database_record_not_primary_source_review;experimental_system_name_does_not_alone_establish_direct_binding;isoform_and_construct_context_require_source_review;legacy_2010_database_snapshot;method_labels_aggregate_publications	1	1	focused_primary_review_complete	supports_context_qualified_pair_relationship	cochaperone_client_regulation;shared_complex	directed	STUB1->AR	cellular_complex_not_binary	cellular_co_complex_with_functional_perturbation	cytosolic_hsp90_unresolved	20661446	cultured_cell_line	human	whole_cell_or_unspecified_fraction	functional_or_phenotypic_readout;physical_interaction_or_proximity	close_pair	reviewed_context_qualified	reviewed_neighborhood_relationship	none_v6_253_reviewed_neighborhood_only
ARAF::CDC37	ARAF	CDC37	CDC37	18	3	BioGRID;BioPlex;IntAct	3	BioGRID;BioPlex_HCT116;IntAct	AP_MS_network_edge;BioGRID_physical;IntAct_binary_expansion_or_pair_record	ap_ms_network_association;curated_pair_association_record		HCT116	"Affinity Capture-Luminescence;Affinity Capture-MS;HCT116 affinity-purification mass spectrometry network;psi-mi:""MI:0007""(anti tag coimmunoprecipitation);psi-mi:""MI:0096""(pull down);psi-mi:""MI:0676""(tandem affinity purification);psi-mi:""MI:0729""(luminescence based mammalian interactome mapping)"	High Throughput;Low Throughput	"physical;physical_association_network;psi-mi:""MI:0914""(association);psi-mi:""MI:0915""(physical association)"		undirected_or_not_applicable		AP_MS_association_not_binary_binding;curated_interaction_record_requires_primary_source_and_complex_expansion_review;curated_physical_database_record_requires_primary_source_interpretation	24189400;25036637;29777862;31980649;32707033;33961781;35271311	three_or_more_database_resources	true	0	MITAB_binary_expansion_may_not_be_direct;cell_line_measurement_context;database_record_not_primary_source_review;experimental_system_name_does_not_alone_establish_direct_binding;high_throughput_AP_MS_context;isoform_and_construct_context_require_source_review;network_edge_not_direct_binding;no_pair_specific_publication_identifier_in_local_matrix;query_accession_is_not_bait_direction;single_final_network_presence_not_cell_line_specific_evidence	1	1	focused_primary_review_complete	supports_context_qualified_pair_relationship	physical_association;shared_complex	undirected_or_not_applicable		cellular_complex_not_binary	high_confidence_cellular_apms_co_complex	no_pair_specific_HSP90_assay_in_this_source	32707033	cultured_cell_line	human	whole_cell_or_unspecified_fraction	omics_or_screening_measurement;physical_interaction_or_proximity	close_pair	reviewed_context_qualified	reviewed_neighborhood_relationship	none_v6_253_reviewed_neighborhood_only
ARAF::FKBP5	ARAF	FKBP5	FKBP5	8	2	BioGRID;IntAct	2	BioGRID;IntAct	BioGRID_physical;IntAct_binary_expansion_or_pair_record	curated_pair_association_record			"Affinity Capture-Luminescence;Affinity Capture-MS;psi-mi:""MI:0007""(anti tag coimmunoprecipitation);psi-mi:""MI:0096""(pull down)"	High Throughput;Low Throughput	"physical;psi-mi:""MI:0914""(association)"		undirected_or_not_applicable		curated_interaction_record_requires_primary_source_and_complex_expansion_review;curated_physical_database_record_requires_primary_source_interpretation	25036637;25852190;29777862;32707033	two_database_resources	true	0	MITAB_binary_expansion_may_not_be_direct;database_record_not_primary_source_review;experimental_system_name_does_not_alone_establish_direct_binding;isoform_and_construct_context_require_source_review;query_accession_is_not_bait_direction	1	1	focused_primary_review_complete	supports_context_qualified_pair_relationship	physical_association;shared_complex	undirected_or_not_applicable		cellular_complex_not_binary	high_confidence_cellular_apms_co_complex	no_pair_specific_HSP90_assay_in_this_source	32707033	cultured_cell_line	human	whole_cell_or_unspecified_fraction	omics_or_screening_measurement;physical_interaction_or_proximity	close_pair	reviewed_context_qualified	reviewed_neighborhood_relationship	none_v6_253_reviewed_neighborhood_only
AURKB::CDC37	AURKB	CDC37	CDC37	17	3	BioGRID;BioPlex;IntAct	3	BioGRID;BioPlex_HCT116;IntAct	AP_MS_network_edge;BioGRID_physical;IntAct_binary_expansion_or_pair_record	ap_ms_network_association;curated_pair_association_record		HCT116	"Affinity Capture-Luminescence;Affinity Capture-MS;Affinity Capture-Western;HCT116 affinity-purification mass spectrometry network;Proximity Label-MS;psi-mi:""MI:0007""(anti tag coimmunoprecipitation);psi-mi:""MI:0096""(pull down);psi-mi:""MI:0729""(luminescence based mammalian interactome mapping);psi-mi:""MI:1314""(proximity-dependent biotin identification)"	High Throughput;Low Throughput	"physical;physical_association_network;psi-mi:""MI:0914""(association);psi-mi:""MI:0915""(physical association);psi-mi:""MI:2364""(proximity)"		undirected_or_not_applicable		AP_MS_association_not_binary_binding;curated_interaction_record_requires_primary_source_and_complex_expansion_review;curated_physical_database_record_requires_primary_source_interpretation	16156789;25036637;26186194;29568061;31586073;32707033;33961781;35271311	three_or_more_database_resources	true	0	MITAB_binary_expansion_may_not_be_direct;cell_line_measurement_context;database_record_not_primary_source_review;experimental_system_name_does_not_alone_establish_direct_binding;high_throughput_AP_MS_context;isoform_and_construct_context_require_source_review;network_edge_not_direct_binding;no_pair_specific_publication_identifier_in_local_matrix;query_accession_is_not_bait_direction;single_final_network_presence_not_cell_line_specific_evidence	1	1	focused_primary_review_complete	supports_context_qualified_pair_relationship	physical_association;shared_complex	undirected_or_not_applicable		cellular_complex_not_binary	high_confidence_cellular_apms_co_complex	no_pair_specific_HSP90_assay_in_this_source	32707033	cultured_cell_line	human	whole_cell_or_unspecified_fraction	omics_or_screening_measurement;physical_interaction_or_proximity	close_pair	reviewed_context_qualified	reviewed_neighborhood_relationship	none_v6_253_reviewed_neighborhood_only
AURKB::FKBP5	AURKB	FKBP5	FKBP5	5	2	BioGRID;IntAct	2	BioGRID;IntAct	BioGRID_physical;IntAct_binary_expansion_or_pair_record	curated_pair_association_record			"Affinity Capture-Luminescence;Affinity Capture-MS;psi-mi:""MI:0007""(anti tag coimmunoprecipitation);psi-mi:""MI:0096""(pull down)"	High Throughput;Low Throughput	"physical;psi-mi:""MI:0914""(association)"		undirected_or_not_applicable		curated_interaction_record_requires_primary_source_and_complex_expansion_review;curated_physical_database_record_requires_primary_source_interpretation	25036637;32707033	two_database_resources	true	0	MITAB_binary_expansion_may_not_be_direct;database_record_not_primary_source_review;experimental_system_name_does_not_alone_establish_direct_binding;isoform_and_construct_context_require_source_review;query_accession_is_not_bait_direction	1	1	focused_primary_review_complete	supports_context_qualified_pair_relationship	physical_association;shared_complex	undirected_or_not_applicable		cellular_complex_not_binary	high_confidence_cellular_apms_co_complex	no_pair_specific_HSP90_assay_in_this_source	32707033	cultured_cell_line	human	whole_cell_or_unspecified_fraction	omics_or_screening_measurement;physical_interaction_or_proximity	close_pair	reviewed_context_qualified	reviewed_neighborhood_relationship	none_v6_253_reviewed_neighborhood_only
AXL::STUB1	AXL	STUB1	STUB1	3	2	BioGRID;IntAct	2	BioGRID;IntAct	BioGRID_physical;IntAct_binary_expansion_or_pair_record	curated_pair_association_record			"Affinity Capture-MS;Affinity Capture-Western;psi-mi:""MI:0096""(pull down)"	High Throughput;Low Throughput	"physical;psi-mi:""MI:0914""(association)"		undirected_or_not_applicable		curated_interaction_record_requires_primary_source_and_complex_expansion_review;curated_physical_database_record_requires_primary_source_interpretation	23629654;32707033	two_database_resources	true	0	MITAB_binary_expansion_may_not_be_direct;database_record_not_primary_source_review;experimental_system_name_does_not_alone_establish_direct_binding;isoform_and_construct_context_require_source_review;query_accession_is_not_bait_direction	1	1	focused_primary_review_complete	supports_context_qualified_pair_relationship	physical_association;shared_complex	undirected_or_not_applicable		cellular_complex_not_binary	high_confidence_cellular_apms_co_complex	no_pair_specific_HSP90_assay_in_this_source	32707033	cultured_cell_line	human	whole_cell_or_unspecified_fraction	omics_or_screening_measurement;physical_interaction_or_proximity	close_pair	reviewed_context_qualified	reviewed_neighborhood_relationship	none_v6_253_reviewed_neighborhood_only
BAG1::STUB1	BAG1	STUB1	STUB1	11	4	BioGRID;CORUM;HPRD;IntAct	4	BioGRID;CORUM;HPRD;IntAct	BioGRID_physical;IntAct_binary_expansion_or_pair_record;curated_complex_comembership;legacy_curated_binary_interaction_record	curated_complex_comembership;curated_pair_association_record	complex_id=7624|complex_name=BAG1-HSPA8-STUB1 complex	HeLa cells	"Affinity Capture-Luminescence;Affinity Capture-MS;Affinity Capture-Western;Biochemical Activity;MI:0007:anti tag coimmunoprecipitation;Reconstituted Complex;in vivo;psi-mi:""MI:0007""(anti tag coimmunoprecipitation);psi-mi:""MI:0729""(luminescence based mammalian interactome mapping)"	Low Throughput	"complex_comembership;physical;protein_protein_interaction;psi-mi:""MI:0914""(association);psi-mi:""MI:0915""(physical association)"		undirected_or_not_applicable		curated_complex_comembership_not_binary_interaction;curated_interaction_record_requires_primary_source_and_complex_expansion_review;curated_physical_database_record_requires_primary_source_interpretation;legacy_curated_pair_requires_primary_source_review	11676916;15538384;16207813;20675402;25036637;26330542	three_or_more_database_resources	true	0	MITAB_binary_expansion_may_not_be_direct;cell_line_is_experimental_context_not_interaction_system;complex_expansion_not_pairwise_binding;database_record_not_primary_source_review;experimental_system_name_does_not_alone_establish_direct_binding;isoform_and_construct_context_require_source_review;legacy_2010_database_snapshot;method_labels_aggregate_publications;multiple_complex_records_from_one_source_do_not_equal_independent_replication;query_accession_is_not_bait_direction	1	1	focused_primary_review_complete	supports_context_qualified_pair_relationship	physical_association;shared_complex	undirected_or_not_applicable		cellular_complex_not_binary	high_confidence_cellular_apms_with_lumier_replication	no_pair_specific_HSP90_assay_in_this_source	25036637	cultured_cell_line	human	whole_cell_or_unspecified_fraction	omics_or_screening_measurement;physical_interaction_or_proximity	close_pair	reviewed_context_qualified	reviewed_neighborhood_relationship	none_v6_253_reviewed_neighborhood_only
BAG2::STIP1	BAG2	STIP1	STIP1	5	2	BioGRID;IntAct	2	BioGRID;IntAct	BioGRID_physical;IntAct_binary_expansion_or_pair_record	curated_pair_association_record			"Affinity Capture-Luminescence;Affinity Capture-MS;psi-mi:""MI:0007""(anti tag coimmunoprecipitation)"	High Throughput;Low Throughput	"physical;psi-mi:""MI:0914""(association)"		undirected_or_not_applicable		curated_interaction_record_requires_primary_source_and_complex_expansion_review;curated_physical_database_record_requires_primary_source_interpretation	25036637;33239621;39207901	two_database_resources	true	0	MITAB_binary_expansion_may_not_be_direct;database_record_not_primary_source_review;experimental_system_name_does_not_alone_establish_direct_binding;isoform_and_construct_context_require_source_review;query_accession_is_not_bait_direction	1	1	focused_primary_review_complete	supports_context_qualified_pair_relationship	shared_complex	undirected_or_not_applicable		cellular_complex_not_binary	high_confidence_cellular_apms_co_complex	cytosolic_hsp90_unresolved	33239621	cultured_cell_line	human	whole_cell_or_unspecified_fraction	omics_or_screening_measurement;physical_interaction_or_proximity	close_pair	reviewed_context_qualified	reviewed_neighborhood_relationship	none_v6_253_reviewed_neighborhood_only
BAG2::STUB1	BAG2	STUB1	STUB1	21	4	BioGRID;BioPlex;IntAct;huMAP	4	BioGRID;BioPlex_HCT116;IntAct;huMAP_2_0	AP_MS_network_edge;BioGRID_physical;IntAct_binary_expansion_or_pair_record;integrative_predicted_complex_comembership	ap_ms_network_association;curated_pair_association_record;predicted_complex_comembership	HuMAP2_02091;HuMAP2_02851	HCT116	"Affinity Capture-Luminescence;Affinity Capture-MS;Affinity Capture-Western;Co-fractionation;HCT116 affinity-purification mass spectrometry network;Reconstituted Complex;not_reported_in_local_source;psi-mi:""MI:0007""(anti tag coimmunoprecipitation);psi-mi:""MI:0729""(luminescence based mammalian interactome mapping)"	High Throughput;Low Throughput	"physical;physical_association_network;predicted_complex_comembership;psi-mi:""MI:0914""(association);psi-mi:""MI:0915""(physical association)"		undirected_or_not_applicable		AP_MS_association_not_binary_binding;curated_interaction_record_requires_primary_source_and_complex_expansion_review;curated_physical_database_record_requires_primary_source_interpretation;integrative_predicted_complex_comembership_not_direct_binding	16169850;16207813;24981860;25036637;33961781;33987175;39207901	three_or_more_database_resources	true	0	MITAB_binary_expansion_may_not_be_direct;cell_line_measurement_context;database_context_only;database_record_not_primary_source_review;experimental_system_name_does_not_alone_establish_direct_binding;high_throughput_AP_MS_context;isoform_and_construct_context_require_source_review;legacy_2020_snapshot;network_edge_not_direct_binding;no_pair_specific_publication_identifier_in_local_matrix;predicted_complex_expansion_not_pairwise_binding;query_accession_is_not_bait_direction;single_final_network_presence_not_cell_line_specific_evidence	1	1	focused_primary_review_complete	supports_context_qualified_pair_relationship	physical_association;shared_complex	undirected_or_not_applicable		cellular_complex_not_binary	high_confidence_cellular_apms_with_lumier_replication	no_pair_specific_HSP90_assay_in_this_source	25036637	cultured_cell_line	human	whole_cell_or_unspecified_fraction	omics_or_screening_measurement;physical_interaction_or_proximity	close_pair	reviewed_context_qualified	reviewed_neighborhood_relationship	none_v6_253_reviewed_neighborhood_only
BAG3::STUB1	BAG3	STUB1	STUB1	11	3	BioGRID;CORUM;IntAct	3	BioGRID;CORUM;IntAct	BioGRID_physical;IntAct_binary_expansion_or_pair_record;curated_complex_comembership	curated_complex_comembership;curated_pair_association_record	complex_id=6052|complex_name=BAG3-HSC70-HSPB8-CHIP complex	HeLa cells	"Affinity Capture-Luminescence;Affinity Capture-MS;Affinity Capture-Western;Co-fractionation;MI:0007:anti tag coimmunoprecipitation;psi-mi:""MI:0007""(anti tag coimmunoprecipitation);psi-mi:""MI:0729""(luminescence based mammalian interactome mapping)"	High Throughput;Low Throughput	"complex_comembership;physical;psi-mi:""MI:0914""(association);psi-mi:""MI:0915""(physical association)"		undirected_or_not_applicable		curated_complex_comembership_not_binary_interaction;curated_interaction_record_requires_primary_source_and_complex_expansion_review;curated_physical_database_record_requires_primary_source_interpretation	20060297;22863883;25036637;26496610;31500722;34951719;35066290	three_or_more_database_resources	true	0	MITAB_binary_expansion_may_not_be_direct;cell_line_is_experimental_context_not_interaction_system;complex_expansion_not_pairwise_binding;database_record_not_primary_source_review;experimental_system_name_does_not_alone_establish_direct_binding;isoform_and_construct_context_require_source_review;multiple_complex_records_from_one_source_do_not_equal_independent_replication;query_accession_is_not_bait_direction	1	1	focused_primary_review_complete	supports_context_qualified_pair_relationship	physical_association;shared_complex	undirected_or_not_applicable		cellular_complex_not_binary	high_confidence_cellular_apms_with_lumier_replication	no_pair_specific_HSP90_assay_in_this_source	25036637	cultured_cell_line	human	whole_cell_or_unspecified_fraction	omics_or_screening_measurement;physical_interaction_or_proximity	close_pair	reviewed_context_qualified	reviewed_neighborhood_relationship	none_v6_253_reviewed_neighborhood_only
BAG4::DNAJC7	BAG4	DNAJC7	DNAJC7	5	2	BioGRID;IntAct	2	BioGRID;IntAct	BioGRID_physical;IntAct_binary_expansion_or_pair_record	curated_pair_association_record			"Affinity Capture-Luminescence;Affinity Capture-MS;psi-mi:""MI:0007""(anti tag coimmunoprecipitation);psi-mi:""MI:0729""(luminescence based mammalian interactome mapping)"	High Throughput;Low Throughput	"physical;psi-mi:""MI:0914""(association);psi-mi:""MI:0915""(physical association)"		undirected_or_not_applicable		curated_interaction_record_requires_primary_source_and_complex_expansion_review;curated_physical_database_record_requires_primary_source_interpretation	25036637;35271311	two_database_resources	true	0	MITAB_binary_expansion_may_not_be_direct;database_record_not_primary_source_review;experimental_system_name_does_not_alone_establish_direct_binding;isoform_and_construct_context_require_source_review;query_accession_is_not_bait_direction	2	2	focused_primary_review_complete	supports_context_qualified_pair_relationship	physical_association;shared_complex	undirected_or_not_applicable		cellular_complex_not_binary	endogenous_tag_IPMS_accepted_cellular_association;tagged_expression_APMS_plus_LUMIER_cellular_association	no_pair_specific_HSP90_assay_in_this_source;no_pair_specific_HSP90_mediation_established	25036637;35271311	cultured_cell_line	human	whole_cell_or_unspecified_fraction	omics_or_screening_measurement;physical_interaction_or_proximity	close_pair	reviewed_context_qualified	reviewed_neighborhood_relationship	none_v6_253_reviewed_neighborhood_only
BAG4::STUB1	BAG4	STUB1	STUB1	3	2	BioGRID;IntAct	2	BioGRID;IntAct	BioGRID_physical;IntAct_binary_expansion_or_pair_record	curated_pair_association_record			"Affinity Capture-Luminescence;Affinity Capture-MS;psi-mi:""MI:0007""(anti tag coimmunoprecipitation)"	Low Throughput	"physical;psi-mi:""MI:0914""(association)"		undirected_or_not_applicable		curated_interaction_record_requires_primary_source_and_complex_expansion_review;curated_physical_database_record_requires_primary_source_interpretation	25036637	two_database_resources	true	0	MITAB_binary_expansion_may_not_be_direct;database_record_not_primary_source_review;experimental_system_name_does_not_alone_establish_direct_binding;isoform_and_construct_context_require_source_review;query_accession_is_not_bait_direction	1	1	focused_primary_review_complete	supports_context_qualified_pair_relationship	physical_association;shared_complex	undirected_or_not_applicable		cellular_complex_not_binary	high_confidence_cellular_apms_co_complex	no_pair_specific_HSP90_assay_in_this_source	25036637	cultured_cell_line	human	whole_cell_or_unspecified_fraction	omics_or_screening_measurement;physical_interaction_or_proximity	close_pair	reviewed_context_qualified	reviewed_neighborhood_relationship	none_v6_253_reviewed_neighborhood_only
BRAF::CDC37	BRAF	CDC37	CDC37	14	3	BioGRID;BioPlex;IntAct	4	BioGRID;BioPlex_293T;BioPlex_HCT116;IntAct	AP_MS_network_edge;BioGRID_physical;IntAct_binary_expansion_or_pair_record	ap_ms_network_association;curated_pair_association_record		293T;HCT116	"293T affinity-purification mass spectrometry network;Affinity Capture-MS;HCT116 affinity-purification mass spectrometry network;psi-mi:""MI:0007""(anti tag coimmunoprecipitation);psi-mi:""MI:0676""(tandem affinity purification)"	High Throughput;Low Throughput	"physical;physical_association_network;psi-mi:""MI:0914""(association)"		undirected_or_not_applicable		AP_MS_association_not_binary_binding;curated_interaction_record_requires_primary_source_and_complex_expansion_review;curated_physical_database_record_requires_primary_source_interpretation	17979178;27034005;27684187;31980649;33961781	three_or_more_database_resources	true	0	MITAB_binary_expansion_may_not_be_direct;cell_line_measurement_context;database_record_not_primary_source_review;experimental_system_name_does_not_alone_establish_direct_binding;high_throughput_AP_MS_context;isoform_and_construct_context_require_source_review;network_edge_not_direct_binding;no_pair_specific_publication_identifier_in_local_matrix;query_accession_is_not_bait_direction;single_final_network_presence_not_cell_line_specific_evidence	1	1	focused_primary_review_complete	supports_context_qualified_pair_relationship	physical_association;shared_complex	undirected_or_not_applicable		cellular_complex_not_binary	high_confidence_cellular_apms_co_complex	no_pair_specific_HSP90_assay_in_this_source	31980649	cultured_cell_line	human	whole_cell_or_unspecified_fraction	omics_or_screening_measurement;physical_interaction_or_proximity	close_pair	reviewed_context_qualified	reviewed_neighborhood_relationship	none_v6_253_reviewed_neighborhood_only
CACYBP::FKBP4	CACYBP	FKBP4	FKBP4	5	3	BioGRID;IntAct;huMAP	3	BioGRID;IntAct;huMAP_2_0	BioGRID_physical;IntAct_binary_expansion_or_pair_record;integrative_predicted_complex_comembership	curated_pair_association_record;predicted_complex_comembership	HuMAP2_02855;HuMAP2_02912		"Affinity Capture-Luminescence;Affinity Capture-MS;not_reported_in_local_source;psi-mi:""MI:0007""(anti tag coimmunoprecipitation)"	Low Throughput	"physical;predicted_complex_comembership;psi-mi:""MI:0914""(association)"		undirected_or_not_applicable		curated_interaction_record_requires_primary_source_and_complex_expansion_review;curated_physical_database_record_requires_primary_source_interpretation;integrative_predicted_complex_comembership_not_direct_binding	25036637	three_or_more_database_resources	true	0	MITAB_binary_expansion_may_not_be_direct;database_context_only;database_record_not_primary_source_review;experimental_system_name_does_not_alone_establish_direct_binding;isoform_and_construct_context_require_source_review;legacy_2020_snapshot;predicted_complex_expansion_not_pairwise_binding;query_accession_is_not_bait_direction	2	2	focused_primary_review_complete	supports_context_qualified_pair_relationship	physical_association;shared_complex	undirected_or_not_applicable		cellular_complex_not_binary;integrative_predicted_complex_not_pairwise	medium_confidence_integrative_predicted_complex_comembership;tagged_expression_duplicate_APMS_cellular_association	no_pair_specific_HSP90_mediation_established	25036637;33973408	computational_or_database;cultured_cell_line	human	not_reported;whole_cell_or_unspecified_fraction	computational_or_secondary_context;omics_or_screening_measurement;physical_interaction_or_proximity	close_pair	reviewed_context_qualified	reviewed_neighborhood_relationship	none_v6_253_reviewed_neighborhood_only
CACYBP::FKBP5	CACYBP	FKBP5	FKBP5	4	2	BioGRID;IntAct	2	BioGRID;IntAct	BioGRID_physical;IntAct_binary_expansion_or_pair_record	curated_pair_association_record			"Affinity Capture-Luminescence;Affinity Capture-MS;psi-mi:""MI:0007""(anti tag coimmunoprecipitation)"	High Throughput;Low Throughput	"physical;psi-mi:""MI:0914""(association)"		undirected_or_not_applicable		curated_interaction_record_requires_primary_source_and_complex_expansion_review;curated_physical_database_record_requires_primary_source_interpretation	25036637;35271311	two_database_resources	true	0	MITAB_binary_expansion_may_not_be_direct;database_record_not_primary_source_review;experimental_system_name_does_not_alone_establish_direct_binding;isoform_and_construct_context_require_source_review;query_accession_is_not_bait_direction	2	2	focused_primary_review_complete	supports_context_qualified_pair_relationship	physical_association;shared_complex	undirected_or_not_applicable		cellular_complex_not_binary	replicated_cellular_affinity_capture_association	no_pair_specific_HSP90_mediation_established	25036637;35271311	cultured_cell_line	human	whole_cell_or_unspecified_fraction	omics_or_screening_measurement;physical_interaction_or_proximity	close_pair	reviewed_context_qualified	reviewed_neighborhood_relationship	none_v6_253_reviewed_neighborhood_only
CACYBP::SUGT1	CACYBP	SUGT1	SUGT1	3	2	BioGRID;IntAct	2	BioGRID;IntAct	BioGRID_physical;IntAct_binary_expansion_or_pair_record	curated_pair_association_record			"Affinity Capture-Luminescence;Affinity Capture-MS;psi-mi:""MI:0007""(anti tag coimmunoprecipitation)"	Low Throughput	"physical;psi-mi:""MI:0914""(association)"		undirected_or_not_applicable		curated_interaction_record_requires_primary_source_and_complex_expansion_review;curated_physical_database_record_requires_primary_source_interpretation	25036637	two_database_resources	true	0	MITAB_binary_expansion_may_not_be_direct;database_record_not_primary_source_review;experimental_system_name_does_not_alone_establish_direct_binding;isoform_and_construct_context_require_source_review;query_accession_is_not_bait_direction	1	1	focused_primary_review_complete	supports_context_qualified_pair_relationship	physical_association;shared_complex	undirected_or_not_applicable		cellular_complex_not_binary	tagged_expression_duplicate_APMS_cellular_association	no_pair_specific_HSP90_assay_in_this_source	25036637	cultured_cell_line	human	whole_cell_or_unspecified_fraction	omics_or_screening_measurement;physical_interaction_or_proximity	close_pair	reviewed_context_qualified	reviewed_neighborhood_relationship	none_v6_253_reviewed_neighborhood_only
CCDC117::STIP1	CCDC117	STIP1	STIP1	15	3	BioGRID;BioPlex;IntAct	4	BioGRID;BioPlex_293T;BioPlex_HCT116;IntAct	AP_MS_network_edge;BioGRID_physical;IntAct_binary_expansion_or_pair_record	ap_ms_network_association;curated_pair_association_record		293T;HCT116	"293T affinity-purification mass spectrometry network;Affinity Capture-Luminescence;Affinity Capture-MS;HCT116 affinity-purification mass spectrometry network;psi-mi:""MI:0007""(anti tag coimmunoprecipitation);psi-mi:""MI:0729""(luminescence based mammalian interactome mapping)"	High Throughput;Low Throughput	"physical;physical_association_network;psi-mi:""MI:0914""(association);psi-mi:""MI:0915""(physical association)"		undirected_or_not_applicable		AP_MS_association_not_binary_binding;curated_interaction_record_requires_primary_source_and_complex_expansion_review;curated_physical_database_record_requires_primary_source_interpretation	25036637;26186194;28514442;33239621;33961781;35271311	three_or_more_database_resources	true	0	MITAB_binary_expansion_may_not_be_direct;cell_line_measurement_context;database_record_not_primary_source_review;experimental_system_name_does_not_alone_establish_direct_binding;high_throughput_AP_MS_context;isoform_and_construct_context_require_source_review;network_edge_not_direct_binding;no_pair_specific_publication_identifier_in_local_matrix;query_accession_is_not_bait_direction;single_final_network_presence_not_cell_line_specific_evidence	6	6	focused_primary_review_complete	supports_context_qualified_pair_relationship	physical_association;shared_complex	undirected_or_not_applicable		cellular_APMS_network_not_binary;cellular_complex_not_binary;single_bait_endogenous_tag_IPMS_not_binary;single_bait_tagged_IPMS_context_not_binary	BioPlex1_293T_high_confidence_APMS_network_edge;BioPlex2_293T_high_confidence_APMS_network_edge;BioPlex3_APMS_network_edge_with_source_specific_cell_line_context;OpenCell_endogenous_tag_triplicate_IPMS_association;WT_rescue_specific_tagged_IPMS_context;tagged_expression_APMS_plus_LUMIER_cellular_association	no_pair_specific_HSP90_mediation_established;pooled_HSP90AA1_HSP90AB1_context_not_pair_specific_mediation	25036637;26186194;28514442;33239621;33961781;35271311	cultured_cell_line	human	whole_cell_or_unspecified_fraction	omics_or_screening_measurement;physical_interaction_or_proximity	close_pair	reviewed_context_qualified	reviewed_neighborhood_relationship	none_v6_253_reviewed_neighborhood_only
CCT4::PPP5C	CCT4	PPP5C	PPP5C	2	2	BioGRID;IntAct	2	BioGRID;IntAct	BioGRID_physical;IntAct_binary_expansion_or_pair_record	curated_pair_association_record			"Affinity Capture-MS;psi-mi:""MI:0007""(anti tag coimmunoprecipitation)"	Low Throughput	"physical;psi-mi:""MI:0914""(association)"		undirected_or_not_applicable		curated_interaction_record_requires_primary_source_and_complex_expansion_review;curated_physical_database_record_requires_primary_source_interpretation	21360678	two_database_resources	true	0	MITAB_binary_expansion_may_not_be_direct;database_record_not_primary_source_review;experimental_system_name_does_not_alone_establish_direct_binding;isoform_and_construct_context_require_source_review;query_accession_is_not_bait_direction	1	1	focused_primary_review_complete	supports_context_qualified_pair_relationship	physical_association;shared_complex	undirected_or_not_applicable		cellular_complex_not_binary	PPP5C_bait_SAINT_APMS_cellular_association	no_pair_specific_HSP90_assay_in_this_source	21360678	cultured_cell_line	human	whole_cell_or_unspecified_fraction	omics_or_screening_measurement;physical_interaction_or_proximity	close_pair	reviewed_context_qualified	reviewed_neighborhood_relationship	none_v6_253_reviewed_neighborhood_only
CDC37::CDC37L1	CDC37	CDC37L1	CDC37	4	3	BioGRID;HPRD;IntAct	3	BioGRID;HPRD;IntAct	BioGRID_physical;IntAct_binary_expansion_or_pair_record;legacy_curated_binary_interaction_record	curated_pair_association_record			"Affinity Capture-Luminescence;Affinity Capture-MS;in vitro;in vivo;psi-mi:""MI:0007""(anti tag coimmunoprecipitation)"	Low Throughput	"physical;protein_protein_interaction;psi-mi:""MI:0914""(association)"		undirected_or_not_applicable		curated_interaction_record_requires_primary_source_and_complex_expansion_review;curated_physical_database_record_requires_primary_source_interpretation;legacy_curated_pair_requires_primary_source_review	15850399;25036637	three_or_more_database_resources	true	0	MITAB_binary_expansion_may_not_be_direct;database_record_not_primary_source_review;experimental_system_name_does_not_alone_establish_direct_binding;isoform_and_construct_context_require_source_review;legacy_2010_database_snapshot;method_labels_aggregate_publications;query_accession_is_not_bait_direction	2	2	focused_primary_review_complete	supports_context_qualified_pair_relationship;supports_pair_relationship	physical_association;shared_complex	undirected_or_not_applicable		cellular_complex_not_binary;reciprocal_tagged_cellular_coIP_and_post_lysis_complex_formation_not_purified_binary	reciprocal_tagged_cellular_coIP_titration_and_post_lysis_mixing;tagged_expression_duplicate_APMS_cellular_association	generic_cytosolic_HSP90_complex_context_without_isotype_resolution;no_pair_specific_HSP90_mediation_established	15850399;25036637	cultured_cell_line	human	whole_cell_or_unspecified_fraction	biochemical_or_structural;omics_or_screening_measurement;physical_interaction_or_proximity	close_pair	reviewed_mixed	reviewed_neighborhood_mixed	none_v6_253_reviewed_neighborhood_only
CDC37::CDK1	CDC37	CDK1	CDC37	5	2	BioGRID;IntAct	2	BioGRID;IntAct	BioGRID_physical;IntAct_binary_expansion_or_pair_record	curated_pair_association_record			"Affinity Capture-Luminescence;Affinity Capture-MS;Affinity Capture-Western;psi-mi:""MI:0007""(anti tag coimmunoprecipitation)"	Low Throughput	"physical;psi-mi:""MI:0914""(association)"		undirected_or_not_applicable		curated_interaction_record_requires_primary_source_and_complex_expansion_review;curated_physical_database_record_requires_primary_source_interpretation	16156789;17525741;25036637	two_database_resources	true	0	MITAB_binary_expansion_may_not_be_direct;database_record_not_primary_source_review;experimental_system_name_does_not_alone_establish_direct_binding;isoform_and_construct_context_require_source_review;query_accession_is_not_bait_direction	1	1	focused_primary_review_complete	supports_context_qualified_pair_relationship	physical_association;shared_complex	undirected_or_not_applicable		cellular_complex_not_binary	tagged_expression_duplicate_APMS_cellular_association_without_source_LUMIER_row	no_pair_specific_HSP90_mediation_established	25036637	cultured_cell_line	human	whole_cell_or_unspecified_fraction	omics_or_screening_measurement;physical_interaction_or_proximity	retain_pair	reviewed_context_qualified	reviewed_neighborhood_relationship	none_v6_253_reviewed_neighborhood_only
CDC37::CDK11A	CDC37	CDK11A	CDC37	13	3	BioGRID;BioPlex;IntAct	4	BioGRID;BioPlex_293T;BioPlex_HCT116;IntAct	AP_MS_network_edge;BioGRID_physical;IntAct_binary_expansion_or_pair_record	ap_ms_network_association;curated_pair_association_record		293T;HCT116	"293T affinity-purification mass spectrometry network;Affinity Capture-Luminescence;Affinity Capture-MS;HCT116 affinity-purification mass spectrometry network;psi-mi:""MI:0007""(anti tag coimmunoprecipitation);psi-mi:""MI:0676""(tandem affinity purification)"	High Throughput;Low Throughput	"physical;physical_association_network;psi-mi:""MI:0914""(association)"		undirected_or_not_applicable		AP_MS_association_not_binary_binding;curated_interaction_record_requires_primary_source_and_complex_expansion_review;curated_physical_database_record_requires_primary_source_interpretation	24189400;25036637;28514442;33961781	three_or_more_database_resources	true	0	MITAB_binary_expansion_may_not_be_direct;cell_line_measurement_context;database_record_not_primary_source_review;experimental_system_name_does_not_alone_establish_direct_binding;high_throughput_AP_MS_context;isoform_and_construct_context_require_source_review;network_edge_not_direct_binding;no_pair_specific_publication_identifier_in_local_matrix;query_accession_is_not_bait_direction;single_final_network_presence_not_cell_line_specific_evidence	1	1	focused_primary_review_complete	supports_context_qualified_pair_relationship	physical_association;shared_complex	undirected_or_not_applicable		cellular_complex_not_binary	single_bait_cellular_tap_ms_co_complex	no_pair_specific_HSP90_assay_in_this_source	24189400	cultured_cell_line	human	whole_cell_or_unspecified_fraction	omics_or_screening_measurement;physical_interaction_or_proximity	close_pair	reviewed_context_qualified	reviewed_neighborhood_relationship	none_v6_253_reviewed_neighborhood_only
CDC37::CDK11B	CDC37	CDK11B	CDC37	10	3	BioGRID;BioPlex;IntAct	4	BioGRID;BioPlex_293T;BioPlex_HCT116;IntAct	AP_MS_network_edge;BioGRID_physical;IntAct_binary_expansion_or_pair_record	ap_ms_network_association;curated_pair_association_record		293T;HCT116	"293T affinity-purification mass spectrometry network;Affinity Capture-MS;Affinity Capture-Western;HCT116 affinity-purification mass spectrometry network;psi-mi:""MI:0007""(anti tag coimmunoprecipitation);psi-mi:""MI:0676""(tandem affinity purification)"	High Throughput;Low Throughput	"physical;physical_association_network;psi-mi:""MI:0914""(association)"		undirected_or_not_applicable		AP_MS_association_not_binary_binding;curated_interaction_record_requires_primary_source_and_complex_expansion_review;curated_physical_database_record_requires_primary_source_interpretation	15344906;24189400;33961781;35271311	three_or_more_database_resources	true	0	MITAB_binary_expansion_may_not_be_direct;cell_line_measurement_context;database_record_not_primary_source_review;experimental_system_name_does_not_alone_establish_direct_binding;high_throughput_AP_MS_context;isoform_and_construct_context_require_source_review;network_edge_not_direct_binding;no_pair_specific_publication_identifier_in_local_matrix;query_accession_is_not_bait_direction;single_final_network_presence_not_cell_line_specific_evidence	1	1	focused_primary_review_complete	supports_context_qualified_pair_relationship	physical_association;shared_complex	undirected_or_not_applicable		cellular_complex_not_binary	single_bait_cellular_tap_ms_co_complex	no_pair_specific_HSP90_assay_in_this_source	24189400	cultured_cell_line	human	whole_cell_or_unspecified_fraction	omics_or_screening_measurement;physical_interaction_or_proximity	close_pair	reviewed_context_qualified	reviewed_neighborhood_relationship	none_v6_253_reviewed_neighborhood_only
CDC37::CDK4	CDC37	CDK4	CDC37	35	5	BioGRID;BioPlex;CORUM;HPRD;IntAct	6	BioGRID;BioPlex_293T;BioPlex_HCT116;CORUM;HPRD;IntAct	AP_MS_network_edge;BioGRID_physical;IntAct_binary_expansion_or_pair_record;curated_complex_comembership;legacy_curated_binary_interaction_record	ap_ms_network_association;curated_complex_comembership;curated_pair_association_record	complex_id=11749|complex_name=CDK4-CDC37-HSP90AB1 complex	293T;HCT116;in vitro	"293T affinity-purification mass spectrometry network;Affinity Capture-Luminescence;Affinity Capture-MS;Affinity Capture-Western;Co-fractionation;HCT116 affinity-purification mass spectrometry network;MI:2338:electron tomography;PCA;Reconstituted Complex;Two-hybrid;in vitro;in vivo;psi-mi:""MI:0006""(anti bait coimmunoprecipitation);psi-mi:""MI:0007""(anti tag coimmunoprecipitation);psi-mi:""MI:0018""(two hybrid);psi-mi:""MI:0019""(coimmunoprecipitation);psi-mi:""MI:0096""(pull down);psi-mi:""MI:0676""(tandem affinity purification);psi-mi:""MI:0729""(luminescence based mammalian interactome mapping)"	High Throughput;Low Throughput	"complex_comembership;physical;physical_association_network;protein_protein_interaction;psi-mi:""MI:0914""(association);psi-mi:""MI:0915""(physical association)"		undirected_or_not_applicable		AP_MS_association_not_binary_binding;curated_complex_comembership_not_binary_interaction;curated_interaction_record_requires_primary_source_and_complex_expansion_review;curated_physical_database_record_requires_primary_source_interpretation;legacy_curated_pair_requires_primary_source_review	11867521;16156789;17353931;21675959;24189400;24292678;24981860;25036637;26186194;27339980;28514442;32707033;33961781;8666233;8703009;9150368	three_or_more_database_resources	true	0	MITAB_binary_expansion_may_not_be_direct;cell_line_is_experimental_context_not_interaction_system;cell_line_measurement_context;complex_expansion_not_pairwise_binding;database_record_not_primary_source_review;experimental_system_name_does_not_alone_establish_direct_binding;high_throughput_AP_MS_context;isoform_and_construct_context_require_source_review;legacy_2010_database_snapshot;method_labels_aggregate_publications;multiple_complex_records_from_one_source_do_not_equal_independent_replication;network_edge_not_direct_binding;no_pair_specific_publication_identifier_in_local_matrix;query_accession_is_not_bait_direction;single_final_network_presence_not_cell_line_specific_evidence	2	2	focused_primary_review_complete	supports_context_qualified_pair_relationship;supports_pair_relationship	cochaperone_client_regulation;direct_binding;protein_stability_regulation;shared_complex	directed	CDC37->CDK4	cellular_association_and_genetic_rescue_not_purified_binary;direct_binary_plus_cellular_chaperone_loading	cellular_association_with_loss_rescue_and_protein_stability_support;direct_purified_binding_with_cellular_loading_and_stability_support	cytosolic_hsp90_unresolved	24292678;8666233	cultured_cell_line;purified_or_cell_free	human;mouse;spodoptera_frugiperda	cytosol;whole_cell_or_unspecified_fraction	biochemical_or_structural;genetic_perturbation;pharmacologic_or_chemical_perturbation;physical_interaction_or_proximity;protein_abundance_stability_or_folding	close_pair	reviewed_mixed	reviewed_neighborhood_mixed	none_v6_253_reviewed_neighborhood_only
CDC37::CDK5	CDC37	CDK5	CDC37	6	4	BioGRID;BioPlex;HPRD;IntAct	4	BioGRID;BioPlex_HCT116;HPRD;IntAct	AP_MS_network_edge;BioGRID_physical;IntAct_binary_expansion_or_pair_record;legacy_curated_binary_interaction_record	ap_ms_network_association;curated_pair_association_record		HCT116	"Affinity Capture-MS;HCT116 affinity-purification mass spectrometry network;Two-hybrid;in vitro;psi-mi:""MI:0007""(anti tag coimmunoprecipitation);psi-mi:""MI:0397""(two hybrid array)"	High Throughput;Low Throughput	"physical;physical_association_network;protein_protein_interaction;psi-mi:""MI:0914""(association);psi-mi:""MI:0915""(physical association)"		undirected_or_not_applicable		AP_MS_association_not_binary_binding;curated_interaction_record_requires_primary_source_and_complex_expansion_review;curated_physical_database_record_requires_primary_source_interpretation;legacy_curated_pair_requires_primary_source_review	21163940;33961781;9150368	three_or_more_database_resources	true	0	MITAB_binary_expansion_may_not_be_direct;cell_line_measurement_context;database_record_not_primary_source_review;experimental_system_name_does_not_alone_establish_direct_binding;high_throughput_AP_MS_context;isoform_and_construct_context_require_source_review;legacy_2010_database_snapshot;method_labels_aggregate_publications;network_edge_not_direct_binding;no_pair_specific_publication_identifier_in_local_matrix;query_accession_is_not_bait_direction;single_final_network_presence_not_cell_line_specific_evidence	1	1	focused_primary_review_complete	supports_context_qualified_pair_relationship	physical_association;shared_complex	undirected_or_not_applicable		tagged_bait_APMS_association_not_binary_binding	BioPlex3_same_cell_line_reciprocal_cellular_APMS_association	no_pair_specific_HSP90_assay_in_this_source	33961781	cultured_cell_line	human	whole_cell_or_unspecified_fraction	omics_or_screening_measurement;physical_interaction_or_proximity	retain_pair	reviewed_context_qualified	reviewed_neighborhood_relationship	none_v6_253_reviewed_neighborhood_only
CDC37::CDK6	CDC37	CDK6	CDC37	11	4	BioGRID;BioPlex;HPRD;IntAct	4	BioGRID;BioPlex_HCT116;HPRD;IntAct	AP_MS_network_edge;BioGRID_physical;IntAct_binary_expansion_or_pair_record;legacy_curated_binary_interaction_record	ap_ms_network_association;curated_pair_association_record		HCT116	"Affinity Capture-MS;Affinity Capture-Western;HCT116 affinity-purification mass spectrometry network;Reconstituted Complex;in vitro;in vivo;yeast 2-hybrid;psi-mi:""MI:0007""(anti tag coimmunoprecipitation);psi-mi:""MI:0018""(two hybrid);psi-mi:""MI:0019""(coimmunoprecipitation);psi-mi:""MI:0729""(luminescence based mammalian interactome mapping)"	High Throughput;Low Throughput	"physical;physical_association_network;protein_protein_interaction;psi-mi:""MI:0914""(association);psi-mi:""MI:0915""(physical association)"		undirected_or_not_applicable		AP_MS_association_not_binary_binding;curated_interaction_record_requires_primary_source_and_complex_expansion_review;curated_physical_database_record_requires_primary_source_interpretation;legacy_curated_pair_requires_primary_source_review	24292678;25036637;33961781;34568836;8666233;9150368	three_or_more_database_resources	true	0	MITAB_binary_expansion_may_not_be_direct;cell_line_measurement_context;database_record_not_primary_source_review;experimental_system_name_does_not_alone_establish_direct_binding;high_throughput_AP_MS_context;isoform_and_construct_context_require_source_review;legacy_2010_database_snapshot;method_labels_aggregate_publications;network_edge_not_direct_binding;no_pair_specific_publication_identifier_in_local_matrix;query_accession_is_not_bait_direction;single_final_network_presence_not_cell_line_specific_evidence	2	2	focused_primary_review_complete	supports_context_qualified_pair_relationship	cochaperone_client_regulation;physical_association;protein_stability_regulation;shared_complex	directed;undirected_or_not_applicable	CDC37->CDK6	cellular_association_and_genetic_rescue_not_purified_binary;weak_lysate_and_cellular_association_not_purified_binary	cellular_association_with_genetic_loss_and_rescue;weak_cross_system_association_with_neutral_hsp90_stability_test	cytosolic_hsp90_unresolved	24292678;8666233	cultured_cell_line;purified_or_cell_free	human;spodoptera_frugiperda	whole_cell_or_unspecified_fraction	genetic_perturbation;pharmacologic_or_chemical_perturbation;physical_interaction_or_proximity;protein_abundance_stability_or_folding	close_pair	reviewed_context_qualified	reviewed_neighborhood_relationship	none_v6_253_reviewed_neighborhood_only
CDC37::CDK7	CDC37	CDK7	CDC37	12	3	BioGRID;BioPlex;IntAct	3	BioGRID;BioPlex_HCT116;IntAct	AP_MS_network_edge;BioGRID_physical;IntAct_binary_expansion_or_pair_record	ap_ms_network_association;curated_pair_association_record		HCT116	"Affinity Capture-MS;HCT116 affinity-purification mass spectrometry network;Proximity Label-MS;Reconstituted Complex;psi-mi:""MI:0007""(anti tag coimmunoprecipitation);psi-mi:""MI:0096""(pull down);psi-mi:""MI:1314""(proximity-dependent biotin identification)"	High Throughput;High Throughput|Low Throughput;Low Throughput	"physical;physical_association_network;psi-mi:""MI:0914""(association);psi-mi:""MI:2364""(proximity)"		undirected_or_not_applicable		AP_MS_association_not_binary_binding;curated_interaction_record_requires_primary_source_and_complex_expansion_review;curated_physical_database_record_requires_primary_source_interpretation	26186194;29568061;33961781;36042349;8666233	three_or_more_database_resources	true	0	MITAB_binary_expansion_may_not_be_direct;cell_line_measurement_context;database_record_not_primary_source_review;experimental_system_name_does_not_alone_establish_direct_binding;high_throughput_AP_MS_context;isoform_and_construct_context_require_source_review;network_edge_not_direct_binding;no_pair_specific_publication_identifier_in_local_matrix;query_accession_is_not_bait_direction;single_final_network_presence_not_cell_line_specific_evidence	1	1	focused_primary_review_complete	supports_context_qualified_pair_relationship	physical_association	undirected_or_not_applicable		weak_Sf9_lysate_association_with_mammalian_nonconfirmation	context_limited_insect_lysate_association	cytosolic_hsp90_unresolved	8666233	cultured_cell_line;purified_or_cell_free	mouse;spodoptera_frugiperda	whole_cell_or_unspecified_fraction	pharmacologic_or_chemical_perturbation;physical_interaction_or_proximity;protein_abundance_stability_or_folding	close_pair	reviewed_context_qualified	reviewed_neighborhood_relationship	none_v6_253_reviewed_neighborhood_only
CDC37::CDK8	CDC37	CDK8	CDC37	8	2	BioGRID;IntAct	2	BioGRID;IntAct	BioGRID_physical;IntAct_binary_expansion_or_pair_record	curated_pair_association_record			"Affinity Capture-MS;Proximity Label-MS;psi-mi:""MI:0096""(pull down);psi-mi:""MI:1314""(proximity-dependent biotin identification)"	High Throughput	"physical;psi-mi:""MI:0914""(association);psi-mi:""MI:2364""(proximity)"		undirected_or_not_applicable		curated_interaction_record_requires_primary_source_and_complex_expansion_review;curated_physical_database_record_requires_primary_source_interpretation	29568061;32707033	two_database_resources	true	0	MITAB_binary_expansion_may_not_be_direct;database_record_not_primary_source_review;experimental_system_name_does_not_alone_establish_direct_binding;isoform_and_construct_context_require_source_review;query_accession_is_not_bait_direction	1	1	focused_primary_review_complete	supports_context_qualified_pair_relationship	physical_association;shared_complex	assay_bait_to_prey_not_biological_direction	CDK8->CDC37	tagged_cellular_APMS_plus_proximity_not_binary	same_source_APMS_co_complex_plus_BioID_proximity	no_pair_specific_HSP90_assay_in_this_source	29568061	cultured_cell_line	human	whole_cell_or_unspecified_fraction	omics_or_screening_measurement;physical_interaction_or_proximity	retain_pair	reviewed_context_qualified	reviewed_neighborhood_relationship	none_v6_253_reviewed_neighborhood_only
CDC37::CDK9	CDC37	CDK9	CDC37	21	3	BioGRID;BioPlex;IntAct	4	BioGRID;BioPlex_293T;BioPlex_HCT116;IntAct	AP_MS_network_edge;BioGRID_physical;IntAct_binary_expansion_or_pair_record	ap_ms_network_association;curated_pair_association_record		293T;HCT116	"293T affinity-purification mass spectrometry network;Affinity Capture-MS;HCT116 affinity-purification mass spectrometry network;psi-mi:""MI:0007""(anti tag coimmunoprecipitation);psi-mi:""MI:0096""(pull down);psi-mi:""MI:0676""(tandem affinity purification);psi-mi:""MI:0729""(luminescence based mammalian interactome mapping)"	High Throughput;Low Throughput	"physical;physical_association_network;psi-mi:""MI:0914""(association);psi-mi:""MI:0915""(physical association)"		undirected_or_not_applicable		AP_MS_association_not_binary_binding;curated_interaction_record_requires_primary_source_and_complex_expansion_review;curated_physical_database_record_requires_primary_source_interpretation	20305087;23455922;24189400;24981860;25036637;26186194;27684187;28514442;32707033;33961781;35271311	three_or_more_database_resources	true	0	MITAB_binary_expansion_may_not_be_direct;cell_line_measurement_context;database_record_not_primary_source_review;experimental_system_name_does_not_alone_establish_direct_binding;high_throughput_AP_MS_context;isoform_and_construct_context_require_source_review;network_edge_not_direct_binding;no_pair_specific_publication_identifier_in_local_matrix;query_accession_is_not_bait_direction;single_final_network_presence_not_cell_line_specific_evidence	1	1	focused_primary_review_complete	supports_context_qualified_pair_relationship	physical_association;shared_complex	undirected_or_not_applicable		cellular_complex_not_binary	high_confidence_cellular_apms_co_complex	no_pair_specific_HSP90_assay_in_this_source	32707033	cultured_cell_line	human	whole_cell_or_unspecified_fraction	omics_or_screening_measurement;physical_interaction_or_proximity	close_pair	reviewed_context_qualified	reviewed_neighborhood_relationship	none_v6_253_reviewed_neighborhood_only
CDC37::CHORDC1	CDC37	CHORDC1	CDC37	3	2	BioGRID;IntAct	2	BioGRID;IntAct	BioGRID_physical;IntAct_binary_expansion_or_pair_record	curated_pair_association_record			"Affinity Capture-Luminescence;Affinity Capture-MS;psi-mi:""MI:0007""(anti tag coimmunoprecipitation)"	Low Throughput	"physical;psi-mi:""MI:0914""(association)"		undirected_or_not_applicable		curated_interaction_record_requires_primary_source_and_complex_expansion_review;curated_physical_database_record_requires_primary_source_interpretation	25036637	two_database_resources	true	0	MITAB_binary_expansion_may_not_be_direct;database_record_not_primary_source_review;experimental_system_name_does_not_alone_establish_direct_binding;isoform_and_construct_context_require_source_review;query_accession_is_not_bait_direction	1	1	focused_primary_review_complete	supports_context_qualified_pair_relationship	physical_association;shared_complex	undirected_or_not_applicable		cellular_complex_not_binary	tagged_expression_duplicate_APMS_cellular_association	no_pair_specific_HSP90_assay_in_this_source	25036637	cultured_cell_line	human	whole_cell_or_unspecified_fraction	omics_or_screening_measurement;physical_interaction_or_proximity	close_pair	reviewed_context_qualified	reviewed_neighborhood_relationship	none_v6_253_reviewed_neighborhood_only
CDC37::CHUK	CDC37	CHUK	CDC37	27	5	BioGRID;BioPlex;CORUM;HPRD;IntAct	7	BioGRID;BioPlex_293T;BioPlex_HCT116;CORUM;HPRD;HPRD_complex;IntAct	AP_MS_network_edge;BioGRID_physical;IntAct_binary_expansion_or_pair_record;curated_complex_comembership;legacy_curated_binary_interaction_record;legacy_curated_complex_comembership	ap_ms_network_association;curated_complex_comembership;curated_pair_association_record	COM_2286;COM_2287;COM_2304;COM_2307;COM_376;complex_id=5266|complex_name=TNF-alpha/NF-kappa B signaling complex 6;complex_id=5285|complex_name=TNF-alpha/NF-kappa B signaling complex 9;complex_id=5286|complex_name=TNF-alpha/NF-kappa B signaling complex 10	293T;HCT116	"293T affinity-purification mass spectrometry network;Affinity Capture-Luminescence;Affinity Capture-MS;HCT116 affinity-purification mass spectrometry network;MI:0676:tandem affinity purification;Reconstituted Complex;in vitro;in vivo;in vivo;psi-mi:""MI:0007""(anti tag coimmunoprecipitation);psi-mi:""MI:0096""(pull down);psi-mi:""MI:0676""(tandem affinity purification)"	High Throughput;Low Throughput	"complex_comembership;physical;physical_association_network;protein_complex_membership;protein_protein_interaction;psi-mi:""MI:0914""(association);psi-mi:""MI:0915""(physical association)"		undirected_or_not_applicable		AP_MS_association_not_binary_binding;curated_complex_comembership_not_binary_interaction;curated_interaction_record_requires_primary_source_and_complex_expansion_review;curated_physical_database_record_requires_primary_source_interpretation;legacy_curated_complex_comembership_not_binary_interaction;legacy_curated_pair_requires_primary_source_review	11864612;14743216;21903422;24189400;25036637;32707033;33961781;35271311	three_or_more_database_resources	true	0	MITAB_binary_expansion_may_not_be_direct;cell_line_measurement_context;complex_expansion_not_pairwise_binding;database_record_not_primary_source_review;experimental_system_name_does_not_alone_establish_direct_binding;high_throughput_AP_MS_context;isoform_and_construct_context_require_source_review;legacy_2010_database_snapshot;method_labels_aggregate_publications;multiple_complex_records_from_one_source_do_not_equal_independent_replication;network_edge_not_direct_binding;no_pair_specific_publication_identifier_in_local_matrix;query_accession_is_not_bait_direction;single_final_network_presence_not_cell_line_specific_evidence	1	1	focused_primary_review_complete	supports_context_qualified_pair_relationship	cochaperone_client_regulation;protein_stability_regulation;shared_complex	undirected_or_not_applicable		cellular_complex_not_binary	cellular_co_complex_with_hsp90_pharmacologic_stability_support	cytosolic_hsp90_unresolved	14743216	cultured_cell_line	human	whole_cell_or_unspecified_fraction	pharmacologic_or_chemical_perturbation;physical_interaction_or_proximity;protein_abundance_stability_or_folding	close_pair	reviewed_context_qualified	reviewed_neighborhood_relationship	none_v6_253_reviewed_neighborhood_only
CDC37::CSNK2A1	CDC37	CSNK2A1	CDC37	5	2	BioGRID;HPRD	3	BioGRID;HPRD;HPRD_PTM	BioGRID_physical;legacy_curated_binary_interaction_record;legacy_curated_named_enzyme_post_translational_modification	curated_pair_association_record;directed_enzyme_substrate_ptm			Affinity Capture-MS;Affinity Capture-Western;Reconstituted Complex;in vivo	High Throughput;Low Throughput	Phosphorylation;physical;protein_protein_interaction		source_named_enzyme_to_substrate;undirected_or_not_applicable	CSNK2A1->CDC37	curated_physical_database_record_requires_primary_source_interpretation;legacy_curated_named_enzyme_PTM_requires_primary_source_review;legacy_curated_pair_requires_primary_source_review	12930845;15082798;16335536;19413330;20068231;35271311	two_database_resources	true	0	PTM_does_not_establish_HSP90_cycle_membership_or_client_status;database_record_not_primary_source_review;experimental_system_name_does_not_alone_establish_direct_binding;isoform_and_construct_context_require_source_review;legacy_2010_database_snapshot;method_labels_aggregate_publications;named_enzyme_PTM_record_requires_primary_source_review	1	1	focused_primary_review_complete	supports_context_qualified_pair_relationship	physical_association;shared_complex	undirected_or_not_applicable		single_bait_endogenous_tag_IPMS_not_binary	OpenCell_endogenous_tag_triplicate_IPMS_association	no_pair_specific_HSP90_mediation_established	35271311	cultured_cell_line	human	whole_cell_or_unspecified_fraction	omics_or_screening_measurement;physical_interaction_or_proximity	retain_pair	reviewed_context_qualified	reviewed_neighborhood_relationship	none_v6_253_reviewed_neighborhood_only
CDC37::CTTN	CDC37	CTTN	CDC37	6	2	BioGRID;IntAct	2	BioGRID;IntAct	BioGRID_physical;IntAct_binary_expansion_or_pair_record	curated_pair_association_record			"Affinity Capture-Luminescence;Affinity Capture-MS;psi-mi:""MI:0007""(anti tag coimmunoprecipitation);psi-mi:""MI:0676""(tandem affinity purification)"	High Throughput;Low Throughput	"physical;psi-mi:""MI:0914""(association)"		undirected_or_not_applicable		curated_interaction_record_requires_primary_source_and_complex_expansion_review;curated_physical_database_record_requires_primary_source_interpretation	16611982;24189400;25036637	two_database_resources	true	0	MITAB_binary_expansion_may_not_be_direct;database_record_not_primary_source_review;experimental_system_name_does_not_alone_establish_direct_binding;isoform_and_construct_context_require_source_review;query_accession_is_not_bait_direction	1	1	focused_primary_review_complete	supports_context_qualified_pair_relationship	physical_association	undirected_or_not_applicable		fragment_affinity_capture_MS_screen_not_binary	single_fragment_affinity_capture_MS_screening_hit	no_HSP90_assay_in_this_source	16611982	cultured_cell_line	human	whole_cell_or_unspecified_fraction	omics_or_screening_measurement;physical_interaction_or_proximity	close_pair	reviewed_context_qualified	reviewed_neighborhood_relationship	none_v6_253_reviewed_neighborhood_only
CDC37::CYP2C9	CDC37	CYP2C9	CDC37	2	2	BioGRID;IntAct	2	BioGRID;IntAct	BioGRID_physical;IntAct_binary_expansion_or_pair_record	curated_pair_association_record			"Two-hybrid;psi-mi:""MI:0397""(two hybrid array)"	Low Throughput	"physical;psi-mi:""MI:0915""(physical association)"		undirected_or_not_applicable		curated_interaction_record_requires_primary_source_and_complex_expansion_review;curated_physical_database_record_requires_primary_source_interpretation	21163940	two_database_resources	true	0	MITAB_binary_expansion_may_not_be_direct;database_record_not_primary_source_review;experimental_system_name_does_not_alone_establish_direct_binding;isoform_and_construct_context_require_source_review;query_accession_is_not_bait_direction	1	1	focused_primary_review_complete	supports_context_qualified_pair_relationship	physical_association	undirected_or_not_applicable		heterologous_binary_reporter_not_native_complex	one_study_author_high_matrix_Y2H	no_HSP90_assay_in_this_source	21163940	cultured_cell_line	budding_yeast;human	not_reported	omics_or_screening_measurement;physical_interaction_or_proximity	close_pair	reviewed_context_qualified	reviewed_neighborhood_relationship	none_v6_253_reviewed_neighborhood_only
CDC37::DDX17	CDC37	DDX17	CDC37	5	2	BioGRID;IntAct	2	BioGRID;IntAct	BioGRID_physical;IntAct_binary_expansion_or_pair_record	curated_pair_association_record			"Affinity Capture-Luminescence;Affinity Capture-MS;psi-mi:""MI:0676""(tandem affinity purification)"	High Throughput;Low Throughput	"physical;psi-mi:""MI:0914""(association)"		undirected_or_not_applicable		curated_interaction_record_requires_primary_source_and_complex_expansion_review;curated_physical_database_record_requires_primary_source_interpretation	16611982;24189400;25036637	two_database_resources	true	0	MITAB_binary_expansion_may_not_be_direct;database_record_not_primary_source_review;experimental_system_name_does_not_alone_establish_direct_binding;isoform_and_construct_context_require_source_review;query_accession_is_not_bait_direction	1	1	focused_primary_review_complete	supports_context_qualified_pair_relationship	physical_association	undirected_or_not_applicable		fragment_affinity_capture_MS_screen_not_binary	single_fragment_affinity_capture_MS_screening_hit	no_HSP90_assay_in_this_source	16611982	cultured_cell_line	human	whole_cell_or_unspecified_fraction	omics_or_screening_measurement;physical_interaction_or_proximity	close_pair	reviewed_context_qualified	reviewed_neighborhood_relationship	none_v6_253_reviewed_neighborhood_only
CDC37::DDX5	CDC37	DDX5	CDC37	3	2	BioGRID;IntAct	2	BioGRID;IntAct	BioGRID_physical;IntAct_binary_expansion_or_pair_record	curated_pair_association_record			"Affinity Capture-MS;psi-mi:""MI:0676""(tandem affinity purification)"	High Throughput;Low Throughput	"physical;psi-mi:""MI:0914""(association)"		undirected_or_not_applicable		curated_interaction_record_requires_primary_source_and_complex_expansion_review;curated_physical_database_record_requires_primary_source_interpretation	16611982;24189400	two_database_resources	true	0	MITAB_binary_expansion_may_not_be_direct;database_record_not_primary_source_review;experimental_system_name_does_not_alone_establish_direct_binding;isoform_and_construct_context_require_source_review;query_accession_is_not_bait_direction	1	1	focused_primary_review_complete	supports_context_qualified_pair_relationship	physical_association	undirected_or_not_applicable		fragment_affinity_capture_MS_screen_not_binary	single_fragment_affinity_capture_MS_screening_hit	no_HSP90_assay_in_this_source	16611982	cultured_cell_line	human	whole_cell_or_unspecified_fraction	omics_or_screening_measurement;physical_interaction_or_proximity	close_pair	reviewed_context_qualified	reviewed_neighborhood_relationship	none_v6_253_reviewed_neighborhood_only
CDC37::DMWD	CDC37	DMWD	CDC37	2	2	BioGRID;IntAct	2	BioGRID;IntAct	BioGRID_physical;IntAct_binary_expansion_or_pair_record	curated_pair_association_record			"Affinity Capture-MS;psi-mi:""MI:0007""(anti tag coimmunoprecipitation)"	High Throughput	"physical;psi-mi:""MI:0914""(association)"		undirected_or_not_applicable		curated_interaction_record_requires_primary_source_and_complex_expansion_review;curated_physical_database_record_requires_primary_source_interpretation	19615732	two_database_resources	true	0	MITAB_binary_expansion_may_not_be_direct;database_record_not_primary_source_review;experimental_system_name_does_not_alone_establish_direct_binding;isoform_and_construct_context_require_source_review;query_accession_is_not_bait_direction	1	1	focused_primary_review_complete	supports_context_qualified_pair_relationship	physical_association	assay_bait_to_prey_not_biological_direction	DMWD->CDC37	cellular_bait_prey_complex_not_binary	tagged_HCIP_bait_reciprocal_APMS_DN_threshold_passing	no_pair_specific_HSP90_mediation_established	19615732	cultured_cell_line	human	whole_cell_or_unspecified_fraction	omics_or_screening_measurement;physical_interaction_or_proximity	close_pair	reviewed_context_qualified	reviewed_neighborhood_relationship	none_v6_253_reviewed_neighborhood_only
CDC37::DNAJB1	CDC37	DNAJB1	CDC37	7	2	BioGRID;IntAct	2	BioGRID;IntAct	BioGRID_physical;IntAct_binary_expansion_or_pair_record	curated_pair_association_record			"Affinity Capture-Luminescence;Affinity Capture-MS;Two-hybrid;psi-mi:""MI:0007""(anti tag coimmunoprecipitation);psi-mi:""MI:0397""(two hybrid array)"	High Throughput;Low Throughput	"physical;psi-mi:""MI:0914""(association);psi-mi:""MI:0915""(physical association)"		undirected_or_not_applicable		curated_interaction_record_requires_primary_source_and_complex_expansion_review;curated_physical_database_record_requires_primary_source_interpretation	16611982;21163940;25036637;35271311	two_database_resources	true	0	MITAB_binary_expansion_may_not_be_direct;database_record_not_primary_source_review;experimental_system_name_does_not_alone_establish_direct_binding;isoform_and_construct_context_require_source_review;query_accession_is_not_bait_direction	1	1	focused_primary_review_complete	supports_context_qualified_pair_relationship	physical_association	undirected_or_not_applicable		fragment_affinity_capture_MS_screen_not_binary	single_fragment_affinity_capture_MS_screening_hit	no_HSP90_assay_in_this_source	16611982	cultured_cell_line	human	whole_cell_or_unspecified_fraction	omics_or_screening_measurement;physical_interaction_or_proximity	close_pair	reviewed_context_qualified	reviewed_neighborhood_relationship	none_v6_253_reviewed_neighborhood_only
CDC37::ECSIT	CDC37	ECSIT	CDC37	2	2	BioGRID;IntAct	2	BioGRID;IntAct	BioGRID_physical;IntAct_binary_expansion_or_pair_record	curated_pair_association_record			"Two-hybrid;psi-mi:""MI:0397""(two hybrid array)"	Low Throughput	"physical;psi-mi:""MI:0915""(physical association)"		undirected_or_not_applicable		curated_interaction_record_requires_primary_source_and_complex_expansion_review;curated_physical_database_record_requires_primary_source_interpretation	21163940	two_database_resources	true	0	MITAB_binary_expansion_may_not_be_direct;database_record_not_primary_source_review;experimental_system_name_does_not_alone_establish_direct_binding;isoform_and_construct_context_require_source_review;query_accession_is_not_bait_direction	1	1	focused_primary_review_complete	supports_context_qualified_pair_relationship	physical_association	undirected_or_not_applicable		heterologous_binary_reporter_not_native_complex	one_study_author_high_matrix_Y2H	no_HSP90_assay_in_this_source	21163940	cultured_cell_line	budding_yeast;human	not_reported	omics_or_screening_measurement;physical_interaction_or_proximity	close_pair	reviewed_context_qualified	reviewed_neighborhood_relationship	none_v6_253_reviewed_neighborhood_only
CDC37::EGFR	CDC37	EGFR	CDC37	20	2	BioGRID;IntAct	2	BioGRID;IntAct	BioGRID_physical;IntAct_binary_expansion_or_pair_record	curated_pair_association_record			"Affinity Capture-MS;Affinity Capture-Western;Proximity Label-MS;psi-mi:""MI:0004""(affinity chromatography technology);psi-mi:""MI:0006""(anti bait coimmunoprecipitation);psi-mi:""MI:0007""(anti tag coimmunoprecipitation);psi-mi:""MI:0676""(tandem affinity purification);psi-mi:""MI:0729""(luminescence based mammalian interactome mapping);psi-mi:""MI:1314""(proximity-dependent biotin identification)"	High Throughput;High Throughput|Low Throughput;Low Throughput	"physical;psi-mi:""MI:0914""(association);psi-mi:""MI:0915""(physical association);psi-mi:""MI:2364""(proximity)"		undirected_or_not_applicable		curated_interaction_record_requires_primary_source_and_complex_expansion_review;curated_physical_database_record_requires_primary_source_interpretation	12471035;23956138;24189400;25036637;31980649;35384245	two_database_resources	true	0	MITAB_binary_expansion_may_not_be_direct;database_record_not_primary_source_review;experimental_system_name_does_not_alone_establish_direct_binding;isoform_and_construct_context_require_source_review;query_accession_is_not_bait_direction	1	1	focused_primary_review_complete	supports_context_qualified_pair_relationship	physical_association;shared_complex	undirected_or_not_applicable		cellular_complex_not_binary	high_confidence_cellular_apms_and_bioid_association	no_pair_specific_HSP90_assay_in_this_source	35384245	cultured_cell_line	human	whole_cell_or_unspecified_fraction	omics_or_screening_measurement;physical_interaction_or_proximity	close_pair	reviewed_context_qualified	reviewed_neighborhood_relationship	none_v6_253_reviewed_neighborhood_only
CDC37::EIF2AK1	CDC37	EIF2AK1	CDC37	9	4	BioGRID;BioPlex;HPRD;IntAct	4	BioGRID;BioPlex_HCT116;HPRD;IntAct	AP_MS_network_edge;BioGRID_physical;IntAct_binary_expansion_or_pair_record;legacy_curated_binary_interaction_record	ap_ms_network_association;curated_pair_association_record		HCT116	"Affinity Capture-MS;Affinity Capture-Western;HCT116 affinity-purification mass spectrometry network;Reconstituted Complex;in vitro;in vivo;psi-mi:""MI:0006""(anti bait coimmunoprecipitation);psi-mi:""MI:0007""(anti tag coimmunoprecipitation);psi-mi:""MI:0096""(pull down)"	High Throughput;Low Throughput	"physical;physical_association_network;protein_protein_interaction;psi-mi:""MI:0914""(association)"		undirected_or_not_applicable		AP_MS_association_not_binary_binding;curated_interaction_record_requires_primary_source_and_complex_expansion_review;curated_physical_database_record_requires_primary_source_interpretation;legacy_curated_pair_requires_primary_source_review	11036079;32707033;33961781	three_or_more_database_resources	true	0	MITAB_binary_expansion_may_not_be_direct;cell_line_measurement_context;database_record_not_primary_source_review;experimental_system_name_does_not_alone_establish_direct_binding;high_throughput_AP_MS_context;isoform_and_construct_context_require_source_review;legacy_2010_database_snapshot;method_labels_aggregate_publications;network_edge_not_direct_binding;no_pair_specific_publication_identifier_in_local_matrix;query_accession_is_not_bait_direction;single_final_network_presence_not_cell_line_specific_evidence	1	1	focused_primary_review_complete	supports_context_qualified_pair_relationship	physical_association;shared_complex	undirected_or_not_applicable		cellular_complex_not_binary	high_confidence_cellular_apms_co_complex	no_pair_specific_HSP90_assay_in_this_source	32707033	cultured_cell_line	human	whole_cell_or_unspecified_fraction	omics_or_screening_measurement;physical_interaction_or_proximity	close_pair	reviewed_context_qualified	reviewed_neighborhood_relationship	none_v6_253_reviewed_neighborhood_only
CDC37::ELAVL3	CDC37	ELAVL3	CDC37	2	2	BioGRID;IntAct	2	BioGRID;IntAct	BioGRID_physical;IntAct_binary_expansion_or_pair_record	curated_pair_association_record			"Two-hybrid;psi-mi:""MI:0397""(two hybrid array)"	Low Throughput	"physical;psi-mi:""MI:0915""(physical association)"		undirected_or_not_applicable		curated_interaction_record_requires_primary_source_and_complex_expansion_review;curated_physical_database_record_requires_primary_source_interpretation	21163940	two_database_resources	true	0	MITAB_binary_expansion_may_not_be_direct;database_record_not_primary_source_review;experimental_system_name_does_not_alone_establish_direct_binding;isoform_and_construct_context_require_source_review;query_accession_is_not_bait_direction	1	1	focused_primary_review_complete	supports_context_qualified_pair_relationship	physical_association	undirected_or_not_applicable		heterologous_binary_reporter_not_native_complex	one_study_author_high_matrix_Y2H	no_HSP90_assay_in_this_source	21163940	cultured_cell_line	budding_yeast;human	not_reported	omics_or_screening_measurement;physical_interaction_or_proximity	close_pair	reviewed_context_qualified	reviewed_neighborhood_relationship	none_v6_253_reviewed_neighborhood_only
CDC37::EPHA2	CDC37	EPHA2	CDC37	7	3	BioGRID;BioPlex;IntAct	3	BioGRID;BioPlex_293T;IntAct	AP_MS_network_edge;BioGRID_physical;IntAct_binary_expansion_or_pair_record	ap_ms_network_association;curated_pair_association_record		293T	"293T affinity-purification mass spectrometry network;Affinity Capture-MS;Affinity Capture-Western;psi-mi:""MI:0004""(affinity chromatography technology);psi-mi:""MI:0007""(anti tag coimmunoprecipitation)"	High Throughput;Low Throughput	"physical;physical_association_network;psi-mi:""MI:0914""(association)"		undirected_or_not_applicable		AP_MS_association_not_binary_binding;curated_interaction_record_requires_primary_source_and_complex_expansion_review;curated_physical_database_record_requires_primary_source_interpretation	19567782;33961781;35105853;35384245	three_or_more_database_resources	true	0	MITAB_binary_expansion_may_not_be_direct;cell_line_measurement_context;database_record_not_primary_source_review;experimental_system_name_does_not_alone_establish_direct_binding;high_throughput_AP_MS_context;isoform_and_construct_context_require_source_review;network_edge_not_direct_binding;no_pair_specific_publication_identifier_in_local_matrix;query_accession_is_not_bait_direction;single_final_network_presence_not_cell_line_specific_evidence	1	1	focused_primary_review_complete	supports_context_qualified_pair_relationship	physical_association;shared_complex	undirected_or_not_applicable		cellular_complex_not_binary	high_confidence_cellular_apms_co_complex	no_pair_specific_HSP90_assay_in_this_source	35384245	cultured_cell_line	human	whole_cell_or_unspecified_fraction	omics_or_screening_measurement;physical_interaction_or_proximity	close_pair	reviewed_context_qualified	reviewed_neighborhood_relationship	none_v6_253_reviewed_neighborhood_only
CDC37::EXOSC1	CDC37	EXOSC1	CDC37	2	2	BioGRID;IntAct	2	BioGRID;IntAct	BioGRID_physical;IntAct_binary_expansion_or_pair_record	curated_pair_association_record			"Two-hybrid;psi-mi:""MI:0397""(two hybrid array)"	Low Throughput	"physical;psi-mi:""MI:0915""(physical association)"		undirected_or_not_applicable		curated_interaction_record_requires_primary_source_and_complex_expansion_review;curated_physical_database_record_requires_primary_source_interpretation	21163940	two_database_resources	true	0	MITAB_binary_expansion_may_not_be_direct;database_record_not_primary_source_review;experimental_system_name_does_not_alone_establish_direct_binding;isoform_and_construct_context_require_source_review;query_accession_is_not_bait_direction	1	1	focused_primary_review_complete	supports_context_qualified_pair_relationship	physical_association	undirected_or_not_applicable		heterologous_binary_reporter_not_native_complex	one_study_author_high_matrix_Y2H	no_HSP90_assay_in_this_source	21163940	cultured_cell_line	budding_yeast;human	not_reported	omics_or_screening_measurement;physical_interaction_or_proximity	close_pair	reviewed_context_qualified	reviewed_neighborhood_relationship	none_v6_253_reviewed_neighborhood_only
CDC37::FBXL12	CDC37	FBXL12	CDC37	2	2	BioGRID;IntAct	2	BioGRID;IntAct	BioGRID_physical;IntAct_binary_expansion_or_pair_record	curated_pair_association_record			"Two-hybrid;psi-mi:""MI:0397""(two hybrid array)"	Low Throughput	"physical;psi-mi:""MI:0915""(physical association)"		undirected_or_not_applicable		curated_interaction_record_requires_primary_source_and_complex_expansion_review;curated_physical_database_record_requires_primary_source_interpretation	21163940	two_database_resources	true	0	MITAB_binary_expansion_may_not_be_direct;database_record_not_primary_source_review;experimental_system_name_does_not_alone_establish_direct_binding;isoform_and_construct_context_require_source_review;query_accession_is_not_bait_direction	1	1	focused_primary_review_complete	supports_context_qualified_pair_relationship	physical_association	undirected_or_not_applicable		heterologous_binary_reporter_with_negative_cell_lysate_GST_pull_down	one_study_author_high_matrix_Y2H_with_negative_cell_lysate_GST_pull_down	no_HSP90_assay_in_this_source	21163940	cultured_cell_line	african_green_monkey;budding_yeast;human	whole_cell_or_unspecified_fraction	biochemical_or_structural;omics_or_screening_measurement;physical_interaction_or_proximity	close_pair	reviewed_context_qualified	reviewed_neighborhood_relationship	none_v6_253_reviewed_neighborhood_only
CDC37::FBXW4	CDC37	FBXW4	CDC37	2	2	BioGRID;IntAct	2	BioGRID;IntAct	BioGRID_physical;IntAct_binary_expansion_or_pair_record	curated_pair_association_record			"Two-hybrid;psi-mi:""MI:0397""(two hybrid array)"	Low Throughput	"physical;psi-mi:""MI:0915""(physical association)"		undirected_or_not_applicable		curated_interaction_record_requires_primary_source_and_complex_expansion_review;curated_physical_database_record_requires_primary_source_interpretation	21163940	two_database_resources	true	0	MITAB_binary_expansion_may_not_be_direct;database_record_not_primary_source_review;experimental_system_name_does_not_alone_establish_direct_binding;isoform_and_construct_context_require_source_review;query_accession_is_not_bait_direction	1	1	focused_primary_review_complete	supports_context_qualified_pair_relationship	physical_association	undirected_or_not_applicable		heterologous_binary_reporter_not_native_complex	one_study_author_high_matrix_Y2H	no_HSP90_assay_in_this_source	21163940	cultured_cell_line	budding_yeast;human	not_reported	omics_or_screening_measurement;physical_interaction_or_proximity	close_pair	reviewed_context_qualified	reviewed_neighborhood_relationship	none_v6_253_reviewed_neighborhood_only
CDC37::FER	CDC37	FER	CDC37	12	3	BioGRID;BioPlex;IntAct	4	BioGRID;BioPlex_293T;BioPlex_HCT116;IntAct	AP_MS_network_edge;BioGRID_physical;IntAct_binary_expansion_or_pair_record	ap_ms_network_association;curated_pair_association_record		293T;HCT116	"293T affinity-purification mass spectrometry network;Affinity Capture-Luminescence;Affinity Capture-MS;HCT116 affinity-purification mass spectrometry network;psi-mi:""MI:0007""(anti tag coimmunoprecipitation);psi-mi:""MI:0096""(pull down);psi-mi:""MI:0729""(luminescence based mammalian interactome mapping)"	High Throughput;Low Throughput	"physical;physical_association_network;psi-mi:""MI:0914""(association);psi-mi:""MI:0915""(physical association)"		undirected_or_not_applicable		AP_MS_association_not_binary_binding;curated_interaction_record_requires_primary_source_and_complex_expansion_review;curated_physical_database_record_requires_primary_source_interpretation	25036637;32707033;33961781	three_or_more_database_resources	true	0	MITAB_binary_expansion_may_not_be_direct;cell_line_measurement_context;database_record_not_primary_source_review;experimental_system_name_does_not_alone_establish_direct_binding;high_throughput_AP_MS_context;isoform_and_construct_context_require_source_review;network_edge_not_direct_binding;no_pair_specific_publication_identifier_in_local_matrix;query_accession_is_not_bait_direction;single_final_network_presence_not_cell_line_specific_evidence	1	1	focused_primary_review_complete	supports_context_qualified_pair_relationship	physical_association;shared_complex	undirected_or_not_applicable		cellular_complex_not_binary	high_confidence_cellular_apms_co_complex	no_pair_specific_HSP90_assay_in_this_source	32707033	cultured_cell_line	human	whole_cell_or_unspecified_fraction	omics_or_screening_measurement;physical_interaction_or_proximity	close_pair	reviewed_context_qualified	reviewed_neighborhood_relationship	none_v6_253_reviewed_neighborhood_only
CDC37::FGFR1	CDC37	FGFR1	CDC37	10	2	BioGRID;IntAct	2	BioGRID;IntAct	BioGRID_physical;IntAct_binary_expansion_or_pair_record	curated_pair_association_record			"Affinity Capture-MS;Affinity Capture-Western;Proximity Label-MS;psi-mi:""MI:0004""(affinity chromatography technology);psi-mi:""MI:0007""(anti tag coimmunoprecipitation);psi-mi:""MI:1314""(proximity-dependent biotin identification)"	High Throughput;Low Throughput	"physical;psi-mi:""MI:0914""(association);psi-mi:""MI:2364""(proximity)"		undirected_or_not_applicable		curated_interaction_record_requires_primary_source_and_complex_expansion_review;curated_physical_database_record_requires_primary_source_interpretation	18022941;31980649;35384245;41174249	two_database_resources	true	0	MITAB_binary_expansion_may_not_be_direct;database_record_not_primary_source_review;experimental_system_name_does_not_alone_establish_direct_binding;isoform_and_construct_context_require_source_review;query_accession_is_not_bait_direction	1	1	focused_primary_review_complete	supports_context_qualified_pair_relationship	physical_association;shared_complex	undirected_or_not_applicable		cellular_complex_not_binary	high_confidence_cellular_apms_and_bioid_association	no_pair_specific_HSP90_assay_in_this_source	35384245	cultured_cell_line	human	whole_cell_or_unspecified_fraction	omics_or_screening_measurement;physical_interaction_or_proximity	close_pair	reviewed_context_qualified	reviewed_neighborhood_relationship	none_v6_253_reviewed_neighborhood_only
CDC37::FGFR3	CDC37	FGFR3	CDC37	11	3	BioGRID;BioPlex;IntAct	3	BioGRID;BioPlex_HCT116;IntAct	AP_MS_network_edge;BioGRID_physical;IntAct_binary_expansion_or_pair_record	ap_ms_network_association;curated_pair_association_record		HCT116	"Affinity Capture-MS;Affinity Capture-Western;HCT116 affinity-purification mass spectrometry network;Proximity Label-MS;psi-mi:""MI:0004""(affinity chromatography technology);psi-mi:""MI:0007""(anti tag coimmunoprecipitation);psi-mi:""MI:0729""(luminescence based mammalian interactome mapping);psi-mi:""MI:1314""(proximity-dependent biotin identification)"	High Throughput;Low Throughput	"physical;physical_association_network;psi-mi:""MI:0914""(association);psi-mi:""MI:0915""(physical association);psi-mi:""MI:2364""(proximity)"		undirected_or_not_applicable		AP_MS_association_not_binary_binding;curated_interaction_record_requires_primary_source_and_complex_expansion_review;curated_physical_database_record_requires_primary_source_interpretation	21487019;25036637;33961781;35384245	three_or_more_database_resources	true	0	MITAB_binary_expansion_may_not_be_direct;cell_line_measurement_context;database_record_not_primary_source_review;experimental_system_name_does_not_alone_establish_direct_binding;high_throughput_AP_MS_context;isoform_and_construct_context_require_source_review;network_edge_not_direct_binding;no_pair_specific_publication_identifier_in_local_matrix;query_accession_is_not_bait_direction;single_final_network_presence_not_cell_line_specific_evidence	1	1	focused_primary_review_complete	supports_context_qualified_pair_relationship	physical_association;shared_complex	undirected_or_not_applicable		cellular_complex_not_binary	high_confidence_cellular_apms_and_bioid_association	no_pair_specific_HSP90_assay_in_this_source	35384245	cultured_cell_line	human	whole_cell_or_unspecified_fraction	omics_or_screening_measurement;physical_interaction_or_proximity	close_pair	reviewed_context_qualified	reviewed_neighborhood_relationship	none_v6_253_reviewed_neighborhood_only
CDC37::FKBP6	CDC37	FKBP6	CDC37	3	2	BioGRID;IntAct	2	BioGRID;IntAct	BioGRID_physical;IntAct_binary_expansion_or_pair_record	curated_pair_association_record			"Affinity Capture-Luminescence;Affinity Capture-MS;psi-mi:""MI:0007""(anti tag coimmunoprecipitation)"	Low Throughput	"physical;psi-mi:""MI:0914""(association)"		undirected_or_not_applicable		curated_interaction_record_requires_primary_source_and_complex_expansion_review;curated_physical_database_record_requires_primary_source_interpretation	25036637	two_database_resources	true	0	MITAB_binary_expansion_may_not_be_direct;database_record_not_primary_source_review;experimental_system_name_does_not_alone_establish_direct_binding;isoform_and_construct_context_require_source_review;query_accession_is_not_bait_direction	1	1	focused_primary_review_complete	supports_context_qualified_pair_relationship	physical_association;shared_complex	undirected_or_not_applicable		cellular_complex_not_binary	tagged_expression_duplicate_APMS_cellular_association	no_pair_specific_HSP90_assay_in_this_source	25036637	cultured_cell_line	human	whole_cell_or_unspecified_fraction	omics_or_screening_measurement;physical_interaction_or_proximity	close_pair	reviewed_context_qualified	reviewed_neighborhood_relationship	none_v6_253_reviewed_neighborhood_only
CDC37::FKBPL	CDC37	FKBPL	CDC37	6	2	BioGRID;IntAct	2	BioGRID;IntAct	BioGRID_physical;IntAct_binary_expansion_or_pair_record	curated_pair_association_record			"Affinity Capture-Luminescence;Affinity Capture-MS;psi-mi:""MI:0007""(anti tag coimmunoprecipitation)"	Low Throughput	"physical;psi-mi:""MI:0914""(association)"		undirected_or_not_applicable		curated_interaction_record_requires_primary_source_and_complex_expansion_review;curated_physical_database_record_requires_primary_source_interpretation	25036637	two_database_resources	true	0	MITAB_binary_expansion_may_not_be_direct;database_record_not_primary_source_review;experimental_system_name_does_not_alone_establish_direct_binding;isoform_and_construct_context_require_source_review;query_accession_is_not_bait_direction	1	1	focused_primary_review_complete	supports_context_qualified_pair_relationship	physical_association;shared_complex	undirected_or_not_applicable		cellular_complex_not_binary	same_study_reciprocal_tagged_expression_APMS_cellular_association	no_pair_specific_HSP90_assay_in_this_source	25036637	cultured_cell_line	human	whole_cell_or_unspecified_fraction	omics_or_screening_measurement;physical_interaction_or_proximity	close_pair	reviewed_context_qualified	reviewed_neighborhood_relationship	none_v6_253_reviewed_neighborhood_only
CDC37::GCDH	CDC37	GCDH	CDC37	2	2	BioGRID;IntAct	2	BioGRID;IntAct	BioGRID_physical;IntAct_binary_expansion_or_pair_record	curated_pair_association_record			"Two-hybrid;psi-mi:""MI:0397""(two hybrid array)"	Low Throughput	"physical;psi-mi:""MI:0915""(physical association)"		undirected_or_not_applicable		curated_interaction_record_requires_primary_source_and_complex_expansion_review;curated_physical_database_record_requires_primary_source_interpretation	21163940	two_database_resources	true	0	MITAB_binary_expansion_may_not_be_direct;database_record_not_primary_source_review;experimental_system_name_does_not_alone_establish_direct_binding;isoform_and_construct_context_require_source_review;query_accession_is_not_bait_direction	1	1	focused_primary_review_complete	supports_context_qualified_pair_relationship	physical_association	undirected_or_not_applicable		heterologous_binary_reporter_not_native_complex	one_study_author_high_matrix_Y2H	no_HSP90_assay_in_this_source	21163940	cultured_cell_line	budding_yeast;human	not_reported	omics_or_screening_measurement;physical_interaction_or_proximity	close_pair	reviewed_context_qualified	reviewed_neighborhood_relationship	none_v6_253_reviewed_neighborhood_only
CDC37::GLMN	CDC37	GLMN	CDC37	3	2	BioGRID;IntAct	2	BioGRID;IntAct	BioGRID_physical;IntAct_binary_expansion_or_pair_record	curated_pair_association_record			"Affinity Capture-Luminescence;Affinity Capture-MS;psi-mi:""MI:0007""(anti tag coimmunoprecipitation)"	Low Throughput	"physical;psi-mi:""MI:0914""(association)"		undirected_or_not_applicable		curated_interaction_record_requires_primary_source_and_complex_expansion_review;curated_physical_database_record_requires_primary_source_interpretation	25036637	two_database_resources	true	0	MITAB_binary_expansion_may_not_be_direct;database_record_not_primary_source_review;experimental_system_name_does_not_alone_establish_direct_binding;isoform_and_construct_context_require_source_review;query_accession_is_not_bait_direction	1	1	focused_primary_review_complete	supports_context_qualified_pair_relationship	physical_association;shared_complex	undirected_or_not_applicable		cellular_complex_not_binary	tagged_expression_duplicate_APMS_cellular_association	no_pair_specific_HSP90_assay_in_this_source	25036637	cultured_cell_line	human	whole_cell_or_unspecified_fraction	omics_or_screening_measurement;physical_interaction_or_proximity	close_pair	reviewed_context_qualified	reviewed_neighborhood_relationship	none_v6_253_reviewed_neighborhood_only
CDC37::GSK3B	CDC37	GSK3B	CDC37	8	3	BioGRID;BioPlex;IntAct	3	BioGRID;BioPlex_HCT116;IntAct	AP_MS_network_edge;BioGRID_physical;IntAct_binary_expansion_or_pair_record	ap_ms_network_association;curated_pair_association_record		HCT116	"Affinity Capture-MS;HCT116 affinity-purification mass spectrometry network;Proximity Label-MS;psi-mi:""MI:0007""(anti tag coimmunoprecipitation);psi-mi:""MI:0096""(pull down);psi-mi:""MI:1314""(proximity-dependent biotin identification)"	High Throughput	"physical;physical_association_network;psi-mi:""MI:0914""(association);psi-mi:""MI:2364""(proximity)"		undirected_or_not_applicable		AP_MS_association_not_binary_binding;curated_interaction_record_requires_primary_source_and_complex_expansion_review;curated_physical_database_record_requires_primary_source_interpretation	29568061;33961781;36779422	three_or_more_database_resources	true	0	MITAB_binary_expansion_may_not_be_direct;cell_line_measurement_context;database_record_not_primary_source_review;experimental_system_name_does_not_alone_establish_direct_binding;high_throughput_AP_MS_context;isoform_and_construct_context_require_source_review;network_edge_not_direct_binding;no_pair_specific_publication_identifier_in_local_matrix;query_accession_is_not_bait_direction;single_final_network_presence_not_cell_line_specific_evidence	1	1	focused_primary_review_complete	supports_context_qualified_pair_relationship	physical_association;shared_complex	assay_bait_to_prey_not_biological_direction	GSK3B->CDC37	tagged_cellular_APMS_plus_proximity_not_binary	same_source_APMS_co_complex_plus_BioID_proximity	no_pair_specific_HSP90_assay_in_this_source	29568061	cultured_cell_line	human	whole_cell_or_unspecified_fraction	omics_or_screening_measurement;physical_interaction_or_proximity	retain_pair	reviewed_context_qualified	reviewed_neighborhood_relationship	none_v6_253_reviewed_neighborhood_only
CDC37::HCK	CDC37	HCK	CDC37	6	2	BioGRID;IntAct	2	BioGRID;IntAct	BioGRID_physical;IntAct_binary_expansion_or_pair_record	curated_pair_association_record			"Affinity Capture-MS;Affinity Capture-Western;psi-mi:""MI:0007""(anti tag coimmunoprecipitation);psi-mi:""MI:0096""(pull down)"	High Throughput;Low Throughput	"physical;psi-mi:""MI:0914""(association)"		undirected_or_not_applicable		curated_interaction_record_requires_primary_source_and_complex_expansion_review;curated_physical_database_record_requires_primary_source_interpretation	11413142;31980649;32707033	two_database_resources	true	0	MITAB_binary_expansion_may_not_be_direct;database_record_not_primary_source_review;experimental_system_name_does_not_alone_establish_direct_binding;isoform_and_construct_context_require_source_review;query_accession_is_not_bait_direction	1	1	focused_primary_review_complete	supports_context_qualified_pair_relationship	physical_association;shared_complex	undirected_or_not_applicable		cellular_complex_not_binary	high_confidence_cellular_apms_co_complex	no_pair_specific_HSP90_assay_in_this_source	32707033	cultured_cell_line	human	whole_cell_or_unspecified_fraction	omics_or_screening_measurement;physical_interaction_or_proximity	close_pair	reviewed_context_qualified	reviewed_neighborhood_relationship	none_v6_253_reviewed_neighborhood_only
CDC37::HNRNPM	CDC37	HNRNPM	CDC37	4	2	BioGRID;IntAct	2	BioGRID;IntAct	BioGRID_physical;IntAct_binary_expansion_or_pair_record	curated_pair_association_record			"Affinity Capture-Luminescence;Affinity Capture-MS;psi-mi:""MI:0007""(anti tag coimmunoprecipitation)"	Low Throughput	"physical;psi-mi:""MI:0914""(association)"		undirected_or_not_applicable		curated_interaction_record_requires_primary_source_and_complex_expansion_review;curated_physical_database_record_requires_primary_source_interpretation	16611982;25036637	two_database_resources	true	0	MITAB_binary_expansion_may_not_be_direct;database_record_not_primary_source_review;experimental_system_name_does_not_alone_establish_direct_binding;isoform_and_construct_context_require_source_review;query_accession_is_not_bait_direction	1	1	focused_primary_review_complete	supports_context_qualified_pair_relationship	physical_association	undirected_or_not_applicable		fragment_affinity_capture_MS_screen_not_binary	single_fragment_affinity_capture_MS_screening_hit	no_HSP90_assay_in_this_source	16611982	cultured_cell_line	human	whole_cell_or_unspecified_fraction	omics_or_screening_measurement;physical_interaction_or_proximity	close_pair	reviewed_context_qualified	reviewed_neighborhood_relationship	none_v6_253_reviewed_neighborhood_only
CDC37::IFIT3	CDC37	IFIT3	CDC37	7	2	BioGRID;IntAct	2	BioGRID;IntAct	BioGRID_physical;IntAct_binary_expansion_or_pair_record	curated_pair_association_record			"Affinity Capture-Western;Reconstituted Complex;Two-hybrid;psi-mi:""MI:0006""(anti bait coimmunoprecipitation);psi-mi:""MI:0096""(pull down);psi-mi:""MI:0397""(two hybrid array)"	Low Throughput	"physical;psi-mi:""MI:0407""(direct interaction);psi-mi:""MI:0914""(association);psi-mi:""MI:0915""(physical association)"		undirected_or_not_applicable		curated_interaction_record_requires_primary_source_and_complex_expansion_review;curated_physical_database_record_requires_primary_source_interpretation	21163940	two_database_resources	true	0	MITAB_binary_expansion_may_not_be_direct;database_record_not_primary_source_review;experimental_system_name_does_not_alone_establish_direct_binding;isoform_and_construct_context_require_source_review;query_accession_is_not_bait_direction	1	1	focused_primary_review_complete	supports_context_qualified_pair_relationship	physical_association;shared_complex	undirected_or_not_applicable		heterologous_binary_reporter_plus_endogenous_coIP_and_cell_lysate_GST_pull_down	one_study_author_high_matrix_Y2H_plus_reciprocal_endogenous_coIP_and_positive_cell_lysate_GST_pull_down	no_HSP90_assay_in_this_source	21163940	cultured_cell_line	african_green_monkey;budding_yeast;human	whole_cell_or_unspecified_fraction	biochemical_or_structural;omics_or_screening_measurement;physical_interaction_or_proximity	close_pair	reviewed_context_qualified	reviewed_neighborhood_relationship	none_v6_253_reviewed_neighborhood_only
CDC37::IFIT5	CDC37	IFIT5	CDC37	2	2	BioGRID;IntAct	2	BioGRID;IntAct	BioGRID_physical;IntAct_binary_expansion_or_pair_record	curated_pair_association_record			"Two-hybrid;psi-mi:""MI:0397""(two hybrid array)"	Low Throughput	"physical;psi-mi:""MI:0915""(physical association)"		undirected_or_not_applicable		curated_interaction_record_requires_primary_source_and_complex_expansion_review;curated_physical_database_record_requires_primary_source_interpretation	21163940	two_database_resources	true	0	MITAB_binary_expansion_may_not_be_direct;database_record_not_primary_source_review;experimental_system_name_does_not_alone_establish_direct_binding;isoform_and_construct_context_require_source_review;query_accession_is_not_bait_direction	1	1	focused_primary_review_complete	supports_context_qualified_pair_relationship	physical_association	undirected_or_not_applicable		heterologous_binary_reporter_not_native_complex	one_study_author_high_matrix_Y2H	no_HSP90_assay_in_this_source	21163940	cultured_cell_line	budding_yeast;human	not_reported	omics_or_screening_measurement;physical_interaction_or_proximity	close_pair	reviewed_context_qualified	reviewed_neighborhood_relationship	none_v6_253_reviewed_neighborhood_only
CDC37::IKBKB	CDC37	IKBKB	CDC37	26	5	BioGRID;BioPlex;CORUM;HPRD;IntAct	7	BioGRID;BioPlex_293T;BioPlex_HCT116;CORUM;HPRD;HPRD_complex;IntAct	AP_MS_network_edge;BioGRID_physical;IntAct_binary_expansion_or_pair_record;curated_complex_comembership;legacy_curated_binary_interaction_record;legacy_curated_complex_comembership	ap_ms_network_association;curated_complex_comembership;curated_pair_association_record	COM_2286;COM_2287;COM_2305;COM_376;complex_id=5234|complex_name=CDC37-HSP90AA1-HSP90AB1-IKBKB-KIAA1967 complex;complex_id=5266|complex_name=TNF-alpha/NF-kappa B signaling complex 6	293T;HCT116;HEK293 cells	"293T affinity-purification mass spectrometry network;Affinity Capture-Luminescence;Affinity Capture-MS;Co-fractionation;Co-purification;HCT116 affinity-purification mass spectrometry network;MI:0676:tandem affinity purification;Reconstituted Complex;in vitro;in vivo;in vivo;psi-mi:""MI:0007""(anti tag coimmunoprecipitation);psi-mi:""MI:0676""(tandem affinity purification)"	High Throughput;Low Throughput	"complex_comembership;physical;physical_association_network;protein_complex_membership;protein_protein_interaction;psi-mi:""MI:0914""(association);psi-mi:""MI:0915""(physical association)"		undirected_or_not_applicable		AP_MS_association_not_binary_binding;curated_complex_comembership_not_binary_interaction;curated_interaction_record_requires_primary_source_and_complex_expansion_review;curated_physical_database_record_requires_primary_source_interpretation;legacy_curated_complex_comembership_not_binary_interaction;legacy_curated_pair_requires_primary_source_review	11864612;14743216;21903422;25036637;26496610;33961781;35271311;35831314	three_or_more_database_resources	true	0	MITAB_binary_expansion_may_not_be_direct;cell_line_is_experimental_context_not_interaction_system;cell_line_measurement_context;complex_expansion_not_pairwise_binding;database_record_not_primary_source_review;experimental_system_name_does_not_alone_establish_direct_binding;high_throughput_AP_MS_context;isoform_and_construct_context_require_source_review;legacy_2010_database_snapshot;method_labels_aggregate_publications;multiple_complex_records_from_one_source_do_not_equal_independent_replication;network_edge_not_direct_binding;no_pair_specific_publication_identifier_in_local_matrix;query_accession_is_not_bait_direction;single_final_network_presence_not_cell_line_specific_evidence	1	1	focused_primary_review_complete	supports_context_qualified_pair_relationship	cochaperone_client_regulation;protein_stability_regulation;shared_complex	undirected_or_not_applicable		cellular_complex_not_binary	cellular_co_complex_with_hsp90_pharmacologic_stability_support	cytosolic_hsp90_unresolved	14743216	cultured_cell_line	human	whole_cell_or_unspecified_fraction	pharmacologic_or_chemical_perturbation;physical_interaction_or_proximity;protein_abundance_stability_or_folding	close_pair	reviewed_context_qualified	reviewed_neighborhood_relationship	none_v6_253_reviewed_neighborhood_only
CDC37::IKBKG	CDC37	IKBKG	CDC37	27	5	BioGRID;BioPlex;CORUM;HPRD;IntAct	7	BioGRID;BioPlex_293T;BioPlex_HCT116;CORUM;HPRD;HPRD_complex;IntAct	AP_MS_network_edge;BioGRID_physical;IntAct_binary_expansion_or_pair_record;curated_complex_comembership;legacy_curated_binary_interaction_record;legacy_curated_complex_comembership	ap_ms_network_association;curated_complex_comembership;curated_pair_association_record	COM_2286;COM_2287;COM_2307;COM_376;complex_id=5266|complex_name=TNF-alpha/NF-kappa B signaling complex 6;complex_id=5286|complex_name=TNF-alpha/NF-kappa B signaling complex 10	293T;HCT116	"293T affinity-purification mass spectrometry network;Affinity Capture-Luminescence;Affinity Capture-MS;Affinity Capture-Western;HCT116 affinity-purification mass spectrometry network;MI:0676:tandem affinity purification;in vitro;in vivo;in vivo;psi-mi:""MI:0007""(anti tag coimmunoprecipitation);psi-mi:""MI:0676""(tandem affinity purification)"	High Throughput;Low Throughput	"complex_comembership;physical;physical_association_network;protein_complex_membership;protein_protein_interaction;psi-mi:""MI:0914""(association);psi-mi:""MI:0915""(physical association)"		undirected_or_not_applicable		AP_MS_association_not_binary_binding;curated_complex_comembership_not_binary_interaction;curated_interaction_record_requires_primary_source_and_complex_expansion_review;curated_physical_database_record_requires_primary_source_interpretation;legacy_curated_complex_comembership_not_binary_interaction;legacy_curated_pair_requires_primary_source_review	11864612;14743216;24189400;24618592;25036637;26496610;33961781	three_or_more_database_resources	true	0	MITAB_binary_expansion_may_not_be_direct;cell_line_measurement_context;complex_expansion_not_pairwise_binding;database_record_not_primary_source_review;experimental_system_name_does_not_alone_establish_direct_binding;high_throughput_AP_MS_context;isoform_and_construct_context_require_source_review;legacy_2010_database_snapshot;method_labels_aggregate_publications;multiple_complex_records_from_one_source_do_not_equal_independent_replication;network_edge_not_direct_binding;no_pair_specific_publication_identifier_in_local_matrix;query_accession_is_not_bait_direction;single_final_network_presence_not_cell_line_specific_evidence	1	1	focused_primary_review_complete	supports_context_qualified_pair_relationship	shared_complex	undirected_or_not_applicable		cellular_complex_not_binary	high_confidence_cellular_apms_co_complex	cytosolic_hsp90_unresolved	14743216	cultured_cell_line	human	whole_cell_or_unspecified_fraction	physical_interaction_or_proximity	close_pair	reviewed_context_qualified	reviewed_neighborhood_relationship	none_v6_253_reviewed_neighborhood_only
CDC37::IRAK1	CDC37	IRAK1	CDC37	6	2	BioGRID;IntAct	2	BioGRID;IntAct	BioGRID_physical;IntAct_binary_expansion_or_pair_record	curated_pair_association_record			"Affinity Capture-MS;Affinity Capture-Western;Co-fractionation;psi-mi:""MI:0096""(pull down)"	High Throughput;Low Throughput	"physical;psi-mi:""MI:0914""(association)"		undirected_or_not_applicable		curated_interaction_record_requires_primary_source_and_complex_expansion_review;curated_physical_database_record_requires_primary_source_interpretation	15647277;32707033	two_database_resources	true	0	MITAB_binary_expansion_may_not_be_direct;database_record_not_primary_source_review;experimental_system_name_does_not_alone_establish_direct_binding;isoform_and_construct_context_require_source_review;query_accession_is_not_bait_direction	1	1	focused_primary_review_complete	supports_context_qualified_pair_relationship	physical_association;shared_complex	undirected_or_not_applicable		cellular_complex_not_binary	high_confidence_cellular_apms_co_complex	no_pair_specific_HSP90_assay_in_this_source	32707033	cultured_cell_line	human	whole_cell_or_unspecified_fraction	omics_or_screening_measurement;physical_interaction_or_proximity	close_pair	reviewed_context_qualified	reviewed_neighborhood_relationship	none_v6_253_reviewed_neighborhood_only
CDC37::LONP1	CDC37	LONP1	CDC37	2	2	BioGRID;IntAct	2	BioGRID;IntAct	BioGRID_physical;IntAct_binary_expansion_or_pair_record	curated_pair_association_record			"Two-hybrid;psi-mi:""MI:0397""(two hybrid array)"	Low Throughput	"physical;psi-mi:""MI:0915""(physical association)"		undirected_or_not_applicable		curated_interaction_record_requires_primary_source_and_complex_expansion_review;curated_physical_database_record_requires_primary_source_interpretation	21163940	two_database_resources	true	0	MITAB_binary_expansion_may_not_be_direct;database_record_not_primary_source_review;experimental_system_name_does_not_alone_establish_direct_binding;isoform_and_construct_context_require_source_review;query_accession_is_not_bait_direction	1	1	focused_primary_review_complete	supports_context_qualified_pair_relationship	physical_association	undirected_or_not_applicable		heterologous_binary_reporter_not_native_complex	one_study_author_high_matrix_Y2H	no_HSP90_assay_in_this_source	21163940	cultured_cell_line	budding_yeast;human	not_reported	omics_or_screening_measurement;physical_interaction_or_proximity	close_pair	reviewed_context_qualified	reviewed_neighborhood_relationship	none_v6_253_reviewed_neighborhood_only
CDC37::LOXL4	CDC37	LOXL4	CDC37	2	2	BioGRID;IntAct	2	BioGRID;IntAct	BioGRID_physical;IntAct_binary_expansion_or_pair_record	curated_pair_association_record			"Two-hybrid;psi-mi:""MI:0397""(two hybrid array)"	Low Throughput	"physical;psi-mi:""MI:0915""(physical association)"		undirected_or_not_applicable		curated_interaction_record_requires_primary_source_and_complex_expansion_review;curated_physical_database_record_requires_primary_source_interpretation	21163940	two_database_resources	true	0	MITAB_binary_expansion_may_not_be_direct;database_record_not_primary_source_review;experimental_system_name_does_not_alone_establish_direct_binding;isoform_and_construct_context_require_source_review;query_accession_is_not_bait_direction	1	1	focused_primary_review_complete	supports_context_qualified_pair_relationship	physical_association	undirected_or_not_applicable		heterologous_binary_reporter_not_native_complex	one_study_author_high_matrix_Y2H	no_HSP90_assay_in_this_source	21163940	cultured_cell_line	budding_yeast;human	not_reported	omics_or_screening_measurement;physical_interaction_or_proximity	close_pair	reviewed_context_qualified	reviewed_neighborhood_relationship	none_v6_253_reviewed_neighborhood_only
CDC37::MAP3K11	CDC37	MAP3K11	CDC37	4	2	BioGRID;CORUM	2	BioGRID;CORUM	BioGRID_physical;curated_complex_comembership	curated_complex_comembership;curated_pair_association_record	complex_id=2112|complex_name=CDC37-HSP90AA1-HSP90AB1-MAP3K11 complex		Affinity Capture-MS;Affinity Capture-Western;MI:0004:affinity chromatography technology;MI:0019:coimmunoprecipitation	Low Throughput	complex_comembership;physical		undirected_or_not_applicable		curated_complex_comembership_not_binary_interaction;curated_physical_database_record_requires_primary_source_interpretation	15001580	two_database_resources	true	0	complex_expansion_not_pairwise_binding;database_record_not_primary_source_review;experimental_system_name_does_not_alone_establish_direct_binding;isoform_and_construct_context_require_source_review;multiple_complex_records_from_one_source_do_not_equal_independent_replication	1	1	focused_primary_review_complete	supports_pair_relationship	physical_association;shared_complex	undirected_or_not_applicable		cellular_complex_and_cell_lysate_domain_mapping_not_binary	endogenous_and_tagged_cellular_complex_with_HSP90_perturbation_client_context	HSP90AA1_and_HSP90AB1_detected_without_isoform_specific_dependence	15001580	cultured_cell_line	human	whole_cell_or_unspecified_fraction	biochemical_or_structural;functional_or_phenotypic_readout;omics_or_screening_measurement;pharmacologic_or_chemical_perturbation;physical_interaction_or_proximity;protein_abundance_stability_or_folding	close_pair	reviewed_supported	reviewed_neighborhood_relationship	none_v6_253_reviewed_neighborhood_only
CDC37::MAP3K7	CDC37	MAP3K7	CDC37	14	5	BioGRID;BioPlex;CORUM;HPRD;IntAct	6	BioGRID;BioPlex_293T;BioPlex_HCT116;CORUM;HPRD_complex;IntAct	AP_MS_network_edge;BioGRID_physical;IntAct_binary_expansion_or_pair_record;curated_complex_comembership;legacy_curated_complex_comembership	ap_ms_network_association;curated_complex_comembership;curated_pair_association_record	COM_2293;complex_id=5268|complex_name=TNF-alpha/NF-kappa B signaling complex 7	293T;HCT116	"293T affinity-purification mass spectrometry network;Affinity Capture-MS;Affinity Capture-Western;Co-fractionation;HCT116 affinity-purification mass spectrometry network;MI:0676:tandem affinity purification;in vivo;psi-mi:""MI:0007""(anti tag coimmunoprecipitation);psi-mi:""MI:0096""(pull down);psi-mi:""MI:0676""(tandem affinity purification)"	High Throughput;Low Throughput	"complex_comembership;physical;physical_association_network;protein_complex_membership;psi-mi:""MI:0914""(association);psi-mi:""MI:0915""(physical association)"		undirected_or_not_applicable		AP_MS_association_not_binary_binding;curated_complex_comembership_not_binary_interaction;curated_interaction_record_requires_primary_source_and_complex_expansion_review;curated_physical_database_record_requires_primary_source_interpretation;legacy_curated_complex_comembership_not_binary_interaction	14743216;19026643;31980649;32707033;33961781;35831314	three_or_more_database_resources	true	0	MITAB_binary_expansion_may_not_be_direct;cell_line_measurement_context;complex_expansion_not_pairwise_binding;database_record_not_primary_source_review;experimental_system_name_does_not_alone_establish_direct_binding;high_throughput_AP_MS_context;isoform_and_construct_context_require_source_review;legacy_2010_database_snapshot;multiple_complex_records_from_one_source_do_not_equal_independent_replication;network_edge_not_direct_binding;no_pair_specific_publication_identifier_in_local_matrix;query_accession_is_not_bait_direction;single_final_network_presence_not_cell_line_specific_evidence	1	1	focused_primary_review_complete	supports_context_qualified_pair_relationship	shared_complex	undirected_or_not_applicable		cellular_complex_not_binary	high_confidence_cellular_apms_co_complex	cytosolic_hsp90_unresolved	14743216	cultured_cell_line	human	whole_cell_or_unspecified_fraction	physical_interaction_or_proximity	close_pair	reviewed_context_qualified	reviewed_neighborhood_relationship	none_v6_253_reviewed_neighborhood_only
CDC37::MAPK7	CDC37	MAPK7	CDC37	3	2	BioGRID;IntAct	2	BioGRID;IntAct	BioGRID_physical;IntAct_binary_expansion_or_pair_record	curated_pair_association_record			"Affinity Capture-Western;psi-mi:""MI:0729""(luminescence based mammalian interactome mapping)"	Low Throughput	"physical;psi-mi:""MI:0915""(physical association)"		undirected_or_not_applicable		curated_interaction_record_requires_primary_source_and_complex_expansion_review;curated_physical_database_record_requires_primary_source_interpretation	23428871;25036637	two_database_resources	true	0	MITAB_binary_expansion_may_not_be_direct;database_record_not_primary_source_review;experimental_system_name_does_not_alone_establish_direct_binding;isoform_and_construct_context_require_source_review;query_accession_is_not_bait_direction	2	2	focused_primary_review_complete	supports_context_qualified_pair_relationship;supports_pair_relationship	functional_complex;physical_association;protein_stability_regulation;shared_complex	directed;undirected_or_not_applicable	CDC37->MAPK7	cellular_complex_and_genetic_regulation_not_purified_binary;tagged_expression_LUMIER_cellular_association_not_binary	TAPMS_reciprocal_endogenous_coIP_domain_mapping_CDC37_loss_and_gain_function;single_orientation_LUMIER_at_or_near_source_threshold_without_APMS	HSP90AB1_beta_physical_complex_context_with_pan_HSP90_functional_perturbation_no_isoform_specific_dependency;no_pair_specific_HSP90_mediation_or_isoform_dependency_established	23428871;25036637	cultured_cell_line;tissue_or_biospecimen	human;mouse;rat	cytosol;nucleus_or_chromatin;whole_cell_or_unspecified_fraction	functional_or_phenotypic_readout;genetic_perturbation;localization_trafficking_or_secretion;omics_or_screening_measurement;pharmacologic_or_chemical_perturbation;physical_interaction_or_proximity;protein_abundance_stability_or_folding	close_pair	reviewed_mixed	reviewed_neighborhood_mixed	none_v6_253_reviewed_neighborhood_only
CDC37::MAPT	CDC37	MAPT	CDC37	9	2	BioGRID;IntAct	2	BioGRID;IntAct	BioGRID_physical;IntAct_binary_expansion_or_pair_record	curated_pair_association_record			"Affinity Capture-Western;Proximity Label-MS;psi-mi:""MI:0007""(anti tag coimmunoprecipitation);psi-mi:""MI:1314""(proximity-dependent biotin identification)"	High Throughput;Low Throughput	"physical;psi-mi:""MI:0914""(association);psi-mi:""MI:2364""(proximity)"		undirected_or_not_applicable		curated_interaction_record_requires_primary_source_and_complex_expansion_review;curated_physical_database_record_requires_primary_source_interpretation	21367866;35063084	two_database_resources	true	0	MITAB_binary_expansion_may_not_be_direct;database_record_not_primary_source_review;experimental_system_name_does_not_alone_establish_direct_binding;isoform_and_construct_context_require_source_review;query_accession_is_not_bait_direction	2	2	recheck_required	inconclusive_or_recheck_required;supports_pair_relationship	functional_complex;physical_association;protein_stability_regulation;shared_complex	directed;undirected_or_not_applicable	CDC37->MAPT	exact_pair_result_not_local_for_tagged_Tau_APEX_and_APMS_source;human_brain_reciprocal_coIP_plus_cellular_perturbation_not_purified_binary_binding	high_throughput_source_route_unconfirmed_at_exact_pair_level;low_throughput_human_brain_coIP_plus_cellular_loss_and_gain_of_function	broad_HSP90_pharmacology_without_HSP90AA1_HSP90AB1_resolution;no_pair_specific_HSP90_assay_confirmed_in_local_source	21367866;35063084	cultured_cell_line;primary_cells;tissue_or_biospecimen	human;mouse	whole_cell_or_unspecified_fraction	genetic_perturbation;omics_or_screening_measurement;pharmacologic_or_chemical_perturbation;physical_interaction_or_proximity;protein_abundance_stability_or_folding	retain_pair	reviewed_supported	reviewed_neighborhood_relationship	none_v6_253_reviewed_neighborhood_only
CDC37::NOS3	CDC37	NOS3	CDC37	7	2	BioGRID;IntAct	2	BioGRID;IntAct	BioGRID_physical;IntAct_binary_expansion_or_pair_record	curated_pair_association_record			"Affinity Capture-Western;Reconstituted Complex;Two-hybrid;psi-mi:""MI:0006""(anti bait coimmunoprecipitation);psi-mi:""MI:0096""(pull down);psi-mi:""MI:0397""(two hybrid array)"	Low Throughput	"physical;psi-mi:""MI:0407""(direct interaction);psi-mi:""MI:0914""(association);psi-mi:""MI:0915""(physical association)"		undirected_or_not_applicable		curated_interaction_record_requires_primary_source_and_complex_expansion_review;curated_physical_database_record_requires_primary_source_interpretation	21163940	two_database_resources	true	0	MITAB_binary_expansion_may_not_be_direct;database_record_not_primary_source_review;experimental_system_name_does_not_alone_establish_direct_binding;isoform_and_construct_context_require_source_review;query_accession_is_not_bait_direction	1	1	focused_primary_review_complete	supports_context_qualified_pair_relationship	physical_association;shared_complex	undirected_or_not_applicable		heterologous_binary_reporter_plus_endogenous_coIP_and_cell_lysate_GST_pull_down	one_study_author_high_matrix_Y2H_plus_reciprocal_endogenous_coIP_and_positive_cell_lysate_GST_pull_down	no_HSP90_assay_in_this_source	21163940	cultured_cell_line	african_green_monkey;budding_yeast;human	whole_cell_or_unspecified_fraction	biochemical_or_structural;omics_or_screening_measurement;physical_interaction_or_proximity	close_pair	reviewed_context_qualified	reviewed_neighborhood_relationship	none_v6_253_reviewed_neighborhood_only
CDC37::NTRK1	CDC37	NTRK1	CDC37	6	2	BioGRID;IntAct	2	BioGRID;IntAct	BioGRID_physical;IntAct_binary_expansion_or_pair_record	curated_pair_association_record			"Affinity Capture-MS;Affinity Capture-Western;Proximity Label-MS;psi-mi:""MI:0004""(affinity chromatography technology);psi-mi:""MI:1314""(proximity-dependent biotin identification)"	High Throughput;Low Throughput	"physical;psi-mi:""MI:0914""(association);psi-mi:""MI:2364""(proximity)"		undirected_or_not_applicable		curated_interaction_record_requires_primary_source_and_complex_expansion_review;curated_physical_database_record_requires_primary_source_interpretation	20663926;25921289;35384245	two_database_resources	true	0	MITAB_binary_expansion_may_not_be_direct;database_record_not_primary_source_review;experimental_system_name_does_not_alone_establish_direct_binding;isoform_and_construct_context_require_source_review;query_accession_is_not_bait_direction	1	1	focused_primary_review_complete	supports_context_qualified_pair_relationship	physical_association;shared_complex	undirected_or_not_applicable		cellular_complex_not_binary	high_confidence_cellular_apms_and_bioid_association	no_pair_specific_HSP90_assay_in_this_source	35384245	cultured_cell_line	human	whole_cell_or_unspecified_fraction	omics_or_screening_measurement;physical_interaction_or_proximity	close_pair	reviewed_context_qualified	reviewed_neighborhood_relationship	none_v6_253_reviewed_neighborhood_only
CDC37::NUP98	CDC37	NUP98	CDC37	6	3	BioGRID;BioPlex;IntAct	3	BioGRID;BioPlex_293T;IntAct	AP_MS_network_edge;BioGRID_physical;IntAct_binary_expansion_or_pair_record	ap_ms_network_association;curated_pair_association_record		293T	"293T affinity-purification mass spectrometry network;Affinity Capture-Luminescence;Affinity Capture-MS;psi-mi:""MI:0007""(anti tag coimmunoprecipitation)"	High Throughput;Low Throughput	"physical;physical_association_network;psi-mi:""MI:0914""(association)"		undirected_or_not_applicable		AP_MS_association_not_binary_binding;curated_interaction_record_requires_primary_source_and_complex_expansion_review;curated_physical_database_record_requires_primary_source_interpretation	25036637;33961781	three_or_more_database_resources	true	0	MITAB_binary_expansion_may_not_be_direct;cell_line_measurement_context;database_record_not_primary_source_review;experimental_system_name_does_not_alone_establish_direct_binding;high_throughput_AP_MS_context;isoform_and_construct_context_require_source_review;network_edge_not_direct_binding;no_pair_specific_publication_identifier_in_local_matrix;query_accession_is_not_bait_direction;single_final_network_presence_not_cell_line_specific_evidence	2	2	focused_primary_review_complete	supports_context_qualified_pair_relationship	physical_association;shared_complex	undirected_or_not_applicable		cellular_complex_not_binary	high_confidence_cellular_APMS_co_complex;tagged_expression_duplicate_APMS_cellular_association	no_pair_specific_HSP90_assay_in_this_source;no_pair_specific_HSP90_mediation_established	25036637;33961781	cultured_cell_line	human	whole_cell_or_unspecified_fraction	omics_or_screening_measurement;physical_interaction_or_proximity	close_pair	reviewed_context_qualified	reviewed_neighborhood_relationship	none_v6_253_reviewed_neighborhood_only
CDC37::OGA	CDC37	OGA	CDC37	4	2	BioGRID;IntAct	2	BioGRID;IntAct	BioGRID_physical;IntAct_binary_expansion_or_pair_record	curated_pair_association_record			"Co-fractionation;Two-hybrid;psi-mi:""MI:0397""(two hybrid array)"	High Throughput;Low Throughput	"physical;psi-mi:""MI:0915""(physical association)"		undirected_or_not_applicable		curated_interaction_record_requires_primary_source_and_complex_expansion_review;curated_physical_database_record_requires_primary_source_interpretation	21163940;22863883;26344197	two_database_resources	true	0	MITAB_binary_expansion_may_not_be_direct;database_record_not_primary_source_review;experimental_system_name_does_not_alone_establish_direct_binding;isoform_and_construct_context_require_source_review;query_accession_is_not_bait_direction	1	1	focused_primary_review_complete	supports_context_qualified_pair_relationship	physical_association;shared_complex	undirected_or_not_applicable		cross_species_cofractionation_SVM_co_complex_prediction_not_binary_binding	conserved_cofractionation_association_four_input_species	no_pair_specific_HSP90_assay_in_this_source	26344197	cultured_cell_line;tissue_or_biospecimen;whole_organism_or_in_vivo	fruit_fly;human;mouse;nematode	whole_cell_or_unspecified_fraction	computational_or_secondary_context;omics_or_screening_measurement;physical_interaction_or_proximity	retain_pair	reviewed_context_qualified	reviewed_neighborhood_relationship	none_v6_253_reviewed_neighborhood_only
CDC37::PINK1	CDC37	PINK1	CDC37	8	2	BioGRID;IntAct	2	BioGRID;IntAct	BioGRID_physical;IntAct_binary_expansion_or_pair_record	curated_pair_association_record			"Affinity Capture-MS;Affinity Capture-Western;psi-mi:""MI:0729""(luminescence based mammalian interactome mapping)"	High Throughput;Low Throughput	"physical;psi-mi:""MI:0915""(physical association)"		undirected_or_not_applicable		curated_interaction_record_requires_primary_source_and_complex_expansion_review;curated_physical_database_record_requires_primary_source_interpretation	18003639;18359116;21151955;25036637;28438176;30783609	two_database_resources	true	0	MITAB_binary_expansion_may_not_be_direct;database_record_not_primary_source_review;experimental_system_name_does_not_alone_establish_direct_binding;isoform_and_construct_context_require_source_review;query_accession_is_not_bait_direction	1	1	focused_primary_review_complete	database_route_not_supported_by_source		not_applicable		no_source_level_positive_pair_measurement	database_projection_not_supported_by_complete_source_workbook	no_pair_specific_HSP90_mediation_established	25036637	cultured_cell_line	human	whole_cell_or_unspecified_fraction	methods_or_source_object_only;omics_or_screening_measurement	retain_pair	reviewed_database_projection_not_supported	reviewed_neighborhood_exclusion	none_v6_253_reviewed_neighborhood_only
CDC37::PRAM1	CDC37	PRAM1	CDC37	2	2	BioGRID;IntAct	2	BioGRID;IntAct	BioGRID_physical;IntAct_binary_expansion_or_pair_record	curated_pair_association_record			"Two-hybrid;psi-mi:""MI:0397""(two hybrid array)"	Low Throughput	"physical;psi-mi:""MI:0915""(physical association)"		undirected_or_not_applicable		curated_interaction_record_requires_primary_source_and_complex_expansion_review;curated_physical_database_record_requires_primary_source_interpretation	21163940	two_database_resources	true	0	MITAB_binary_expansion_may_not_be_direct;database_record_not_primary_source_review;experimental_system_name_does_not_alone_establish_direct_binding;isoform_and_construct_context_require_source_review;query_accession_is_not_bait_direction	1	1	focused_primary_review_complete	supports_context_qualified_pair_relationship	physical_association	undirected_or_not_applicable		heterologous_binary_reporter_not_native_complex	one_study_author_high_matrix_Y2H	no_HSP90_assay_in_this_source	21163940	cultured_cell_line	budding_yeast;human	not_reported	omics_or_screening_measurement;physical_interaction_or_proximity	close_pair	reviewed_context_qualified	reviewed_neighborhood_relationship	none_v6_253_reviewed_neighborhood_only
CDC37::PRDX2	CDC37	PRDX2	CDC37	2	2	BioGRID;IntAct	2	BioGRID;IntAct	BioGRID_physical;IntAct_binary_expansion_or_pair_record	curated_pair_association_record			"Two-hybrid;psi-mi:""MI:0397""(two hybrid array)"	Low Throughput	"physical;psi-mi:""MI:0915""(physical association)"		undirected_or_not_applicable		curated_interaction_record_requires_primary_source_and_complex_expansion_review;curated_physical_database_record_requires_primary_source_interpretation	21163940	two_database_resources	true	0	MITAB_binary_expansion_may_not_be_direct;database_record_not_primary_source_review;experimental_system_name_does_not_alone_establish_direct_binding;isoform_and_construct_context_require_source_review;query_accession_is_not_bait_direction	1	1	focused_primary_review_complete	supports_context_qualified_pair_relationship	physical_association	undirected_or_not_applicable		heterologous_binary_reporter_with_negative_cell_lysate_GST_pull_down	one_study_author_high_matrix_Y2H_with_negative_cell_lysate_GST_pull_down	no_HSP90_assay_in_this_source	21163940	cultured_cell_line	african_green_monkey;budding_yeast;human	whole_cell_or_unspecified_fraction	biochemical_or_structural;omics_or_screening_measurement;physical_interaction_or_proximity	close_pair	reviewed_context_qualified	reviewed_neighborhood_relationship	none_v6_253_reviewed_neighborhood_only
CDC37::PRKAA1	CDC37	PRKAA1	CDC37	4	3	BioGRID;HPRD;IntAct	3	BioGRID;HPRD_complex;IntAct	BioGRID_physical;IntAct_binary_expansion_or_pair_record;legacy_curated_complex_comembership	curated_complex_comembership;curated_pair_association_record	COM_2645		"Affinity Capture-MS;in vitro;in vivo;psi-mi:""MI:0676""(tandem affinity purification);psi-mi:""MI:0729""(luminescence based mammalian interactome mapping)"	Low Throughput	"physical;protein_complex_membership;psi-mi:""MI:0914""(association);psi-mi:""MI:0915""(physical association)"		undirected_or_not_applicable		curated_interaction_record_requires_primary_source_and_complex_expansion_review;curated_physical_database_record_requires_primary_source_interpretation;legacy_curated_complex_comembership_not_binary_interaction	16306228;25036637	three_or_more_database_resources	true	0	MITAB_binary_expansion_may_not_be_direct;complex_expansion_not_pairwise_binding;database_record_not_primary_source_review;experimental_system_name_does_not_alone_establish_direct_binding;isoform_and_construct_context_require_source_review;legacy_2010_database_snapshot;multiple_complex_records_from_one_source_do_not_equal_independent_replication;query_accession_is_not_bait_direction	2	2	focused_primary_review_complete	supports_context_qualified_pair_relationship	physical_association;shared_complex	undirected_or_not_applicable		cellular_complex_not_binary;tagged_TAPMS_complex_membership_not_pairwise	construct_qualified_tagged_expression_LUMIER_without_qualifying_APMS;single_bait_TAPMS_complex_membership	generic_HSP90_complex_context_without_isotype_resolution;no_pair_specific_HSP90_mediation_established	16306228;25036637	cultured_cell_line	human;rat	whole_cell_or_unspecified_fraction	omics_or_screening_measurement;physical_interaction_or_proximity	close_pair	reviewed_context_qualified	reviewed_neighborhood_relationship	none_v6_253_reviewed_neighborhood_only
CDC37::PSEN1	CDC37	PSEN1	CDC37	5	2	BioGRID;IntAct	2	BioGRID;IntAct	BioGRID_physical;IntAct_binary_expansion_or_pair_record	curated_pair_association_record			"Affinity Capture-Western;Two-hybrid;psi-mi:""MI:0006""(anti bait coimmunoprecipitation);psi-mi:""MI:0397""(two hybrid array)"	Low Throughput	"physical;psi-mi:""MI:0914""(association);psi-mi:""MI:0915""(physical association)"		undirected_or_not_applicable		curated_interaction_record_requires_primary_source_and_complex_expansion_review;curated_physical_database_record_requires_primary_source_interpretation	21163940	two_database_resources	true	0	MITAB_binary_expansion_may_not_be_direct;database_record_not_primary_source_review;experimental_system_name_does_not_alone_establish_direct_binding;isoform_and_construct_context_require_source_review;query_accession_is_not_bait_direction	1	1	focused_primary_review_complete	supports_context_qualified_pair_relationship	physical_association;shared_complex	undirected_or_not_applicable		heterologous_binary_reporter_plus_endogenous_coIP_with_negative_cell_lysate_GST_pull_down	one_study_author_high_matrix_Y2H_plus_reciprocal_endogenous_coIP_with_negative_cell_lysate_GST_pull_down	no_HSP90_assay_in_this_source	21163940	cultured_cell_line	african_green_monkey;budding_yeast;human	whole_cell_or_unspecified_fraction	biochemical_or_structural;omics_or_screening_measurement;physical_interaction_or_proximity	close_pair	reviewed_context_qualified	reviewed_neighborhood_relationship	none_v6_253_reviewed_neighborhood_only
CDC37::PTK6	CDC37	PTK6	CDC37	6	2	BioGRID;IntAct	2	BioGRID;IntAct	BioGRID_physical;IntAct_binary_expansion_or_pair_record	curated_pair_association_record			"Affinity Capture-MS;Affinity Capture-Western;psi-mi:""MI:0007""(anti tag coimmunoprecipitation)"	High Throughput;Low Throughput	"physical;psi-mi:""MI:0914""(association);psi-mi:""MI:0915""(physical association)"		undirected_or_not_applicable		curated_interaction_record_requires_primary_source_and_complex_expansion_review;curated_physical_database_record_requires_primary_source_interpretation	31980649	two_database_resources	true	0	MITAB_binary_expansion_may_not_be_direct;database_record_not_primary_source_review;experimental_system_name_does_not_alone_establish_direct_binding;isoform_and_construct_context_require_source_review;query_accession_is_not_bait_direction	1	1	focused_primary_review_complete	supports_context_qualified_pair_relationship	physical_association;shared_complex	undirected_or_not_applicable		cellular_complex_not_binary	high_confidence_cellular_apms_with_tagged_coip	no_pair_specific_HSP90_assay_in_this_source	31980649	cultured_cell_line	human	whole_cell_or_unspecified_fraction	omics_or_screening_measurement;physical_interaction_or_proximity	close_pair	reviewed_context_qualified	reviewed_neighborhood_relationship	none_v6_253_reviewed_neighborhood_only
CDC37::RAD23A	CDC37	RAD23A	CDC37	2	2	BioGRID;IntAct	2	BioGRID;IntAct	BioGRID_physical;IntAct_binary_expansion_or_pair_record	curated_pair_association_record			"Two-hybrid;psi-mi:""MI:0397""(two hybrid array)"	Low Throughput	"physical;psi-mi:""MI:0915""(physical association)"		undirected_or_not_applicable		curated_interaction_record_requires_primary_source_and_complex_expansion_review;curated_physical_database_record_requires_primary_source_interpretation	21163940	two_database_resources	true	0	MITAB_binary_expansion_may_not_be_direct;database_record_not_primary_source_review;experimental_system_name_does_not_alone_establish_direct_binding;isoform_and_construct_context_require_source_review;query_accession_is_not_bait_direction	1	1	focused_primary_review_complete	supports_context_qualified_pair_relationship	physical_association	undirected_or_not_applicable		heterologous_binary_reporter_not_native_complex	one_study_author_high_matrix_Y2H	no_HSP90_assay_in_this_source	21163940	cultured_cell_line	budding_yeast;human	not_reported	omics_or_screening_measurement;physical_interaction_or_proximity	close_pair	reviewed_context_qualified	reviewed_neighborhood_relationship	none_v6_253_reviewed_neighborhood_only
CDC37::RAE1	CDC37	RAE1	CDC37	7	3	BioGRID;BioPlex;IntAct	3	BioGRID;BioPlex_293T;IntAct	AP_MS_network_edge;BioGRID_physical;IntAct_binary_expansion_or_pair_record	ap_ms_network_association;curated_pair_association_record		293T	"293T affinity-purification mass spectrometry network;Affinity Capture-Luminescence;Affinity Capture-MS;psi-mi:""MI:0007""(anti tag coimmunoprecipitation)"	High Throughput;Low Throughput	"physical;physical_association_network;psi-mi:""MI:0914""(association)"		undirected_or_not_applicable		AP_MS_association_not_binary_binding;curated_interaction_record_requires_primary_source_and_complex_expansion_review;curated_physical_database_record_requires_primary_source_interpretation	16611982;25036637;33961781	three_or_more_database_resources	true	0	MITAB_binary_expansion_may_not_be_direct;cell_line_measurement_context;database_record_not_primary_source_review;experimental_system_name_does_not_alone_establish_direct_binding;high_throughput_AP_MS_context;isoform_and_construct_context_require_source_review;network_edge_not_direct_binding;no_pair_specific_publication_identifier_in_local_matrix;query_accession_is_not_bait_direction;single_final_network_presence_not_cell_line_specific_evidence	1	1	focused_primary_review_complete	supports_context_qualified_pair_relationship	physical_association	undirected_or_not_applicable		fragment_affinity_capture_MS_screen_not_binary	single_fragment_affinity_capture_MS_screening_hit	no_HSP90_assay_in_this_source	16611982	cultured_cell_line	human	whole_cell_or_unspecified_fraction	omics_or_screening_measurement;physical_interaction_or_proximity	close_pair	reviewed_context_qualified	reviewed_neighborhood_relationship	none_v6_253_reviewed_neighborhood_only
CDC37::RAF1	CDC37	RAF1	CDC37	34	4	BioGRID;BioPlex;CORUM;IntAct	4	BioGRID;BioPlex_HCT116;CORUM;IntAct	AP_MS_network_edge;BioGRID_physical;IntAct_binary_expansion_or_pair_record;curated_complex_comembership	ap_ms_network_association;curated_complex_comembership;curated_pair_association_record	complex_id=11748|complex_name=CDC37-HSP90AB1-RAF1 complex	Expi293F cells; in vitro;HCT116	"Affinity Capture-Luminescence;Affinity Capture-MS;Affinity Capture-Western;HCT116 affinity-purification mass spectrometry network;MI:2338:electron tomography;Protein-peptide;Reconstituted Complex;psi-mi:""MI:0007""(anti tag coimmunoprecipitation);psi-mi:""MI:0096""(pull down);psi-mi:""MI:0676""(tandem affinity purification);psi-mi:""MI:0729""(luminescence based mammalian interactome mapping)"	High Throughput;Low Throughput	"complex_comembership;physical;physical_association_network;psi-mi:""MI:0914""(association);psi-mi:""MI:0915""(physical association)"		undirected_or_not_applicable		AP_MS_association_not_binary_binding;curated_complex_comembership_not_binary_interaction;curated_interaction_record_requires_primary_source_and_complex_expansion_review;curated_physical_database_record_requires_primary_source_interpretation	16156789;16335536;16611982;17979178;24189400;24292678;25036637;31980649;32707033;33961781;36055235;37045861	three_or_more_database_resources	true	0	MITAB_binary_expansion_may_not_be_direct;cell_line_is_experimental_context_not_interaction_system;cell_line_measurement_context;complex_expansion_not_pairwise_binding;database_record_not_primary_source_review;experimental_system_name_does_not_alone_establish_direct_binding;high_throughput_AP_MS_context;isoform_and_construct_context_require_source_review;multiple_complex_records_from_one_source_do_not_equal_independent_replication;network_edge_not_direct_binding;no_pair_specific_publication_identifier_in_local_matrix;query_accession_is_not_bait_direction;single_final_network_presence_not_cell_line_specific_evidence	2	2	focused_primary_review_complete	supports_context_qualified_pair_relationship;supports_pair_relationship	cochaperone_client_regulation;direct_binding;protein_stability_regulation;shared_complex	directed;undirected_or_not_applicable	CDC37->RAF1	cellular_association_and_genetic_rescue_not_purified_binary;direct_fragment_and_peptide_binding	cellular_association_with_genetic_loss_and_rescue;direct_fragment_binding_with_peptide_mapping	cytosolic_hsp90_unresolved;no_HSP90_assay_in_this_source	16611982;24292678	cultured_cell_line;purified_or_cell_free	human	not_reported;whole_cell_or_unspecified_fraction	biochemical_or_structural;genetic_perturbation;physical_interaction_or_proximity;protein_abundance_stability_or_folding	close_pair	reviewed_mixed	reviewed_neighborhood_mixed	none_v6_253_reviewed_neighborhood_only
CDC37::RNF32	CDC37	RNF32	CDC37	2	2	BioGRID;IntAct	2	BioGRID;IntAct	BioGRID_physical;IntAct_binary_expansion_or_pair_record	curated_pair_association_record			"Two-hybrid;psi-mi:""MI:0397""(two hybrid array)"	Low Throughput	"physical;psi-mi:""MI:0915""(physical association)"		undirected_or_not_applicable		curated_interaction_record_requires_primary_source_and_complex_expansion_review;curated_physical_database_record_requires_primary_source_interpretation	21163940	two_database_resources	true	0	MITAB_binary_expansion_may_not_be_direct;database_record_not_primary_source_review;experimental_system_name_does_not_alone_establish_direct_binding;isoform_and_construct_context_require_source_review;query_accession_is_not_bait_direction	1	1	focused_primary_review_complete	supports_context_qualified_pair_relationship	physical_association	undirected_or_not_applicable		heterologous_binary_reporter_not_native_complex	one_study_author_high_matrix_Y2H	no_HSP90_assay_in_this_source	21163940	cultured_cell_line	budding_yeast;human	not_reported	omics_or_screening_measurement;physical_interaction_or_proximity	close_pair	reviewed_context_qualified	reviewed_neighborhood_relationship	none_v6_253_reviewed_neighborhood_only
CDC37::RPAP3	CDC37	RPAP3	CDC37	3	2	BioGRID;IntAct	2	BioGRID;IntAct	BioGRID_physical;IntAct_binary_expansion_or_pair_record	curated_pair_association_record			"Affinity Capture-Luminescence;Affinity Capture-MS;psi-mi:""MI:0007""(anti tag coimmunoprecipitation)"	Low Throughput	"physical;psi-mi:""MI:0914""(association)"		undirected_or_not_applicable		curated_interaction_record_requires_primary_source_and_complex_expansion_review;curated_physical_database_record_requires_primary_source_interpretation	25036637	two_database_resources	true	0	MITAB_binary_expansion_may_not_be_direct;database_record_not_primary_source_review;experimental_system_name_does_not_alone_establish_direct_binding;isoform_and_construct_context_require_source_review;query_accession_is_not_bait_direction	1	1	focused_primary_review_complete	supports_context_qualified_pair_relationship	physical_association;shared_complex	undirected_or_not_applicable		cellular_complex_not_binary	tagged_expression_duplicate_APMS_cellular_association	no_pair_specific_HSP90_assay_in_this_source	25036637	cultured_cell_line	human	whole_cell_or_unspecified_fraction	omics_or_screening_measurement;physical_interaction_or_proximity	close_pair	reviewed_context_qualified	reviewed_neighborhood_relationship	none_v6_253_reviewed_neighborhood_only
CDC37::SKP1	CDC37	SKP1	CDC37	3	2	BioGRID;IntAct	2	BioGRID;IntAct	BioGRID_physical;IntAct_binary_expansion_or_pair_record	curated_pair_association_record			"Affinity Capture-Luminescence;Affinity Capture-MS;psi-mi:""MI:0007""(anti tag coimmunoprecipitation)"	Low Throughput	"physical;psi-mi:""MI:0914""(association)"		undirected_or_not_applicable		curated_interaction_record_requires_primary_source_and_complex_expansion_review;curated_physical_database_record_requires_primary_source_interpretation	25036637	two_database_resources	true	0	MITAB_binary_expansion_may_not_be_direct;database_record_not_primary_source_review;experimental_system_name_does_not_alone_establish_direct_binding;isoform_and_construct_context_require_source_review;query_accession_is_not_bait_direction	1	1	focused_primary_review_complete	supports_context_qualified_pair_relationship	physical_association;shared_complex	undirected_or_not_applicable		cellular_complex_not_binary	tagged_expression_duplicate_APMS_cellular_association	no_pair_specific_HSP90_assay_in_this_source	25036637	cultured_cell_line	human	whole_cell_or_unspecified_fraction	omics_or_screening_measurement;physical_interaction_or_proximity	close_pair	reviewed_context_qualified	reviewed_neighborhood_relationship	none_v6_253_reviewed_neighborhood_only
CDC37::SMYD3	CDC37	SMYD3	CDC37	3	2	BioGRID;IntAct	2	BioGRID;IntAct	BioGRID_physical;IntAct_binary_expansion_or_pair_record	curated_pair_association_record			"Affinity Capture-Luminescence;Affinity Capture-MS;psi-mi:""MI:0007""(anti tag coimmunoprecipitation)"	Low Throughput	"physical;psi-mi:""MI:0914""(association)"		undirected_or_not_applicable		curated_interaction_record_requires_primary_source_and_complex_expansion_review;curated_physical_database_record_requires_primary_source_interpretation	25036637	two_database_resources	true	0	MITAB_binary_expansion_may_not_be_direct;database_record_not_primary_source_review;experimental_system_name_does_not_alone_establish_direct_binding;isoform_and_construct_context_require_source_review;query_accession_is_not_bait_direction	1	1	focused_primary_review_complete	supports_context_qualified_pair_relationship	physical_association;shared_complex	undirected_or_not_applicable		cellular_complex_not_binary	tagged_expression_duplicate_APMS_cellular_association	no_pair_specific_HSP90_assay_in_this_source	25036637	cultured_cell_line	human	whole_cell_or_unspecified_fraction	omics_or_screening_measurement;physical_interaction_or_proximity	close_pair	reviewed_context_qualified	reviewed_neighborhood_relationship	none_v6_253_reviewed_neighborhood_only
CDC37::SRC	CDC37	SRC	CDC37	12	3	BioGRID;BioPlex;IntAct	3	BioGRID;BioPlex_HCT116;IntAct	AP_MS_network_edge;BioGRID_physical;IntAct_binary_expansion_or_pair_record	ap_ms_network_association;curated_pair_association_record		HCT116	"Affinity Capture-MS;Affinity Capture-Western;HCT116 affinity-purification mass spectrometry network;Reconstituted Complex;psi-mi:""MI:0006""(anti bait coimmunoprecipitation);psi-mi:""MI:0007""(anti tag coimmunoprecipitation);psi-mi:""MI:0096""(pull down)"	High Throughput;Low Throughput	"physical;physical_association_network;psi-mi:""MI:0914""(association);psi-mi:""MI:0915""(physical association)"		undirected_or_not_applicable		AP_MS_association_not_binary_binding;curated_interaction_record_requires_primary_source_and_complex_expansion_review;curated_physical_database_record_requires_primary_source_interpretation	11085988;31980649;32707033;33961781	three_or_more_database_resources	true	0	MITAB_binary_expansion_may_not_be_direct;cell_line_measurement_context;database_record_not_primary_source_review;experimental_system_name_does_not_alone_establish_direct_binding;high_throughput_AP_MS_context;isoform_and_construct_context_require_source_review;network_edge_not_direct_binding;no_pair_specific_publication_identifier_in_local_matrix;query_accession_is_not_bait_direction;single_final_network_presence_not_cell_line_specific_evidence	1	1	focused_primary_review_complete	supports_context_qualified_pair_relationship	physical_association;shared_complex	undirected_or_not_applicable		cellular_complex_not_binary	high_confidence_cellular_apms_co_complex	no_pair_specific_HSP90_assay_in_this_source	32707033	cultured_cell_line	human	whole_cell_or_unspecified_fraction	omics_or_screening_measurement;physical_interaction_or_proximity	close_pair	reviewed_context_qualified	reviewed_neighborhood_relationship	none_v6_253_reviewed_neighborhood_only
CDC37::STAMBPL1	CDC37	STAMBPL1	CDC37	2	2	BioGRID;IntAct	2	BioGRID;IntAct	BioGRID_physical;IntAct_binary_expansion_or_pair_record	curated_pair_association_record			"Two-hybrid;psi-mi:""MI:0397""(two hybrid array)"	Low Throughput	"physical;psi-mi:""MI:0915""(physical association)"		undirected_or_not_applicable		curated_interaction_record_requires_primary_source_and_complex_expansion_review;curated_physical_database_record_requires_primary_source_interpretation	21163940	two_database_resources	true	0	MITAB_binary_expansion_may_not_be_direct;database_record_not_primary_source_review;experimental_system_name_does_not_alone_establish_direct_binding;isoform_and_construct_context_require_source_review;query_accession_is_not_bait_direction	1	1	focused_primary_review_complete	supports_context_qualified_pair_relationship	physical_association	undirected_or_not_applicable		heterologous_binary_reporter_not_native_complex	one_study_author_high_matrix_Y2H	no_HSP90_assay_in_this_source	21163940	cultured_cell_line	budding_yeast;human	not_reported	omics_or_screening_measurement;physical_interaction_or_proximity	close_pair	reviewed_context_qualified	reviewed_neighborhood_relationship	none_v6_253_reviewed_neighborhood_only
CDC37::STK11	CDC37	STK11	CDC37	14	4	BioGRID;BioPlex;HPRD;IntAct	4	BioGRID;BioPlex_HCT116;HPRD;IntAct	AP_MS_network_edge;BioGRID_physical;IntAct_binary_expansion_or_pair_record;legacy_curated_binary_interaction_record	ap_ms_network_association;curated_pair_association_record		HCT116	"Affinity Capture-MS;Affinity Capture-Western;HCT116 affinity-purification mass spectrometry network;in vivo;psi-mi:""MI:0007""(anti tag coimmunoprecipitation);psi-mi:""MI:0096""(pull down);psi-mi:""MI:0729""(luminescence based mammalian interactome mapping)"	High Throughput;Low Throughput	"physical;physical_association_network;protein_protein_interaction;psi-mi:""MI:0914""(association);psi-mi:""MI:0915""(physical association)"		undirected_or_not_applicable		AP_MS_association_not_binary_binding;curated_interaction_record_requires_primary_source_and_complex_expansion_review;curated_physical_database_record_requires_primary_source_interpretation;legacy_curated_pair_requires_primary_source_review	12489981;14668798;14676191;20562859;21860411;25036637;32707033;33961781;34591612	three_or_more_database_resources	true	0	MITAB_binary_expansion_may_not_be_direct;cell_line_measurement_context;database_record_not_primary_source_review;experimental_system_name_does_not_alone_establish_direct_binding;high_throughput_AP_MS_context;isoform_and_construct_context_require_source_review;legacy_2010_database_snapshot;method_labels_aggregate_publications;network_edge_not_direct_binding;no_pair_specific_publication_identifier_in_local_matrix;query_accession_is_not_bait_direction;single_final_network_presence_not_cell_line_specific_evidence	1	1	focused_primary_review_complete	supports_context_qualified_pair_relationship	physical_association;shared_complex	undirected_or_not_applicable		cellular_complex_not_binary	high_confidence_cellular_apms_co_complex	no_pair_specific_HSP90_assay_in_this_source	32707033	cultured_cell_line	human	whole_cell_or_unspecified_fraction	omics_or_screening_measurement;physical_interaction_or_proximity	close_pair	reviewed_context_qualified	reviewed_neighborhood_relationship	none_v6_253_reviewed_neighborhood_only
CDC37::STK33	CDC37	STK33	CDC37	4	2	BioGRID;IntAct	2	BioGRID;IntAct	BioGRID_physical;IntAct_binary_expansion_or_pair_record	curated_pair_association_record			"Affinity Capture-MS;Affinity Capture-Western;psi-mi:""MI:0096""(pull down)"	High Throughput;Low Throughput	"physical;psi-mi:""MI:0914""(association)"		undirected_or_not_applicable		curated_interaction_record_requires_primary_source_and_complex_expansion_review;curated_physical_database_record_requires_primary_source_interpretation	22451720;32707033	two_database_resources	true	0	MITAB_binary_expansion_may_not_be_direct;database_record_not_primary_source_review;experimental_system_name_does_not_alone_establish_direct_binding;isoform_and_construct_context_require_source_review;query_accession_is_not_bait_direction	1	1	focused_primary_review_complete	supports_context_qualified_pair_relationship	physical_association;shared_complex	undirected_or_not_applicable		cellular_complex_not_binary	high_confidence_cellular_apms_co_complex	no_pair_specific_HSP90_assay_in_this_source	32707033	cultured_cell_line	human	whole_cell_or_unspecified_fraction	omics_or_screening_measurement;physical_interaction_or_proximity	close_pair	reviewed_context_qualified	reviewed_neighborhood_relationship	none_v6_253_reviewed_neighborhood_only
CDC37::STK36	CDC37	STK36	CDC37	4	3	BioGRID;BioPlex;IntAct	3	BioGRID;BioPlex_293T;IntAct	AP_MS_network_edge;BioGRID_physical;IntAct_binary_expansion_or_pair_record	ap_ms_network_association;curated_pair_association_record		293T	"293T affinity-purification mass spectrometry network;Affinity Capture-MS;Affinity Capture-Western;psi-mi:""MI:0007""(anti tag coimmunoprecipitation)"	High Throughput;Low Throughput	"physical;physical_association_network;psi-mi:""MI:0914""(association)"		undirected_or_not_applicable		AP_MS_association_not_binary_binding;curated_interaction_record_requires_primary_source_and_complex_expansion_review;curated_physical_database_record_requires_primary_source_interpretation	17054904;33961781	three_or_more_database_resources	true	0	MITAB_binary_expansion_may_not_be_direct;cell_line_measurement_context;database_record_not_primary_source_review;experimental_system_name_does_not_alone_establish_direct_binding;high_throughput_AP_MS_context;isoform_and_construct_context_require_source_review;network_edge_not_direct_binding;no_pair_specific_publication_identifier_in_local_matrix;query_accession_is_not_bait_direction;single_final_network_presence_not_cell_line_specific_evidence	2	2	focused_primary_review_complete	supports_context_qualified_pair_relationship;supports_pair_relationship	physical_association;shared_complex	undirected_or_not_applicable		cellular_APMS_network_not_binary;endogenous_cellular_coIP_and_domain_association_not_purified_binary	APMS_endogenous_coIP_domain_mapping_plus_generic_HSP90_stability_perturbation_context;BioPlex3_APMS_network_edge_with_source_specific_cell_line_context	generic_cytosolic_HSP90_dependent_STK36_stability_without_paralog_resolution;no_pair_specific_HSP90_mediation_established	17054904;33961781	cultured_cell_line	african_green_monkey;human;mouse	whole_cell_or_unspecified_fraction	omics_or_screening_measurement;pharmacologic_or_chemical_perturbation;physical_interaction_or_proximity;protein_abundance_stability_or_folding	close_pair	reviewed_mixed	reviewed_neighborhood_mixed	none_v6_253_reviewed_neighborhood_only
CDC37::SYNE2	CDC37	SYNE2	CDC37	3	2	BioGRID;IntAct	2	BioGRID;IntAct	BioGRID_physical;IntAct_binary_expansion_or_pair_record	curated_pair_association_record			"Affinity Capture-Luminescence;Affinity Capture-MS;psi-mi:""MI:0007""(anti tag coimmunoprecipitation)"	Low Throughput	"physical;psi-mi:""MI:0914""(association)"		undirected_or_not_applicable		curated_interaction_record_requires_primary_source_and_complex_expansion_review;curated_physical_database_record_requires_primary_source_interpretation	25036637	two_database_resources	true	0	MITAB_binary_expansion_may_not_be_direct;database_record_not_primary_source_review;experimental_system_name_does_not_alone_establish_direct_binding;isoform_and_construct_context_require_source_review;query_accession_is_not_bait_direction	1	1	focused_primary_review_complete	supports_context_qualified_pair_relationship	physical_association;shared_complex	undirected_or_not_applicable		cellular_complex_not_binary	tagged_expression_duplicate_APMS_cellular_association	no_pair_specific_HSP90_assay_in_this_source	25036637	cultured_cell_line	human	whole_cell_or_unspecified_fraction	omics_or_screening_measurement;physical_interaction_or_proximity	close_pair	reviewed_context_qualified	reviewed_neighborhood_relationship	none_v6_253_reviewed_neighborhood_only
CDC37::TARS2	CDC37	TARS2	CDC37	3	2	BioGRID;IntAct	2	BioGRID;IntAct	BioGRID_physical;IntAct_binary_expansion_or_pair_record	curated_pair_association_record			"Affinity Capture-Luminescence;Affinity Capture-MS;psi-mi:""MI:0007""(anti tag coimmunoprecipitation)"	Low Throughput	"physical;psi-mi:""MI:0914""(association)"		undirected_or_not_applicable		curated_interaction_record_requires_primary_source_and_complex_expansion_review;curated_physical_database_record_requires_primary_source_interpretation	25036637	two_database_resources	true	0	MITAB_binary_expansion_may_not_be_direct;database_record_not_primary_source_review;experimental_system_name_does_not_alone_establish_direct_binding;isoform_and_construct_context_require_source_review;query_accession_is_not_bait_direction	1	1	focused_primary_review_complete	supports_context_qualified_pair_relationship	physical_association;shared_complex	undirected_or_not_applicable		cellular_complex_not_binary	tagged_expression_duplicate_APMS_cellular_association	no_pair_specific_HSP90_assay_in_this_source	25036637	cultured_cell_line	human	whole_cell_or_unspecified_fraction	omics_or_screening_measurement;physical_interaction_or_proximity	close_pair	reviewed_context_qualified	reviewed_neighborhood_relationship	none_v6_253_reviewed_neighborhood_only
CDC37::TNK2	CDC37	TNK2	CDC37	9	3	BioGRID;BioPlex;IntAct	3	BioGRID;BioPlex_293T;IntAct	AP_MS_network_edge;BioGRID_physical;IntAct_binary_expansion_or_pair_record	ap_ms_network_association;curated_pair_association_record		293T	"293T affinity-purification mass spectrometry network;Affinity Capture-MS;psi-mi:""MI:0007""(anti tag coimmunoprecipitation)"	High Throughput;Low Throughput	"physical;physical_association_network;psi-mi:""MI:0914""(association)"		undirected_or_not_applicable		AP_MS_association_not_binary_binding;curated_interaction_record_requires_primary_source_and_complex_expansion_review;curated_physical_database_record_requires_primary_source_interpretation	28514442;28739485;31980649;33961781	three_or_more_database_resources	true	0	MITAB_binary_expansion_may_not_be_direct;cell_line_measurement_context;database_record_not_primary_source_review;experimental_system_name_does_not_alone_establish_direct_binding;high_throughput_AP_MS_context;isoform_and_construct_context_require_source_review;network_edge_not_direct_binding;no_pair_specific_publication_identifier_in_local_matrix;query_accession_is_not_bait_direction;single_final_network_presence_not_cell_line_specific_evidence	1	1	focused_primary_review_complete	supports_context_qualified_pair_relationship	physical_association;shared_complex	undirected_or_not_applicable		cellular_complex_not_binary	high_confidence_cellular_apms_co_complex	no_pair_specific_HSP90_assay_in_this_source	31980649	cultured_cell_line	human	whole_cell_or_unspecified_fraction	omics_or_screening_measurement;physical_interaction_or_proximity	close_pair	reviewed_context_qualified	reviewed_neighborhood_relationship	none_v6_253_reviewed_neighborhood_only
CDC37::TOMM34	CDC37	TOMM34	CDC37	3	2	BioGRID;IntAct	2	BioGRID;IntAct	BioGRID_physical;IntAct_binary_expansion_or_pair_record	curated_pair_association_record			"Affinity Capture-Luminescence;Affinity Capture-MS;psi-mi:""MI:0007""(anti tag coimmunoprecipitation)"	Low Throughput	"physical;psi-mi:""MI:0914""(association)"		undirected_or_not_applicable		curated_interaction_record_requires_primary_source_and_complex_expansion_review;curated_physical_database_record_requires_primary_source_interpretation	25036637	two_database_resources	true	0	MITAB_binary_expansion_may_not_be_direct;database_record_not_primary_source_review;experimental_system_name_does_not_alone_establish_direct_binding;isoform_and_construct_context_require_source_review;query_accession_is_not_bait_direction	1	1	focused_primary_review_complete	supports_context_qualified_pair_relationship	physical_association;shared_complex	undirected_or_not_applicable		cellular_complex_not_binary	tagged_expression_duplicate_APMS_cellular_association	no_pair_specific_HSP90_assay_in_this_source	25036637	cultured_cell_line	human	whole_cell_or_unspecified_fraction	omics_or_screening_measurement;physical_interaction_or_proximity	close_pair	reviewed_context_qualified	reviewed_neighborhood_relationship	none_v6_253_reviewed_neighborhood_only
CDC37::TTC4	CDC37	TTC4	CDC37	6	2	BioGRID;IntAct	2	BioGRID;IntAct	BioGRID_physical;IntAct_binary_expansion_or_pair_record	curated_pair_association_record			"Affinity Capture-Luminescence;Affinity Capture-MS;psi-mi:""MI:0007""(anti tag coimmunoprecipitation)"	Low Throughput	"physical;psi-mi:""MI:0914""(association)"		undirected_or_not_applicable		curated_interaction_record_requires_primary_source_and_complex_expansion_review;curated_physical_database_record_requires_primary_source_interpretation	25036637	two_database_resources	true	0	MITAB_binary_expansion_may_not_be_direct;database_record_not_primary_source_review;experimental_system_name_does_not_alone_establish_direct_binding;isoform_and_construct_context_require_source_review;query_accession_is_not_bait_direction	1	1	focused_primary_review_complete	supports_context_qualified_pair_relationship	physical_association;shared_complex	undirected_or_not_applicable		cellular_complex_not_binary	same_study_reciprocal_tagged_expression_APMS_cellular_association	no_pair_specific_HSP90_assay_in_this_source	25036637	cultured_cell_line	human	whole_cell_or_unspecified_fraction	omics_or_screening_measurement;physical_interaction_or_proximity	close_pair	reviewed_context_qualified	reviewed_neighborhood_relationship	none_v6_253_reviewed_neighborhood_only
CDC37::TTC9C	CDC37	TTC9C	CDC37	6	3	BioGRID;BioPlex;IntAct	3	BioGRID;BioPlex_293T;IntAct	AP_MS_network_edge;BioGRID_physical;IntAct_binary_expansion_or_pair_record	ap_ms_network_association;curated_pair_association_record		293T	"293T affinity-purification mass spectrometry network;Affinity Capture-Luminescence;Affinity Capture-MS;psi-mi:""MI:0007""(anti tag coimmunoprecipitation)"	High Throughput;Low Throughput	"physical;physical_association_network;psi-mi:""MI:0914""(association)"		undirected_or_not_applicable		AP_MS_association_not_binary_binding;curated_interaction_record_requires_primary_source_and_complex_expansion_review;curated_physical_database_record_requires_primary_source_interpretation	25036637;33961781	three_or_more_database_resources	true	0	MITAB_binary_expansion_may_not_be_direct;cell_line_measurement_context;database_record_not_primary_source_review;experimental_system_name_does_not_alone_establish_direct_binding;high_throughput_AP_MS_context;isoform_and_construct_context_require_source_review;network_edge_not_direct_binding;no_pair_specific_publication_identifier_in_local_matrix;query_accession_is_not_bait_direction;single_final_network_presence_not_cell_line_specific_evidence	2	2	focused_primary_review_complete	supports_context_qualified_pair_relationship	physical_association;shared_complex	undirected_or_not_applicable		cellular_complex_not_binary	same_study_reciprocal_cellular_APMS_association;tagged_expression_duplicate_APMS_cellular_association	no_pair_specific_HSP90_assay_in_this_source;no_pair_specific_HSP90_mediation_established	25036637;33961781	cultured_cell_line	human	whole_cell_or_unspecified_fraction	omics_or_screening_measurement;physical_interaction_or_proximity	close_pair	reviewed_context_qualified	reviewed_neighborhood_relationship	none_v6_253_reviewed_neighborhood_only
CDC37::UPF1	CDC37	UPF1	CDC37	3	2	BioGRID;IntAct	2	BioGRID;IntAct	BioGRID_physical;IntAct_binary_expansion_or_pair_record	curated_pair_association_record			"Affinity Capture-Luminescence;Affinity Capture-MS;psi-mi:""MI:0007""(anti tag coimmunoprecipitation)"	Low Throughput	"physical;psi-mi:""MI:0914""(association)"		undirected_or_not_applicable		curated_interaction_record_requires_primary_source_and_complex_expansion_review;curated_physical_database_record_requires_primary_source_interpretation	25036637	two_database_resources	true	0	MITAB_binary_expansion_may_not_be_direct;database_record_not_primary_source_review;experimental_system_name_does_not_alone_establish_direct_binding;isoform_and_construct_context_require_source_review;query_accession_is_not_bait_direction	1	1	focused_primary_review_complete	supports_context_qualified_pair_relationship	physical_association;shared_complex	undirected_or_not_applicable		cellular_complex_not_binary	tagged_expression_duplicate_APMS_cellular_association	no_pair_specific_HSP90_assay_in_this_source	25036637	cultured_cell_line	human	whole_cell_or_unspecified_fraction	omics_or_screening_measurement;physical_interaction_or_proximity	close_pair	reviewed_context_qualified	reviewed_neighborhood_relationship	none_v6_253_reviewed_neighborhood_only
CDC37::USP19	CDC37	USP19	CDC37	3	2	BioGRID;IntAct	2	BioGRID;IntAct	BioGRID_physical;IntAct_binary_expansion_or_pair_record	curated_pair_association_record			"Affinity Capture-Luminescence;Affinity Capture-MS;psi-mi:""MI:0007""(anti tag coimmunoprecipitation)"	Low Throughput	"physical;psi-mi:""MI:0914""(association)"		undirected_or_not_applicable		curated_interaction_record_requires_primary_source_and_complex_expansion_review;curated_physical_database_record_requires_primary_source_interpretation	25036637	two_database_resources	true	0	MITAB_binary_expansion_may_not_be_direct;database_record_not_primary_source_review;experimental_system_name_does_not_alone_establish_direct_binding;isoform_and_construct_context_require_source_review;query_accession_is_not_bait_direction	1	1	focused_primary_review_complete	supports_context_qualified_pair_relationship	physical_association;shared_complex	undirected_or_not_applicable		cellular_complex_not_binary	tagged_expression_duplicate_APMS_cellular_association	no_pair_specific_HSP90_assay_in_this_source	25036637	cultured_cell_line	human	whole_cell_or_unspecified_fraction	omics_or_screening_measurement;physical_interaction_or_proximity	close_pair	reviewed_context_qualified	reviewed_neighborhood_relationship	none_v6_253_reviewed_neighborhood_only
CDC37L1::FKBP4	CDC37L1	FKBP4	FKBP4	4	3	BioGRID;HPRD;IntAct	3	BioGRID;HPRD_complex;IntAct	BioGRID_physical;IntAct_binary_expansion_or_pair_record;legacy_curated_complex_comembership	curated_complex_comembership;curated_pair_association_record	COM_1507		"Affinity Capture-Luminescence;Affinity Capture-MS;in vivo;psi-mi:""MI:0007""(anti tag coimmunoprecipitation)"	Low Throughput	"physical;protein_complex_membership;psi-mi:""MI:0914""(association)"		undirected_or_not_applicable		curated_interaction_record_requires_primary_source_and_complex_expansion_review;curated_physical_database_record_requires_primary_source_interpretation;legacy_curated_complex_comembership_not_binary_interaction	11413142;25036637	three_or_more_database_resources	true	0	MITAB_binary_expansion_may_not_be_direct;complex_expansion_not_pairwise_binding;database_record_not_primary_source_review;experimental_system_name_does_not_alone_establish_direct_binding;isoform_and_construct_context_require_source_review;legacy_2010_database_snapshot;multiple_complex_records_from_one_source_do_not_equal_independent_replication;query_accession_is_not_bait_direction	2	2	focused_primary_review_complete	supports_context_qualified_pair_relationship	physical_association;shared_complex	undirected_or_not_applicable		cellular_complex_not_binary;cellular_heterocomplex_corecovery_not_binary	tagged_cellular_and_reciprocal_heterocomplex_coIP_context;tagged_expression_duplicate_APMS_cellular_association	cytosolic_HSP90_paralog_unresolved_heterocomplex_context;no_pair_specific_HSP90_mediation_established	11413142;25036637	cultured_cell_line	human	cytosol;whole_cell_or_unspecified_fraction	localization_trafficking_or_secretion;omics_or_screening_measurement;physical_interaction_or_proximity	close_pair	reviewed_context_qualified	reviewed_neighborhood_relationship	none_v6_253_reviewed_neighborhood_only
CDC37L1::FKBP5	CDC37L1	FKBP5	FKBP5	6	2	BioGRID;IntAct	2	BioGRID;IntAct	BioGRID_physical;IntAct_binary_expansion_or_pair_record	curated_pair_association_record			"Affinity Capture-Luminescence;Affinity Capture-MS;psi-mi:""MI:0007""(anti tag coimmunoprecipitation)"	Low Throughput	"physical;psi-mi:""MI:0914""(association)"		undirected_or_not_applicable		curated_interaction_record_requires_primary_source_and_complex_expansion_review;curated_physical_database_record_requires_primary_source_interpretation	25036637	two_database_resources	true	0	MITAB_binary_expansion_may_not_be_direct;database_record_not_primary_source_review;experimental_system_name_does_not_alone_establish_direct_binding;isoform_and_construct_context_require_source_review;query_accession_is_not_bait_direction	1	1	focused_primary_review_complete	supports_context_qualified_pair_relationship	physical_association;shared_complex	undirected_or_not_applicable		cellular_complex_not_binary	same_study_reciprocal_tagged_expression_APMS_cellular_association	no_pair_specific_HSP90_assay_in_this_source	25036637	cultured_cell_line	human	whole_cell_or_unspecified_fraction	omics_or_screening_measurement;physical_interaction_or_proximity	close_pair	reviewed_context_qualified	reviewed_neighborhood_relationship	none_v6_253_reviewed_neighborhood_only
CDC37L1::PPP5C	CDC37L1	PPP5C	PPP5C	3	2	BioGRID;IntAct	2	BioGRID;IntAct	BioGRID_physical;IntAct_binary_expansion_or_pair_record	curated_pair_association_record			"Affinity Capture-Luminescence;Affinity Capture-MS;psi-mi:""MI:0007""(anti tag coimmunoprecipitation)"	Low Throughput	"physical;psi-mi:""MI:0914""(association)"		undirected_or_not_applicable		curated_interaction_record_requires_primary_source_and_complex_expansion_review;curated_physical_database_record_requires_primary_source_interpretation	25036637	two_database_resources	true	0	MITAB_binary_expansion_may_not_be_direct;database_record_not_primary_source_review;experimental_system_name_does_not_alone_establish_direct_binding;isoform_and_construct_context_require_source_review;query_accession_is_not_bait_direction	1	1	focused_primary_review_complete	supports_context_qualified_pair_relationship	physical_association;shared_complex	undirected_or_not_applicable		cellular_complex_not_binary	tagged_expression_duplicate_APMS_cellular_association	no_pair_specific_HSP90_assay_in_this_source	25036637	cultured_cell_line	human	whole_cell_or_unspecified_fraction	omics_or_screening_measurement;physical_interaction_or_proximity	close_pair	reviewed_context_qualified	reviewed_neighborhood_relationship	none_v6_253_reviewed_neighborhood_only
CDC37L1::STIP1	CDC37L1	STIP1	STIP1	6	3	BioGRID;HPRD;IntAct	3	BioGRID;HPRD_complex;IntAct	BioGRID_physical;IntAct_binary_expansion_or_pair_record;legacy_curated_complex_comembership	curated_complex_comembership;curated_pair_association_record	COM_1507		"Affinity Capture-Luminescence;Affinity Capture-MS;Affinity Capture-Western;in vivo;psi-mi:""MI:0007""(anti tag coimmunoprecipitation);psi-mi:""MI:0729""(luminescence based mammalian interactome mapping)"	Low Throughput	"physical;protein_complex_membership;psi-mi:""MI:0914""(association);psi-mi:""MI:0915""(physical association)"		undirected_or_not_applicable		curated_interaction_record_requires_primary_source_and_complex_expansion_review;curated_physical_database_record_requires_primary_source_interpretation;legacy_curated_complex_comembership_not_binary_interaction	11413142;25036637	three_or_more_database_resources	true	0	MITAB_binary_expansion_may_not_be_direct;complex_expansion_not_pairwise_binding;database_record_not_primary_source_review;experimental_system_name_does_not_alone_establish_direct_binding;isoform_and_construct_context_require_source_review;legacy_2010_database_snapshot;multiple_complex_records_from_one_source_do_not_equal_independent_replication;query_accession_is_not_bait_direction	2	2	focused_primary_review_complete	supports_context_qualified_pair_relationship	chaperone_cycle_component;physical_association;shared_complex	undirected_or_not_applicable		cellular_complex_not_binary	cellular_Hsp70_Hsp90_heterocomplex_coIP_context;tagged_expression_APMS_plus_LUMIER_cellular_association	cytosolic_hsp90_unresolved;no_pair_specific_HSP90_assay_in_this_source;no_pair_specific_HSP90_mediation_established	11413142;25036637	cultured_cell_line	human	whole_cell_or_unspecified_fraction	omics_or_screening_measurement;physical_interaction_or_proximity	close_pair	reviewed_context_qualified	reviewed_neighborhood_relationship	none_v6_253_reviewed_neighborhood_only
CDC37L1::STUB1	CDC37L1	STUB1	STUB1	3	2	BioGRID;IntAct	2	BioGRID;IntAct	BioGRID_physical;IntAct_binary_expansion_or_pair_record	curated_pair_association_record			"Affinity Capture-Luminescence;Affinity Capture-MS;psi-mi:""MI:0007""(anti tag coimmunoprecipitation)"	Low Throughput	"physical;psi-mi:""MI:0914""(association)"		undirected_or_not_applicable		curated_interaction_record_requires_primary_source_and_complex_expansion_review;curated_physical_database_record_requires_primary_source_interpretation	25036637	two_database_resources	true	0	MITAB_binary_expansion_may_not_be_direct;database_record_not_primary_source_review;experimental_system_name_does_not_alone_establish_direct_binding;isoform_and_construct_context_require_source_review;query_accession_is_not_bait_direction	1	1	focused_primary_review_complete	supports_context_qualified_pair_relationship	physical_association;shared_complex	undirected_or_not_applicable		cellular_complex_not_binary	high_confidence_cellular_apms_co_complex	no_pair_specific_HSP90_assay_in_this_source	25036637	cultured_cell_line	human	whole_cell_or_unspecified_fraction	omics_or_screening_measurement;physical_interaction_or_proximity	close_pair	reviewed_context_qualified	reviewed_neighborhood_relationship	none_v6_253_reviewed_neighborhood_only
CDK11A::FKBP5	CDK11A	FKBP5	FKBP5	13	4	BioGRID;BioPlex;IntAct;huMAP	5	BioGRID;BioPlex_293T;BioPlex_HCT116;IntAct;huMAP_2_0	AP_MS_network_edge;BioGRID_physical;IntAct_binary_expansion_or_pair_record;integrative_predicted_complex_comembership	ap_ms_network_association;curated_pair_association_record;predicted_complex_comembership	HuMAP2_04784	293T;HCT116	"293T affinity-purification mass spectrometry network;Affinity Capture-Luminescence;Affinity Capture-MS;HCT116 affinity-purification mass spectrometry network;not_reported_in_local_source;psi-mi:""MI:0007""(anti tag coimmunoprecipitation)"	High Throughput;Low Throughput	"physical;physical_association_network;predicted_complex_comembership;psi-mi:""MI:0914""(association)"		undirected_or_not_applicable		AP_MS_association_not_binary_binding;curated_interaction_record_requires_primary_source_and_complex_expansion_review;curated_physical_database_record_requires_primary_source_interpretation;integrative_predicted_complex_comembership_not_direct_binding	25036637;28514442;33961781;35271311	three_or_more_database_resources	true	0	MITAB_binary_expansion_may_not_be_direct;cell_line_measurement_context;database_context_only;database_record_not_primary_source_review;experimental_system_name_does_not_alone_establish_direct_binding;high_throughput_AP_MS_context;isoform_and_construct_context_require_source_review;legacy_2020_snapshot;network_edge_not_direct_binding;no_pair_specific_publication_identifier_in_local_matrix;predicted_complex_expansion_not_pairwise_binding;query_accession_is_not_bait_direction;single_final_network_presence_not_cell_line_specific_evidence	5	5	focused_primary_review_complete	supports_context_qualified_pair_relationship	physical_association;shared_complex	undirected_or_not_applicable		cellular_complex_not_binary;integrative_predicted_complex_not_pairwise	replicated_cellular_affinity_capture_association	no_pair_specific_HSP90_mediation_established	25036637;28514442;33961781;33973408;35271311	computational_or_database;cultured_cell_line	human	not_reported;whole_cell_or_unspecified_fraction	computational_or_secondary_context;omics_or_screening_measurement;physical_interaction_or_proximity	close_pair	reviewed_context_qualified	reviewed_neighborhood_relationship	none_v6_253_reviewed_neighborhood_only
CDK4::FKBP5	CDK4	FKBP5	FKBP5	14	3	BioGRID;BioPlex;IntAct	4	BioGRID;BioPlex_293T;BioPlex_HCT116;IntAct	AP_MS_network_edge;BioGRID_physical;IntAct_binary_expansion_or_pair_record	ap_ms_network_association;curated_pair_association_record		293T;HCT116	"293T affinity-purification mass spectrometry network;Affinity Capture-Luminescence;Affinity Capture-MS;HCT116 affinity-purification mass spectrometry network;psi-mi:""MI:0007""(anti tag coimmunoprecipitation);psi-mi:""MI:0096""(pull down)"	High Throughput;Low Throughput	"physical;physical_association_network;psi-mi:""MI:0914""(association)"		undirected_or_not_applicable		AP_MS_association_not_binary_binding;curated_interaction_record_requires_primary_source_and_complex_expansion_review;curated_physical_database_record_requires_primary_source_interpretation	25036637;26186194;28514442;32707033;33961781	three_or_more_database_resources	true	0	MITAB_binary_expansion_may_not_be_direct;cell_line_measurement_context;database_record_not_primary_source_review;experimental_system_name_does_not_alone_establish_direct_binding;high_throughput_AP_MS_context;isoform_and_construct_context_require_source_review;network_edge_not_direct_binding;no_pair_specific_publication_identifier_in_local_matrix;query_accession_is_not_bait_direction;single_final_network_presence_not_cell_line_specific_evidence	1	1	focused_primary_review_complete	supports_context_qualified_pair_relationship	physical_association;shared_complex	undirected_or_not_applicable		cellular_complex_not_binary	high_confidence_cellular_apms_co_complex	no_pair_specific_HSP90_assay_in_this_source	32707033	cultured_cell_line	human	whole_cell_or_unspecified_fraction	omics_or_screening_measurement;physical_interaction_or_proximity	close_pair	reviewed_context_qualified	reviewed_neighborhood_relationship	none_v6_253_reviewed_neighborhood_only
CDK4::STUB1	CDK4	STUB1	STUB1	2	2	BioGRID;IntAct	2	BioGRID;IntAct	BioGRID_physical;IntAct_binary_expansion_or_pair_record	curated_pair_association_record			"Biochemical Activity;psi-mi:""MI:0729""(luminescence based mammalian interactome mapping)"	Low Throughput	"physical;psi-mi:""MI:0915""(physical association)"		undirected_or_not_applicable		curated_interaction_record_requires_primary_source_and_complex_expansion_review;curated_physical_database_record_requires_primary_source_interpretation	25036637;29326975	two_database_resources	true	0	MITAB_binary_expansion_may_not_be_direct;database_record_not_primary_source_review;experimental_system_name_does_not_alone_establish_direct_binding;isoform_and_construct_context_require_source_review;query_accession_is_not_bait_direction	1	1	focused_primary_review_complete	supports_context_qualified_pair_relationship	physical_association;shared_complex	undirected_or_not_applicable		cellular_complex_not_binary	tagged_expression_LUMIER_cellular_association_without_qualifying_APMS	no_pair_specific_HSP90_mediation_established	25036637	cultured_cell_line	human	whole_cell_or_unspecified_fraction	omics_or_screening_measurement;physical_interaction_or_proximity	retain_pair	reviewed_context_qualified	reviewed_neighborhood_relationship	none_v6_253_reviewed_neighborhood_only
CDK7::FKBP5	CDK7	FKBP5	FKBP5	9	4	BioGRID;BioPlex;IntAct;huMAP	4	BioGRID;BioPlex_293T;IntAct;huMAP_2_0	AP_MS_network_edge;BioGRID_physical;IntAct_binary_expansion_or_pair_record;integrative_predicted_complex_comembership	ap_ms_network_association;curated_pair_association_record;predicted_complex_comembership	HuMAP2_04784	293T	"293T affinity-purification mass spectrometry network;Affinity Capture-MS;not_reported_in_local_source;psi-mi:""MI:0007""(anti tag coimmunoprecipitation)"	High Throughput;High Throughput|Low Throughput	"physical;physical_association_network;predicted_complex_comembership;psi-mi:""MI:0914""(association)"		undirected_or_not_applicable		AP_MS_association_not_binary_binding;curated_interaction_record_requires_primary_source_and_complex_expansion_review;curated_physical_database_record_requires_primary_source_interpretation;integrative_predicted_complex_comembership_not_direct_binding	26186194;28514442;33961781;36042349	three_or_more_database_resources	true	0	MITAB_binary_expansion_may_not_be_direct;cell_line_measurement_context;database_context_only;database_record_not_primary_source_review;experimental_system_name_does_not_alone_establish_direct_binding;high_throughput_AP_MS_context;isoform_and_construct_context_require_source_review;legacy_2020_snapshot;network_edge_not_direct_binding;no_pair_specific_publication_identifier_in_local_matrix;predicted_complex_expansion_not_pairwise_binding;query_accession_is_not_bait_direction;single_final_network_presence_not_cell_line_specific_evidence	1	1	focused_primary_review_complete	supports_context_qualified_pair_relationship	physical_association;shared_complex	undirected_or_not_applicable		tagged_bait_APMS_association_not_binary_binding	BioPlex3_same_cell_line_reciprocal_cellular_APMS_association	no_pair_specific_HSP90_assay_in_this_source	33961781	cultured_cell_line	human	whole_cell_or_unspecified_fraction	omics_or_screening_measurement;physical_interaction_or_proximity	retain_pair	reviewed_context_qualified	reviewed_neighborhood_relationship	none_v6_253_reviewed_neighborhood_only
CDK9::FKBP5	CDK9	FKBP5	FKBP5	24	4	BioGRID;BioPlex;IntAct;huMAP	5	BioGRID;BioPlex_293T;BioPlex_HCT116;IntAct;huMAP_2_0	AP_MS_network_edge;BioGRID_physical;IntAct_binary_expansion_or_pair_record;integrative_predicted_complex_comembership	ap_ms_network_association;curated_pair_association_record;predicted_complex_comembership	HuMAP2_04784	293T;HCT116	"293T affinity-purification mass spectrometry network;Affinity Capture-Luminescence;Affinity Capture-MS;HCT116 affinity-purification mass spectrometry network;not_reported_in_local_source;psi-mi:""MI:0007""(anti tag coimmunoprecipitation);psi-mi:""MI:0096""(pull down);psi-mi:""MI:0676""(tandem affinity purification);psi-mi:""MI:0729""(luminescence based mammalian interactome mapping)"	High Throughput;Low Throughput	"physical;physical_association_network;predicted_complex_comembership;psi-mi:""MI:0914""(association);psi-mi:""MI:0915""(physical association)"		undirected_or_not_applicable		AP_MS_association_not_binary_binding;curated_interaction_record_requires_primary_source_and_complex_expansion_review;curated_physical_database_record_requires_primary_source_interpretation;integrative_predicted_complex_comembership_not_direct_binding	17643375;23455922;23602568;24981860;25036637;26186194;28363942;28514442;32707033;33961781;35271311	three_or_more_database_resources	true	0	MITAB_binary_expansion_may_not_be_direct;cell_line_measurement_context;database_context_only;database_record_not_primary_source_review;experimental_system_name_does_not_alone_establish_direct_binding;high_throughput_AP_MS_context;isoform_and_construct_context_require_source_review;legacy_2020_snapshot;network_edge_not_direct_binding;no_pair_specific_publication_identifier_in_local_matrix;predicted_complex_expansion_not_pairwise_binding;query_accession_is_not_bait_direction;single_final_network_presence_not_cell_line_specific_evidence	1	1	focused_primary_review_complete	supports_context_qualified_pair_relationship	physical_association;shared_complex	undirected_or_not_applicable		cellular_complex_not_binary	high_confidence_cellular_apms_co_complex	no_pair_specific_HSP90_assay_in_this_source	32707033	cultured_cell_line	human	whole_cell_or_unspecified_fraction	omics_or_screening_measurement;physical_interaction_or_proximity	close_pair	reviewed_context_qualified	reviewed_neighborhood_relationship	none_v6_253_reviewed_neighborhood_only
CDK9::PPP5C	CDK9	PPP5C	PPP5C	6	2	BioGRID;IntAct	2	BioGRID;IntAct	BioGRID_physical;IntAct_binary_expansion_or_pair_record	curated_pair_association_record			"Affinity Capture-MS;Affinity Capture-Western;Proximity Label-MS;psi-mi:""MI:0007""(anti tag coimmunoprecipitation);psi-mi:""MI:0096""(pull down);psi-mi:""MI:1314""(proximity-dependent biotin identification)"	High Throughput;Low Throughput	"physical;psi-mi:""MI:0914""(association);psi-mi:""MI:0915""(physical association);psi-mi:""MI:2364""(proximity)"		undirected_or_not_applicable		curated_interaction_record_requires_primary_source_and_complex_expansion_review;curated_physical_database_record_requires_primary_source_interpretation	28330616	two_database_resources	true	0	MITAB_binary_expansion_may_not_be_direct;database_record_not_primary_source_review;experimental_system_name_does_not_alone_establish_direct_binding;isoform_and_construct_context_require_source_review;query_accession_is_not_bait_direction	1	1	focused_primary_review_complete	supports_context_qualified_pair_relationship	physical_association;shared_complex	undirected_or_not_applicable		tagged_cellular_APMS_plus_proximity_and_tagged_coIP_not_direct_binding	PPP5C_bait_high_confidence_APMS_plus_BioID_and_tagged_coIP	no_HSP90_assay_in_this_source	28330616	cultured_cell_line	human	whole_cell_or_unspecified_fraction	omics_or_screening_measurement;physical_interaction_or_proximity	close_pair	reviewed_context_qualified	reviewed_neighborhood_relationship	none_v6_253_reviewed_neighborhood_only
CEP97::SUGT1	CEP97	SUGT1	SUGT1	9	3	BioGRID;BioPlex;IntAct	3	BioGRID;BioPlex_293T;IntAct	AP_MS_network_edge;BioGRID_physical;IntAct_binary_expansion_or_pair_record	ap_ms_network_association;curated_pair_association_record		293T	"293T affinity-purification mass spectrometry network;Affinity Capture-Luminescence;Affinity Capture-MS;Proximity Label-MS;psi-mi:""MI:0007""(anti tag coimmunoprecipitation);psi-mi:""MI:1314""(proximity-dependent biotin identification)"	High Throughput;Low Throughput	"physical;physical_association_network;psi-mi:""MI:0914""(association);psi-mi:""MI:2364""(proximity)"		undirected_or_not_applicable		AP_MS_association_not_binary_binding;curated_interaction_record_requires_primary_source_and_complex_expansion_review;curated_physical_database_record_requires_primary_source_interpretation	22261722;25036637;26638075;33961781	three_or_more_database_resources	true	0	MITAB_binary_expansion_may_not_be_direct;cell_line_measurement_context;database_record_not_primary_source_review;experimental_system_name_does_not_alone_establish_direct_binding;high_throughput_AP_MS_context;isoform_and_construct_context_require_source_review;network_edge_not_direct_binding;no_pair_specific_publication_identifier_in_local_matrix;query_accession_is_not_bait_direction;single_final_network_presence_not_cell_line_specific_evidence	2	2	focused_primary_review_complete	supports_context_qualified_pair_relationship	physical_association;shared_complex	undirected_or_not_applicable		cellular_complex_not_binary;tagged_bait_APMS_association_not_binary_binding	BioPlex3_single_direction_293T_cellular_APMS_association;tagged_expression_duplicate_APMS_cellular_association_without_source_LUMIER_row	no_pair_specific_HSP90_assay_in_this_source;no_pair_specific_HSP90_mediation_established	25036637;33961781	cultured_cell_line	human	whole_cell_or_unspecified_fraction	omics_or_screening_measurement;physical_interaction_or_proximity	retain_pair	reviewed_context_qualified	reviewed_neighborhood_relationship	none_v6_253_reviewed_neighborhood_only
CFLAR::STUB1	CFLAR	STUB1	STUB1	3	2	BioGRID;IntAct	2	BioGRID;IntAct	BioGRID_physical;IntAct_binary_expansion_or_pair_record	curated_pair_association_record			"Affinity Capture-Western;psi-mi:""MI:0729""(luminescence based mammalian interactome mapping)"	Low Throughput	"physical;psi-mi:""MI:0915""(physical association)"		undirected_or_not_applicable		curated_interaction_record_requires_primary_source_and_complex_expansion_review;curated_physical_database_record_requires_primary_source_interpretation	23256568;25036637	two_database_resources	true	0	MITAB_binary_expansion_may_not_be_direct;database_record_not_primary_source_review;experimental_system_name_does_not_alone_establish_direct_binding;isoform_and_construct_context_require_source_review;query_accession_is_not_bait_direction	2	2	focused_primary_review_complete	supports_context_qualified_pair_relationship;supports_pair_relationship	functional_complex;physical_association;protein_stability_regulation;protein_ubiquitylation;shared_complex;ubiquitin_ligase_substrate	directed;undirected_or_not_applicable	STUB1->CFLAR	cellular_co_complex_and_ubiquitylation_regulation_not_purified_binary;tagged_expression_LUMIER_cellular_association_not_binary	reciprocal_tagged_coIP_genetic_loss_catalytic_mutant_ubiquitylation_and_proteasome_rescue;single_orientation_LUMIER_at_or_near_source_threshold_without_APMS	HSP90AA1_and_HSP90AB1_each_support_CFLAR_long_stability_context_without_exclusivity_or_pair_specific_binding;no_pair_specific_HSP90_mediation_or_isoform_dependency_established	23256568;25036637	cultured_cell_line	human	cytosol;whole_cell_or_unspecified_fraction	functional_or_phenotypic_readout;genetic_perturbation;omics_or_screening_measurement;pharmacologic_or_chemical_perturbation;physical_interaction_or_proximity;protein_abundance_stability_or_folding	close_pair	reviewed_mixed	reviewed_neighborhood_mixed	none_v6_253_reviewed_neighborhood_only
CFTR::DNAJA2	CFTR	DNAJA2	DNAJA2	12	2	BioGRID;IntAct	2	BioGRID;IntAct	BioGRID_physical;IntAct_binary_expansion_or_pair_record	curated_pair_association_record			"Affinity Capture-MS;psi-mi:""MI:0006""(anti bait coimmunoprecipitation);psi-mi:""MI:0030""(cross-linking study);psi-mi:""MI:1314""(proximity-dependent biotin identification)"	High Throughput;Low Throughput	"physical;psi-mi:""MI:0914""(association);psi-mi:""MI:2364""(proximity)"		undirected_or_not_applicable		curated_interaction_record_requires_primary_source_and_complex_expansion_review;curated_physical_database_record_requires_primary_source_interpretation	17110338;26618866;31324722;36012204	two_database_resources	true	0	MITAB_binary_expansion_may_not_be_direct;database_record_not_primary_source_review;experimental_system_name_does_not_alone_establish_direct_binding;isoform_and_construct_context_require_source_review;query_accession_is_not_bait_direction	1	1	focused_primary_review_complete	supports_context_qualified_pair_relationship	physical_association	undirected_or_not_applicable		cytosolic_N_terminal_CFTR_proximity_labeling_not_binary_binding	single_modality_high_confidence_APEX2_proximity_association	no_HSP90_assay_or_isoform_resolution_in_this_source	36012204	cultured_cell_line	human	whole_cell_or_unspecified_fraction	omics_or_screening_measurement;physical_interaction_or_proximity	retain_pair	reviewed_context_qualified	reviewed_neighborhood_relationship	none_v6_253_reviewed_neighborhood_only
CFTR::DNAJB11	CFTR	DNAJB11	DNAJB11	2	2	BioGRID;IntAct	2	BioGRID;IntAct	BioGRID_physical;IntAct_binary_expansion_or_pair_record	curated_pair_association_record			"Affinity Capture-MS;psi-mi:""MI:1314""(proximity-dependent biotin identification)"	Low Throughput	"physical;psi-mi:""MI:2364""(proximity)"		undirected_or_not_applicable		curated_interaction_record_requires_primary_source_and_complex_expansion_review;curated_physical_database_record_requires_primary_source_interpretation	31324722;36012204	two_database_resources	true	0	MITAB_binary_expansion_may_not_be_direct;database_record_not_primary_source_review;experimental_system_name_does_not_alone_establish_direct_binding;isoform_and_construct_context_require_source_review;query_accession_is_not_bait_direction	1	1	focused_primary_review_complete	supports_context_qualified_pair_relationship	physical_association	undirected_or_not_applicable		cytosolic_N_terminal_CFTR_proximity_labeling_not_binary_binding	single_modality_high_confidence_APEX2_proximity_with_topology_conflict	no_HSP90_assay_or_isoform_resolution_in_this_source	36012204	cultured_cell_line	human	whole_cell_or_unspecified_fraction	omics_or_screening_measurement;physical_interaction_or_proximity	retain_pair	reviewed_context_qualified	reviewed_neighborhood_relationship	none_v6_253_reviewed_neighborhood_only
CFTR::STUB1	CFTR	STUB1	STUB1	13	2	BioGRID;IntAct	2	BioGRID;IntAct	BioGRID_physical;IntAct_binary_expansion_or_pair_record	curated_pair_association_record			"Affinity Capture-Western;Biochemical Activity;psi-mi:""MI:1314""(proximity-dependent biotin identification)"	Low Throughput	"physical;psi-mi:""MI:2364""(proximity)"		undirected_or_not_applicable		curated_interaction_record_requires_primary_source_and_complex_expansion_review;curated_physical_database_record_requires_primary_source_interpretation	11146634;15215316;15611333;19056735;19098309;21898230;31596601;36012204	two_database_resources	true	0	MITAB_binary_expansion_may_not_be_direct;database_record_not_primary_source_review;experimental_system_name_does_not_alone_establish_direct_binding;isoform_and_construct_context_require_source_review;query_accession_is_not_bait_direction	1	1	focused_primary_review_complete	supports_context_qualified_pair_relationship	protein_stability_regulation;protein_ubiquitylation;ubiquitin_ligase_substrate	directed	STUB1->CFTR	functional_catalytic_relationship_not_binary_binding	cellular_stability_and_cell_free_ubiquitylation_support	Hsc70_quality_control_branch_no_pair_specific_HSP90_test	15215316	cultured_cell_line;purified_or_cell_free	human;pig;rabbit	endoplasmic_reticulum;plasma_membrane_or_cell_surface;whole_cell_or_unspecified_fraction	biochemical_or_structural;functional_or_phenotypic_readout;localization_trafficking_or_secretion;protein_abundance_stability_or_folding	close_pair	reviewed_context_qualified	reviewed_neighborhood_relationship	none_v6_253_reviewed_neighborhood_only
CFTR::SUGT1	CFTR	SUGT1	SUGT1	9	2	BioGRID;IntAct	2	BioGRID;IntAct	BioGRID_physical;IntAct_binary_expansion_or_pair_record	curated_pair_association_record			"Affinity Capture-MS;psi-mi:""MI:0030""(cross-linking study);psi-mi:""MI:1314""(proximity-dependent biotin identification)"	Low Throughput	"physical;psi-mi:""MI:0914""(association);psi-mi:""MI:2364""(proximity)"		undirected_or_not_applicable		curated_interaction_record_requires_primary_source_and_complex_expansion_review;curated_physical_database_record_requires_primary_source_interpretation	31324722;36012204	two_database_resources	true	0	MITAB_binary_expansion_may_not_be_direct;database_record_not_primary_source_review;experimental_system_name_does_not_alone_establish_direct_binding;isoform_and_construct_context_require_source_review;query_accession_is_not_bait_direction	1	1	focused_primary_review_complete	supports_context_qualified_pair_relationship	physical_association	undirected_or_not_applicable		cytosolic_N_terminal_CFTR_proximity_labeling_not_binary_binding	same_publication_two_modality_high_confidence_proximity_association	no_HSP90_assay_or_isoform_resolution_in_this_source	36012204	cultured_cell_line	human	whole_cell_or_unspecified_fraction	omics_or_screening_measurement;physical_interaction_or_proximity	retain_pair	reviewed_context_qualified	reviewed_neighborhood_relationship	none_v6_253_reviewed_neighborhood_only
CHORDC1::FKBP4	CHORDC1	FKBP4	FKBP4	6	2	BioGRID;IntAct	2	BioGRID;IntAct	BioGRID_physical;IntAct_binary_expansion_or_pair_record	curated_pair_association_record			"Affinity Capture-Luminescence;Affinity Capture-MS;psi-mi:""MI:0007""(anti tag coimmunoprecipitation)"	Low Throughput	"physical;psi-mi:""MI:0914""(association)"		undirected_or_not_applicable		curated_interaction_record_requires_primary_source_and_complex_expansion_review;curated_physical_database_record_requires_primary_source_interpretation	25036637	two_database_resources	true	0	MITAB_binary_expansion_may_not_be_direct;database_record_not_primary_source_review;experimental_system_name_does_not_alone_establish_direct_binding;isoform_and_construct_context_require_source_review;query_accession_is_not_bait_direction	1	1	focused_primary_review_complete	supports_context_qualified_pair_relationship	physical_association;shared_complex	undirected_or_not_applicable		cellular_complex_not_binary	same_study_reciprocal_tagged_expression_APMS_cellular_association	no_pair_specific_HSP90_assay_in_this_source	25036637	cultured_cell_line	human	whole_cell_or_unspecified_fraction	omics_or_screening_measurement;physical_interaction_or_proximity	close_pair	reviewed_context_qualified	reviewed_neighborhood_relationship	none_v6_253_reviewed_neighborhood_only
CHORDC1::FKBP5	CHORDC1	FKBP5	FKBP5	3	2	BioGRID;IntAct	2	BioGRID;IntAct	BioGRID_physical;IntAct_binary_expansion_or_pair_record	curated_pair_association_record			"Affinity Capture-Luminescence;Affinity Capture-MS;psi-mi:""MI:0007""(anti tag coimmunoprecipitation)"	Low Throughput	"physical;psi-mi:""MI:0914""(association)"		undirected_or_not_applicable		curated_interaction_record_requires_primary_source_and_complex_expansion_review;curated_physical_database_record_requires_primary_source_interpretation	25036637	two_database_resources	true	0	MITAB_binary_expansion_may_not_be_direct;database_record_not_primary_source_review;experimental_system_name_does_not_alone_establish_direct_binding;isoform_and_construct_context_require_source_review;query_accession_is_not_bait_direction	1	1	focused_primary_review_complete	supports_context_qualified_pair_relationship	physical_association;shared_complex	undirected_or_not_applicable		cellular_complex_not_binary	tagged_expression_duplicate_APMS_cellular_association	no_pair_specific_HSP90_assay_in_this_source	25036637	cultured_cell_line	human	whole_cell_or_unspecified_fraction	omics_or_screening_measurement;physical_interaction_or_proximity	close_pair	reviewed_context_qualified	reviewed_neighborhood_relationship	none_v6_253_reviewed_neighborhood_only
CHORDC1::PPP5C	CHORDC1	PPP5C	PPP5C	6	3	BioGRID;HPRD;IntAct	3	BioGRID;HPRD;IntAct	BioGRID_physical;IntAct_binary_expansion_or_pair_record;legacy_curated_binary_interaction_record	curated_pair_association_record			"Affinity Capture-Luminescence;Affinity Capture-MS;Two-hybrid;in vitro;yeast 2-hybrid;psi-mi:""MI:0007""(anti tag coimmunoprecipitation);psi-mi:""MI:0399""(two hybrid fragment pooling approach)"	High Throughput;Low Throughput	"physical;protein_protein_interaction;psi-mi:""MI:0914""(association);psi-mi:""MI:0915""(physical association)"		undirected_or_not_applicable		curated_interaction_record_requires_primary_source_and_complex_expansion_review;curated_physical_database_record_requires_primary_source_interpretation;legacy_curated_pair_requires_primary_source_review	16083881;23414517;25036637	three_or_more_database_resources	true	0	MITAB_binary_expansion_may_not_be_direct;database_record_not_primary_source_review;experimental_system_name_does_not_alone_establish_direct_binding;isoform_and_construct_context_require_source_review;legacy_2010_database_snapshot;method_labels_aggregate_publications;query_accession_is_not_bait_direction	1	1	focused_primary_review_complete	supports_context_qualified_pair_relationship	physical_association;shared_complex	undirected_or_not_applicable		cellular_complex_not_binary	tagged_expression_duplicate_APMS_cellular_association_with_subthreshold_reverse_APMS_and_LUMIER	no_pair_specific_HSP90_mediation_established	25036637	cultured_cell_line	human	whole_cell_or_unspecified_fraction	omics_or_screening_measurement;physical_interaction_or_proximity	retain_pair	reviewed_context_qualified	reviewed_neighborhood_relationship	none_v6_253_reviewed_neighborhood_only
CHUK::FKBP5	CHUK	FKBP5	FKBP5	14	5	BioGRID;BioPlex;CORUM;HPRD;IntAct	7	BioGRID;BioPlex_293T;BioPlex_HCT116;CORUM;HPRD;HPRD_complex;IntAct	AP_MS_network_edge;BioGRID_physical;IntAct_binary_expansion_or_pair_record;curated_complex_comembership;legacy_curated_binary_interaction_record;legacy_curated_complex_comembership	ap_ms_network_association;curated_complex_comembership;curated_pair_association_record	COM_2304;complex_id=5285|complex_name=TNF-alpha/NF-kappa B signaling complex 9	293T;HCT116	"293T affinity-purification mass spectrometry network;Affinity Capture-Luminescence;Affinity Capture-MS;HCT116 affinity-purification mass spectrometry network;MI:0676:tandem affinity purification;in vivo;psi-mi:""MI:0007""(anti tag coimmunoprecipitation);psi-mi:""MI:0676""(tandem affinity purification)"	High Throughput;Low Throughput	"complex_comembership;physical;physical_association_network;protein_complex_membership;protein_protein_interaction;psi-mi:""MI:0914""(association);psi-mi:""MI:0915""(physical association)"		undirected_or_not_applicable		AP_MS_association_not_binary_binding;curated_complex_comembership_not_binary_interaction;curated_interaction_record_requires_primary_source_and_complex_expansion_review;curated_physical_database_record_requires_primary_source_interpretation;legacy_curated_complex_comembership_not_binary_interaction;legacy_curated_pair_requires_primary_source_review	14743216;25036637;33961781;35271311	three_or_more_database_resources	true	0	MITAB_binary_expansion_may_not_be_direct;cell_line_measurement_context;complex_expansion_not_pairwise_binding;database_record_not_primary_source_review;experimental_system_name_does_not_alone_establish_direct_binding;high_throughput_AP_MS_context;isoform_and_construct_context_require_source_review;legacy_2010_database_snapshot;method_labels_aggregate_publications;multiple_complex_records_from_one_source_do_not_equal_independent_replication;network_edge_not_direct_binding;no_pair_specific_publication_identifier_in_local_matrix;query_accession_is_not_bait_direction;single_final_network_presence_not_cell_line_specific_evidence	1	1	focused_primary_review_complete	supports_context_qualified_pair_relationship	functional_complex;shared_complex	undirected_or_not_applicable		cellular_complex_not_binary	reciprocal_cellular_co_complex_with_genetic_functional_support	cytosolic_hsp90_unresolved	14743216	cultured_cell_line	human	whole_cell_or_unspecified_fraction	functional_or_phenotypic_readout;genetic_perturbation;physical_interaction_or_proximity	close_pair	reviewed_context_qualified	reviewed_neighborhood_relationship	none_v6_253_reviewed_neighborhood_only
DDR2::DNAJB11	DDR2	DNAJB11	DNAJB11	5	2	BioGRID;IntAct	2	BioGRID;IntAct	BioGRID_physical;IntAct_binary_expansion_or_pair_record	curated_pair_association_record			"Affinity Capture-MS;Affinity Capture-Western;Proximity Label-MS;psi-mi:""MI:0004""(affinity chromatography technology);psi-mi:""MI:1314""(proximity-dependent biotin identification)"	High Throughput;Low Throughput	"physical;psi-mi:""MI:0914""(association);psi-mi:""MI:2364""(proximity)"		undirected_or_not_applicable		curated_interaction_record_requires_primary_source_and_complex_expansion_review;curated_physical_database_record_requires_primary_source_interpretation	35384245	two_database_resources	true	0	MITAB_binary_expansion_may_not_be_direct;database_record_not_primary_source_review;experimental_system_name_does_not_alone_establish_direct_binding;isoform_and_construct_context_require_source_review;query_accession_is_not_bait_direction	1	1	focused_primary_review_complete	supports_context_qualified_pair_relationship	physical_association;shared_complex	undirected_or_not_applicable		cellular_complex_not_binary	high_confidence_cellular_apms_and_bioid_with_targeted_coip_dotblot	no_pair_specific_HSP90_assay_in_this_source	35384245	cultured_cell_line	human	endoplasmic_reticulum;plasma_membrane_or_cell_surface	omics_or_screening_measurement;physical_interaction_or_proximity	close_pair	reviewed_context_qualified	reviewed_neighborhood_relationship	none_v6_253_reviewed_neighborhood_only
DNAJA2::DNAJA4	DNAJA2	DNAJA4	DNAJA2	9	3	BioGRID;BioPlex;IntAct	3	BioGRID;BioPlex_HCT116;IntAct	AP_MS_network_edge;BioGRID_physical;IntAct_binary_expansion_or_pair_record	ap_ms_network_association;curated_pair_association_record		HCT116	"Affinity Capture-Luminescence;Affinity Capture-MS;HCT116 affinity-purification mass spectrometry network;psi-mi:""MI:0007""(anti tag coimmunoprecipitation);psi-mi:""MI:0729""(luminescence based mammalian interactome mapping)"	High Throughput;Low Throughput	"physical;physical_association_network;psi-mi:""MI:0914""(association);psi-mi:""MI:0915""(physical association)"		undirected_or_not_applicable		AP_MS_association_not_binary_binding;curated_interaction_record_requires_primary_source_and_complex_expansion_review;curated_physical_database_record_requires_primary_source_interpretation	25036637;33957083;33961781	three_or_more_database_resources	true	0	MITAB_binary_expansion_may_not_be_direct;cell_line_measurement_context;database_record_not_primary_source_review;experimental_system_name_does_not_alone_establish_direct_binding;high_throughput_AP_MS_context;isoform_and_construct_context_require_source_review;network_edge_not_direct_binding;no_pair_specific_publication_identifier_in_local_matrix;query_accession_is_not_bait_direction;single_final_network_presence_not_cell_line_specific_evidence	3	3	focused_primary_review_complete	supports_context_qualified_pair_relationship	physical_association;shared_complex	undirected_or_not_applicable		cellular_complex_not_binary	high_confidence_cellular_APMS_co_complex;same_study_reciprocal_high_confidence_Hsp70_APMS_cellular_association;tagged_expression_APMS_plus_LUMIER_cellular_association	no_pair_specific_HSP90_assay_in_this_source;no_pair_specific_HSP90_mediation_established	25036637;33957083;33961781	cultured_cell_line	human	whole_cell_or_unspecified_fraction	omics_or_screening_measurement;physical_interaction_or_proximity	close_pair	reviewed_context_qualified	reviewed_neighborhood_relationship	none_v6_253_reviewed_neighborhood_only
DNAJA2::EGFR	DNAJA2	EGFR	DNAJA2	4	2	BioGRID;IntAct	2	BioGRID;IntAct	BioGRID_physical;IntAct_binary_expansion_or_pair_record	curated_pair_association_record			"Affinity Capture-MS;psi-mi:""MI:0006""(anti bait coimmunoprecipitation);psi-mi:""MI:0676""(tandem affinity purification)"	High Throughput;High Throughput|Low Throughput	"physical;psi-mi:""MI:0914""(association)"		undirected_or_not_applicable		curated_interaction_record_requires_primary_source_and_complex_expansion_review;curated_physical_database_record_requires_primary_source_interpretation	15657067;23956138;24189400;24797263	two_database_resources	true	0	MITAB_binary_expansion_may_not_be_direct;database_record_not_primary_source_review;experimental_system_name_does_not_alone_establish_direct_binding;isoform_and_construct_context_require_source_review;query_accession_is_not_bait_direction	1	1	focused_primary_review_complete	supports_context_qualified_pair_relationship	physical_association;shared_complex	undirected_or_not_applicable		cellular_complex_not_binary	single_peptide_cellular_tap_ms_co_complex	no_pair_specific_HSP90_assay_in_this_source	24189400	cultured_cell_line	human	whole_cell_or_unspecified_fraction	omics_or_screening_measurement;physical_interaction_or_proximity	close_pair	reviewed_context_qualified	reviewed_neighborhood_relationship	none_v6_253_reviewed_neighborhood_only
DNAJA2::HIRA	DNAJA2	HIRA	DNAJA2	7	3	BioGRID;BioPlex;IntAct	4	BioGRID;BioPlex_293T;BioPlex_HCT116;IntAct	AP_MS_network_edge;BioGRID_physical;IntAct_binary_expansion_or_pair_record	ap_ms_network_association;curated_pair_association_record		293T;HCT116	"293T affinity-purification mass spectrometry network;Affinity Capture-MS;Affinity Capture-Western;HCT116 affinity-purification mass spectrometry network;psi-mi:""MI:0007""(anti tag coimmunoprecipitation)"	High Throughput;Low Throughput	"physical;physical_association_network;psi-mi:""MI:0914""(association)"		undirected_or_not_applicable		AP_MS_association_not_binary_binding;curated_interaction_record_requires_primary_source_and_complex_expansion_review;curated_physical_database_record_requires_primary_source_interpretation	17242198;33961781	three_or_more_database_resources	true	0	MITAB_binary_expansion_may_not_be_direct;cell_line_measurement_context;database_record_not_primary_source_review;experimental_system_name_does_not_alone_establish_direct_binding;high_throughput_AP_MS_context;isoform_and_construct_context_require_source_review;network_edge_not_direct_binding;no_pair_specific_publication_identifier_in_local_matrix;query_accession_is_not_bait_direction;single_final_network_presence_not_cell_line_specific_evidence	1	1	focused_primary_review_complete	supports_context_qualified_pair_relationship	physical_association;shared_complex	undirected_or_not_applicable		tagged_bait_APMS_association_not_binary_binding	BioPlex3_cross_cell_line_with_293T_reciprocity_cellular_APMS_association	no_pair_specific_HSP90_assay_in_this_source	33961781	cultured_cell_line	human	whole_cell_or_unspecified_fraction	omics_or_screening_measurement;physical_interaction_or_proximity	retain_pair	reviewed_context_qualified	reviewed_neighborhood_relationship	none_v6_253_reviewed_neighborhood_only
DNAJA2::HSPA1A	DNAJA2	HSPA1A	DNAJA2	5	2	BioGRID;HPRD	2	BioGRID;HPRD	BioGRID_physical;legacy_curated_binary_interaction_record	curated_pair_association_record			Affinity Capture-MS;Affinity Capture-Western;Proximity Label-MS;in vitro	High Throughput;Low Throughput	physical;protein_protein_interaction		undirected_or_not_applicable		curated_physical_database_record_requires_primary_source_interpretation;legacy_curated_pair_requires_primary_source_review	10651811;21231916;32687490;33957083	two_database_resources	true	0	database_record_not_primary_source_review;experimental_system_name_does_not_alone_establish_direct_binding;isoform_and_construct_context_require_source_review;legacy_2010_database_snapshot;method_labels_aggregate_publications	2	2	focused_primary_review_complete	supports_context_qualified_pair_relationship	chaperone_cycle_component;physical_association;shared_complex	undirected_or_not_applicable		cellular_complex_not_binary;engineered_cellular_UBAIT_or_BioID_association_not_purified_binary_binding	high_confidence_Hsp70_network_APMS_cellular_association_with_HSPA1A_HSPA1B_prey_group;source_internal_orthogonal_BioID_and_partial_UBAIT_association	no_pair_specific_HSP90_assay_in_this_source	32687490;33957083	cultured_cell_line	human	whole_cell_or_unspecified_fraction	omics_or_screening_measurement;physical_interaction_or_proximity	retain_pair	reviewed_context_qualified	reviewed_neighborhood_relationship	none_v6_253_reviewed_neighborhood_only
DNAJA2::HUWE1	DNAJA2	HUWE1	DNAJA2	3	2	BioGRID;IntAct	2	BioGRID;IntAct	BioGRID_physical;IntAct_binary_expansion_or_pair_record	curated_pair_association_record			"Affinity Capture-MS;psi-mi:""MI:0007""(anti tag coimmunoprecipitation)"	High Throughput;Low Throughput	"physical;psi-mi:""MI:0914""(association)"		undirected_or_not_applicable		curated_interaction_record_requires_primary_source_and_complex_expansion_review;curated_physical_database_record_requires_primary_source_interpretation	26496610;37167062	two_database_resources	true	0	MITAB_binary_expansion_may_not_be_direct;database_record_not_primary_source_review;experimental_system_name_does_not_alone_establish_direct_binding;isoform_and_construct_context_require_source_review;query_accession_is_not_bait_direction	2	2	recheck_required	inconclusive_or_recheck_required;supports_context_qualified_pair_relationship	physical_association;shared_complex	undirected_or_not_applicable		cellular_complex_not_binary;exact_pair_result_not_local_for_HUWE1_HAPSTR1_affinity_enrichment_MS	source_route_unconfirmed_at_exact_pair_level;weak_source_specific_QUBIC_APMS_association	no_pair_specific_HSP90_mediation_confirmed_in_local_source;no_pair_specific_HSP90_mediation_established	26496610;37167062	cultured_cell_line	human	nucleus_or_chromatin;whole_cell_or_unspecified_fraction	omics_or_screening_measurement;physical_interaction_or_proximity	retain_pair	reviewed_context_qualified	reviewed_neighborhood_relationship	none_v6_253_reviewed_neighborhood_only
DNAJA2::IRS4	DNAJA2	IRS4	DNAJA2	3	2	BioGRID;IntAct	2	BioGRID;IntAct	BioGRID_physical;IntAct_binary_expansion_or_pair_record	curated_pair_association_record			"Affinity Capture-Luminescence;Affinity Capture-MS;psi-mi:""MI:0007""(anti tag coimmunoprecipitation)"	Low Throughput	"physical;psi-mi:""MI:0914""(association)"		undirected_or_not_applicable		curated_interaction_record_requires_primary_source_and_complex_expansion_review;curated_physical_database_record_requires_primary_source_interpretation	25036637	two_database_resources	true	0	MITAB_binary_expansion_may_not_be_direct;database_record_not_primary_source_review;experimental_system_name_does_not_alone_establish_direct_binding;isoform_and_construct_context_require_source_review;query_accession_is_not_bait_direction	1	1	focused_primary_review_complete	supports_context_qualified_pair_relationship	physical_association;shared_complex	undirected_or_not_applicable		cellular_complex_not_binary	tagged_expression_duplicate_APMS_cellular_association	no_pair_specific_HSP90_assay_in_this_source	25036637	cultured_cell_line	human	whole_cell_or_unspecified_fraction	omics_or_screening_measurement;physical_interaction_or_proximity	close_pair	reviewed_context_qualified	reviewed_neighborhood_relationship	none_v6_253_reviewed_neighborhood_only
DNAJA2::NUDC	DNAJA2	NUDC	DNAJA2	10	3	BioGRID;BioPlex;IntAct	4	BioGRID;BioPlex_293T;BioPlex_HCT116;IntAct	AP_MS_network_edge;BioGRID_physical;IntAct_binary_expansion_or_pair_record	ap_ms_network_association;curated_pair_association_record		293T;HCT116	"293T affinity-purification mass spectrometry network;Affinity Capture-Luminescence;Affinity Capture-MS;HCT116 affinity-purification mass spectrometry network;psi-mi:""MI:0007""(anti tag coimmunoprecipitation);psi-mi:""MI:0729""(luminescence based mammalian interactome mapping)"	High Throughput;Low Throughput	"physical;physical_association_network;psi-mi:""MI:0914""(association);psi-mi:""MI:0915""(physical association)"		undirected_or_not_applicable		AP_MS_association_not_binary_binding;curated_interaction_record_requires_primary_source_and_complex_expansion_review;curated_physical_database_record_requires_primary_source_interpretation	25036637;33957083;33961781	three_or_more_database_resources	true	0	MITAB_binary_expansion_may_not_be_direct;cell_line_measurement_context;database_record_not_primary_source_review;experimental_system_name_does_not_alone_establish_direct_binding;high_throughput_AP_MS_context;isoform_and_construct_context_require_source_review;network_edge_not_direct_binding;no_pair_specific_publication_identifier_in_local_matrix;query_accession_is_not_bait_direction;single_final_network_presence_not_cell_line_specific_evidence	3	3	focused_primary_review_complete	supports_context_qualified_pair_relationship	physical_association;shared_complex	undirected_or_not_applicable		cellular_complex_not_binary	high_confidence_Hsp70_network_APMS_cellular_association;same_study_cross_cell_line_cellular_APMS_association;tagged_expression_APMS_plus_LUMIER_cellular_association	no_pair_specific_HSP90_assay_in_this_source;no_pair_specific_HSP90_mediation_established	25036637;33957083;33961781	cultured_cell_line	human	whole_cell_or_unspecified_fraction	omics_or_screening_measurement;physical_interaction_or_proximity	close_pair	reviewed_context_qualified	reviewed_neighborhood_relationship	none_v6_253_reviewed_neighborhood_only
DNAJA2::SFXN1	DNAJA2	SFXN1	DNAJA2	3	2	BioGRID;IntAct	2	BioGRID;IntAct	BioGRID_physical;IntAct_binary_expansion_or_pair_record	curated_pair_association_record			"Proximity Label-MS;psi-mi:""MI:1314""(proximity-dependent biotin identification)"	High Throughput	"physical;psi-mi:""MI:2364""(proximity)"		undirected_or_not_applicable		curated_interaction_record_requires_primary_source_and_complex_expansion_review;curated_physical_database_record_requires_primary_source_interpretation	29568061;34079125	two_database_resources	true	0	MITAB_binary_expansion_may_not_be_direct;database_record_not_primary_source_review;experimental_system_name_does_not_alone_establish_direct_binding;isoform_and_construct_context_require_source_review;query_accession_is_not_bait_direction	1	1	focused_primary_review_complete	supports_context_qualified_pair_relationship	physical_association	assay_bait_to_prey_not_biological_direction	SFXN1->DNAJA2	cellular_proximity_not_binary	high_throughput_BioID_proximity_SAINT_threshold_passing	no_pair_specific_HSP90_assay_in_this_source	29568061	cultured_cell_line	human	whole_cell_or_unspecified_fraction	omics_or_screening_measurement;physical_interaction_or_proximity	retain_pair	reviewed_context_qualified	reviewed_neighborhood_relationship	none_v6_253_reviewed_neighborhood_only
DNAJA2::TUBA1A	DNAJA2	TUBA1A	DNAJA2	5	2	BioGRID;IntAct	2	BioGRID;IntAct	BioGRID_physical;IntAct_binary_expansion_or_pair_record	curated_pair_association_record			"Affinity Capture-MS;psi-mi:""MI:0096""(pull down)"	High Throughput	"physical;psi-mi:""MI:0914""(association)"		undirected_or_not_applicable		curated_interaction_record_requires_primary_source_and_complex_expansion_review;curated_physical_database_record_requires_primary_source_interpretation	27291054;29568061	two_database_resources	true	0	MITAB_binary_expansion_may_not_be_direct;database_record_not_primary_source_review;experimental_system_name_does_not_alone_establish_direct_binding;isoform_and_construct_context_require_source_review;query_accession_is_not_bait_direction	1	1	focused_primary_review_complete	supports_context_qualified_pair_relationship	physical_association;shared_complex	assay_bait_to_prey_not_biological_direction	TUBA1A->DNAJA2	tagged_cellular_APMS_co_complex_not_binary	high_throughput_APMS_co_complex_SAINT_threshold_passing	no_pair_specific_HSP90_assay_in_this_source	29568061	cultured_cell_line	human	whole_cell_or_unspecified_fraction	omics_or_screening_measurement;physical_interaction_or_proximity	retain_pair	reviewed_context_qualified	reviewed_neighborhood_relationship	none_v6_253_reviewed_neighborhood_only
DNAJB11::EPHA8	DNAJB11	EPHA8	DNAJB11	3	2	BioGRID;IntAct	2	BioGRID;IntAct	BioGRID_physical;IntAct_binary_expansion_or_pair_record	curated_pair_association_record			"Affinity Capture-MS;Affinity Capture-Western;psi-mi:""MI:0004""(affinity chromatography technology)"	High Throughput;Low Throughput	"physical;psi-mi:""MI:0914""(association)"		undirected_or_not_applicable		curated_interaction_record_requires_primary_source_and_complex_expansion_review;curated_physical_database_record_requires_primary_source_interpretation	35384245	two_database_resources	true	0	MITAB_binary_expansion_may_not_be_direct;database_record_not_primary_source_review;experimental_system_name_does_not_alone_establish_direct_binding;isoform_and_construct_context_require_source_review;query_accession_is_not_bait_direction	1	1	focused_primary_review_complete	supports_context_qualified_pair_relationship	physical_association;shared_complex	undirected_or_not_applicable		cellular_complex_not_binary	high_confidence_cellular_apms_with_targeted_coip_dotblot	no_pair_specific_HSP90_assay_in_this_source	35384245	cultured_cell_line	human	endoplasmic_reticulum;plasma_membrane_or_cell_surface	omics_or_screening_measurement;physical_interaction_or_proximity	close_pair	reviewed_context_qualified	reviewed_neighborhood_relationship	none_v6_253_reviewed_neighborhood_only
DNAJB11::ERBB2	DNAJB11	ERBB2	DNAJB11	4	2	BioGRID;IntAct	2	BioGRID;IntAct	BioGRID_physical;IntAct_binary_expansion_or_pair_record	curated_pair_association_record			"Affinity Capture-MS;Affinity Capture-Western;psi-mi:""MI:0004""(affinity chromatography technology);psi-mi:""MI:0007""(anti tag coimmunoprecipitation)"	High Throughput;Low Throughput	"physical;psi-mi:""MI:0914""(association)"		undirected_or_not_applicable		curated_interaction_record_requires_primary_source_and_complex_expansion_review;curated_physical_database_record_requires_primary_source_interpretation	35384245;38884001	two_database_resources	true	0	MITAB_binary_expansion_may_not_be_direct;database_record_not_primary_source_review;experimental_system_name_does_not_alone_establish_direct_binding;isoform_and_construct_context_require_source_review;query_accession_is_not_bait_direction	1	1	focused_primary_review_complete	supports_context_qualified_pair_relationship	physical_association;shared_complex	undirected_or_not_applicable		cellular_complex_not_binary	high_confidence_cellular_apms_with_targeted_coip_dotblot	no_pair_specific_HSP90_assay_in_this_source	35384245	cultured_cell_line	human	endoplasmic_reticulum;plasma_membrane_or_cell_surface	omics_or_screening_measurement;physical_interaction_or_proximity	close_pair	reviewed_context_qualified	reviewed_neighborhood_relationship	none_v6_253_reviewed_neighborhood_only
DNAJB11::HSPA1A	DNAJB11	HSPA1A	DNAJB11	2	2	BioGRID;HPRD	2	BioGRID;HPRD	BioGRID_physical;legacy_curated_binary_interaction_record	curated_pair_association_record			Affinity Capture-Western;in vitro	Low Throughput	physical;protein_protein_interaction		undirected_or_not_applicable		curated_physical_database_record_requires_primary_source_interpretation;legacy_curated_pair_requires_primary_source_review	11584023	two_database_resources	true	0	database_record_not_primary_source_review;experimental_system_name_does_not_alone_establish_direct_binding;isoform_and_construct_context_require_source_review;legacy_2010_database_snapshot;method_labels_aggregate_publications	1	1	focused_primary_review_complete	database_route_not_supported_by_source		not_applicable		source_gene_identity_unresolved	database_projection_not_supported_by_source	no_HSP90_assay_in_this_source	11584023	cultured_cell_line;purified_or_cell_free	cow;escherichia_coli;human	cytosol	biochemical_or_structural;functional_or_phenotypic_readout;physical_interaction_or_proximity	close_pair	reviewed_database_projection_not_supported	reviewed_neighborhood_exclusion	none_v6_253_reviewed_neighborhood_only
DNAJB11::HSPA5	DNAJB11	HSPA5	DNAJB11	15	4	BioGRID;BioPlex;HPRD;IntAct	4	BioGRID;BioPlex_293T;HPRD_complex;IntAct	AP_MS_network_edge;BioGRID_physical;IntAct_binary_expansion_or_pair_record;legacy_curated_complex_comembership	ap_ms_network_association;curated_complex_comembership;curated_pair_association_record	COM_1469	293T	"293T affinity-purification mass spectrometry network;Affinity Capture-MS;Co-fractionation;Proximity Label-MS;Reconstituted Complex;in vivo;psi-mi:""MI:0007""(anti tag coimmunoprecipitation);psi-mi:""MI:0676""(tandem affinity purification)"	High Throughput;High Throughput|Low Throughput;Low Throughput	"physical;physical_association_network;protein_complex_membership;psi-mi:""MI:0914""(association)"		undirected_or_not_applicable		AP_MS_association_not_binary_binding;curated_interaction_record_requires_primary_source_and_complex_expansion_review;curated_physical_database_record_requires_primary_source_interpretation;legacy_curated_complex_comembership_not_binary_interaction	12475965;21217698;24189400;26085089;26186194;26344197;28514442;33957083;33961781	three_or_more_database_resources	true	0	MITAB_binary_expansion_may_not_be_direct;cell_line_measurement_context;complex_expansion_not_pairwise_binding;database_record_not_primary_source_review;experimental_system_name_does_not_alone_establish_direct_binding;high_throughput_AP_MS_context;isoform_and_construct_context_require_source_review;legacy_2010_database_snapshot;multiple_complex_records_from_one_source_do_not_equal_independent_replication;network_edge_not_direct_binding;no_pair_specific_publication_identifier_in_local_matrix;query_accession_is_not_bait_direction;single_final_network_presence_not_cell_line_specific_evidence	1	1	focused_primary_review_complete	supports_context_qualified_pair_relationship	physical_association;shared_complex	undirected_or_not_applicable		cellular_complex_not_binary	single_peptide_cellular_tap_ms_co_complex	no_pair_specific_HSP90_assay_in_this_source	24189400	cultured_cell_line	human	whole_cell_or_unspecified_fraction	omics_or_screening_measurement;physical_interaction_or_proximity	close_pair	reviewed_context_qualified	reviewed_neighborhood_relationship	none_v6_253_reviewed_neighborhood_only
DNAJB11::IGF1R	DNAJB11	IGF1R	DNAJB11	5	2	BioGRID;IntAct	2	BioGRID;IntAct	BioGRID_physical;IntAct_binary_expansion_or_pair_record	curated_pair_association_record			"Affinity Capture-MS;Affinity Capture-Western;Proximity Label-MS;psi-mi:""MI:0004""(affinity chromatography technology);psi-mi:""MI:1314""(proximity-dependent biotin identification)"	High Throughput;Low Throughput	"physical;psi-mi:""MI:0914""(association);psi-mi:""MI:2364""(proximity)"		undirected_or_not_applicable		curated_interaction_record_requires_primary_source_and_complex_expansion_review;curated_physical_database_record_requires_primary_source_interpretation	35384245	two_database_resources	true	0	MITAB_binary_expansion_may_not_be_direct;database_record_not_primary_source_review;experimental_system_name_does_not_alone_establish_direct_binding;isoform_and_construct_context_require_source_review;query_accession_is_not_bait_direction	1	1	focused_primary_review_complete	supports_context_qualified_pair_relationship	physical_association;shared_complex	undirected_or_not_applicable		cellular_complex_not_binary	high_confidence_cellular_apms_and_bioid_with_targeted_coip_dotblot	no_pair_specific_HSP90_assay_in_this_source	35384245	cultured_cell_line	human	endoplasmic_reticulum;plasma_membrane_or_cell_surface	omics_or_screening_measurement;physical_interaction_or_proximity	close_pair	reviewed_context_qualified	reviewed_neighborhood_relationship	none_v6_253_reviewed_neighborhood_only
DNAJB11::INSR	DNAJB11	INSR	DNAJB11	5	2	BioGRID;IntAct	2	BioGRID;IntAct	BioGRID_physical;IntAct_binary_expansion_or_pair_record	curated_pair_association_record			"Affinity Capture-MS;Affinity Capture-Western;Proximity Label-MS;psi-mi:""MI:0004""(affinity chromatography technology);psi-mi:""MI:1314""(proximity-dependent biotin identification)"	High Throughput;Low Throughput	"physical;psi-mi:""MI:0914""(association);psi-mi:""MI:2364""(proximity)"		undirected_or_not_applicable		curated_interaction_record_requires_primary_source_and_complex_expansion_review;curated_physical_database_record_requires_primary_source_interpretation	35384245	two_database_resources	true	0	MITAB_binary_expansion_may_not_be_direct;database_record_not_primary_source_review;experimental_system_name_does_not_alone_establish_direct_binding;isoform_and_construct_context_require_source_review;query_accession_is_not_bait_direction	1	1	focused_primary_review_complete	supports_context_qualified_pair_relationship	physical_association;shared_complex	undirected_or_not_applicable		cellular_complex_not_binary	high_confidence_cellular_apms_and_bioid_with_targeted_coip_dotblot	no_pair_specific_HSP90_assay_in_this_source	35384245	cultured_cell_line	human	endoplasmic_reticulum;plasma_membrane_or_cell_surface	omics_or_screening_measurement;physical_interaction_or_proximity	close_pair	reviewed_context_qualified	reviewed_neighborhood_relationship	none_v6_253_reviewed_neighborhood_only
DNAJB11::LAMP1	DNAJB11	LAMP1	DNAJB11	4	2	BioGRID;IntAct	2	BioGRID;IntAct	BioGRID_physical;IntAct_binary_expansion_or_pair_record	curated_pair_association_record			"Affinity Capture-MS;Proximity Label-MS;psi-mi:""MI:0096""(pull down);psi-mi:""MI:1314""(proximity-dependent biotin identification)"	High Throughput	"physical;psi-mi:""MI:0914""(association);psi-mi:""MI:2364""(proximity)"		undirected_or_not_applicable		curated_interaction_record_requires_primary_source_and_complex_expansion_review;curated_physical_database_record_requires_primary_source_interpretation	29568061	two_database_resources	true	0	MITAB_binary_expansion_may_not_be_direct;database_record_not_primary_source_review;experimental_system_name_does_not_alone_establish_direct_binding;isoform_and_construct_context_require_source_review;query_accession_is_not_bait_direction	1	1	focused_primary_review_complete	supports_context_qualified_pair_relationship	physical_association	assay_bait_to_prey_not_biological_direction	LAMP1->DNAJB11	cellular_proximity_not_binary	BioID_proximity_plus_threshold_edge_APMS_signal	no_pair_specific_HSP90_assay_in_this_source	29568061	cultured_cell_line	human	whole_cell_or_unspecified_fraction	omics_or_screening_measurement;physical_interaction_or_proximity	close_pair	reviewed_context_qualified	reviewed_neighborhood_relationship	none_v6_253_reviewed_neighborhood_only
DNAJB11::MET	DNAJB11	MET	DNAJB11	5	2	BioGRID;IntAct	2	BioGRID;IntAct	BioGRID_physical;IntAct_binary_expansion_or_pair_record	curated_pair_association_record			"Affinity Capture-MS;Affinity Capture-Western;Proximity Label-MS;psi-mi:""MI:0004""(affinity chromatography technology);psi-mi:""MI:1314""(proximity-dependent biotin identification)"	High Throughput;Low Throughput	"physical;psi-mi:""MI:0914""(association);psi-mi:""MI:2364""(proximity)"		undirected_or_not_applicable		curated_interaction_record_requires_primary_source_and_complex_expansion_review;curated_physical_database_record_requires_primary_source_interpretation	35384245	two_database_resources	true	0	MITAB_binary_expansion_may_not_be_direct;database_record_not_primary_source_review;experimental_system_name_does_not_alone_establish_direct_binding;isoform_and_construct_context_require_source_review;query_accession_is_not_bait_direction	1	1	focused_primary_review_complete	supports_context_qualified_pair_relationship	physical_association;shared_complex	undirected_or_not_applicable		cellular_complex_not_binary	high_confidence_cellular_apms_and_bioid_with_targeted_coip_dotblot	no_pair_specific_HSP90_assay_in_this_source	35384245	cultured_cell_line	human	endoplasmic_reticulum;plasma_membrane_or_cell_surface	omics_or_screening_measurement;physical_interaction_or_proximity	close_pair	reviewed_context_qualified	reviewed_neighborhood_relationship	none_v6_253_reviewed_neighborhood_only
DNAJB11::MYC	DNAJB11	MYC	DNAJB11	5	2	BioGRID;IntAct	2	BioGRID;IntAct	BioGRID_physical;IntAct_binary_expansion_or_pair_record	curated_pair_association_record			"Affinity Capture-MS;psi-mi:""MI:0007""(anti tag coimmunoprecipitation);psi-mi:""MI:0676""(tandem affinity purification)"	High Throughput;Low Throughput	"physical;psi-mi:""MI:0914""(association)"		undirected_or_not_applicable		curated_interaction_record_requires_primary_source_and_complex_expansion_review;curated_physical_database_record_requires_primary_source_interpretation	21150319;29467282;35013218;38884001	two_database_resources	true	0	MITAB_binary_expansion_may_not_be_direct;database_record_not_primary_source_review;experimental_system_name_does_not_alone_establish_direct_binding;isoform_and_construct_context_require_source_review;query_accession_is_not_bait_direction	4	4	recheck_required	database_route_not_supported_by_source;inconclusive_or_recheck_required;supports_context_qualified_pair_relationship	physical_association;shared_complex	not_applicable;undirected_or_not_applicable		cellular_nuclear_extract_complex_not_binary;cellular_or_lysate_complex_not_binary;exact_pair_result_not_local_for_MYC_GFP_affinity_MS;source_high_confidence_pair_not_supported	database_projection_not_supported_by_source;source_route_unconfirmed_at_exact_pair_level;source_table_affinity_proteomics_association_without_pair_validation;weak_source_specific_HaloMS_association	no_pair_specific_HSP90_assay_in_this_source;no_pair_specific_HSP90_mediation_confirmed_in_local_source;no_pair_specific_HSP90_mediation_established	21150319;29467282;35013218;38884001	computational_or_database;cultured_cell_line	human	nucleus_or_chromatin;whole_cell_or_unspecified_fraction	computational_or_secondary_context;methods_or_source_object_only;omics_or_screening_measurement;physical_interaction_or_proximity	retain_pair	reviewed_mixed	reviewed_neighborhood_mixed	none_v6_253_reviewed_neighborhood_only
DNAJB11::NTRK3	DNAJB11	NTRK3	DNAJB11	3	2	BioGRID;IntAct	2	BioGRID;IntAct	BioGRID_physical;IntAct_binary_expansion_or_pair_record	curated_pair_association_record			"Affinity Capture-MS;Affinity Capture-Western;psi-mi:""MI:0004""(affinity chromatography technology)"	High Throughput;Low Throughput	"physical;psi-mi:""MI:0914""(association)"		undirected_or_not_applicable		curated_interaction_record_requires_primary_source_and_complex_expansion_review;curated_physical_database_record_requires_primary_source_interpretation	35384245	two_database_resources	true	0	MITAB_binary_expansion_may_not_be_direct;database_record_not_primary_source_review;experimental_system_name_does_not_alone_establish_direct_binding;isoform_and_construct_context_require_source_review;query_accession_is_not_bait_direction	1	1	focused_primary_review_complete	supports_context_qualified_pair_relationship	physical_association;shared_complex	undirected_or_not_applicable		cellular_complex_not_binary	high_confidence_cellular_apms_with_KD_bioid_and_targeted_coip_dotblot	no_pair_specific_HSP90_assay_in_this_source	35384245	cultured_cell_line	human	endoplasmic_reticulum;plasma_membrane_or_cell_surface	omics_or_screening_measurement;physical_interaction_or_proximity	close_pair	reviewed_context_qualified	reviewed_neighborhood_relationship	none_v6_253_reviewed_neighborhood_only
DNAJB11::TUBA1A	DNAJB11	TUBA1A	DNAJB11	9	3	BioGRID;BioPlex;IntAct	3	BioGRID;BioPlex_HCT116;IntAct	AP_MS_network_edge;BioGRID_physical;IntAct_binary_expansion_or_pair_record	ap_ms_network_association;curated_pair_association_record		HCT116	"Affinity Capture-MS;HCT116 affinity-purification mass spectrometry network;psi-mi:""MI:0007""(anti tag coimmunoprecipitation);psi-mi:""MI:0096""(pull down)"	High Throughput	"physical;physical_association_network;psi-mi:""MI:0914""(association)"		undirected_or_not_applicable		AP_MS_association_not_binary_binding;curated_interaction_record_requires_primary_source_and_complex_expansion_review;curated_physical_database_record_requires_primary_source_interpretation	26186194;27291054;28514442;29568061;33961781	three_or_more_database_resources	true	0	MITAB_binary_expansion_may_not_be_direct;cell_line_measurement_context;database_record_not_primary_source_review;experimental_system_name_does_not_alone_establish_direct_binding;high_throughput_AP_MS_context;isoform_and_construct_context_require_source_review;network_edge_not_direct_binding;no_pair_specific_publication_identifier_in_local_matrix;query_accession_is_not_bait_direction;single_final_network_presence_not_cell_line_specific_evidence	1	1	focused_primary_review_complete	supports_context_qualified_pair_relationship	physical_association;shared_complex	assay_bait_to_prey_not_biological_direction	TUBA1A->DNAJB11	tagged_cellular_APMS_co_complex_not_binary	high_throughput_APMS_co_complex_with_topology_conflict	no_pair_specific_HSP90_assay_in_this_source	29568061	cultured_cell_line	human	whole_cell_or_unspecified_fraction	omics_or_screening_measurement;physical_interaction_or_proximity	retain_pair	reviewed_context_qualified	reviewed_neighborhood_relationship	none_v6_253_reviewed_neighborhood_only
DNAJB6::FKBP5	DNAJB6	FKBP5	FKBP5	4	2	BioGRID;IntAct	2	BioGRID;IntAct	BioGRID_physical;IntAct_binary_expansion_or_pair_record	curated_pair_association_record			"Affinity Capture-Luminescence;Affinity Capture-MS;psi-mi:""MI:0007""(anti tag coimmunoprecipitation)"	High Throughput;Low Throughput	"physical;psi-mi:""MI:0914""(association)"		undirected_or_not_applicable		curated_interaction_record_requires_primary_source_and_complex_expansion_review;curated_physical_database_record_requires_primary_source_interpretation	25036637;35271311	two_database_resources	true	0	MITAB_binary_expansion_may_not_be_direct;database_record_not_primary_source_review;experimental_system_name_does_not_alone_establish_direct_binding;isoform_and_construct_context_require_source_review;query_accession_is_not_bait_direction	2	2	focused_primary_review_complete	supports_context_qualified_pair_relationship	physical_association;shared_complex	undirected_or_not_applicable		cellular_complex_not_binary	replicated_cellular_affinity_capture_association	no_pair_specific_HSP90_mediation_established	25036637;35271311	cultured_cell_line	human	whole_cell_or_unspecified_fraction	omics_or_screening_measurement;physical_interaction_or_proximity	close_pair	reviewed_context_qualified	reviewed_neighborhood_relationship	none_v6_253_reviewed_neighborhood_only
DNAJB6::STIP1	DNAJB6	STIP1	STIP1	5	2	BioGRID;IntAct	2	BioGRID;IntAct	BioGRID_physical;IntAct_binary_expansion_or_pair_record	curated_pair_association_record			"Affinity Capture-Luminescence;Affinity Capture-MS;psi-mi:""MI:0007""(anti tag coimmunoprecipitation)"	High Throughput;Low Throughput	"physical;psi-mi:""MI:0914""(association)"		undirected_or_not_applicable		curated_interaction_record_requires_primary_source_and_complex_expansion_review;curated_physical_database_record_requires_primary_source_interpretation	25036637;33239621;35271311	two_database_resources	true	0	MITAB_binary_expansion_may_not_be_direct;database_record_not_primary_source_review;experimental_system_name_does_not_alone_establish_direct_binding;isoform_and_construct_context_require_source_review;query_accession_is_not_bait_direction	1	1	focused_primary_review_complete	supports_context_qualified_pair_relationship	shared_complex	undirected_or_not_applicable		cellular_complex_not_binary	high_confidence_cellular_apms_co_complex	cytosolic_hsp90_unresolved	33239621	cultured_cell_line	human	whole_cell_or_unspecified_fraction	omics_or_screening_measurement;physical_interaction_or_proximity	close_pair	reviewed_context_qualified	reviewed_neighborhood_relationship	none_v6_253_reviewed_neighborhood_only
DNAJB6::STUB1	DNAJB6	STUB1	STUB1	6	2	BioGRID;IntAct	2	BioGRID;IntAct	BioGRID_physical;IntAct_binary_expansion_or_pair_record	curated_pair_association_record			"Affinity Capture-Luminescence;Affinity Capture-MS;Affinity Capture-Western;psi-mi:""MI:0007""(anti tag coimmunoprecipitation)"	High Throughput;Low Throughput	"physical;psi-mi:""MI:0914""(association)"		undirected_or_not_applicable		curated_interaction_record_requires_primary_source_and_complex_expansion_review;curated_physical_database_record_requires_primary_source_interpretation	22366786;25036637;33957083;35271311	two_database_resources	true	0	MITAB_binary_expansion_may_not_be_direct;database_record_not_primary_source_review;experimental_system_name_does_not_alone_establish_direct_binding;isoform_and_construct_context_require_source_review;query_accession_is_not_bait_direction	1	1	focused_primary_review_complete	supports_context_qualified_pair_relationship	physical_association;shared_complex	undirected_or_not_applicable		cellular_complex_not_binary	high_confidence_cellular_apms_co_complex	no_pair_specific_HSP90_assay_in_this_source	25036637	cultured_cell_line	human	whole_cell_or_unspecified_fraction	omics_or_screening_measurement;physical_interaction_or_proximity	close_pair	reviewed_context_qualified	reviewed_neighborhood_relationship	none_v6_253_reviewed_neighborhood_only
DNAJC13::STUB1	DNAJC13	STUB1	STUB1	6	3	BioGRID;BioPlex;IntAct	4	BioGRID;BioPlex_293T;BioPlex_HCT116;IntAct	AP_MS_network_edge;BioGRID_physical;IntAct_binary_expansion_or_pair_record	ap_ms_network_association;curated_pair_association_record		293T;HCT116	"293T affinity-purification mass spectrometry network;Affinity Capture-MS;HCT116 affinity-purification mass spectrometry network;psi-mi:""MI:0007""(anti tag coimmunoprecipitation)"	High Throughput;Low Throughput	"physical;physical_association_network;psi-mi:""MI:0914""(association)"		undirected_or_not_applicable		AP_MS_association_not_binary_binding;curated_interaction_record_requires_primary_source_and_complex_expansion_review;curated_physical_database_record_requires_primary_source_interpretation	15538384;33961781	three_or_more_database_resources	true	0	MITAB_binary_expansion_may_not_be_direct;cell_line_measurement_context;database_record_not_primary_source_review;experimental_system_name_does_not_alone_establish_direct_binding;high_throughput_AP_MS_context;isoform_and_construct_context_require_source_review;network_edge_not_direct_binding;no_pair_specific_publication_identifier_in_local_matrix;query_accession_is_not_bait_direction;single_final_network_presence_not_cell_line_specific_evidence	1	1	focused_primary_review_complete	supports_context_qualified_pair_relationship	physical_association;shared_complex	undirected_or_not_applicable		tagged_bait_APMS_association_not_binary_binding	BioPlex3_cross_cell_line_single_direction_cellular_APMS_association	no_pair_specific_HSP90_assay_in_this_source	33961781	cultured_cell_line	human	whole_cell_or_unspecified_fraction	omics_or_screening_measurement;physical_interaction_or_proximity	retain_pair	reviewed_context_qualified	reviewed_neighborhood_relationship	none_v6_253_reviewed_neighborhood_only
DNAJC7::HSPA1A	DNAJC7	HSPA1A	DNAJC7	6	2	BioGRID;IntAct	2	BioGRID;IntAct	BioGRID_physical;IntAct_binary_expansion_or_pair_record	curated_pair_association_record			"Affinity Capture-MS;Proximity Label-MS;Reconstituted Complex;psi-mi:""MI:0007""(anti tag coimmunoprecipitation)"	High Throughput;Low Throughput	"physical;psi-mi:""MI:0914""(association)"		undirected_or_not_applicable		curated_interaction_record_requires_primary_source_and_complex_expansion_review;curated_physical_database_record_requires_primary_source_interpretation	12853476;26496610;32687490;33957083	two_database_resources	true	0	MITAB_binary_expansion_may_not_be_direct;database_record_not_primary_source_review;experimental_system_name_does_not_alone_establish_direct_binding;isoform_and_construct_context_require_source_review;query_accession_is_not_bait_direction	2	2	focused_primary_review_complete	supports_context_qualified_pair_relationship	chaperone_cycle_component;physical_association;shared_complex	undirected_or_not_applicable		cellular_complex_not_binary;engineered_cellular_UBAIT_or_BioID_association_not_purified_binary_binding	same_study_reciprocal_high_confidence_Hsp70_APMS_cellular_association;source_internal_orthogonal_BioID_and_partial_UBAIT_association	no_pair_specific_HSP90_assay_in_this_source	32687490;33957083	cultured_cell_line	human	whole_cell_or_unspecified_fraction	omics_or_screening_measurement;physical_interaction_or_proximity	retain_pair	reviewed_context_qualified	reviewed_neighborhood_relationship	none_v6_253_reviewed_neighborhood_only
DNAJC7::HSPA1L	DNAJC7	HSPA1L	DNAJC7	8	2	BioGRID;IntAct	2	BioGRID;IntAct	BioGRID_physical;IntAct_binary_expansion_or_pair_record	curated_pair_association_record			"Affinity Capture-Luminescence;Affinity Capture-MS;Cross-Linking-MS (XL-MS);Proximity Label-MS;psi-mi:""MI:0007""(anti tag coimmunoprecipitation)"	High Throughput;Low Throughput	"physical;psi-mi:""MI:0915""(physical association)"		undirected_or_not_applicable		curated_interaction_record_requires_primary_source_and_complex_expansion_review;curated_physical_database_record_requires_primary_source_interpretation	25036637;33957083;35271311;41387687	two_database_resources	true	0	MITAB_binary_expansion_may_not_be_direct;database_record_not_primary_source_review;experimental_system_name_does_not_alone_establish_direct_binding;isoform_and_construct_context_require_source_review;query_accession_is_not_bait_direction	3	3	focused_primary_review_complete	supports_context_qualified_pair_relationship	physical_association;shared_complex	undirected_or_not_applicable		cellular_complex_not_binary;single_bait_endogenous_tag_IPMS_not_binary	OpenCell_endogenous_tag_triplicate_IPMS_association;same_study_reciprocal_high_confidence_Hsp70_APMS_plus_one_orientation_BioID_cellular_association;tagged_expression_duplicate_APMS_cellular_association_without_source_LUMIER_row	no_pair_specific_HSP90_assay_in_this_source;no_pair_specific_HSP90_mediation_established	25036637;33957083;35271311	cultured_cell_line	human	whole_cell_or_unspecified_fraction	omics_or_screening_measurement;physical_interaction_or_proximity	retain_pair	reviewed_context_qualified	reviewed_neighborhood_relationship	none_v6_253_reviewed_neighborhood_only
DNAJC7::HSPA8	DNAJC7	HSPA8	DNAJC7	15	2	BioGRID;IntAct	2	BioGRID;IntAct	BioGRID_physical;IntAct_binary_expansion_or_pair_record	curated_pair_association_record			"Affinity Capture-MS;Affinity Capture-Western;Co-fractionation;Cross-Linking-MS (XL-MS);Proximity Label-MS;Reconstituted Complex;psi-mi:""MI:0007""(anti tag coimmunoprecipitation);psi-mi:""MI:0096""(pull down);psi-mi:""MI:1314""(proximity-dependent biotin identification)"	High Throughput;Low Throughput	"physical;psi-mi:""MI:0914""(association);psi-mi:""MI:2364""(proximity)"		undirected_or_not_applicable		curated_interaction_record_requires_primary_source_and_complex_expansion_review;curated_physical_database_record_requires_primary_source_interpretation	10567422;25864199;26496610;27684187;29568061;32687490;33957083;35271311;35831314;41387687	two_database_resources	true	0	MITAB_binary_expansion_may_not_be_direct;database_record_not_primary_source_review;experimental_system_name_does_not_alone_establish_direct_binding;isoform_and_construct_context_require_source_review;query_accession_is_not_bait_direction	5	5	focused_primary_review_complete	supports_context_qualified_pair_relationship;supports_pair_relationship	chaperone_cycle_component;physical_association;shared_complex	assay_bait_to_prey_not_biological_direction;undirected_or_not_applicable	HSPA8->DNAJC7	cellular_complex_not_binary;cellular_proximity_not_binary;classifier_inferred_endogenous_coelution_association_not_binary_binding;engineered_cellular_UBAIT_or_BioID_association_not_purified_binary_binding;single_bait_endogenous_tag_IPMS_not_binary	BioID_proximity_plus_threshold_edge_APMS_signal;EPIC_cofractionation_association_above_0.625_in_at_least_one_cell_line;OpenCell_endogenous_tag_triplicate_IPMS_association;high_confidence_Hsp70_network_APMS_cellular_association;source_internal_replicated_UBAIT_plus_variant_sensitive_association	no_HSP90_assay_for_this_pair_in_source;no_pair_specific_HSP90_assay_in_this_source;no_pair_specific_HSP90_mediation_established	29568061;32687490;33957083;35271311;35831314	cultured_cell_line	human	whole_cell_or_unspecified_fraction	omics_or_screening_measurement;physical_interaction_or_proximity	retain_pair	reviewed_mixed	reviewed_neighborhood_mixed	none_v6_253_reviewed_neighborhood_only
DNAJC7::HUS1	DNAJC7	HUS1	DNAJC7	2	2	BioGRID;HPRD	2	BioGRID;HPRD	BioGRID_physical;legacy_curated_binary_interaction_record	curated_pair_association_record			Affinity Capture-Western;in vitro;in vivo	Low Throughput	physical;protein_protein_interaction		undirected_or_not_applicable		curated_physical_database_record_requires_primary_source_interpretation;legacy_curated_pair_requires_primary_source_review	11573955	two_database_resources	true	0	database_record_not_primary_source_review;experimental_system_name_does_not_alone_establish_direct_binding;isoform_and_construct_context_require_source_review;legacy_2010_database_snapshot;method_labels_aggregate_publications	1	1	focused_primary_review_complete	supports_context_qualified_pair_relationship	physical_association;shared_complex	undirected_or_not_applicable		tagged_cellular_complex_plus_reticulocyte_lysate_pull_down_not_purified_binary	one_study_tagged_cellular_coIP_plus_reticulocyte_lysate_pull_down_data_not_shown	no_HSP90_assay_in_this_source	11573955	cultured_cell_line;purified_or_cell_free	african_green_monkey;escherichia_coli;human;rabbit	whole_cell_or_unspecified_fraction	biochemical_or_structural;physical_interaction_or_proximity	close_pair	reviewed_context_qualified	reviewed_neighborhood_relationship	none_v6_253_reviewed_neighborhood_only
DNAJC7::RAD1	DNAJC7	RAD1	DNAJC7	2	2	BioGRID;HPRD	2	BioGRID;HPRD	BioGRID_physical;legacy_curated_binary_interaction_record	curated_pair_association_record			Affinity Capture-Western;in vitro;in vivo	Low Throughput	physical;protein_protein_interaction		undirected_or_not_applicable		curated_physical_database_record_requires_primary_source_interpretation;legacy_curated_pair_requires_primary_source_review	11573955	two_database_resources	true	0	database_record_not_primary_source_review;experimental_system_name_does_not_alone_establish_direct_binding;isoform_and_construct_context_require_source_review;legacy_2010_database_snapshot;method_labels_aggregate_publications	1	1	focused_primary_review_complete	supports_context_qualified_pair_relationship	physical_association;shared_complex	undirected_or_not_applicable		tagged_cellular_complex_plus_reticulocyte_lysate_pull_down_not_purified_binary	one_study_tagged_cellular_coIP_plus_reticulocyte_lysate_pull_down_data_not_shown	no_HSP90_assay_in_this_source	11573955	cultured_cell_line;purified_or_cell_free	african_green_monkey;escherichia_coli;human;rabbit	whole_cell_or_unspecified_fraction	biochemical_or_structural;physical_interaction_or_proximity	close_pair	reviewed_context_qualified	reviewed_neighborhood_relationship	none_v6_253_reviewed_neighborhood_only
DNAJC7::RAD9A	DNAJC7	RAD9A	DNAJC7	3	2	BioGRID;HPRD	2	BioGRID;HPRD	BioGRID_physical;legacy_curated_binary_interaction_record	curated_pair_association_record			Affinity Capture-Western;Reconstituted Complex;in vitro;in vivo	Low Throughput	physical;protein_protein_interaction		undirected_or_not_applicable		curated_physical_database_record_requires_primary_source_interpretation;legacy_curated_pair_requires_primary_source_review	11573955	two_database_resources	true	0	database_record_not_primary_source_review;experimental_system_name_does_not_alone_establish_direct_binding;isoform_and_construct_context_require_source_review;legacy_2010_database_snapshot;method_labels_aggregate_publications	1	1	focused_primary_review_complete	supports_pair_relationship	physical_association;shared_complex	undirected_or_not_applicable		heterologous_binary_reporter_plus_tagged_cellular_complex_and_reticulocyte_lysate_pull_down_not_purified_binary	one_study_heterologous_Y2H_plus_tagged_cellular_coIP_and_reticulocyte_lysate_pull_down	no_HSP90_assay_in_this_source	11573955	cultured_cell_line;purified_or_cell_free	african_green_monkey;budding_yeast;escherichia_coli;human;rabbit	cytosol;nucleus_or_chromatin;whole_cell_or_unspecified_fraction	biochemical_or_structural;localization_trafficking_or_secretion;physical_interaction_or_proximity	close_pair	reviewed_supported	reviewed_neighborhood_relationship	none_v6_253_reviewed_neighborhood_only
DNAJC7::TP53	DNAJC7	TP53	DNAJC7	10	3	BioGRID;BioPlex;IntAct	3	BioGRID;BioPlex_HCT116;IntAct	AP_MS_network_edge;BioGRID_genetic;BioGRID_physical;IntAct_binary_expansion_or_pair_record	ap_ms_network_association;curated_genetic_interaction_record;curated_pair_association_record		HCT116	"Affinity Capture-MS;HCT116 affinity-purification mass spectrometry network;Phenotypic Enhancement;Proximity Label-MS;Synthetic Growth Defect;Two-hybrid;psi-mi:""MI:0004""(affinity chromatography technology);psi-mi:""MI:0007""(anti tag coimmunoprecipitation)"	High Throughput;Low Throughput	"genetic;physical;physical_association_network;psi-mi:""MI:0914""(association)"		undirected_or_not_applicable		AP_MS_association_not_binary_binding;curated_genetic_interaction_record_not_physical_binding;curated_interaction_record_requires_primary_source_and_complex_expansion_review;curated_physical_database_record_requires_primary_source_interpretation	23261415;33961781;34591612;35140242;38580884	three_or_more_database_resources	true	0	MITAB_binary_expansion_may_not_be_direct;cell_line_measurement_context;database_record_not_primary_source_review;experimental_system_name_does_not_alone_establish_direct_binding;high_throughput_AP_MS_context;isoform_and_construct_context_require_source_review;network_edge_not_direct_binding;no_pair_specific_publication_identifier_in_local_matrix;query_accession_is_not_bait_direction;single_final_network_presence_not_cell_line_specific_evidence	1	1	focused_primary_review_complete	supports_context_qualified_pair_relationship	physical_association;shared_complex	undirected_or_not_applicable		tagged_bait_APMS_association_not_binary_binding	BioPlex3_single_direction_HCT116_cellular_APMS_association	no_pair_specific_HSP90_assay_in_this_source	33961781	cultured_cell_line	human	whole_cell_or_unspecified_fraction	omics_or_screening_measurement;physical_interaction_or_proximity	retain_pair	reviewed_context_qualified	reviewed_neighborhood_relationship	none_v6_253_reviewed_neighborhood_only
EGFR::FKBP4	EGFR	FKBP4	FKBP4	3	2	BioGRID;IntAct	2	BioGRID;IntAct	BioGRID_physical;IntAct_binary_expansion_or_pair_record	curated_pair_association_record			"PCA;psi-mi:""MI:0112""(ubiquitin reconstruction)"	Low Throughput	"physical;psi-mi:""MI:0915""(physical association)"		undirected_or_not_applicable		curated_interaction_record_requires_primary_source_and_complex_expansion_review;curated_physical_database_record_requires_primary_source_interpretation	20029029;31980649	two_database_resources	true	0	MITAB_binary_expansion_may_not_be_direct;database_record_not_primary_source_review;experimental_system_name_does_not_alone_establish_direct_binding;isoform_and_construct_context_require_source_review;query_accession_is_not_bait_direction	1	1	focused_primary_review_complete	supports_context_qualified_pair_relationship	physical_association	undirected_or_not_applicable		heterologous_membrane_reporter_association_not_native_binary	single_heterologous_membrane_reporter_association	no_pair_specific_HSP90_assay_in_this_source	20029029	cultured_cell_line	budding_yeast;human	plasma_membrane_or_cell_surface	omics_or_screening_measurement;physical_interaction_or_proximity	close_pair	reviewed_context_qualified	reviewed_neighborhood_relationship	none_v6_253_reviewed_neighborhood_only
EGFR::FKBP5	EGFR	FKBP5	FKBP5	2	2	BioGRID;IntAct	2	BioGRID;IntAct	BioGRID_physical;IntAct_binary_expansion_or_pair_record	curated_pair_association_record			"Affinity Capture-MS;psi-mi:""MI:0729""(luminescence based mammalian interactome mapping)"	Low Throughput	"physical;psi-mi:""MI:0915""(physical association)"		undirected_or_not_applicable		curated_interaction_record_requires_primary_source_and_complex_expansion_review;curated_physical_database_record_requires_primary_source_interpretation	25036637;34591612	two_database_resources	true	0	MITAB_binary_expansion_may_not_be_direct;database_record_not_primary_source_review;experimental_system_name_does_not_alone_establish_direct_binding;isoform_and_construct_context_require_source_review;query_accession_is_not_bait_direction	1	1	focused_primary_review_complete	database_route_not_supported_by_source		not_applicable		no_source_level_positive_pair_measurement	database_projection_not_supported_by_source_threshold	no_pair_specific_HSP90_mediation_established	25036637	cultured_cell_line	human	whole_cell_or_unspecified_fraction	methods_or_source_object_only;omics_or_screening_measurement	retain_pair	reviewed_database_projection_not_supported	reviewed_neighborhood_exclusion	none_v6_253_reviewed_neighborhood_only
EGFR::PPP5C	EGFR	PPP5C	PPP5C	3	2	BioGRID;IntAct	2	BioGRID;IntAct	BioGRID_physical;IntAct_binary_expansion_or_pair_record	curated_pair_association_record			"PCA;psi-mi:""MI:0112""(ubiquitin reconstruction)"	Low Throughput	"physical;psi-mi:""MI:0915""(physical association)"		undirected_or_not_applicable		curated_interaction_record_requires_primary_source_and_complex_expansion_review;curated_physical_database_record_requires_primary_source_interpretation	20029029;31980649	two_database_resources	true	0	MITAB_binary_expansion_may_not_be_direct;database_record_not_primary_source_review;experimental_system_name_does_not_alone_establish_direct_binding;isoform_and_construct_context_require_source_review;query_accession_is_not_bait_direction	1	1	focused_primary_review_complete	supports_context_qualified_pair_relationship	physical_association	undirected_or_not_applicable		heterologous_membrane_reporter_association_not_native_binary	single_heterologous_membrane_reporter_association	no_pair_specific_HSP90_assay_in_this_source	20029029	cultured_cell_line	budding_yeast;human	plasma_membrane_or_cell_surface	omics_or_screening_measurement;physical_interaction_or_proximity	close_pair	reviewed_context_qualified	reviewed_neighborhood_relationship	none_v6_253_reviewed_neighborhood_only
EGFR::STIP1	EGFR	STIP1	STIP1	4	2	BioGRID;IntAct	2	BioGRID;IntAct	BioGRID_physical;IntAct_binary_expansion_or_pair_record	curated_pair_association_record			"PCA;psi-mi:""MI:0007""(anti tag coimmunoprecipitation);psi-mi:""MI:0112""(ubiquitin reconstruction)"	Low Throughput	"physical;psi-mi:""MI:0915""(physical association)"		undirected_or_not_applicable		curated_interaction_record_requires_primary_source_and_complex_expansion_review;curated_physical_database_record_requires_primary_source_interpretation	20029029;31980649	two_database_resources	true	0	MITAB_binary_expansion_may_not_be_direct;database_record_not_primary_source_review;experimental_system_name_does_not_alone_establish_direct_binding;isoform_and_construct_context_require_source_review;query_accession_is_not_bait_direction	1	1	focused_primary_review_complete	supports_context_qualified_pair_relationship	physical_association;shared_complex	undirected_or_not_applicable		heterologous_membrane_reporter_plus_cellular_co_complex_not_purified	heterologous_membrane_reporter_plus_cellular_coip	no_pair_specific_HSP90_assay_in_this_source	20029029	cultured_cell_line	budding_yeast;human	plasma_membrane_or_cell_surface	omics_or_screening_measurement;physical_interaction_or_proximity	close_pair	reviewed_context_qualified	reviewed_neighborhood_relationship	none_v6_253_reviewed_neighborhood_only
EGFR::STUB1	EGFR	STUB1	STUB1	15	2	BioGRID;IntAct	2	BioGRID;IntAct	BioGRID_physical;IntAct_binary_expansion_or_pair_record	curated_pair_association_record			"Affinity Capture-Luminescence;Affinity Capture-Western;Biochemical Activity;PCA;Two-hybrid;psi-mi:""MI:0007""(anti tag coimmunoprecipitation);psi-mi:""MI:0112""(ubiquitin reconstruction)"	High Throughput;Low Throughput	"physical;psi-mi:""MI:0915""(physical association)"		undirected_or_not_applicable		curated_interaction_record_requires_primary_source_and_complex_expansion_review;curated_physical_database_record_requires_primary_source_interpretation	20029029;24658140;24722501;25402006;27475501;31980649;33775711	two_database_resources	true	0	MITAB_binary_expansion_may_not_be_direct;database_record_not_primary_source_review;experimental_system_name_does_not_alone_establish_direct_binding;isoform_and_construct_context_require_source_review;query_accession_is_not_bait_direction	1	1	focused_primary_review_complete	supports_context_qualified_pair_relationship	physical_association	undirected_or_not_applicable		heterologous_membrane_reporter_association_not_native_binary	single_heterologous_membrane_reporter_association	no_pair_specific_HSP90_assay_in_this_source	20029029	cultured_cell_line	budding_yeast;human	plasma_membrane_or_cell_surface	omics_or_screening_measurement;physical_interaction_or_proximity	close_pair	reviewed_context_qualified	reviewed_neighborhood_relationship	none_v6_253_reviewed_neighborhood_only
EGLN1::FKBP5	EGLN1	FKBP5	FKBP5	4	2	BioGRID;IntAct	2	BioGRID;IntAct	BioGRID_physical;IntAct_binary_expansion_or_pair_record	curated_pair_association_record			"Affinity Capture-Luminescence;Affinity Capture-MS;psi-mi:""MI:0007""(anti tag coimmunoprecipitation)"	High Throughput;Low Throughput	"physical;psi-mi:""MI:0914""(association)"		undirected_or_not_applicable		curated_interaction_record_requires_primary_source_and_complex_expansion_review;curated_physical_database_record_requires_primary_source_interpretation	25036637;31763849	two_database_resources	true	0	MITAB_binary_expansion_may_not_be_direct;database_record_not_primary_source_review;experimental_system_name_does_not_alone_establish_direct_binding;isoform_and_construct_context_require_source_review;query_accession_is_not_bait_direction	1	1	focused_primary_review_complete	supports_context_qualified_pair_relationship	physical_association;shared_complex	undirected_or_not_applicable		cellular_complex_not_binary	tagged_expression_duplicate_APMS_cellular_association_without_source_LUMIER_row	no_pair_specific_HSP90_mediation_established	25036637	cultured_cell_line	human	whole_cell_or_unspecified_fraction	omics_or_screening_measurement;physical_interaction_or_proximity	retain_pair	reviewed_context_qualified	reviewed_neighborhood_relationship	none_v6_253_reviewed_neighborhood_only
EGLN1::PTGES3	EGLN1	PTGES3	PTGES3	12	3	BioGRID;BioPlex;IntAct	4	BioGRID;BioPlex_293T;BioPlex_HCT116;IntAct	AP_MS_network_edge;BioGRID_physical;IntAct_binary_expansion_or_pair_record	ap_ms_network_association;curated_pair_association_record		293T;HCT116	"293T affinity-purification mass spectrometry network;Affinity Capture-MS;Affinity Capture-Western;HCT116 affinity-purification mass spectrometry network;psi-mi:""MI:0007""(anti tag coimmunoprecipitation)"	High Throughput;Low Throughput	"physical;physical_association_network;psi-mi:""MI:0914""(association)"		undirected_or_not_applicable		AP_MS_association_not_binary_binding;curated_interaction_record_requires_primary_source_and_complex_expansion_review;curated_physical_database_record_requires_primary_source_interpretation	23413029;24711448;31763849;33961781;35271311	three_or_more_database_resources	true	0	MITAB_binary_expansion_may_not_be_direct;cell_line_measurement_context;database_record_not_primary_source_review;experimental_system_name_does_not_alone_establish_direct_binding;high_throughput_AP_MS_context;isoform_and_construct_context_require_source_review;network_edge_not_direct_binding;no_pair_specific_publication_identifier_in_local_matrix;query_accession_is_not_bait_direction;single_final_network_presence_not_cell_line_specific_evidence	2	2	focused_primary_review_complete	supports_context_qualified_pair_relationship	physical_association;shared_complex	undirected_or_not_applicable		single_bait_endogenous_tag_IPMS_not_binary;tagged_bait_APMS_association_not_binary_binding	BioPlex3_cross_cell_line_single_direction_cellular_APMS_association;OpenCell_endogenous_tag_triplicate_IPMS_association	no_pair_specific_HSP90_assay_in_this_source;no_pair_specific_HSP90_mediation_established	33961781;35271311	cultured_cell_line	human	whole_cell_or_unspecified_fraction	omics_or_screening_measurement;physical_interaction_or_proximity	retain_pair	reviewed_context_qualified	reviewed_neighborhood_relationship	none_v6_253_reviewed_neighborhood_only
EIF2AK2::PTGES3	EIF2AK2	PTGES3	PTGES3	2	2	BioGRID;HPRD	2	BioGRID;HPRD	BioGRID_physical;legacy_curated_binary_interaction_record	curated_pair_association_record			Affinity Capture-Western;in vitro;in vivo	Low Throughput	physical;protein_protein_interaction		undirected_or_not_applicable		curated_physical_database_record_requires_primary_source_interpretation;legacy_curated_pair_requires_primary_source_review	11447118	two_database_resources	true	0	database_record_not_primary_source_review;experimental_system_name_does_not_alone_establish_direct_binding;isoform_and_construct_context_require_source_review;legacy_2010_database_snapshot;method_labels_aggregate_publications	1	1	focused_primary_review_complete	supports_pair_relationship	physical_association;shared_complex	undirected_or_not_applicable		exact_human_cellular_complex_not_purified_binary	endogenous_and_tagged_cellular_coIP_with_complex_dissociation_controls	broad_cytosolic_HSP90_PKR_client_context_without_paralog_resolution_or_exact_PTGES3_direction	11447118	cultured_cell_line	budding_yeast;human;mouse	cytosol	functional_or_phenotypic_readout;genetic_perturbation;pharmacologic_or_chemical_perturbation;physical_interaction_or_proximity;protein_abundance_stability_or_folding	close_pair	reviewed_supported	reviewed_neighborhood_relationship	none_v6_253_reviewed_neighborhood_only
FKBP4::GLMN	FKBP4	GLMN	FKBP4	18	4	BioGRID;BioPlex;HPRD;IntAct	4	BioGRID;BioPlex_HCT116;HPRD;IntAct	AP_MS_network_edge;BioGRID_physical;IntAct_binary_expansion_or_pair_record;legacy_curated_binary_interaction_record	ap_ms_network_association;curated_pair_association_record		HCT116	"Affinity Capture-Luminescence;Affinity Capture-MS;Affinity Capture-Western;FRET;HCT116 affinity-purification mass spectrometry network;Reconstituted Complex;Two-hybrid;in vitro;in vivo;psi-mi:""MI:0007""(anti tag coimmunoprecipitation);psi-mi:""MI:0397""(two hybrid array);psi-mi:""MI:1112""(two hybrid prey pooling approach);psi-mi:""MI:1356""(validated two hybrid)"	High Throughput;Low Throughput	"physical;physical_association_network;protein_protein_interaction;psi-mi:""MI:0914""(association);psi-mi:""MI:0915""(physical association)"		undirected_or_not_applicable		AP_MS_association_not_binary_binding;curated_interaction_record_requires_primary_source_and_complex_expansion_review;curated_physical_database_record_requires_primary_source_interpretation;legacy_curated_pair_requires_primary_source_review	10051602;11164950;12604780;25036637;31490997;32296183;33961781;8955134	three_or_more_database_resources	true	0	MITAB_binary_expansion_may_not_be_direct;cell_line_measurement_context;database_record_not_primary_source_review;experimental_system_name_does_not_alone_establish_direct_binding;high_throughput_AP_MS_context;isoform_and_construct_context_require_source_review;legacy_2010_database_snapshot;method_labels_aggregate_publications;network_edge_not_direct_binding;no_pair_specific_publication_identifier_in_local_matrix;query_accession_is_not_bait_direction;single_final_network_presence_not_cell_line_specific_evidence	2	2	focused_primary_review_complete	supports_context_qualified_pair_relationship	physical_association;shared_complex	undirected_or_not_applicable		cellular_complex_not_binary;tagged_bait_APMS_association_not_binary_binding	BioPlex3_single_direction_HCT116_cellular_APMS_association;tagged_expression_duplicate_APMS_cellular_association_with_unavailable_LUMIER	no_pair_specific_HSP90_assay_in_this_source;no_pair_specific_HSP90_mediation_established	25036637;33961781	cultured_cell_line	human	whole_cell_or_unspecified_fraction	omics_or_screening_measurement;physical_interaction_or_proximity	retain_pair	reviewed_context_qualified	reviewed_neighborhood_relationship	none_v6_253_reviewed_neighborhood_only
FKBP4::HSPB1	FKBP4	HSPB1	FKBP4	4	2	BioGRID;IntAct	2	BioGRID;IntAct	BioGRID_physical;IntAct_binary_expansion_or_pair_record	curated_pair_association_record			"Affinity Capture-Western;Two-hybrid;psi-mi:""MI:0006""(anti bait coimmunoprecipitation);psi-mi:""MI:0097""(reverse ras recruitment system)"	High Throughput;Low Throughput	"physical;psi-mi:""MI:0915""(physical association)"		undirected_or_not_applicable		curated_interaction_record_requires_primary_source_and_complex_expansion_review;curated_physical_database_record_requires_primary_source_interpretation	25277244	two_database_resources	true	0	MITAB_binary_expansion_may_not_be_direct;database_record_not_primary_source_review;experimental_system_name_does_not_alone_establish_direct_binding;isoform_and_construct_context_require_source_review;query_accession_is_not_bait_direction	1	1	focused_primary_review_complete	supports_pair_relationship	physical_association;shared_complex	undirected_or_not_applicable		heterologous_binary_reporter_plus_endogenous_cellular_coIP_not_direct_binding	one_study_cytoplasmic_Y2H_plus_endogenous_cellular_coIP	no_HSP90_assay_in_this_source	25277244	cultured_cell_line	budding_yeast;human	whole_cell_or_unspecified_fraction	omics_or_screening_measurement;physical_interaction_or_proximity	close_pair	reviewed_supported	reviewed_neighborhood_relationship	none_v6_253_reviewed_neighborhood_only
FKBP4::LSM7	FKBP4	LSM7	FKBP4	3	2	BioGRID;IntAct	2	BioGRID;IntAct	BioGRID_physical;IntAct_binary_expansion_or_pair_record	curated_pair_association_record			"Affinity Capture-Luminescence;Affinity Capture-MS;psi-mi:""MI:0007""(anti tag coimmunoprecipitation)"	Low Throughput	"physical;psi-mi:""MI:0914""(association)"		undirected_or_not_applicable		curated_interaction_record_requires_primary_source_and_complex_expansion_review;curated_physical_database_record_requires_primary_source_interpretation	25036637	two_database_resources	true	0	MITAB_binary_expansion_may_not_be_direct;database_record_not_primary_source_review;experimental_system_name_does_not_alone_establish_direct_binding;isoform_and_construct_context_require_source_review;query_accession_is_not_bait_direction	1	1	focused_primary_review_complete	supports_context_qualified_pair_relationship	physical_association;shared_complex	undirected_or_not_applicable		cellular_complex_not_binary	tagged_expression_duplicate_APMS_cellular_association	no_pair_specific_HSP90_assay_in_this_source	25036637	cultured_cell_line	human	whole_cell_or_unspecified_fraction	omics_or_screening_measurement;physical_interaction_or_proximity	close_pair	reviewed_context_qualified	reviewed_neighborhood_relationship	none_v6_253_reviewed_neighborhood_only
FKBP4::MAPT	FKBP4	MAPT	FKBP4	10	2	BioGRID;IntAct	2	BioGRID;IntAct	BioGRID_physical;IntAct_binary_expansion_or_pair_record	curated_pair_association_record			"Affinity Capture-Western;Co-fractionation;Proximity Label-MS;psi-mi:""MI:0007""(anti tag coimmunoprecipitation);psi-mi:""MI:1314""(proximity-dependent biotin identification)"	High Throughput;Low Throughput	"physical;psi-mi:""MI:0914""(association);psi-mi:""MI:2364""(proximity)"		undirected_or_not_applicable		curated_interaction_record_requires_primary_source_and_complex_expansion_review;curated_physical_database_record_requires_primary_source_interpretation	20133804;35063084;35831314	two_database_resources	true	0	MITAB_binary_expansion_may_not_be_direct;database_record_not_primary_source_review;experimental_system_name_does_not_alone_establish_direct_binding;isoform_and_construct_context_require_source_review;query_accession_is_not_bait_direction	1	1	focused_primary_review_complete	supports_context_qualified_pair_relationship	physical_association;shared_complex	undirected_or_not_applicable		classifier_inferred_endogenous_coelution_association_not_binary_binding	EPIC_cofractionation_association_above_0.625_in_at_least_one_cell_line	no_HSP90_assay_for_this_pair_in_source	35831314	cultured_cell_line	human	whole_cell_or_unspecified_fraction	omics_or_screening_measurement;physical_interaction_or_proximity	retain_pair	reviewed_context_qualified	reviewed_neighborhood_relationship	none_v6_253_reviewed_neighborhood_only
FKBP4::NR3C1	FKBP4	NR3C1	FKBP4	8	2	BioGRID;HPRD	3	BioGRID;HPRD;HPRD_complex	BioGRID_physical;legacy_curated_binary_interaction_record;legacy_curated_complex_comembership	curated_complex_comembership;curated_pair_association_record	COM_336		Affinity Capture-Western;Co-localization;PCA;Reconstituted Complex;in vitro;in vivo	Low Throughput	physical;protein_complex_membership;protein_protein_interaction		undirected_or_not_applicable		curated_physical_database_record_requires_primary_source_interpretation;legacy_curated_complex_comembership_not_binary_interaction;legacy_curated_pair_requires_primary_source_review	11751894;15004035;16131566;20661446;25132599;8341706	two_database_resources	true	0	complex_expansion_not_pairwise_binding;database_record_not_primary_source_review;experimental_system_name_does_not_alone_establish_direct_binding;isoform_and_construct_context_require_source_review;legacy_2010_database_snapshot;method_labels_aggregate_publications;multiple_complex_records_from_one_source_do_not_equal_independent_replication	1	1	focused_primary_review_complete	supports_context_qualified_pair_relationship	cochaperone_client_regulation;shared_complex	directed	FKBP4->NR3C1	cellular_complex_not_binary	cellular_co_complex_with_genetic_perturbation_and_rescue	cytosolic_hsp90_unresolved	20661446	cultured_cell_line	human;mouse	whole_cell_or_unspecified_fraction	functional_or_phenotypic_readout;genetic_perturbation;physical_interaction_or_proximity	close_pair	reviewed_context_qualified	reviewed_neighborhood_relationship	none_v6_253_reviewed_neighborhood_only
FKBP4::NR3C2	FKBP4	NR3C2	FKBP4	2	2	BioGRID;HPRD	2	BioGRID;HPRD	BioGRID_physical;legacy_curated_binary_interaction_record	curated_pair_association_record			Affinity Capture-Western;in vitro	Low Throughput	physical;protein_protein_interaction		undirected_or_not_applicable		curated_physical_database_record_requires_primary_source_interpretation;legacy_curated_pair_requires_primary_source_review	20661446;9392437	two_database_resources	true	0	database_record_not_primary_source_review;experimental_system_name_does_not_alone_establish_direct_binding;isoform_and_construct_context_require_source_review;legacy_2010_database_snapshot;method_labels_aggregate_publications	1	1	focused_primary_review_complete	supports_context_qualified_pair_relationship	shared_complex	undirected_or_not_applicable		cellular_complex_not_binary	cellular_co_complex_with_neutral_functional_test	cytosolic_hsp90_unresolved	20661446	cultured_cell_line	human	whole_cell_or_unspecified_fraction	functional_or_phenotypic_readout;physical_interaction_or_proximity	close_pair	reviewed_context_qualified	reviewed_neighborhood_relationship	none_v6_253_reviewed_neighborhood_only
FKBP4::RPS10-NUDT3	FKBP4	RPS10-NUDT3	FKBP4	3	2	BioGRID;IntAct	2	BioGRID;IntAct	BioGRID_physical;IntAct_binary_expansion_or_pair_record	curated_pair_association_record			"Affinity Capture-Luminescence;Affinity Capture-MS;psi-mi:""MI:0007""(anti tag coimmunoprecipitation)"	Low Throughput	"physical;psi-mi:""MI:0914""(association)"		undirected_or_not_applicable		curated_interaction_record_requires_primary_source_and_complex_expansion_review;curated_physical_database_record_requires_primary_source_interpretation	25036637	two_database_resources	true	0	MITAB_binary_expansion_may_not_be_direct;database_record_not_primary_source_review;experimental_system_name_does_not_alone_establish_direct_binding;isoform_and_construct_context_require_source_review;query_accession_is_not_bait_direction	1	1	focused_primary_review_complete	supports_context_qualified_pair_relationship	physical_association;shared_complex	undirected_or_not_applicable		cellular_complex_not_binary	tagged_expression_duplicate_APMS_cellular_association	no_pair_specific_HSP90_assay_in_this_source	25036637	cultured_cell_line	human	whole_cell_or_unspecified_fraction	omics_or_screening_measurement;physical_interaction_or_proximity	close_pair	reviewed_context_qualified	reviewed_neighborhood_relationship	none_v6_253_reviewed_neighborhood_only
FKBP4::USP19	FKBP4	USP19	FKBP4	3	2	BioGRID;IntAct	2	BioGRID;IntAct	BioGRID_physical;IntAct_binary_expansion_or_pair_record	curated_pair_association_record			"Affinity Capture-Luminescence;Affinity Capture-MS;psi-mi:""MI:0007""(anti tag coimmunoprecipitation)"	Low Throughput	"physical;psi-mi:""MI:0914""(association)"		undirected_or_not_applicable		curated_interaction_record_requires_primary_source_and_complex_expansion_review;curated_physical_database_record_requires_primary_source_interpretation	25036637	two_database_resources	true	0	MITAB_binary_expansion_may_not_be_direct;database_record_not_primary_source_review;experimental_system_name_does_not_alone_establish_direct_binding;isoform_and_construct_context_require_source_review;query_accession_is_not_bait_direction	1	1	focused_primary_review_complete	supports_context_qualified_pair_relationship	physical_association;shared_complex	undirected_or_not_applicable		cellular_complex_not_binary	tagged_expression_duplicate_APMS_cellular_association	no_pair_specific_HSP90_assay_in_this_source	25036637	cultured_cell_line	human	whole_cell_or_unspecified_fraction	omics_or_screening_measurement;physical_interaction_or_proximity	close_pair	reviewed_context_qualified	reviewed_neighborhood_relationship	none_v6_253_reviewed_neighborhood_only
FKBP5::GLMN	FKBP5	GLMN	FKBP5	10	3	BioGRID;BioPlex;IntAct	4	BioGRID;BioPlex_293T;BioPlex_HCT116;IntAct	AP_MS_network_edge;BioGRID_physical;IntAct_binary_expansion_or_pair_record	ap_ms_network_association;curated_pair_association_record		293T;HCT116	"293T affinity-purification mass spectrometry network;Affinity Capture-Luminescence;Affinity Capture-MS;FRET;HCT116 affinity-purification mass spectrometry network;psi-mi:""MI:0007""(anti tag coimmunoprecipitation)"	High Throughput;Low Throughput	"physical;physical_association_network;psi-mi:""MI:0914""(association)"		undirected_or_not_applicable		AP_MS_association_not_binary_binding;curated_interaction_record_requires_primary_source_and_complex_expansion_review;curated_physical_database_record_requires_primary_source_interpretation	25036637;31490997;33961781;35271311	three_or_more_database_resources	true	0	MITAB_binary_expansion_may_not_be_direct;cell_line_measurement_context;database_record_not_primary_source_review;experimental_system_name_does_not_alone_establish_direct_binding;high_throughput_AP_MS_context;isoform_and_construct_context_require_source_review;network_edge_not_direct_binding;no_pair_specific_publication_identifier_in_local_matrix;query_accession_is_not_bait_direction;single_final_network_presence_not_cell_line_specific_evidence	4	4	focused_primary_review_complete	supports_context_qualified_pair_relationship;supports_pair_relationship	direct_binding;physical_association;shared_complex	undirected_or_not_applicable		cellular_complex_not_binary;direct_purified_protein_binding	purified_protein_direct_binding_with_domain_and_mutational_mapping	no_HSP90_assay_in_this_source;no_pair_specific_HSP90_assay_in_this_source;no_pair_specific_HSP90_mediation_established	25036637;31490997;33961781;35271311	cultured_cell_line;purified_or_cell_free	escherichia_coli;human	not_reported;whole_cell_or_unspecified_fraction	biochemical_or_structural;omics_or_screening_measurement;physical_interaction_or_proximity	close_pair	reviewed_mixed	reviewed_neighborhood_mixed	none_v6_253_reviewed_neighborhood_only
FKBP5::HGH1	FKBP5	HGH1	FKBP5	3	2	BioGRID;IntAct	2	BioGRID;IntAct	BioGRID_physical;IntAct_binary_expansion_or_pair_record	curated_pair_association_record			"Affinity Capture-Luminescence;Affinity Capture-MS;psi-mi:""MI:0007""(anti tag coimmunoprecipitation)"	Low Throughput	"physical;psi-mi:""MI:0914""(association)"		undirected_or_not_applicable		curated_interaction_record_requires_primary_source_and_complex_expansion_review;curated_physical_database_record_requires_primary_source_interpretation	25036637	two_database_resources	true	0	MITAB_binary_expansion_may_not_be_direct;database_record_not_primary_source_review;experimental_system_name_does_not_alone_establish_direct_binding;isoform_and_construct_context_require_source_review;query_accession_is_not_bait_direction	1	1	focused_primary_review_complete	supports_context_qualified_pair_relationship	physical_association;shared_complex	undirected_or_not_applicable		cellular_complex_not_binary	tagged_expression_duplicate_APMS_cellular_association	no_pair_specific_HSP90_mediation_established	25036637	cultured_cell_line	human	whole_cell_or_unspecified_fraction	omics_or_screening_measurement;physical_interaction_or_proximity	close_pair	reviewed_context_qualified	reviewed_neighborhood_relationship	none_v6_253_reviewed_neighborhood_only
FKBP5::HSF4	FKBP5	HSF4	FKBP5	3	2	BioGRID;IntAct	2	BioGRID;IntAct	BioGRID_physical;IntAct_binary_expansion_or_pair_record	curated_pair_association_record			"Affinity Capture-Luminescence;Affinity Capture-MS;psi-mi:""MI:0007""(anti tag coimmunoprecipitation)"	Low Throughput	"physical;psi-mi:""MI:0914""(association)"		undirected_or_not_applicable		curated_interaction_record_requires_primary_source_and_complex_expansion_review;curated_physical_database_record_requires_primary_source_interpretation	25036637	two_database_resources	true	0	MITAB_binary_expansion_may_not_be_direct;database_record_not_primary_source_review;experimental_system_name_does_not_alone_establish_direct_binding;isoform_and_construct_context_require_source_review;query_accession_is_not_bait_direction	1	1	focused_primary_review_complete	supports_context_qualified_pair_relationship	physical_association;shared_complex	undirected_or_not_applicable		cellular_complex_not_binary	tagged_expression_duplicate_APMS_cellular_association	no_pair_specific_HSP90_assay_in_this_source	25036637	cultured_cell_line	human	whole_cell_or_unspecified_fraction	omics_or_screening_measurement;physical_interaction_or_proximity	close_pair	reviewed_context_qualified	reviewed_neighborhood_relationship	none_v6_253_reviewed_neighborhood_only
FKBP5::IKBKG	FKBP5	IKBKG	FKBP5	9	3	BioGRID;BioPlex;IntAct	4	BioGRID;BioPlex_293T;BioPlex_HCT116;IntAct	AP_MS_network_edge;BioGRID_physical;IntAct_binary_expansion_or_pair_record	ap_ms_network_association;curated_pair_association_record		293T;HCT116	"293T affinity-purification mass spectrometry network;Affinity Capture-Luminescence;Affinity Capture-MS;HCT116 affinity-purification mass spectrometry network;psi-mi:""MI:0007""(anti tag coimmunoprecipitation)"	High Throughput;Low Throughput	"physical;physical_association_network;psi-mi:""MI:0914""(association)"		undirected_or_not_applicable		AP_MS_association_not_binary_binding;curated_interaction_record_requires_primary_source_and_complex_expansion_review;curated_physical_database_record_requires_primary_source_interpretation	25036637;33961781;35271311	three_or_more_database_resources	true	0	MITAB_binary_expansion_may_not_be_direct;cell_line_measurement_context;database_record_not_primary_source_review;experimental_system_name_does_not_alone_establish_direct_binding;high_throughput_AP_MS_context;isoform_and_construct_context_require_source_review;network_edge_not_direct_binding;no_pair_specific_publication_identifier_in_local_matrix;query_accession_is_not_bait_direction;single_final_network_presence_not_cell_line_specific_evidence	3	3	focused_primary_review_complete	supports_context_qualified_pair_relationship	physical_association;shared_complex	undirected_or_not_applicable		cellular_complex_not_binary	replicated_cellular_affinity_capture_association	no_pair_specific_HSP90_assay_in_this_source;no_pair_specific_HSP90_mediation_established	25036637;33961781;35271311	cultured_cell_line	human	whole_cell_or_unspecified_fraction	omics_or_screening_measurement;physical_interaction_or_proximity	close_pair	reviewed_context_qualified	reviewed_neighborhood_relationship	none_v6_253_reviewed_neighborhood_only
FKBP5::ILK	FKBP5	ILK	FKBP5	5	2	BioGRID;IntAct	2	BioGRID;IntAct	BioGRID_physical;IntAct_binary_expansion_or_pair_record	curated_pair_association_record			"Affinity Capture-Luminescence;Affinity Capture-MS;psi-mi:""MI:0007""(anti tag coimmunoprecipitation);psi-mi:""MI:0096""(pull down)"	High Throughput;Low Throughput	"physical;psi-mi:""MI:0914""(association)"		undirected_or_not_applicable		curated_interaction_record_requires_primary_source_and_complex_expansion_review;curated_physical_database_record_requires_primary_source_interpretation	25036637;32707033	two_database_resources	true	0	MITAB_binary_expansion_may_not_be_direct;database_record_not_primary_source_review;experimental_system_name_does_not_alone_establish_direct_binding;isoform_and_construct_context_require_source_review;query_accession_is_not_bait_direction	1	1	focused_primary_review_complete	supports_context_qualified_pair_relationship	physical_association;shared_complex	undirected_or_not_applicable		cellular_complex_not_binary	high_confidence_cellular_apms_co_complex	no_pair_specific_HSP90_assay_in_this_source	32707033	cultured_cell_line	human	whole_cell_or_unspecified_fraction	omics_or_screening_measurement;physical_interaction_or_proximity	close_pair	reviewed_context_qualified	reviewed_neighborhood_relationship	none_v6_253_reviewed_neighborhood_only
FKBP5::IRS4	FKBP5	IRS4	FKBP5	3	2	BioGRID;IntAct	2	BioGRID;IntAct	BioGRID_physical;IntAct_binary_expansion_or_pair_record	curated_pair_association_record			"Affinity Capture-Luminescence;Affinity Capture-MS;psi-mi:""MI:0007""(anti tag coimmunoprecipitation)"	Low Throughput	"physical;psi-mi:""MI:0914""(association)"		undirected_or_not_applicable		curated_interaction_record_requires_primary_source_and_complex_expansion_review;curated_physical_database_record_requires_primary_source_interpretation	25036637	two_database_resources	true	0	MITAB_binary_expansion_may_not_be_direct;database_record_not_primary_source_review;experimental_system_name_does_not_alone_establish_direct_binding;isoform_and_construct_context_require_source_review;query_accession_is_not_bait_direction	1	1	focused_primary_review_complete	supports_context_qualified_pair_relationship	physical_association;shared_complex	undirected_or_not_applicable		cellular_complex_not_binary	tagged_expression_duplicate_APMS_cellular_association	no_pair_specific_HSP90_assay_in_this_source	25036637	cultured_cell_line	human	whole_cell_or_unspecified_fraction	omics_or_screening_measurement;physical_interaction_or_proximity	close_pair	reviewed_context_qualified	reviewed_neighborhood_relationship	none_v6_253_reviewed_neighborhood_only
FKBP5::KIFBP	FKBP5	KIFBP	FKBP5	4	2	BioGRID;IntAct	2	BioGRID;IntAct	BioGRID_physical;IntAct_binary_expansion_or_pair_record	curated_pair_association_record			"Affinity Capture-Luminescence;Affinity Capture-MS;psi-mi:""MI:0007""(anti tag coimmunoprecipitation)"	High Throughput;Low Throughput	"physical;psi-mi:""MI:0914""(association)"		undirected_or_not_applicable		curated_interaction_record_requires_primary_source_and_complex_expansion_review;curated_physical_database_record_requires_primary_source_interpretation	25036637;35271311	two_database_resources	true	0	MITAB_binary_expansion_may_not_be_direct;database_record_not_primary_source_review;experimental_system_name_does_not_alone_establish_direct_binding;isoform_and_construct_context_require_source_review;query_accession_is_not_bait_direction	2	2	focused_primary_review_complete	supports_context_qualified_pair_relationship	physical_association;shared_complex	undirected_or_not_applicable		cellular_complex_not_binary	replicated_cellular_affinity_capture_association	no_pair_specific_HSP90_mediation_established	25036637;35271311	cultured_cell_line	human	whole_cell_or_unspecified_fraction	omics_or_screening_measurement;physical_interaction_or_proximity	close_pair	reviewed_context_qualified	reviewed_neighborhood_relationship	none_v6_253_reviewed_neighborhood_only
FKBP5::LRRC40	FKBP5	LRRC40	FKBP5	3	2	BioGRID;IntAct	2	BioGRID;IntAct	BioGRID_physical;IntAct_binary_expansion_or_pair_record	curated_pair_association_record			"Affinity Capture-Luminescence;Affinity Capture-MS;psi-mi:""MI:0007""(anti tag coimmunoprecipitation)"	Low Throughput	"physical;psi-mi:""MI:0914""(association)"		undirected_or_not_applicable		curated_interaction_record_requires_primary_source_and_complex_expansion_review;curated_physical_database_record_requires_primary_source_interpretation	25036637	two_database_resources	true	0	MITAB_binary_expansion_may_not_be_direct;database_record_not_primary_source_review;experimental_system_name_does_not_alone_establish_direct_binding;isoform_and_construct_context_require_source_review;query_accession_is_not_bait_direction	1	1	focused_primary_review_complete	supports_context_qualified_pair_relationship	physical_association;shared_complex	undirected_or_not_applicable		cellular_complex_not_binary	tagged_expression_duplicate_APMS_cellular_association	no_pair_specific_HSP90_assay_in_this_source	25036637	cultured_cell_line	human	whole_cell_or_unspecified_fraction	omics_or_screening_measurement;physical_interaction_or_proximity	close_pair	reviewed_context_qualified	reviewed_neighborhood_relationship	none_v6_253_reviewed_neighborhood_only
FKBP5::MCM4	FKBP5	MCM4	FKBP5	4	2	BioGRID;IntAct	2	BioGRID;IntAct	BioGRID_physical;IntAct_binary_expansion_or_pair_record	curated_pair_association_record			"Affinity Capture-Luminescence;Affinity Capture-MS;psi-mi:""MI:0007""(anti tag coimmunoprecipitation)"	High Throughput;Low Throughput	"physical;psi-mi:""MI:0914""(association)"		undirected_or_not_applicable		curated_interaction_record_requires_primary_source_and_complex_expansion_review;curated_physical_database_record_requires_primary_source_interpretation	25036637;35271311	two_database_resources	true	0	MITAB_binary_expansion_may_not_be_direct;database_record_not_primary_source_review;experimental_system_name_does_not_alone_establish_direct_binding;isoform_and_construct_context_require_source_review;query_accession_is_not_bait_direction	2	2	focused_primary_review_complete	supports_context_qualified_pair_relationship	physical_association;shared_complex	undirected_or_not_applicable		cellular_complex_not_binary	replicated_cellular_affinity_capture_association	no_pair_specific_HSP90_mediation_established	25036637;35271311	cultured_cell_line	human	whole_cell_or_unspecified_fraction	omics_or_screening_measurement;physical_interaction_or_proximity	close_pair	reviewed_context_qualified	reviewed_neighborhood_relationship	none_v6_253_reviewed_neighborhood_only
FKBP5::MCMBP	FKBP5	MCMBP	FKBP5	17	3	BioGRID;BioPlex;IntAct	4	BioGRID;BioPlex_293T;BioPlex_HCT116;IntAct	AP_MS_network_edge;BioGRID_physical;IntAct_binary_expansion_or_pair_record	ap_ms_network_association;curated_pair_association_record		293T;HCT116	"293T affinity-purification mass spectrometry network;Affinity Capture-Luminescence;Affinity Capture-MS;HCT116 affinity-purification mass spectrometry network;Two-hybrid;psi-mi:""MI:0007""(anti tag coimmunoprecipitation);psi-mi:""MI:0397""(two hybrid array);psi-mi:""MI:0729""(luminescence based mammalian interactome mapping);psi-mi:""MI:1112""(two hybrid prey pooling approach);psi-mi:""MI:1356""(validated two hybrid)"	High Throughput;Low Throughput	"physical;physical_association_network;psi-mi:""MI:0914""(association);psi-mi:""MI:0915""(physical association)"		undirected_or_not_applicable		AP_MS_association_not_binary_binding;curated_interaction_record_requires_primary_source_and_complex_expansion_review;curated_physical_database_record_requires_primary_source_interpretation	25036637;32296183;33961781;35271311	three_or_more_database_resources	true	0	MITAB_binary_expansion_may_not_be_direct;cell_line_measurement_context;database_record_not_primary_source_review;experimental_system_name_does_not_alone_establish_direct_binding;high_throughput_AP_MS_context;isoform_and_construct_context_require_source_review;network_edge_not_direct_binding;no_pair_specific_publication_identifier_in_local_matrix;query_accession_is_not_bait_direction;single_final_network_presence_not_cell_line_specific_evidence	4	4	focused_primary_review_complete	supports_context_qualified_pair_relationship	physical_association;shared_complex	undirected_or_not_applicable		cellular_complex_not_binary;heterologous_binary_assay_plus_mammalian_reporter_not_native_complex	replicated_cellular_affinity_capture_association	no_pair_specific_HSP90_mediation_established	25036637;32296183;33961781;35271311	cultured_cell_line	budding_yeast;human	not_reported;whole_cell_or_unspecified_fraction	omics_or_screening_measurement;physical_interaction_or_proximity	close_pair	reviewed_context_qualified	reviewed_neighborhood_relationship	none_v6_253_reviewed_neighborhood_only
FKBP5::NR3C1	FKBP5	NR3C1	FKBP5	5	2	BioGRID;IntAct	2	BioGRID;IntAct	BioGRID_physical;IntAct_binary_expansion_or_pair_record	curated_pair_association_record			"Affinity Capture-Luminescence;Affinity Capture-MS;Affinity Capture-Western;psi-mi:""MI:0007""(anti tag coimmunoprecipitation)"	High Throughput;Low Throughput	"physical;psi-mi:""MI:0914""(association)"		undirected_or_not_applicable		curated_interaction_record_requires_primary_source_and_complex_expansion_review;curated_physical_database_record_requires_primary_source_interpretation	20661446;25036637;35271311	two_database_resources	true	0	MITAB_binary_expansion_may_not_be_direct;database_record_not_primary_source_review;experimental_system_name_does_not_alone_establish_direct_binding;isoform_and_construct_context_require_source_review;query_accession_is_not_bait_direction	1	1	focused_primary_review_complete	supports_context_qualified_pair_relationship	cochaperone_client_regulation;shared_complex	directed	FKBP5->NR3C1	cellular_complex_not_binary	cellular_co_complex_with_functional_perturbation	cytosolic_hsp90_unresolved	20661446	cultured_cell_line	human	whole_cell_or_unspecified_fraction	functional_or_phenotypic_readout;physical_interaction_or_proximity	close_pair	reviewed_context_qualified	reviewed_neighborhood_relationship	none_v6_253_reviewed_neighborhood_only
FKBP5::NUDC	FKBP5	NUDC	FKBP5	4	2	BioGRID;IntAct	2	BioGRID;IntAct	BioGRID_physical;IntAct_binary_expansion_or_pair_record	curated_pair_association_record			"Affinity Capture-Luminescence;Affinity Capture-MS;psi-mi:""MI:0007""(anti tag coimmunoprecipitation)"	High Throughput;Low Throughput	"physical;psi-mi:""MI:0914""(association)"		undirected_or_not_applicable		curated_interaction_record_requires_primary_source_and_complex_expansion_review;curated_physical_database_record_requires_primary_source_interpretation	25036637;35271311	two_database_resources	true	0	MITAB_binary_expansion_may_not_be_direct;database_record_not_primary_source_review;experimental_system_name_does_not_alone_establish_direct_binding;isoform_and_construct_context_require_source_review;query_accession_is_not_bait_direction	2	2	focused_primary_review_complete	supports_context_qualified_pair_relationship	physical_association;shared_complex	undirected_or_not_applicable		cellular_complex_not_binary	replicated_cellular_affinity_capture_association	no_pair_specific_HSP90_mediation_established	25036637;35271311	cultured_cell_line	human	whole_cell_or_unspecified_fraction	omics_or_screening_measurement;physical_interaction_or_proximity	close_pair	reviewed_context_qualified	reviewed_neighborhood_relationship	none_v6_253_reviewed_neighborhood_only
FKBP5::NUDCD3	FKBP5	NUDCD3	FKBP5	8	2	BioGRID;IntAct	2	BioGRID;IntAct	BioGRID_physical;IntAct_binary_expansion_or_pair_record	curated_pair_association_record			"Affinity Capture-Luminescence;Affinity Capture-MS;psi-mi:""MI:0007""(anti tag coimmunoprecipitation)"	High Throughput;Low Throughput	"physical;psi-mi:""MI:0914""(association)"		undirected_or_not_applicable		curated_interaction_record_requires_primary_source_and_complex_expansion_review;curated_physical_database_record_requires_primary_source_interpretation	25036637;28363942;35271311	two_database_resources	true	0	MITAB_binary_expansion_may_not_be_direct;database_record_not_primary_source_review;experimental_system_name_does_not_alone_establish_direct_binding;isoform_and_construct_context_require_source_review;query_accession_is_not_bait_direction	3	3	focused_primary_review_complete	supports_context_qualified_pair_relationship	physical_association;shared_complex	undirected_or_not_applicable		cellular_complex_not_binary	replicated_cellular_affinity_capture_association	cytosolic_hsp90_unresolved;no_pair_specific_HSP90_mediation_established	25036637;28363942;35271311	cultured_cell_line	human	whole_cell_or_unspecified_fraction	omics_or_screening_measurement;physical_interaction_or_proximity	close_pair	reviewed_context_qualified	reviewed_neighborhood_relationship	none_v6_253_reviewed_neighborhood_only
FKBP5::PDCD2	FKBP5	PDCD2	FKBP5	3	2	BioGRID;IntAct	2	BioGRID;IntAct	BioGRID_physical;IntAct_binary_expansion_or_pair_record	curated_pair_association_record			"Affinity Capture-Luminescence;Affinity Capture-MS;psi-mi:""MI:0007""(anti tag coimmunoprecipitation)"	Low Throughput	"physical;psi-mi:""MI:0914""(association)"		undirected_or_not_applicable		curated_interaction_record_requires_primary_source_and_complex_expansion_review;curated_physical_database_record_requires_primary_source_interpretation	25036637	two_database_resources	true	0	MITAB_binary_expansion_may_not_be_direct;database_record_not_primary_source_review;experimental_system_name_does_not_alone_establish_direct_binding;isoform_and_construct_context_require_source_review;query_accession_is_not_bait_direction	1	1	focused_primary_review_complete	supports_context_qualified_pair_relationship	physical_association;shared_complex	undirected_or_not_applicable		cellular_complex_not_binary	tagged_expression_duplicate_APMS_cellular_association	no_pair_specific_HSP90_assay_in_this_source	25036637	cultured_cell_line	human	whole_cell_or_unspecified_fraction	omics_or_screening_measurement;physical_interaction_or_proximity	close_pair	reviewed_context_qualified	reviewed_neighborhood_relationship	none_v6_253_reviewed_neighborhood_only
FKBP5::PGR	FKBP5	PGR	FKBP5	6	3	BioGRID;HPRD;IntAct	3	BioGRID;HPRD;IntAct	BioGRID_physical;IntAct_binary_expansion_or_pair_record;legacy_curated_binary_interaction_record	curated_pair_association_record			"Affinity Capture-Western;in vivo;psi-mi:""MI:0007""(anti tag coimmunoprecipitation)"	Low Throughput	"physical;protein_protein_interaction;psi-mi:""MI:0914""(association)"		undirected_or_not_applicable		curated_interaction_record_requires_primary_source_and_complex_expansion_review;curated_physical_database_record_requires_primary_source_interpretation;legacy_curated_pair_requires_primary_source_review	12538866;20661446;22891251;33846359	three_or_more_database_resources	true	0	MITAB_binary_expansion_may_not_be_direct;database_record_not_primary_source_review;experimental_system_name_does_not_alone_establish_direct_binding;isoform_and_construct_context_require_source_review;legacy_2010_database_snapshot;method_labels_aggregate_publications;query_accession_is_not_bait_direction	1	1	focused_primary_review_complete	supports_context_qualified_pair_relationship	cochaperone_client_regulation;shared_complex	directed	FKBP5->PGR	cellular_complex_not_binary	cellular_co_complex_with_functional_perturbation	cytosolic_hsp90_unresolved	20661446	cultured_cell_line	human	whole_cell_or_unspecified_fraction	functional_or_phenotypic_readout;physical_interaction_or_proximity	close_pair	reviewed_context_qualified	reviewed_neighborhood_relationship	none_v6_253_reviewed_neighborhood_only
FKBP5::PHLPP1	FKBP5	PHLPP1	FKBP5	6	2	BioGRID;IntAct	2	BioGRID;IntAct	BioGRID_physical;IntAct_binary_expansion_or_pair_record	curated_pair_association_record			"Affinity Capture-MS;Affinity Capture-Western;psi-mi:""MI:0007""(anti tag coimmunoprecipitation)"	High Throughput;Low Throughput	"physical;psi-mi:""MI:0914""(association)"		undirected_or_not_applicable		curated_interaction_record_requires_primary_source_and_complex_expansion_review;curated_physical_database_record_requires_primary_source_interpretation	19615732;27880917;28363942;30734931	two_database_resources	true	0	MITAB_binary_expansion_may_not_be_direct;database_record_not_primary_source_review;experimental_system_name_does_not_alone_establish_direct_binding;isoform_and_construct_context_require_source_review;query_accession_is_not_bait_direction	1	1	focused_primary_review_complete	supports_context_qualified_pair_relationship	physical_association	assay_bait_to_prey_not_biological_direction	PHLPP1->FKBP5	cellular_bait_prey_complex_not_binary	tagged_HCIP_bait_reciprocal_APMS_DN_threshold_passing	no_pair_specific_HSP90_mediation_established	19615732	cultured_cell_line	human	whole_cell_or_unspecified_fraction	omics_or_screening_measurement;physical_interaction_or_proximity	retain_pair	reviewed_context_qualified	reviewed_neighborhood_relationship	none_v6_253_reviewed_neighborhood_only
FKBP5::PINK1	FKBP5	PINK1	FKBP5	5	3	BioGRID;BioPlex;IntAct	3	BioGRID;BioPlex_293T;IntAct	AP_MS_network_edge;BioGRID_physical;IntAct_binary_expansion_or_pair_record	ap_ms_network_association;curated_pair_association_record		293T	"293T affinity-purification mass spectrometry network;Affinity Capture-MS;Affinity Capture-Western;psi-mi:""MI:0007""(anti tag coimmunoprecipitation)"	High Throughput;Low Throughput	"physical;physical_association_network;psi-mi:""MI:0914""(association)"		undirected_or_not_applicable		AP_MS_association_not_binary_binding;curated_interaction_record_requires_primary_source_and_complex_expansion_review;curated_physical_database_record_requires_primary_source_interpretation	30734931;33961781	three_or_more_database_resources	true	0	MITAB_binary_expansion_may_not_be_direct;cell_line_measurement_context;database_record_not_primary_source_review;experimental_system_name_does_not_alone_establish_direct_binding;high_throughput_AP_MS_context;isoform_and_construct_context_require_source_review;network_edge_not_direct_binding;no_pair_specific_publication_identifier_in_local_matrix;query_accession_is_not_bait_direction;single_final_network_presence_not_cell_line_specific_evidence	1	1	focused_primary_review_complete	supports_context_qualified_pair_relationship	physical_association;shared_complex	undirected_or_not_applicable		tagged_bait_APMS_association_not_binary_binding	BioPlex3_single_direction_293T_cellular_APMS_association	no_pair_specific_HSP90_assay_in_this_source	33961781	cultured_cell_line	human	whole_cell_or_unspecified_fraction	omics_or_screening_measurement;physical_interaction_or_proximity	retain_pair	reviewed_context_qualified	reviewed_neighborhood_relationship	none_v6_253_reviewed_neighborhood_only
FKBP5::PNPLA2	FKBP5	PNPLA2	FKBP5	3	2	BioGRID;IntAct	2	BioGRID;IntAct	BioGRID_physical;IntAct_binary_expansion_or_pair_record	curated_pair_association_record			"Affinity Capture-Luminescence;Affinity Capture-MS;psi-mi:""MI:0007""(anti tag coimmunoprecipitation)"	Low Throughput	"physical;psi-mi:""MI:0914""(association)"		undirected_or_not_applicable		curated_interaction_record_requires_primary_source_and_complex_expansion_review;curated_physical_database_record_requires_primary_source_interpretation	25036637	two_database_resources	true	0	MITAB_binary_expansion_may_not_be_direct;database_record_not_primary_source_review;experimental_system_name_does_not_alone_establish_direct_binding;isoform_and_construct_context_require_source_review;query_accession_is_not_bait_direction	1	1	focused_primary_review_complete	supports_context_qualified_pair_relationship	physical_association;shared_complex	undirected_or_not_applicable		cellular_complex_not_binary	tagged_expression_duplicate_APMS_cellular_association	no_pair_specific_HSP90_assay_in_this_source	25036637	cultured_cell_line	human	whole_cell_or_unspecified_fraction	omics_or_screening_measurement;physical_interaction_or_proximity	close_pair	reviewed_context_qualified	reviewed_neighborhood_relationship	none_v6_253_reviewed_neighborhood_only
FKBP5::PYGL	FKBP5	PYGL	FKBP5	4	2	BioGRID;IntAct	2	BioGRID;IntAct	BioGRID_physical;IntAct_binary_expansion_or_pair_record	curated_pair_association_record			"Affinity Capture-Luminescence;Affinity Capture-MS;psi-mi:""MI:0007""(anti tag coimmunoprecipitation)"	High Throughput;Low Throughput	"physical;psi-mi:""MI:0914""(association)"		undirected_or_not_applicable		curated_interaction_record_requires_primary_source_and_complex_expansion_review;curated_physical_database_record_requires_primary_source_interpretation	25036637;35271311	two_database_resources	true	0	MITAB_binary_expansion_may_not_be_direct;database_record_not_primary_source_review;experimental_system_name_does_not_alone_establish_direct_binding;isoform_and_construct_context_require_source_review;query_accession_is_not_bait_direction	2	2	focused_primary_review_complete	supports_context_qualified_pair_relationship	physical_association;shared_complex	undirected_or_not_applicable		cellular_complex_not_binary	replicated_cellular_affinity_capture_association	no_pair_specific_HSP90_mediation_established	25036637;35271311	cultured_cell_line	human	whole_cell_or_unspecified_fraction	omics_or_screening_measurement;physical_interaction_or_proximity	close_pair	reviewed_context_qualified	reviewed_neighborhood_relationship	none_v6_253_reviewed_neighborhood_only
FKBP5::RADX	FKBP5	RADX	FKBP5	4	2	BioGRID;IntAct	2	BioGRID;IntAct	BioGRID_physical;IntAct_binary_expansion_or_pair_record	curated_pair_association_record			"Affinity Capture-Luminescence;Affinity Capture-MS;psi-mi:""MI:0007""(anti tag coimmunoprecipitation)"	High Throughput;Low Throughput	"physical;psi-mi:""MI:0914""(association)"		undirected_or_not_applicable		curated_interaction_record_requires_primary_source_and_complex_expansion_review;curated_physical_database_record_requires_primary_source_interpretation	25036637;35271311	two_database_resources	true	0	MITAB_binary_expansion_may_not_be_direct;database_record_not_primary_source_review;experimental_system_name_does_not_alone_establish_direct_binding;isoform_and_construct_context_require_source_review;query_accession_is_not_bait_direction	2	2	focused_primary_review_complete	supports_context_qualified_pair_relationship	physical_association;shared_complex	undirected_or_not_applicable		cellular_complex_not_binary	replicated_cellular_affinity_capture_association	no_pair_specific_HSP90_mediation_established	25036637;35271311	cultured_cell_line	human	whole_cell_or_unspecified_fraction	omics_or_screening_measurement;physical_interaction_or_proximity	close_pair	reviewed_context_qualified	reviewed_neighborhood_relationship	none_v6_253_reviewed_neighborhood_only
FKBP5::STK11	FKBP5	STK11	FKBP5	18	3	BioGRID;BioPlex;IntAct	4	BioGRID;BioPlex_293T;BioPlex_HCT116;IntAct	AP_MS_network_edge;BioGRID_physical;IntAct_binary_expansion_or_pair_record	ap_ms_network_association;curated_pair_association_record		293T;HCT116	"293T affinity-purification mass spectrometry network;Affinity Capture-MS;HCT116 affinity-purification mass spectrometry network;psi-mi:""MI:0007""(anti tag coimmunoprecipitation);psi-mi:""MI:0096""(pull down);psi-mi:""MI:0729""(luminescence based mammalian interactome mapping)"	High Throughput;Low Throughput	"physical;physical_association_network;psi-mi:""MI:0914""(association);psi-mi:""MI:0915""(physical association)"		undirected_or_not_applicable		AP_MS_association_not_binary_binding;curated_interaction_record_requires_primary_source_and_complex_expansion_review;curated_physical_database_record_requires_primary_source_interpretation	14676191;20562859;25036637;25852190;28514442;32707033;33961781;34591612	three_or_more_database_resources	true	0	MITAB_binary_expansion_may_not_be_direct;cell_line_measurement_context;database_record_not_primary_source_review;experimental_system_name_does_not_alone_establish_direct_binding;high_throughput_AP_MS_context;isoform_and_construct_context_require_source_review;network_edge_not_direct_binding;no_pair_specific_publication_identifier_in_local_matrix;query_accession_is_not_bait_direction;single_final_network_presence_not_cell_line_specific_evidence	1	1	focused_primary_review_complete	supports_context_qualified_pair_relationship	physical_association;shared_complex	undirected_or_not_applicable		cellular_complex_not_binary	high_confidence_cellular_apms_co_complex	no_pair_specific_HSP90_assay_in_this_source	32707033	cultured_cell_line	human	whole_cell_or_unspecified_fraction	omics_or_screening_measurement;physical_interaction_or_proximity	close_pair	reviewed_context_qualified	reviewed_neighborhood_relationship	none_v6_253_reviewed_neighborhood_only
FKBP5::TEDC1	FKBP5	TEDC1	FKBP5	3	2	BioGRID;IntAct	2	BioGRID;IntAct	BioGRID_physical;IntAct_binary_expansion_or_pair_record	curated_pair_association_record			"Affinity Capture-Luminescence;Affinity Capture-MS;psi-mi:""MI:0007""(anti tag coimmunoprecipitation)"	Low Throughput	"physical;psi-mi:""MI:0914""(association)"		undirected_or_not_applicable		curated_interaction_record_requires_primary_source_and_complex_expansion_review;curated_physical_database_record_requires_primary_source_interpretation	25036637	two_database_resources	true	0	MITAB_binary_expansion_may_not_be_direct;database_record_not_primary_source_review;experimental_system_name_does_not_alone_establish_direct_binding;isoform_and_construct_context_require_source_review;query_accession_is_not_bait_direction	1	1	focused_primary_review_complete	supports_context_qualified_pair_relationship	physical_association;shared_complex	undirected_or_not_applicable		cellular_complex_not_binary	tagged_expression_duplicate_APMS_cellular_association	no_pair_specific_HSP90_assay_in_this_source	25036637	cultured_cell_line	human	whole_cell_or_unspecified_fraction	omics_or_screening_measurement;physical_interaction_or_proximity	close_pair	reviewed_context_qualified	reviewed_neighborhood_relationship	none_v6_253_reviewed_neighborhood_only
FKBP5::TTC4	FKBP5	TTC4	FKBP5	4	2	BioGRID;IntAct	2	BioGRID;IntAct	BioGRID_physical;IntAct_binary_expansion_or_pair_record	curated_pair_association_record			"Affinity Capture-Luminescence;Affinity Capture-MS;psi-mi:""MI:0007""(anti tag coimmunoprecipitation)"	High Throughput;Low Throughput	"physical;psi-mi:""MI:0914""(association)"		undirected_or_not_applicable		curated_interaction_record_requires_primary_source_and_complex_expansion_review;curated_physical_database_record_requires_primary_source_interpretation	25036637;35271311	two_database_resources	true	0	MITAB_binary_expansion_may_not_be_direct;database_record_not_primary_source_review;experimental_system_name_does_not_alone_establish_direct_binding;isoform_and_construct_context_require_source_review;query_accession_is_not_bait_direction	2	2	focused_primary_review_complete	supports_context_qualified_pair_relationship	physical_association;shared_complex	undirected_or_not_applicable		cellular_complex_not_binary	replicated_cellular_affinity_capture_association	no_pair_specific_HSP90_mediation_established	25036637;35271311	cultured_cell_line	human	whole_cell_or_unspecified_fraction	omics_or_screening_measurement;physical_interaction_or_proximity	close_pair	reviewed_context_qualified	reviewed_neighborhood_relationship	none_v6_253_reviewed_neighborhood_only
FKBP5::TUBA1A	FKBP5	TUBA1A	FKBP5	3	2	BioGRID;IntAct	2	BioGRID;IntAct	BioGRID_physical;IntAct_binary_expansion_or_pair_record	curated_pair_association_record			"Affinity Capture-Luminescence;Affinity Capture-MS;psi-mi:""MI:0007""(anti tag coimmunoprecipitation)"	Low Throughput	"physical;psi-mi:""MI:0914""(association)"		undirected_or_not_applicable		curated_interaction_record_requires_primary_source_and_complex_expansion_review;curated_physical_database_record_requires_primary_source_interpretation	25036637	two_database_resources	true	0	MITAB_binary_expansion_may_not_be_direct;database_record_not_primary_source_review;experimental_system_name_does_not_alone_establish_direct_binding;isoform_and_construct_context_require_source_review;query_accession_is_not_bait_direction	1	1	focused_primary_review_complete	supports_context_qualified_pair_relationship	physical_association;shared_complex	undirected_or_not_applicable		cellular_complex_not_binary	tagged_expression_duplicate_APMS_cellular_association	no_pair_specific_HSP90_assay_in_this_source	25036637	cultured_cell_line	human	whole_cell_or_unspecified_fraction	omics_or_screening_measurement;physical_interaction_or_proximity	close_pair	reviewed_context_qualified	reviewed_neighborhood_relationship	none_v6_253_reviewed_neighborhood_only
FKBP5::USP49	FKBP5	USP49	FKBP5	10	2	BioGRID;IntAct	2	BioGRID;IntAct	BioGRID_physical;IntAct_binary_expansion_or_pair_record	curated_pair_association_record			"Affinity Capture-MS;Affinity Capture-Western;Biochemical Activity;Reconstituted Complex;psi-mi:""MI:0007""(anti tag coimmunoprecipitation);psi-mi:""MI:0729""(luminescence based mammalian interactome mapping)"	High Throughput;Low Throughput	"physical;psi-mi:""MI:0914""(association);psi-mi:""MI:0915""(physical association)"		undirected_or_not_applicable		curated_interaction_record_requires_primary_source_and_complex_expansion_review;curated_physical_database_record_requires_primary_source_interpretation	19615732;25036637;28363942;34431227	two_database_resources	true	0	MITAB_binary_expansion_may_not_be_direct;database_record_not_primary_source_review;experimental_system_name_does_not_alone_establish_direct_binding;isoform_and_construct_context_require_source_review;query_accession_is_not_bait_direction	2	2	focused_primary_review_complete	supports_context_qualified_pair_relationship	physical_association;shared_complex	assay_bait_to_prey_not_biological_direction;undirected_or_not_applicable	USP49->FKBP5	cellular_bait_prey_complex_not_binary;cellular_complex_not_binary	tagged_DUB_bait_APMS_DN_threshold_passing;tagged_expression_LUMIER_cellular_association_without_qualifying_APMS	no_pair_specific_HSP90_mediation_established	19615732;25036637	cultured_cell_line	human	whole_cell_or_unspecified_fraction	omics_or_screening_measurement;physical_interaction_or_proximity	retain_pair	reviewed_context_qualified	reviewed_neighborhood_relationship	none_v6_253_reviewed_neighborhood_only
FKBP6::PTGES3	FKBP6	PTGES3	PTGES3	3	2	BioGRID;IntAct	2	BioGRID;IntAct	BioGRID_physical;IntAct_binary_expansion_or_pair_record	curated_pair_association_record			"Affinity Capture-Luminescence;Affinity Capture-MS;psi-mi:""MI:0007""(anti tag coimmunoprecipitation)"	Low Throughput	"physical;psi-mi:""MI:0914""(association)"		undirected_or_not_applicable		curated_interaction_record_requires_primary_source_and_complex_expansion_review;curated_physical_database_record_requires_primary_source_interpretation	25036637	two_database_resources	true	0	MITAB_binary_expansion_may_not_be_direct;database_record_not_primary_source_review;experimental_system_name_does_not_alone_establish_direct_binding;isoform_and_construct_context_require_source_review;query_accession_is_not_bait_direction	1	1	focused_primary_review_complete	supports_context_qualified_pair_relationship	physical_association;shared_complex	undirected_or_not_applicable		cellular_complex_not_binary	tagged_expression_duplicate_APMS_cellular_association	no_pair_specific_HSP90_assay_in_this_source	25036637	cultured_cell_line	human	whole_cell_or_unspecified_fraction	omics_or_screening_measurement;physical_interaction_or_proximity	close_pair	reviewed_context_qualified	reviewed_neighborhood_relationship	none_v6_253_reviewed_neighborhood_only
FKBP8::PTGES3	FKBP8	PTGES3	PTGES3	5	2	BioGRID;IntAct	2	BioGRID;IntAct	BioGRID_physical;IntAct_binary_expansion_or_pair_record	curated_pair_association_record			"Affinity Capture-Luminescence;Affinity Capture-MS;psi-mi:""MI:0007""(anti tag coimmunoprecipitation)"	High Throughput;Low Throughput	"physical;psi-mi:""MI:0914""(association)"		undirected_or_not_applicable		curated_interaction_record_requires_primary_source_and_complex_expansion_review;curated_physical_database_record_requires_primary_source_interpretation	25036637;35271311	two_database_resources	true	0	MITAB_binary_expansion_may_not_be_direct;database_record_not_primary_source_review;experimental_system_name_does_not_alone_establish_direct_binding;isoform_and_construct_context_require_source_review;query_accession_is_not_bait_direction	2	2	focused_primary_review_complete	supports_context_qualified_pair_relationship	physical_association;shared_complex	undirected_or_not_applicable		cellular_complex_not_binary	same_study_reciprocal_endogenous_tag_IPMS_cellular_association;tagged_expression_duplicate_APMS_cellular_association	no_pair_specific_HSP90_assay_in_this_source;no_pair_specific_HSP90_mediation_established	25036637;35271311	cultured_cell_line	human	whole_cell_or_unspecified_fraction	omics_or_screening_measurement;physical_interaction_or_proximity	close_pair	reviewed_context_qualified	reviewed_neighborhood_relationship	none_v6_253_reviewed_neighborhood_only
FKBP8::SUGT1	FKBP8	SUGT1	SUGT1	4	2	BioGRID;IntAct	2	BioGRID;IntAct	BioGRID_physical;IntAct_binary_expansion_or_pair_record	curated_pair_association_record			"Affinity Capture-Luminescence;Affinity Capture-MS;psi-mi:""MI:0007""(anti tag coimmunoprecipitation)"	High Throughput;Low Throughput	"physical;psi-mi:""MI:0914""(association)"		undirected_or_not_applicable		curated_interaction_record_requires_primary_source_and_complex_expansion_review;curated_physical_database_record_requires_primary_source_interpretation	25036637;35271311	two_database_resources	true	0	MITAB_binary_expansion_may_not_be_direct;database_record_not_primary_source_review;experimental_system_name_does_not_alone_establish_direct_binding;isoform_and_construct_context_require_source_review;query_accession_is_not_bait_direction	2	2	focused_primary_review_complete	supports_context_qualified_pair_relationship	physical_association;shared_complex	undirected_or_not_applicable		cellular_complex_not_binary	endogenous_tag_IPMS_accepted_core_cluster_association;tagged_expression_duplicate_APMS_cellular_association	no_pair_specific_HSP90_assay_in_this_source;no_pair_specific_HSP90_mediation_established	25036637;35271311	cultured_cell_line	human	whole_cell_or_unspecified_fraction	omics_or_screening_measurement;physical_interaction_or_proximity	close_pair	reviewed_context_qualified	reviewed_neighborhood_relationship	none_v6_253_reviewed_neighborhood_only
FLCN::FNIP1	FLCN	FNIP1	FNIP1	12	2	BioGRID;Complex_Portal	2	BioGRID;Complex_Portal	BioGRID_physical;curated_complex_comembership	curated_complex_comembership;curated_pair_association_record	FLCN-FNIP GTPase-activating complex, FNIP1 variant		Affinity Capture-MS;Affinity Capture-Western;Reconstituted Complex;not_reported_in_local_source	Low Throughput	complex_comembership;physical	ECO:0000353(physical interaction evidence used in manual assertion)	undirected_or_not_applicable		curated_complex_comembership_not_binary_interaction;curated_physical_database_record_requires_primary_source_interpretation	17028174;18403135;24095279;27353360;28656962;31672913;33137092;34597140	two_database_resources	true	0	complex_expansion_not_pairwise_binding;complex_see_also_references_not_pair_specific;database_record_not_primary_source_review;experimental_system_name_does_not_alone_establish_direct_binding;isoform_and_construct_context_require_source_review;stoichiometry_and_context_require_complex_record_review	3	2	focused_primary_review_complete	supports_pair_relationship	cochaperone_client_regulation;direct_binding;functional_complex;protein_stability_regulation;stable_complex	directed;undirected_or_not_applicable	FNIP1->FLCN	direct_binary;functional_direction_not_binary_contact;purified_stable_complex_not_atomic_contact	cellular_perturbation_with_mechanistic_reconstitution;purified_binary_and_ternary_reconstitution;purified_functional_complex	HSP90AA1_alpha_resolved;cytosolic_hsp90_unresolved;unresolved	24095279;27353360	cultured_cell_line;purified_or_cell_free	human	cytosol;endosome_or_lysosome;whole_cell_or_unspecified_fraction	biochemical_or_structural;functional_or_phenotypic_readout;genetic_perturbation;physical_interaction_or_proximity;protein_abundance_stability_or_folding	close_pair	reviewed_supported	reviewed_neighborhood_relationship	none_v6_253_reviewed_neighborhood_only
FLCN::FNIP2	FLCN	FNIP2	FNIP2	7	3	BioGRID;CORUM;Complex_Portal	3	BioGRID;CORUM;Complex_Portal	BioGRID_physical;curated_complex_comembership	curated_complex_comembership;curated_pair_association_record	FLCN-FNIP GTPase-activating complex, FNIP2 variant;complex_id=7430|complex_name=FLCN-FNIP2 complex	HEK-293T cells	Affinity Capture-MS;Affinity Capture-Western;MI:0019:coimmunoprecipitation;not_reported_in_local_source	Low Throughput	complex_comembership;physical	ECO:0000353(physical interaction evidence used in manual assertion)	undirected_or_not_applicable		curated_complex_comembership_not_binary_interaction;curated_physical_database_record_requires_primary_source_interpretation	18403135;24095279;25126726;27353360;28656962;31672913;33137092;34597140	three_or_more_database_resources	true	0	cell_line_is_experimental_context_not_interaction_system;complex_expansion_not_pairwise_binding;complex_see_also_references_not_pair_specific;database_record_not_primary_source_review;experimental_system_name_does_not_alone_establish_direct_binding;isoform_and_construct_context_require_source_review;multiple_complex_records_from_one_source_do_not_equal_independent_replication;stoichiometry_and_context_require_complex_record_review	3	2	focused_primary_review_complete	supports_pair_relationship	cochaperone_client_regulation;direct_binding;functional_complex;physical_association;protein_stability_regulation;stable_complex;structural_complex	directed;undirected_or_not_applicable	FNIP2->FLCN	atomic_interface_resolved;cellular_complex_not_binary;functional_direction_not_binary_contact	cellular_perturbation_support;cryo_em_structural_and_reconstituted_functional_complex;endogenous_and_tagged_cellular_association	HSP90AA1_alpha_resolved;cytosolic_hsp90_unresolved;unresolved	27353360;31672913	cultured_cell_line;purified_or_cell_free	human	cytosol;endosome_or_lysosome;whole_cell_or_unspecified_fraction	biochemical_or_structural;functional_or_phenotypic_readout;genetic_perturbation;physical_interaction_or_proximity;protein_abundance_stability_or_folding	close_pair	reviewed_supported	reviewed_neighborhood_relationship	none_v6_253_reviewed_neighborhood_only
GNA12::PPP5C	GNA12	PPP5C	PPP5C	3	2	BioGRID;HPRD	2	BioGRID;HPRD	BioGRID_physical;legacy_curated_binary_interaction_record	curated_pair_association_record			Affinity Capture-Western;Reconstituted Complex;in vitro;in vivo;yeast 2-hybrid	Low Throughput	physical;protein_protein_interaction		undirected_or_not_applicable		curated_physical_database_record_requires_primary_source_interpretation;legacy_curated_pair_requires_primary_source_review	12176367	two_database_resources	true	0	database_record_not_primary_source_review;experimental_system_name_does_not_alone_establish_direct_binding;isoform_and_construct_context_require_source_review;legacy_2010_database_snapshot;method_labels_aggregate_publications	1	1	focused_primary_review_complete	supports_pair_relationship	functional_complex;physical_association;shared_complex	directed	GNA12->PPP5C	heterologous_reporter_cellular_and_tissue_complex_plus_defined_purified_function_not_purified_binding	Y2H_cellular_and_endogenous_tissue_coIP_cell_lysate_pull_down_plus_defined_purified_activation	purified_activation_HSP90_independent_cellular_mediation_not_tested	12176367	cultured_cell_line;purified_or_cell_free;tissue_or_biospecimen	african_green_monkey;budding_yeast;escherichia_coli;rat	cytosol;plasma_membrane_or_cell_surface;whole_cell_or_unspecified_fraction	biochemical_or_structural;functional_or_phenotypic_readout;localization_trafficking_or_secretion;physical_interaction_or_proximity	close_pair	reviewed_supported	reviewed_neighborhood_relationship	none_v6_253_reviewed_neighborhood_only
GNA13::PPP5C	GNA13	PPP5C	PPP5C	2	2	BioGRID;HPRD	2	BioGRID;HPRD	BioGRID_physical;legacy_curated_binary_interaction_record	curated_pair_association_record			Reconstituted Complex;in vitro;in vivo;yeast 2-hybrid	Low Throughput	physical;protein_protein_interaction		undirected_or_not_applicable		curated_physical_database_record_requires_primary_source_interpretation;legacy_curated_pair_requires_primary_source_review	12176367	two_database_resources	true	0	database_record_not_primary_source_review;experimental_system_name_does_not_alone_establish_direct_binding;isoform_and_construct_context_require_source_review;legacy_2010_database_snapshot;method_labels_aggregate_publications	1	1	focused_primary_review_complete	supports_pair_relationship	functional_complex;physical_association;shared_complex	directed	GNA13->PPP5C	cell_lysate_pull_down_plus_defined_purified_function_not_purified_binding	cell_lysate_pull_down_plus_defined_purified_protein_functional_activation	purified_activation_HSP90_independent_cellular_mediation_not_tested	12176367	cultured_cell_line;purified_or_cell_free	african_green_monkey;escherichia_coli;rat	whole_cell_or_unspecified_fraction	biochemical_or_structural;functional_or_phenotypic_readout;physical_interaction_or_proximity	close_pair	reviewed_supported	reviewed_neighborhood_relationship	none_v6_253_reviewed_neighborhood_only
GPALPP1::PPID	GPALPP1	PPID	PPID	3	2	BioGRID;IntAct	2	BioGRID;IntAct	BioGRID_physical;IntAct_binary_expansion_or_pair_record	curated_pair_association_record			"Affinity Capture-Luminescence;Affinity Capture-MS;psi-mi:""MI:0007""(anti tag coimmunoprecipitation)"	Low Throughput	"physical;psi-mi:""MI:0914""(association)"		undirected_or_not_applicable		curated_interaction_record_requires_primary_source_and_complex_expansion_review;curated_physical_database_record_requires_primary_source_interpretation	25036637	two_database_resources	true	0	MITAB_binary_expansion_may_not_be_direct;database_record_not_primary_source_review;experimental_system_name_does_not_alone_establish_direct_binding;isoform_and_construct_context_require_source_review;query_accession_is_not_bait_direction	1	1	focused_primary_review_complete	supports_context_qualified_pair_relationship	physical_association;shared_complex	undirected_or_not_applicable		cellular_complex_not_binary	tagged_expression_duplicate_APMS_cellular_association	no_pair_specific_HSP90_assay_in_this_source	25036637	cultured_cell_line	human	whole_cell_or_unspecified_fraction	omics_or_screening_measurement;physical_interaction_or_proximity	close_pair	reviewed_context_qualified	reviewed_neighborhood_relationship	none_v6_253_reviewed_neighborhood_only
HDAC6::STIP1	HDAC6	STIP1	STIP1	2	2	BioGRID;IntAct	2	BioGRID;IntAct	BioGRID_physical;IntAct_binary_expansion_or_pair_record	curated_pair_association_record			"Affinity Capture-MS;psi-mi:""MI:0729""(luminescence based mammalian interactome mapping)"	Low Throughput	"physical;psi-mi:""MI:0915""(physical association)"		undirected_or_not_applicable		curated_interaction_record_requires_primary_source_and_complex_expansion_review;curated_physical_database_record_requires_primary_source_interpretation	25036637;35676659	two_database_resources	true	0	MITAB_binary_expansion_may_not_be_direct;database_record_not_primary_source_review;experimental_system_name_does_not_alone_establish_direct_binding;isoform_and_construct_context_require_source_review;query_accession_is_not_bait_direction	2	2	focused_primary_review_complete	supports_context_qualified_pair_relationship	physical_association;shared_complex	undirected_or_not_applicable		single_bait_low_peptide_IPMS_not_binary;tagged_expression_LUMIER_cellular_association_not_binary	single_orientation_LUMIER_at_or_near_source_threshold_without_APMS;supplement_only_one_peptide_one_PSM_HDCA6_bait_IPMS_context	no_pair_specific_HSP90_mediation_or_isoform_dependency_established	25036637;35676659	cultured_cell_line	human	cytosol;whole_cell_or_unspecified_fraction	omics_or_screening_measurement;physical_interaction_or_proximity	close_pair	reviewed_context_qualified	reviewed_neighborhood_relationship	none_v6_253_reviewed_neighborhood_only
HDAC6::STUB1	HDAC6	STUB1	STUB1	2	2	BioGRID;IntAct	2	BioGRID;IntAct	BioGRID_physical;IntAct_binary_expansion_or_pair_record	curated_pair_association_record			"Affinity Capture-Western;psi-mi:""MI:0729""(luminescence based mammalian interactome mapping)"	Low Throughput	"physical;psi-mi:""MI:0915""(physical association)"		undirected_or_not_applicable		curated_interaction_record_requires_primary_source_and_complex_expansion_review;curated_physical_database_record_requires_primary_source_interpretation	22492994;25036637	two_database_resources	true	0	MITAB_binary_expansion_may_not_be_direct;database_record_not_primary_source_review;experimental_system_name_does_not_alone_establish_direct_binding;isoform_and_construct_context_require_source_review;query_accession_is_not_bait_direction	1	1	focused_primary_review_complete	supports_context_qualified_pair_relationship	physical_association;shared_complex	undirected_or_not_applicable		cellular_complex_not_binary	tagged_expression_LUMIER_cellular_association_without_qualifying_APMS	no_pair_specific_HSP90_mediation_established	25036637	cultured_cell_line	human	whole_cell_or_unspecified_fraction	omics_or_screening_measurement;physical_interaction_or_proximity	retain_pair	reviewed_context_qualified	reviewed_neighborhood_relationship	none_v6_253_reviewed_neighborhood_only
HSF4::SUGT1	HSF4	SUGT1	SUGT1	3	2	BioGRID;IntAct	2	BioGRID;IntAct	BioGRID_physical;IntAct_binary_expansion_or_pair_record	curated_pair_association_record			"Affinity Capture-Luminescence;Affinity Capture-MS;psi-mi:""MI:0007""(anti tag coimmunoprecipitation)"	Low Throughput	"physical;psi-mi:""MI:0914""(association)"		undirected_or_not_applicable		curated_interaction_record_requires_primary_source_and_complex_expansion_review;curated_physical_database_record_requires_primary_source_interpretation	25036637	two_database_resources	true	0	MITAB_binary_expansion_may_not_be_direct;database_record_not_primary_source_review;experimental_system_name_does_not_alone_establish_direct_binding;isoform_and_construct_context_require_source_review;query_accession_is_not_bait_direction	1	1	focused_primary_review_complete	supports_context_qualified_pair_relationship	physical_association;shared_complex	undirected_or_not_applicable		cellular_complex_not_binary	tagged_expression_duplicate_APMS_cellular_association	no_pair_specific_HSP90_assay_in_this_source	25036637	cultured_cell_line	human	whole_cell_or_unspecified_fraction	omics_or_screening_measurement;physical_interaction_or_proximity	close_pair	reviewed_context_qualified	reviewed_neighborhood_relationship	none_v6_253_reviewed_neighborhood_only
HSPA14::STIP1	HSPA14	STIP1	STIP1	2	2	BioGRID;HPRD	2	BioGRID;HPRD	BioGRID_physical;legacy_curated_binary_interaction_record	curated_pair_association_record			Reconstituted Complex;in vitro	Low Throughput	physical;protein_protein_interaction		undirected_or_not_applicable		curated_physical_database_record_requires_primary_source_interpretation;legacy_curated_pair_requires_primary_source_review	10786835	two_database_resources	true	0	database_record_not_primary_source_review;experimental_system_name_does_not_alone_establish_direct_binding;isoform_and_construct_context_require_source_review;legacy_2010_database_snapshot;method_labels_aggregate_publications	1	1	focused_primary_review_complete	database_route_not_supported_by_source		not_applicable		source_gene_identity_mismatch	database_projection_not_supported_by_source	separate_TPR2A_Hsp90_peptide_structure_without_HSPA14_assay	10786835	purified_or_cell_free	human	not_reported	biochemical_or_structural	close_pair	reviewed_database_projection_not_supported	reviewed_neighborhood_exclusion	none_v6_253_reviewed_neighborhood_only
HSPA1A::STUB1	HSPA1A	STUB1	STUB1	21	4	BioGRID;CORUM;HPRD;IntAct	5	BioGRID;CORUM;HPRD;HPRD_complex;IntAct	BioGRID_physical;IntAct_binary_expansion_or_pair_record;curated_complex_comembership;legacy_curated_binary_interaction_record;legacy_curated_complex_comembership	curated_complex_comembership;curated_pair_association_record	COM_371;complex_id=432|complex_name=HSPA1A-NOS1-STUB1 complex	HEK293T cells	"Affinity Capture-MS;Affinity Capture-Western;Biochemical Activity;Co-fractionation;MI:0019:coimmunoprecipitation;Protein-peptide;Proximity Label-MS;Reconstituted Complex;in vitro;in vivo;in vitro;in vivo;yeast 2-hybrid;psi-mi:""MI:0007""(anti tag coimmunoprecipitation);psi-mi:""MI:0018""(two hybrid);psi-mi:""MI:0049""(filter binding);psi-mi:""MI:0096""(pull down)"	High Throughput;Low Throughput	"complex_comembership;physical;protein_complex_membership;protein_protein_interaction;psi-mi:""MI:0914""(association);psi-mi:""MI:0915""(physical association)"		undirected_or_not_applicable		curated_complex_comembership_not_binary_interaction;curated_interaction_record_requires_primary_source_and_complex_expansion_review;curated_physical_database_record_requires_primary_source_interpretation;legacy_curated_complex_comembership_not_binary_interaction;legacy_curated_pair_requires_primary_source_review	10330192;12150907;15189447;15466472;16275660;22939629;23271055;23904609;25036637;26010904;27787517;28042827;32401531;32687490;33957083;35148989	three_or_more_database_resources	true	0	MITAB_binary_expansion_may_not_be_direct;cell_line_is_experimental_context_not_interaction_system;complex_expansion_not_pairwise_binding;database_record_not_primary_source_review;experimental_system_name_does_not_alone_establish_direct_binding;isoform_and_construct_context_require_source_review;legacy_2010_database_snapshot;method_labels_aggregate_publications;multiple_complex_records_from_one_source_do_not_equal_independent_replication;query_accession_is_not_bait_direction	3	3	focused_primary_review_complete	database_route_not_supported_by_source;supports_context_qualified_pair_relationship	physical_association;shared_complex	undirected_or_not_applicable		cellular_complex_not_binary;engineered_cellular_UBAIT_or_BioID_association_not_purified_binary_binding;source_high_confidence_pair_not_supported	concordant_high_confidence_Hsp70_network_APMS_and_BioID_cellular_association;database_projection_not_supported_by_source;source_internal_BioID_positive_UBAIT_negative_context_association	no_pair_specific_HSP90_assay_in_this_source	25036637;32687490;33957083	cultured_cell_line	human	whole_cell_or_unspecified_fraction	omics_or_screening_measurement;physical_interaction_or_proximity	retain_pair	reviewed_mixed	reviewed_neighborhood_mixed	none_v6_253_reviewed_neighborhood_only
HSPA1B::STUB1	HSPA1B	STUB1	STUB1	8	4	BioGRID;BioPlex;HPRD;IntAct	4	BioGRID;BioPlex_HCT116;HPRD;IntAct	AP_MS_network_edge;BioGRID_physical;IntAct_binary_expansion_or_pair_record;legacy_curated_binary_interaction_record	ap_ms_network_association;curated_pair_association_record		HCT116	"Affinity Capture-Luminescence;Affinity Capture-MS;HCT116 affinity-purification mass spectrometry network;Protein-peptide;Reconstituted Complex;in vitro;in vivo;yeast 2-hybrid;psi-mi:""MI:0007""(anti tag coimmunoprecipitation)"	High Throughput;Low Throughput	"physical;physical_association_network;protein_protein_interaction;psi-mi:""MI:0914""(association)"		undirected_or_not_applicable		AP_MS_association_not_binary_binding;curated_interaction_record_requires_primary_source_and_complex_expansion_review;curated_physical_database_record_requires_primary_source_interpretation;legacy_curated_pair_requires_primary_source_review	16275660;25036637;33961781	three_or_more_database_resources	true	0	MITAB_binary_expansion_may_not_be_direct;cell_line_measurement_context;database_record_not_primary_source_review;experimental_system_name_does_not_alone_establish_direct_binding;high_throughput_AP_MS_context;isoform_and_construct_context_require_source_review;legacy_2010_database_snapshot;method_labels_aggregate_publications;network_edge_not_direct_binding;no_pair_specific_publication_identifier_in_local_matrix;query_accession_is_not_bait_direction;single_final_network_presence_not_cell_line_specific_evidence	1	1	focused_primary_review_complete	supports_context_qualified_pair_relationship	physical_association;shared_complex	undirected_or_not_applicable		cellular_complex_not_binary	high_confidence_cellular_apms_co_complex	no_pair_specific_HSP90_assay_in_this_source	25036637	cultured_cell_line	human	whole_cell_or_unspecified_fraction	omics_or_screening_measurement;physical_interaction_or_proximity	close_pair	reviewed_context_qualified	reviewed_neighborhood_relationship	none_v6_253_reviewed_neighborhood_only
HSPA1L::STUB1	HSPA1L	STUB1	STUB1	5	2	BioGRID;IntAct	2	BioGRID;IntAct	BioGRID_physical;IntAct_binary_expansion_or_pair_record	curated_pair_association_record			"Affinity Capture-Luminescence;Affinity Capture-MS;Proximity Label-MS;psi-mi:""MI:0007""(anti tag coimmunoprecipitation)"	High Throughput;Low Throughput	"physical;psi-mi:""MI:0914""(association)"		undirected_or_not_applicable		curated_interaction_record_requires_primary_source_and_complex_expansion_review;curated_physical_database_record_requires_primary_source_interpretation	25036637;33957083	two_database_resources	true	0	MITAB_binary_expansion_may_not_be_direct;database_record_not_primary_source_review;experimental_system_name_does_not_alone_establish_direct_binding;isoform_and_construct_context_require_source_review;query_accession_is_not_bait_direction	1	1	focused_primary_review_complete	supports_context_qualified_pair_relationship	physical_association;shared_complex	undirected_or_not_applicable		cellular_complex_not_binary	high_confidence_cellular_apms_co_complex	no_pair_specific_HSP90_assay_in_this_source	25036637	cultured_cell_line	human	whole_cell_or_unspecified_fraction	omics_or_screening_measurement;physical_interaction_or_proximity	close_pair	reviewed_context_qualified	reviewed_neighborhood_relationship	none_v6_253_reviewed_neighborhood_only
HSPA2::STUB1	HSPA2	STUB1	STUB1	9	3	BioGRID;BioPlex;IntAct	3	BioGRID;BioPlex_HCT116;IntAct	AP_MS_network_edge;BioGRID_physical;IntAct_binary_expansion_or_pair_record	ap_ms_network_association;curated_pair_association_record		HCT116	"Affinity Capture-Luminescence;Affinity Capture-MS;HCT116 affinity-purification mass spectrometry network;Proximity Label-MS;psi-mi:""MI:0007""(anti tag coimmunoprecipitation)"	High Throughput;Low Throughput	"physical;physical_association_network;psi-mi:""MI:0914""(association)"		undirected_or_not_applicable		AP_MS_association_not_binary_binding;curated_interaction_record_requires_primary_source_and_complex_expansion_review;curated_physical_database_record_requires_primary_source_interpretation	24981860;25036637;33957083;33961781	three_or_more_database_resources	true	0	MITAB_binary_expansion_may_not_be_direct;cell_line_measurement_context;database_record_not_primary_source_review;experimental_system_name_does_not_alone_establish_direct_binding;high_throughput_AP_MS_context;isoform_and_construct_context_require_source_review;network_edge_not_direct_binding;no_pair_specific_publication_identifier_in_local_matrix;query_accession_is_not_bait_direction;single_final_network_presence_not_cell_line_specific_evidence	1	1	focused_primary_review_complete	supports_context_qualified_pair_relationship	physical_association;shared_complex	undirected_or_not_applicable		cellular_complex_not_binary	high_confidence_cellular_apms_co_complex	no_pair_specific_HSP90_assay_in_this_source	25036637	cultured_cell_line	human	whole_cell_or_unspecified_fraction	omics_or_screening_measurement;physical_interaction_or_proximity	close_pair	reviewed_context_qualified	reviewed_neighborhood_relationship	none_v6_253_reviewed_neighborhood_only
HSPA4::STUB1	HSPA4	STUB1	STUB1	74	3	BioGRID;HPRD;huMAP	4	BioGRID;HPRD;HPRD_complex;huMAP_2_0	BioGRID_physical;integrative_predicted_complex_comembership;legacy_curated_binary_interaction_record;legacy_curated_complex_comembership	curated_complex_comembership;curated_pair_association_record;predicted_complex_comembership	COM_3125;HuMAP2_05456		Affinity Capture-MS;Affinity Capture-Western;Biochemical Activity;Co-crystal Structure;Co-fractionation;Protein-peptide;Reconstituted Complex;Two-hybrid;in vivo;not_reported_in_local_source	High Throughput;Low Throughput	physical;predicted_complex_comembership;protein_complex_membership;protein_protein_interaction		undirected_or_not_applicable		curated_physical_database_record_requires_primary_source_interpretation;integrative_predicted_complex_comembership_not_direct_binding;legacy_curated_complex_comembership_not_binary_interaction;legacy_curated_pair_requires_primary_source_review	10330192;12574167;14532117;15126367;15538384;16169850;16275660;16293251;16554822;17317785;17545168;17873020;18436529;18784277;19196961;19648119;19892702;19913553;19940151;20146531;20349136;20661446;20704274;21325980;21358815;21454478;21518764;21549100;21775628;22824801;23271055;23344957;23410750;23412384;23764847;26010904;27708256;28754656;29274099;29317501;30446660;30911017;31320752;32041778;32483383;33619536;33658435;33775711;35061295;35395848;35657686;35831314;36027913;37353616;37564002	three_or_more_database_resources	true	0	complex_expansion_not_pairwise_binding;database_context_only;database_record_not_primary_source_review;experimental_system_name_does_not_alone_establish_direct_binding;isoform_and_construct_context_require_source_review;legacy_2010_database_snapshot;legacy_2020_snapshot;method_labels_aggregate_publications;multiple_complex_records_from_one_source_do_not_equal_independent_replication;predicted_complex_expansion_not_pairwise_binding	2	2	focused_primary_review_complete	database_route_not_supported_by_source;supports_context_qualified_pair_relationship	physical_association;shared_complex	not_applicable;undirected_or_not_applicable		classifier_inferred_endogenous_coelution_association_not_binary_binding;source_gene_identity_unresolved	EPIC_cofractionation_association_above_0.625_in_at_least_one_cell_line;database_projection_not_supported_by_source	cytosolic_hsp90_unresolved;no_HSP90_assay_for_this_pair_in_source	20661446;35831314	cultured_cell_line	human	whole_cell_or_unspecified_fraction	omics_or_screening_measurement;physical_interaction_or_proximity	retain_pair	reviewed_mixed	reviewed_neighborhood_mixed	none_v6_253_reviewed_neighborhood_only
HSPA4L::STUB1	HSPA4L	STUB1	STUB1	3	2	BioGRID;IntAct	2	BioGRID;IntAct	BioGRID_physical;IntAct_binary_expansion_or_pair_record	curated_pair_association_record			"Affinity Capture-Luminescence;Affinity Capture-MS;psi-mi:""MI:0007""(anti tag coimmunoprecipitation)"	Low Throughput	"physical;psi-mi:""MI:0914""(association)"		undirected_or_not_applicable		curated_interaction_record_requires_primary_source_and_complex_expansion_review;curated_physical_database_record_requires_primary_source_interpretation	25036637	two_database_resources	true	0	MITAB_binary_expansion_may_not_be_direct;database_record_not_primary_source_review;experimental_system_name_does_not_alone_establish_direct_binding;isoform_and_construct_context_require_source_review;query_accession_is_not_bait_direction	1	1	focused_primary_review_complete	supports_context_qualified_pair_relationship	physical_association;shared_complex	undirected_or_not_applicable		cellular_complex_not_binary	high_confidence_cellular_apms_co_complex	no_pair_specific_HSP90_assay_in_this_source	25036637	cultured_cell_line	human	whole_cell_or_unspecified_fraction	omics_or_screening_measurement;physical_interaction_or_proximity	close_pair	reviewed_context_qualified	reviewed_neighborhood_relationship	none_v6_253_reviewed_neighborhood_only
HSPA8::PPID	HSPA8	PPID	PPID	2	2	BioGRID;HPRD	2	BioGRID;HPRD	BioGRID_physical;legacy_curated_binary_interaction_record	curated_pair_association_record			Reconstituted Complex;in vitro	Low Throughput	physical;protein_protein_interaction		undirected_or_not_applicable		curated_physical_database_record_requires_primary_source_interpretation;legacy_curated_pair_requires_primary_source_review	15497503	two_database_resources	true	0	database_record_not_primary_source_review;experimental_system_name_does_not_alone_establish_direct_binding;isoform_and_construct_context_require_source_review;legacy_2010_database_snapshot;method_labels_aggregate_publications	1	1	focused_primary_review_complete	supports_pair_relationship	direct_binding;physical_association;shared_complex	undirected_or_not_applicable		direct_purified_mammalian_ortholog_binding_plus_lysate_association	purified_rat_Hsc70_human_CyP40_fragment_ELISA_plus_lysate_capture_and_mutant_mapping	HSP90AB1_comparator_and_competition_context_without_pair_specific_HSP90_mediation	15497503	purified_or_cell_free;tissue_or_biospecimen	cow;human;rat	cytosol	biochemical_or_structural;physical_interaction_or_proximity	close_pair	reviewed_supported	reviewed_neighborhood_relationship	none_v6_253_reviewed_neighborhood_only
HSPA8::PPP5C	HSPA8	PPP5C	PPP5C	2	2	BioGRID;IntAct	2	BioGRID;IntAct	BioGRID_physical;IntAct_binary_expansion_or_pair_record	curated_pair_association_record			"Affinity Capture-MS;psi-mi:""MI:0007""(anti tag coimmunoprecipitation)"	Low Throughput	"physical;psi-mi:""MI:0914""(association)"		undirected_or_not_applicable		curated_interaction_record_requires_primary_source_and_complex_expansion_review;curated_physical_database_record_requires_primary_source_interpretation	21360678	two_database_resources	true	0	MITAB_binary_expansion_may_not_be_direct;database_record_not_primary_source_review;experimental_system_name_does_not_alone_establish_direct_binding;isoform_and_construct_context_require_source_review;query_accession_is_not_bait_direction	1	1	focused_primary_review_complete	supports_context_qualified_pair_relationship	physical_association;shared_complex	undirected_or_not_applicable		cellular_complex_not_binary	PPP5C_bait_SAINT_APMS_high_background_cellular_association	no_pair_specific_HSP90_assay_in_this_source	21360678	cultured_cell_line	human	whole_cell_or_unspecified_fraction	omics_or_screening_measurement;physical_interaction_or_proximity	close_pair	reviewed_context_qualified	reviewed_neighborhood_relationship	none_v6_253_reviewed_neighborhood_only
HSPA8::STIP1	HSPA8	STIP1	STIP1	18	2	BioGRID;CORUM	2	BioGRID;CORUM	BioGRID_physical;curated_complex_comembership	curated_complex_comembership;curated_pair_association_record	complex_id=11760|complex_name=HSP90AA1-HSP70-STIP1 complex;complex_id=11762|complex_name=HSP70-HSP90AB1-STIP1 complex	in vitro	Affinity Capture-MS;Affinity Capture-Western;Co-fractionation;Cross-Linking-MS (XL-MS);Far Western;MI:0019:coimmunoprecipitation;MI:0071:molecular sieving;MI:0410:3D electron microscopy;Reconstituted Complex;Two-hybrid	High Throughput;Low Throughput	complex_comembership;physical		undirected_or_not_applicable		curated_complex_comembership_not_binary_interaction;curated_physical_database_record_requires_primary_source_interpretation	10567422;11093761;22939629;23938469;25407331;25864199;26344197;31839598;33239621;35271311;35831314;38334954;40593561;9452498;9774640	two_database_resources	true	0	cell_line_is_experimental_context_not_interaction_system;complex_expansion_not_pairwise_binding;database_record_not_primary_source_review;experimental_system_name_does_not_alone_establish_direct_binding;isoform_and_construct_context_require_source_review;multiple_complex_records_from_one_source_do_not_equal_independent_replication	1	1	focused_primary_review_complete	supports_context_qualified_pair_relationship	shared_complex	undirected_or_not_applicable		cellular_complex_not_binary	endogenous_and_tagged_cellular_association	cytosolic_hsp90_unresolved	33239621	cultured_cell_line	human	whole_cell_or_unspecified_fraction	omics_or_screening_measurement;physical_interaction_or_proximity	close_pair	reviewed_context_qualified	reviewed_neighborhood_relationship	none_v6_253_reviewed_neighborhood_only
HSPBP1::STUB1	HSPBP1	STUB1	STUB1	7	4	BioGRID;BioPlex;CORUM;IntAct	4	BioGRID;BioPlex_HCT116;CORUM;IntAct	AP_MS_network_edge;BioGRID_physical;IntAct_binary_expansion_or_pair_record;curated_complex_comembership	ap_ms_network_association;curated_complex_comembership;curated_pair_association_record	complex_id=7623|complex_name=HSPA8-HSPBP1-STUB1 complex	HCT116;HeLa cells	"Affinity Capture-MS;Affinity Capture-Western;HCT116 affinity-purification mass spectrometry network;MI:0007:anti tag coimmunoprecipitation;psi-mi:""MI:0007""(anti tag coimmunoprecipitation)"	High Throughput;Low Throughput	"complex_comembership;physical;physical_association_network;psi-mi:""MI:0914""(association)"		undirected_or_not_applicable		AP_MS_association_not_binary_binding;curated_complex_comembership_not_binary_interaction;curated_interaction_record_requires_primary_source_and_complex_expansion_review;curated_physical_database_record_requires_primary_source_interpretation	15215316;16207813;33961781	three_or_more_database_resources	true	0	MITAB_binary_expansion_may_not_be_direct;cell_line_is_experimental_context_not_interaction_system;cell_line_measurement_context;complex_expansion_not_pairwise_binding;database_record_not_primary_source_review;experimental_system_name_does_not_alone_establish_direct_binding;high_throughput_AP_MS_context;isoform_and_construct_context_require_source_review;multiple_complex_records_from_one_source_do_not_equal_independent_replication;network_edge_not_direct_binding;no_pair_specific_publication_identifier_in_local_matrix;query_accession_is_not_bait_direction;single_final_network_presence_not_cell_line_specific_evidence	1	1	focused_primary_review_complete	supports_pair_relationship	cochaperone_regulation;direct_binding;shared_complex	directed	HSPBP1->STUB1	direct_low_affinity_purified_binding_plus_cellular_co_complex	purified_binding_with_reciprocal_cellular_co_complex_and_functional_inhibition	Hsc70_specific_complex_HSP90_associated_ubiquitylation_not_inhibited	15215316	cultured_cell_line;purified_or_cell_free	human;rat	whole_cell_or_unspecified_fraction	biochemical_or_structural;functional_or_phenotypic_readout;physical_interaction_or_proximity	close_pair	reviewed_supported	reviewed_neighborhood_relationship	none_v6_253_reviewed_neighborhood_only
IRAK1::STIP1	IRAK1	STIP1	STIP1	5	2	BioGRID;IntAct	2	BioGRID;IntAct	BioGRID_physical;IntAct_binary_expansion_or_pair_record	curated_pair_association_record			"Affinity Capture-MS;Affinity Capture-Western;psi-mi:""MI:0096""(pull down)"	High Throughput;Low Throughput	"physical;psi-mi:""MI:0914""(association)"		undirected_or_not_applicable		curated_interaction_record_requires_primary_source_and_complex_expansion_review;curated_physical_database_record_requires_primary_source_interpretation	15647277;32707033;33239621	two_database_resources	true	0	MITAB_binary_expansion_may_not_be_direct;database_record_not_primary_source_review;experimental_system_name_does_not_alone_establish_direct_binding;isoform_and_construct_context_require_source_review;query_accession_is_not_bait_direction	1	1	focused_primary_review_complete	supports_context_qualified_pair_relationship	physical_association;shared_complex	undirected_or_not_applicable		cellular_complex_not_binary	high_confidence_cellular_apms_co_complex	no_pair_specific_HSP90_assay_in_this_source	32707033	cultured_cell_line	human	whole_cell_or_unspecified_fraction	omics_or_screening_measurement;physical_interaction_or_proximity	close_pair	reviewed_context_qualified	reviewed_neighborhood_relationship	none_v6_253_reviewed_neighborhood_only
IRS4::PPP5C	IRS4	PPP5C	PPP5C	7	2	BioGRID;IntAct	2	BioGRID;IntAct	BioGRID_physical;IntAct_binary_expansion_or_pair_record	curated_pair_association_record			"Affinity Capture-Luminescence;Affinity Capture-MS;Proximity Label-MS;psi-mi:""MI:0007""(anti tag coimmunoprecipitation);psi-mi:""MI:0096""(pull down);psi-mi:""MI:1314""(proximity-dependent biotin identification)"	High Throughput;Low Throughput	"physical;psi-mi:""MI:0914""(association);psi-mi:""MI:2364""(proximity)"		undirected_or_not_applicable		curated_interaction_record_requires_primary_source_and_complex_expansion_review;curated_physical_database_record_requires_primary_source_interpretation	25036637;28330616	two_database_resources	true	0	MITAB_binary_expansion_may_not_be_direct;database_record_not_primary_source_review;experimental_system_name_does_not_alone_establish_direct_binding;isoform_and_construct_context_require_source_review;query_accession_is_not_bait_direction	2	2	focused_primary_review_complete	supports_context_qualified_pair_relationship	physical_association;shared_complex	undirected_or_not_applicable		cellular_complex_not_binary;tagged_cellular_APMS_plus_proximity_not_binary	PPP5C_bait_high_confidence_APMS_plus_BioID_proximity;tagged_expression_APMS_plus_LUMIER_cellular_association	no_HSP90_assay_in_this_source;no_pair_specific_HSP90_mediation_established	25036637;28330616	cultured_cell_line	human	whole_cell_or_unspecified_fraction	omics_or_screening_measurement;physical_interaction_or_proximity	close_pair	reviewed_context_qualified	reviewed_neighborhood_relationship	none_v6_253_reviewed_neighborhood_only
IRS4::PTGES3	IRS4	PTGES3	PTGES3	4	2	BioGRID;IntAct	2	BioGRID;IntAct	BioGRID_physical;IntAct_binary_expansion_or_pair_record	curated_pair_association_record			"Affinity Capture-Luminescence;Affinity Capture-MS;psi-mi:""MI:0007""(anti tag coimmunoprecipitation);psi-mi:""MI:0729""(luminescence based mammalian interactome mapping)"	Low Throughput	"physical;psi-mi:""MI:0914""(association);psi-mi:""MI:0915""(physical association)"		undirected_or_not_applicable		curated_interaction_record_requires_primary_source_and_complex_expansion_review;curated_physical_database_record_requires_primary_source_interpretation	25036637	two_database_resources	true	0	MITAB_binary_expansion_may_not_be_direct;database_record_not_primary_source_review;experimental_system_name_does_not_alone_establish_direct_binding;isoform_and_construct_context_require_source_review;query_accession_is_not_bait_direction	1	1	focused_primary_review_complete	supports_context_qualified_pair_relationship	physical_association;shared_complex	undirected_or_not_applicable		cellular_complex_not_binary	tagged_expression_APMS_plus_LUMIER_cellular_association	no_pair_specific_HSP90_assay_in_this_source	25036637	cultured_cell_line	human	whole_cell_or_unspecified_fraction	omics_or_screening_measurement;physical_interaction_or_proximity	close_pair	reviewed_context_qualified	reviewed_neighborhood_relationship	none_v6_253_reviewed_neighborhood_only
LRRC40::SUGT1	LRRC40	SUGT1	SUGT1	3	2	BioGRID;IntAct	2	BioGRID;IntAct	BioGRID_physical;IntAct_binary_expansion_or_pair_record	curated_pair_association_record			"Affinity Capture-Luminescence;Affinity Capture-MS;psi-mi:""MI:0007""(anti tag coimmunoprecipitation)"	Low Throughput	"physical;psi-mi:""MI:0914""(association)"		undirected_or_not_applicable		curated_interaction_record_requires_primary_source_and_complex_expansion_review;curated_physical_database_record_requires_primary_source_interpretation	25036637	two_database_resources	true	0	MITAB_binary_expansion_may_not_be_direct;database_record_not_primary_source_review;experimental_system_name_does_not_alone_establish_direct_binding;isoform_and_construct_context_require_source_review;query_accession_is_not_bait_direction	1	1	focused_primary_review_complete	supports_context_qualified_pair_relationship	physical_association;shared_complex	undirected_or_not_applicable		cellular_complex_not_binary	tagged_expression_APMS_plus_LUMIER_cellular_association	no_pair_specific_HSP90_assay_in_this_source	25036637	cultured_cell_line	human	whole_cell_or_unspecified_fraction	omics_or_screening_measurement;physical_interaction_or_proximity	close_pair	reviewed_context_qualified	reviewed_neighborhood_relationship	none_v6_253_reviewed_neighborhood_only
MAPT::STUB1	MAPT	STUB1	STUB1	37	4	BioGRID;CORUM;HPRD;IntAct	5	BioGRID;CORUM;HPRD;HPRD_complex;IntAct	BioGRID_physical;IntAct_binary_expansion_or_pair_record;curated_complex_comembership;legacy_curated_binary_interaction_record;legacy_curated_complex_comembership	curated_complex_comembership;curated_pair_association_record	COM_2355;complex_id=10191|complex_name=MAPT-STUB1 complex;complex_id=6037|complex_name=HSPA8-MAPT-STUB1-UBE2D2 complex	HEK293 cells;human brain; transfected COS7 cells	"Affinity Capture-Western;Biochemical Activity;Co-fractionation;Co-purification;MI:0019:coimmunoprecipitation;MI:0047:far western blotting;MI:0069:mass spectrometry studies of complexes;MI:0019:coimmunoprecipitation;MI:0047:far western blotting;MI:0113:western blot;Protein-peptide;Reconstituted Complex;in vitro;in vivo;psi-mi:""MI:0049""(filter binding);psi-mi:""MI:0096""(pull down)"	High Throughput;Low Throughput	"complex_comembership;physical;protein_complex_membership;protein_protein_interaction;psi-mi:""MI:0915""(physical association)"		undirected_or_not_applicable		curated_complex_comembership_not_binary_interaction;curated_interaction_record_requires_primary_source_and_complex_expansion_review;curated_physical_database_record_requires_primary_source_interpretation;legacy_curated_complex_comembership_not_binary_interaction;legacy_curated_pair_requires_primary_source_review	14612456;14962978;15447663;16275660;17304350;18292230;20466727;23237806;23554879;23696636;31320752;32022419;32401531;35107860;35148989;35831314;36610398;37086756;37330289	three_or_more_database_resources	true	0	MITAB_binary_expansion_may_not_be_direct;cell_line_is_experimental_context_not_interaction_system;complex_expansion_not_pairwise_binding;database_record_not_primary_source_review;experimental_system_name_does_not_alone_establish_direct_binding;isoform_and_construct_context_require_source_review;legacy_2010_database_snapshot;method_labels_aggregate_publications;multiple_complex_records_from_one_source_do_not_equal_independent_replication;query_accession_is_not_bait_direction	1	1	focused_primary_review_complete	supports_context_qualified_pair_relationship	physical_association;shared_complex	undirected_or_not_applicable		classifier_inferred_endogenous_coelution_association_not_binary_binding	EPIC_cofractionation_association_above_0.625_in_at_least_one_cell_line	no_HSP90_assay_for_this_pair_in_source	35831314	cultured_cell_line	human	whole_cell_or_unspecified_fraction	omics_or_screening_measurement;physical_interaction_or_proximity	retain_pair	reviewed_context_qualified	reviewed_neighborhood_relationship	none_v6_253_reviewed_neighborhood_only
MLF2::STIP1	MLF2	STIP1	STIP1	4	2	BioGRID;IntAct	2	BioGRID;IntAct	BioGRID_physical;IntAct_binary_expansion_or_pair_record	curated_pair_association_record			"Affinity Capture-Luminescence;Affinity Capture-MS;psi-mi:""MI:0007""(anti tag coimmunoprecipitation)"	High Throughput;Low Throughput	"physical;psi-mi:""MI:0914""(association)"		undirected_or_not_applicable		curated_interaction_record_requires_primary_source_and_complex_expansion_review;curated_physical_database_record_requires_primary_source_interpretation	25036637;33239621	two_database_resources	true	0	MITAB_binary_expansion_may_not_be_direct;database_record_not_primary_source_review;experimental_system_name_does_not_alone_establish_direct_binding;isoform_and_construct_context_require_source_review;query_accession_is_not_bait_direction	2	2	focused_primary_review_complete	supports_context_qualified_pair_relationship	physical_association;shared_complex	undirected_or_not_applicable		cellular_complex_not_binary	tagged_expression_duplicate_APMS_cellular_association;wild_type_specific_tagged_rescue_IP_LFQ_MS_cellular_association	cytosolic_hsp90_unresolved;no_pair_specific_HSP90_assay_in_this_source;no_pair_specific_HSP90_mediation_established	25036637;33239621	cultured_cell_line	human	whole_cell_or_unspecified_fraction	omics_or_screening_measurement;physical_interaction_or_proximity	close_pair	reviewed_context_qualified	reviewed_neighborhood_relationship	none_v6_253_reviewed_neighborhood_only
MLF2::STUB1	MLF2	STUB1	STUB1	8	3	BioGRID;BioPlex;IntAct	3	BioGRID;BioPlex_HCT116;IntAct	AP_MS_network_edge;BioGRID_physical;IntAct_binary_expansion_or_pair_record	ap_ms_network_association;curated_pair_association_record		HCT116	"Affinity Capture-Luminescence;Affinity Capture-MS;HCT116 affinity-purification mass spectrometry network;psi-mi:""MI:0007""(anti tag coimmunoprecipitation);psi-mi:""MI:0729""(luminescence based mammalian interactome mapping)"	High Throughput;Low Throughput	"physical;physical_association_network;psi-mi:""MI:0914""(association);psi-mi:""MI:0915""(physical association)"		undirected_or_not_applicable		AP_MS_association_not_binary_binding;curated_interaction_record_requires_primary_source_and_complex_expansion_review;curated_physical_database_record_requires_primary_source_interpretation	25036637;33961781	three_or_more_database_resources	true	0	MITAB_binary_expansion_may_not_be_direct;cell_line_measurement_context;database_record_not_primary_source_review;experimental_system_name_does_not_alone_establish_direct_binding;high_throughput_AP_MS_context;isoform_and_construct_context_require_source_review;network_edge_not_direct_binding;no_pair_specific_publication_identifier_in_local_matrix;query_accession_is_not_bait_direction;single_final_network_presence_not_cell_line_specific_evidence	2	2	focused_primary_review_complete	supports_context_qualified_pair_relationship	physical_association;shared_complex	undirected_or_not_applicable		cellular_complex_not_binary	high_confidence_cellular_APMS_co_complex;tagged_expression_APMS_plus_LUMIER_cellular_association	no_pair_specific_HSP90_assay_in_this_source;no_pair_specific_HSP90_mediation_established	25036637;33961781	cultured_cell_line	human	whole_cell_or_unspecified_fraction	omics_or_screening_measurement;physical_interaction_or_proximity	close_pair	reviewed_context_qualified	reviewed_neighborhood_relationship	none_v6_253_reviewed_neighborhood_only
MSN::TSC1	MSN	TSC1	TSC1	2	2	BioGRID;HPRD	2	BioGRID;HPRD	BioGRID_physical;legacy_curated_binary_interaction_record	curated_pair_association_record			Two-hybrid;in vivo;yeast 2-hybrid	Low Throughput	physical;protein_protein_interaction		undirected_or_not_applicable		curated_physical_database_record_requires_primary_source_interpretation;legacy_curated_pair_requires_primary_source_review	12226091	two_database_resources	true	0	database_record_not_primary_source_review;experimental_system_name_does_not_alone_establish_direct_binding;isoform_and_construct_context_require_source_review;legacy_2010_database_snapshot;method_labels_aggregate_publications	1	1	focused_primary_review_complete	supports_context_qualified_pair_relationship	physical_association;shared_complex	undirected_or_not_applicable		cell_lysate_GST_pull_down_not_purified_binary_with_pan_ERM_localization_context	one_study_cell_lysate_GST_pull_down_with_family_level_localization_context	no_HSP90_assay_in_this_source	12226091	cultured_cell_line;primary_cells;purified_or_cell_free	escherichia_coli;human;rat	cytosol;whole_cell_or_unspecified_fraction	localization_trafficking_or_secretion;physical_interaction_or_proximity	close_pair	reviewed_context_qualified	reviewed_neighborhood_relationship	none_v6_253_reviewed_neighborhood_only
NADSYN1::STUB1	NADSYN1	STUB1	STUB1	8	3	BioGRID;BioPlex;IntAct	4	BioGRID;BioPlex_293T;BioPlex_HCT116;IntAct	AP_MS_network_edge;BioGRID_physical;IntAct_binary_expansion_or_pair_record	ap_ms_network_association;curated_pair_association_record		293T;HCT116	"293T affinity-purification mass spectrometry network;Affinity Capture-Luminescence;Affinity Capture-MS;HCT116 affinity-purification mass spectrometry network;psi-mi:""MI:0007""(anti tag coimmunoprecipitation)"	High Throughput;Low Throughput	"physical;physical_association_network;psi-mi:""MI:0914""(association)"		undirected_or_not_applicable		AP_MS_association_not_binary_binding;curated_interaction_record_requires_primary_source_and_complex_expansion_review;curated_physical_database_record_requires_primary_source_interpretation	25036637;33961781	three_or_more_database_resources	true	0	MITAB_binary_expansion_may_not_be_direct;cell_line_measurement_context;database_record_not_primary_source_review;experimental_system_name_does_not_alone_establish_direct_binding;high_throughput_AP_MS_context;isoform_and_construct_context_require_source_review;network_edge_not_direct_binding;no_pair_specific_publication_identifier_in_local_matrix;query_accession_is_not_bait_direction;single_final_network_presence_not_cell_line_specific_evidence	2	2	focused_primary_review_complete	supports_context_qualified_pair_relationship	physical_association;shared_complex	undirected_or_not_applicable		cellular_complex_not_binary	same_study_cross_cell_line_cellular_APMS_association;tagged_expression_duplicate_APMS_cellular_association	no_pair_specific_HSP90_assay_in_this_source;no_pair_specific_HSP90_mediation_established	25036637;33961781	cultured_cell_line	human	whole_cell_or_unspecified_fraction	omics_or_screening_measurement;physical_interaction_or_proximity	close_pair	reviewed_context_qualified	reviewed_neighborhood_relationship	none_v6_253_reviewed_neighborhood_only
NEFL::TSC1	NEFL	TSC1	TSC1	3	2	BioGRID;HPRD	2	BioGRID;HPRD	BioGRID_physical;legacy_curated_binary_interaction_record	curated_pair_association_record			Affinity Capture-Western;Two-hybrid;in vivo	Low Throughput	physical;protein_protein_interaction		undirected_or_not_applicable		curated_physical_database_record_requires_primary_source_interpretation;legacy_curated_pair_requires_primary_source_review	12226091	two_database_resources	true	0	database_record_not_primary_source_review;experimental_system_name_does_not_alone_establish_direct_binding;isoform_and_construct_context_require_source_review;legacy_2010_database_snapshot;method_labels_aggregate_publications	1	1	focused_primary_review_complete	supports_pair_relationship	physical_association;shared_complex	undirected_or_not_applicable		heterologous_binary_reporter_plus_tagged_cellular_complex_and_cell_lysate_pull_down_not_purified_binary	one_study_Y2H_tagged_cellular_coIP_domain_mapped_cell_lysate_pull_down_and_primary_neuron_colocalization	no_HSP90_assay_in_this_source	12226091	cultured_cell_line;primary_cells;purified_or_cell_free	african_green_monkey;budding_yeast;escherichia_coli;human;rat	cytosol;other_compartment;whole_cell_or_unspecified_fraction	biochemical_or_structural;localization_trafficking_or_secretion;physical_interaction_or_proximity	close_pair	reviewed_supported	reviewed_neighborhood_relationship	none_v6_253_reviewed_neighborhood_only
NOL9::PPP5C	NOL9	PPP5C	PPP5C	4	2	BioGRID;IntAct	2	BioGRID;IntAct	BioGRID_physical;IntAct_binary_expansion_or_pair_record	curated_pair_association_record			"Affinity Capture-MS;Affinity Capture-Western;psi-mi:""MI:0007""(anti tag coimmunoprecipitation);psi-mi:""MI:0096""(pull down)"	High Throughput;Low Throughput	"physical;psi-mi:""MI:0914""(association);psi-mi:""MI:0915""(physical association)"		undirected_or_not_applicable		curated_interaction_record_requires_primary_source_and_complex_expansion_review;curated_physical_database_record_requires_primary_source_interpretation	28330616	two_database_resources	true	0	MITAB_binary_expansion_may_not_be_direct;database_record_not_primary_source_review;experimental_system_name_does_not_alone_establish_direct_binding;isoform_and_construct_context_require_source_review;query_accession_is_not_bait_direction	1	1	focused_primary_review_complete	supports_context_qualified_pair_relationship	physical_association;shared_complex	undirected_or_not_applicable		tagged_cellular_APMS_plus_tagged_coIP_not_direct_binding	PPP5C_bait_high_confidence_APMS_plus_tagged_coIP	no_HSP90_assay_in_this_source	28330616	cultured_cell_line	human	whole_cell_or_unspecified_fraction	omics_or_screening_measurement;physical_interaction_or_proximity	close_pair	reviewed_context_qualified	reviewed_neighborhood_relationship	none_v6_253_reviewed_neighborhood_only
NR3C1::PPID	NR3C1	PPID	PPID	3	2	BioGRID;HPRD	2	BioGRID;HPRD_complex	BioGRID_physical;legacy_curated_complex_comembership	curated_complex_comembership;curated_pair_association_record	COM_335		Affinity Capture-Western;in vivo	Low Throughput	physical;protein_complex_membership		undirected_or_not_applicable		curated_physical_database_record_requires_primary_source_interpretation;legacy_curated_complex_comembership_not_binary_interaction	15004035;20661446;9195923	two_database_resources	true	0	complex_expansion_not_pairwise_binding;database_record_not_primary_source_review;experimental_system_name_does_not_alone_establish_direct_binding;isoform_and_construct_context_require_source_review;legacy_2010_database_snapshot;multiple_complex_records_from_one_source_do_not_equal_independent_replication	1	1	focused_primary_review_complete	supports_context_qualified_pair_relationship	shared_complex	undirected_or_not_applicable		cellular_complex_not_binary	weak_cellular_co_complex_with_neutral_functional_test	cytosolic_hsp90_unresolved	20661446	cultured_cell_line	human	whole_cell_or_unspecified_fraction	functional_or_phenotypic_readout;physical_interaction_or_proximity	close_pair	reviewed_context_qualified	reviewed_neighborhood_relationship	none_v6_253_reviewed_neighborhood_only
NR3C1::PPP5C	NR3C1	PPP5C	PPP5C	2	2	BioGRID;HPRD	2	BioGRID;HPRD_complex	BioGRID_physical;legacy_curated_complex_comembership	curated_complex_comembership;curated_pair_association_record	COM_335		Affinity Capture-Western;in vivo	Low Throughput	physical;protein_complex_membership		undirected_or_not_applicable		curated_physical_database_record_requires_primary_source_interpretation;legacy_curated_complex_comembership_not_binary_interaction	20661446;9195923	two_database_resources	true	0	complex_expansion_not_pairwise_binding;database_record_not_primary_source_review;experimental_system_name_does_not_alone_establish_direct_binding;isoform_and_construct_context_require_source_review;legacy_2010_database_snapshot;multiple_complex_records_from_one_source_do_not_equal_independent_replication	1	1	focused_primary_review_complete	supports_context_qualified_pair_relationship	cochaperone_client_regulation;shared_complex	directed	PPP5C->NR3C1	cellular_complex_not_binary	cellular_co_complex_with_functional_perturbation	cytosolic_hsp90_unresolved	20661446	cultured_cell_line	human	whole_cell_or_unspecified_fraction	functional_or_phenotypic_readout;physical_interaction_or_proximity	close_pair	reviewed_context_qualified	reviewed_neighborhood_relationship	none_v6_253_reviewed_neighborhood_only
PHLPP1::PPP5C	PHLPP1	PPP5C	PPP5C	2	2	BioGRID;IntAct	2	BioGRID;IntAct	BioGRID_physical;IntAct_binary_expansion_or_pair_record	curated_pair_association_record			"Affinity Capture-MS;psi-mi:""MI:0007""(anti tag coimmunoprecipitation)"	High Throughput	"physical;psi-mi:""MI:0914""(association)"		undirected_or_not_applicable		curated_interaction_record_requires_primary_source_and_complex_expansion_review;curated_physical_database_record_requires_primary_source_interpretation	19615732	two_database_resources	true	0	MITAB_binary_expansion_may_not_be_direct;database_record_not_primary_source_review;experimental_system_name_does_not_alone_establish_direct_binding;isoform_and_construct_context_require_source_review;query_accession_is_not_bait_direction	1	1	focused_primary_review_complete	supports_context_qualified_pair_relationship	physical_association	assay_bait_to_prey_not_biological_direction	PHLPP1->PPP5C	cellular_bait_prey_complex_not_binary	DN_threshold_passing_tagged_HCIP_APMS_low_count_non_significant_pvalue	no_pair_specific_HSP90_mediation_established	19615732	cultured_cell_line	human	whole_cell_or_unspecified_fraction	omics_or_screening_measurement;physical_interaction_or_proximity	close_pair	reviewed_context_qualified	reviewed_neighborhood_relationship	none_v6_253_reviewed_neighborhood_only
PHLPP1::SUGT1	PHLPP1	SUGT1	SUGT1	10	2	BioGRID;IntAct	2	BioGRID;IntAct	BioGRID_physical;IntAct_binary_expansion_or_pair_record	curated_pair_association_record			"Affinity Capture-MS;Affinity Capture-Western;Biochemical Activity;Proximity Label-MS;psi-mi:""MI:0007""(anti tag coimmunoprecipitation)"	High Throughput;Low Throughput	"physical;psi-mi:""MI:0914""(association)"		undirected_or_not_applicable		curated_interaction_record_requires_primary_source_and_complex_expansion_review;curated_physical_database_record_requires_primary_source_interpretation	19615732;23440515;24145035;27880917;28696259;33397691	two_database_resources	true	0	MITAB_binary_expansion_may_not_be_direct;database_record_not_primary_source_review;experimental_system_name_does_not_alone_establish_direct_binding;isoform_and_construct_context_require_source_review;query_accession_is_not_bait_direction	1	1	focused_primary_review_complete	supports_context_qualified_pair_relationship	physical_association	assay_bait_to_prey_not_biological_direction	PHLPP1->SUGT1	cellular_bait_prey_complex_not_binary	tagged_HCIP_bait_reciprocal_APMS_DN_threshold_passing	no_pair_specific_HSP90_mediation_established	19615732	cultured_cell_line	human	whole_cell_or_unspecified_fraction	omics_or_screening_measurement;physical_interaction_or_proximity	retain_pair	reviewed_context_qualified	reviewed_neighborhood_relationship	none_v6_253_reviewed_neighborhood_only
PPP5C::USP49	PPP5C	USP49	PPP5C	2	2	BioGRID;IntAct	2	BioGRID;IntAct	BioGRID_physical;IntAct_binary_expansion_or_pair_record	curated_pair_association_record			"Affinity Capture-MS;psi-mi:""MI:0007""(anti tag coimmunoprecipitation)"	High Throughput	"physical;psi-mi:""MI:0914""(association)"		undirected_or_not_applicable		curated_interaction_record_requires_primary_source_and_complex_expansion_review;curated_physical_database_record_requires_primary_source_interpretation	19615732	two_database_resources	true	0	MITAB_binary_expansion_may_not_be_direct;database_record_not_primary_source_review;experimental_system_name_does_not_alone_establish_direct_binding;isoform_and_construct_context_require_source_review;query_accession_is_not_bait_direction	1	1	focused_primary_review_complete	supports_context_qualified_pair_relationship	physical_association	assay_bait_to_prey_not_biological_direction	USP49->PPP5C	cellular_bait_prey_complex_not_binary	tagged_DUB_bait_APMS_DN_threshold_passing	no_pair_specific_HSP90_mediation_established	19615732	cultured_cell_line	human	whole_cell_or_unspecified_fraction	omics_or_screening_measurement;physical_interaction_or_proximity	close_pair	reviewed_context_qualified	reviewed_neighborhood_relationship	none_v6_253_reviewed_neighborhood_only
PRKACA::STUB1	PRKACA	STUB1	STUB1	5	2	BioGRID;IntAct	2	BioGRID;IntAct	BioGRID_physical;IntAct_binary_expansion_or_pair_record	curated_pair_association_record			"Affinity Capture-Western;Reconstituted Complex;psi-mi:""MI:0397""(two hybrid array);psi-mi:""MI:0398""(two hybrid pooling approach);psi-mi:""MI:1356""(validated two hybrid)"	Low Throughput	"physical;psi-mi:""MI:0915""(physical association)"		undirected_or_not_applicable		curated_interaction_record_requires_primary_source_and_complex_expansion_review;curated_physical_database_record_requires_primary_source_interpretation	31189917;32814053	two_database_resources	true	0	MITAB_binary_expansion_may_not_be_direct;database_record_not_primary_source_review;experimental_system_name_does_not_alone_establish_direct_binding;isoform_and_construct_context_require_source_review;query_accession_is_not_bait_direction	2	2	focused_primary_review_complete	supports_context_qualified_pair_relationship;supports_pair_relationship	functional_complex;physical_association;protein_stability_regulation;protein_ubiquitylation;shared_complex;ubiquitin_ligase_substrate	directed;undirected_or_not_applicable	STUB1->PRKACA	cellular_and_lysate_HSP70_mediated_association_not_purified_binary;heterologous_binary_Y2H_without_construct_boundary	affinity_proteomics_coIP_genetic_loss_chaperone_binding_mutant_ubiquitylation_and_in_vivo_support;one_publication_four_repeat_Y2H_workflow_final_network_edge	broad_HSP70_HSP90_complex_context_without_paralog_resolution_or_pair_specific_HSP90_dependency;no_pair_specific_HSP90_assay_or_isoform_inference	31189917;32814053	cultured_cell_line;tissue_or_biospecimen;whole_organism_or_in_vivo	budding_yeast;human;mouse	cytosol;nucleus_or_chromatin	functional_or_phenotypic_readout;genetic_perturbation;omics_or_screening_measurement;pharmacologic_or_chemical_perturbation;physical_interaction_or_proximity;protein_abundance_stability_or_folding	close_pair	reviewed_mixed	reviewed_neighborhood_mixed	none_v6_253_reviewed_neighborhood_only
PRKN::STUB1	PRKN	STUB1	STUB1	14	3	BioGRID;HPRD;IntAct	3	BioGRID;HPRD_complex;IntAct	BioGRID_physical;IntAct_binary_expansion_or_pair_record;legacy_curated_complex_comembership	curated_complex_comembership;curated_pair_association_record	COM_371		"Affinity Capture-MS;Affinity Capture-Western;Proximity Label-MS;Reconstituted Complex;in vitro;in vivo;psi-mi:""MI:0397""(two hybrid array);psi-mi:""MI:0398""(two hybrid pooling approach);psi-mi:""MI:1356""(validated two hybrid)"	High Throughput;Low Throughput	"physical;protein_complex_membership;psi-mi:""MI:0915""(physical association)"		undirected_or_not_applicable		curated_interaction_record_requires_primary_source_and_complex_expansion_review;curated_physical_database_record_requires_primary_source_interpretation;legacy_curated_complex_comembership_not_binary_interaction	12150907;14532270;28430587;32814053;35256949;35987950	three_or_more_database_resources	true	0	MITAB_binary_expansion_may_not_be_direct;complex_expansion_not_pairwise_binding;database_record_not_primary_source_review;experimental_system_name_does_not_alone_establish_direct_binding;isoform_and_construct_context_require_source_review;legacy_2010_database_snapshot;multiple_complex_records_from_one_source_do_not_equal_independent_replication;query_accession_is_not_bait_direction	1	1	focused_primary_review_complete	supports_context_qualified_pair_relationship	physical_association	undirected_or_not_applicable		heterologous_binary_Y2H_without_construct_boundary	one_publication_four_repeat_Y2H_workflow_final_NN1_0_edge_without_pair_specific_DULIP_validation	no_pair_specific_HSP90_assay_or_isoform_inference	32814053	cultured_cell_line	budding_yeast;human	nucleus_or_chromatin	omics_or_screening_measurement;physical_interaction_or_proximity	retain_pair	reviewed_context_qualified	reviewed_neighborhood_relationship	none_v6_253_reviewed_neighborhood_only
PSMD2::STIP1	PSMD2	STIP1	STIP1	3	2	BioGRID;IntAct	2	BioGRID;IntAct	BioGRID_physical;IntAct_binary_expansion_or_pair_record	curated_pair_association_record			"Affinity Capture-MS;Affinity Capture-Western;psi-mi:""MI:0729""(luminescence based mammalian interactome mapping)"	High Throughput;Low Throughput	"physical;psi-mi:""MI:0915""(physical association)"		undirected_or_not_applicable		curated_interaction_record_requires_primary_source_and_complex_expansion_review;curated_physical_database_record_requires_primary_source_interpretation	25036637;33239621	two_database_resources	true	0	MITAB_binary_expansion_may_not_be_direct;database_record_not_primary_source_review;experimental_system_name_does_not_alone_establish_direct_binding;isoform_and_construct_context_require_source_review;query_accession_is_not_bait_direction	2	2	focused_primary_review_complete	supports_context_qualified_pair_relationship	physical_association;shared_complex	undirected_or_not_applicable		cellular_complex_not_binary	tagged_expression_LUMIER_cellular_association_without_qualifying_APMS;tagged_rescue_IP_LFQ_MS_plus_targeted_cellular_coIP	cytosolic_hsp90_unresolved;no_pair_specific_HSP90_assay_in_this_source;no_pair_specific_HSP90_mediation_established	25036637;33239621	cultured_cell_line	human	whole_cell_or_unspecified_fraction	omics_or_screening_measurement;physical_interaction_or_proximity	close_pair	reviewed_context_qualified	reviewed_neighborhood_relationship	none_v6_253_reviewed_neighborhood_only
PSMD2::STUB1	PSMD2	STUB1	STUB1	2	2	BioGRID;IntAct	2	BioGRID;IntAct	BioGRID_physical;IntAct_binary_expansion_or_pair_record	curated_pair_association_record			"Biochemical Activity;psi-mi:""MI:0729""(luminescence based mammalian interactome mapping)"	Low Throughput	"physical;psi-mi:""MI:0915""(physical association)"		undirected_or_not_applicable		curated_interaction_record_requires_primary_source_and_complex_expansion_review;curated_physical_database_record_requires_primary_source_interpretation	25036637;32723828	two_database_resources	true	0	MITAB_binary_expansion_may_not_be_direct;database_record_not_primary_source_review;experimental_system_name_does_not_alone_establish_direct_binding;isoform_and_construct_context_require_source_review;query_accession_is_not_bait_direction	1	1	focused_primary_review_complete	supports_context_qualified_pair_relationship	physical_association;shared_complex	undirected_or_not_applicable		cellular_complex_not_binary	tagged_expression_LUMIER_cellular_association_with_subthreshold_reverse_and_APMS	no_pair_specific_HSP90_mediation_established	25036637	cultured_cell_line	human	whole_cell_or_unspecified_fraction	omics_or_screening_measurement;physical_interaction_or_proximity	retain_pair	reviewed_context_qualified	reviewed_neighborhood_relationship	none_v6_253_reviewed_neighborhood_only
PSMD4::STUB1	PSMD4	STUB1	STUB1	8	2	BioGRID;HPRD	2	BioGRID;HPRD	BioGRID_physical;legacy_curated_binary_interaction_record	curated_pair_association_record			Affinity Capture-Western;Biochemical Activity;Co-fractionation;Reconstituted Complex;in vitro	High Throughput;Low Throughput	physical;protein_protein_interaction		undirected_or_not_applicable		curated_physical_database_record_requires_primary_source_interpretation;legacy_curated_pair_requires_primary_source_review	11146632;19240029;21855799;22350919;26344197;32723828	two_database_resources	true	0	database_record_not_primary_source_review;experimental_system_name_does_not_alone_establish_direct_binding;isoform_and_construct_context_require_source_review;legacy_2010_database_snapshot;method_labels_aggregate_publications	1	1	focused_primary_review_complete	supports_context_qualified_pair_relationship	physical_association;shared_complex	undirected_or_not_applicable		cross_species_cofractionation_SVM_co_complex_prediction_not_binary_binding	conserved_cofractionation_association_two_input_species	no_pair_specific_HSP90_assay_in_this_source	26344197	cultured_cell_line;tissue_or_biospecimen;whole_organism_or_in_vivo	human;mouse	whole_cell_or_unspecified_fraction	computational_or_secondary_context;omics_or_screening_measurement;physical_interaction_or_proximity	retain_pair	reviewed_context_qualified	reviewed_neighborhood_relationship	none_v6_253_reviewed_neighborhood_only
RAF1::STUB1	RAF1	STUB1	STUB1	15	2	BioGRID;IntAct	2	BioGRID;IntAct	BioGRID_physical;IntAct_binary_expansion_or_pair_record	curated_pair_association_record			"Affinity Capture-MS;Affinity Capture-Western;Biochemical Activity;Proximity Label-MS;Reconstituted Complex;psi-mi:""MI:0007""(anti tag coimmunoprecipitation);psi-mi:""MI:0729""(luminescence based mammalian interactome mapping)"	High Throughput;Low Throughput	"physical;psi-mi:""MI:0914""(association);psi-mi:""MI:0915""(physical association)"		undirected_or_not_applicable		curated_interaction_record_requires_primary_source_and_complex_expansion_review;curated_physical_database_record_requires_primary_source_interpretation	15215316;15936278;19011619;22350907;25036637;34017080;37045861;38496616	two_database_resources	true	0	MITAB_binary_expansion_may_not_be_direct;database_record_not_primary_source_review;experimental_system_name_does_not_alone_establish_direct_binding;isoform_and_construct_context_require_source_review;query_accession_is_not_bait_direction	1	1	focused_primary_review_complete	supports_context_qualified_pair_relationship	protein_ubiquitylation;ubiquitin_ligase_substrate	directed	STUB1->RAF1	functional_catalytic_relationship_not_binary_binding	cell_free_Hsc70_linked_ubiquitylation	Hsc70_branch_no_pair_specific_HSP90_test	15215316	purified_or_cell_free	human;rat	not_reported	biochemical_or_structural;functional_or_phenotypic_readout	close_pair	reviewed_context_qualified	reviewed_neighborhood_relationship	none_v6_253_reviewed_neighborhood_only
RNF41::SUGT1	RNF41	SUGT1	SUGT1	7	3	BioGRID;BioPlex;IntAct	3	BioGRID;BioPlex_293T;IntAct	AP_MS_network_edge;BioGRID_physical;IntAct_binary_expansion_or_pair_record	ap_ms_network_association;curated_pair_association_record		293T	"293T affinity-purification mass spectrometry network;Affinity Capture-Luminescence;Affinity Capture-MS;Affinity Capture-Western;psi-mi:""MI:0007""(anti tag coimmunoprecipitation)"	High Throughput;Low Throughput	"physical;physical_association_network;psi-mi:""MI:0914""(association)"		undirected_or_not_applicable		AP_MS_association_not_binary_binding;curated_interaction_record_requires_primary_source_and_complex_expansion_review;curated_physical_database_record_requires_primary_source_interpretation	25036637;28696259;33961781	three_or_more_database_resources	true	0	MITAB_binary_expansion_may_not_be_direct;cell_line_measurement_context;database_record_not_primary_source_review;experimental_system_name_does_not_alone_establish_direct_binding;high_throughput_AP_MS_context;isoform_and_construct_context_require_source_review;network_edge_not_direct_binding;no_pair_specific_publication_identifier_in_local_matrix;query_accession_is_not_bait_direction;single_final_network_presence_not_cell_line_specific_evidence	2	2	focused_primary_review_complete	supports_context_qualified_pair_relationship	physical_association;shared_complex	undirected_or_not_applicable		cellular_complex_not_binary;tagged_bait_APMS_association_not_binary_binding	BioPlex3_single_direction_293T_cellular_APMS_association;tagged_expression_duplicate_APMS_cellular_association_with_subthreshold_LUMIER	no_pair_specific_HSP90_assay_in_this_source;no_pair_specific_HSP90_mediation_established	25036637;33961781	cultured_cell_line	human	whole_cell_or_unspecified_fraction	omics_or_screening_measurement;physical_interaction_or_proximity	retain_pair	reviewed_context_qualified	reviewed_neighborhood_relationship	none_v6_253_reviewed_neighborhood_only
RPAP3::SUGT1	RPAP3	SUGT1	SUGT1	4	3	BioGRID;HPRD;IntAct	3	BioGRID;HPRD_complex;IntAct	BioGRID_physical;IntAct_binary_expansion_or_pair_record;legacy_curated_complex_comembership	curated_complex_comembership;curated_pair_association_record	COM_1603		"Affinity Capture-Luminescence;Affinity Capture-MS;in vitro;psi-mi:""MI:0007""(anti tag coimmunoprecipitation)"	Low Throughput	"physical;protein_complex_membership;psi-mi:""MI:0914""(association)"		undirected_or_not_applicable		curated_interaction_record_requires_primary_source_and_complex_expansion_review;curated_physical_database_record_requires_primary_source_interpretation;legacy_curated_complex_comembership_not_binary_interaction	14676191;25036637	three_or_more_database_resources	true	0	MITAB_binary_expansion_may_not_be_direct;complex_expansion_not_pairwise_binding;database_record_not_primary_source_review;experimental_system_name_does_not_alone_establish_direct_binding;isoform_and_construct_context_require_source_review;legacy_2010_database_snapshot;multiple_complex_records_from_one_source_do_not_equal_independent_replication;query_accession_is_not_bait_direction	2	2	focused_primary_review_complete	supports_context_qualified_pair_relationship	physical_association;shared_complex	undirected_or_not_applicable		cellular_complex_not_binary;same_bait_complex_comembership_not_pairwise	duplicate_HEK293_TAPMS_complex_comembership;tagged_expression_duplicate_APMS_cellular_association	no_pair_specific_HSP90_mediation_established	14676191;25036637	cultured_cell_line	human	whole_cell_or_unspecified_fraction	omics_or_screening_measurement;physical_interaction_or_proximity	close_pair	reviewed_context_qualified	reviewed_neighborhood_relationship	none_v6_253_reviewed_neighborhood_only
RSU1::SUGT1	RSU1	SUGT1	SUGT1	6	3	BioGRID;BioPlex;IntAct	3	BioGRID;BioPlex_293T;IntAct	AP_MS_network_edge;BioGRID_physical;IntAct_binary_expansion_or_pair_record	ap_ms_network_association;curated_pair_association_record		293T	"293T affinity-purification mass spectrometry network;Affinity Capture-Luminescence;Affinity Capture-MS;psi-mi:""MI:0007""(anti tag coimmunoprecipitation)"	High Throughput;Low Throughput	"physical;physical_association_network;psi-mi:""MI:0914""(association)"		undirected_or_not_applicable		AP_MS_association_not_binary_binding;curated_interaction_record_requires_primary_source_and_complex_expansion_review;curated_physical_database_record_requires_primary_source_interpretation	25036637;33961781	three_or_more_database_resources	true	0	MITAB_binary_expansion_may_not_be_direct;cell_line_measurement_context;database_record_not_primary_source_review;experimental_system_name_does_not_alone_establish_direct_binding;high_throughput_AP_MS_context;isoform_and_construct_context_require_source_review;network_edge_not_direct_binding;no_pair_specific_publication_identifier_in_local_matrix;query_accession_is_not_bait_direction;single_final_network_presence_not_cell_line_specific_evidence	2	2	focused_primary_review_complete	supports_context_qualified_pair_relationship	physical_association;shared_complex	undirected_or_not_applicable		cellular_complex_not_binary	same_study_reciprocal_cellular_APMS_association;tagged_expression_duplicate_APMS_cellular_association	no_pair_specific_HSP90_assay_in_this_source;no_pair_specific_HSP90_mediation_established	25036637;33961781	cultured_cell_line	human	whole_cell_or_unspecified_fraction	omics_or_screening_measurement;physical_interaction_or_proximity	close_pair	reviewed_context_qualified	reviewed_neighborhood_relationship	none_v6_253_reviewed_neighborhood_only
SACK1H::UNC45A	SACK1H	UNC45A	UNC45A	10	4	BioGRID;BioPlex;IntAct;huMAP	5	BioGRID;BioPlex_293T;BioPlex_HCT116;IntAct;huMAP_2_0	AP_MS_network_edge;BioGRID_physical;IntAct_binary_expansion_or_pair_record;integrative_predicted_complex_comembership	ap_ms_network_association;curated_pair_association_record;predicted_complex_comembership	HuMAP2_06349	293T;HCT116	"293T affinity-purification mass spectrometry network;Affinity Capture-Luminescence;Affinity Capture-MS;HCT116 affinity-purification mass spectrometry network;not_reported_in_local_source;psi-mi:""MI:0007""(anti tag coimmunoprecipitation)"	High Throughput;Low Throughput	"physical;physical_association_network;predicted_complex_comembership;psi-mi:""MI:0914""(association);psi-mi:""MI:0915""(physical association)"		undirected_or_not_applicable		AP_MS_association_not_binary_binding;curated_interaction_record_requires_primary_source_and_complex_expansion_review;curated_physical_database_record_requires_primary_source_interpretation;integrative_predicted_complex_comembership_not_direct_binding	25036637;28514442;33961781	three_or_more_database_resources	true	0	MITAB_binary_expansion_may_not_be_direct;cell_line_measurement_context;database_context_only;database_record_not_primary_source_review;experimental_system_name_does_not_alone_establish_direct_binding;high_throughput_AP_MS_context;isoform_and_construct_context_require_source_review;legacy_2020_snapshot;network_edge_not_direct_binding;no_pair_specific_publication_identifier_in_local_matrix;predicted_complex_expansion_not_pairwise_binding;query_accession_is_not_bait_direction;single_final_network_presence_not_cell_line_specific_evidence	4	4	focused_primary_review_complete	supports_context_qualified_pair_relationship	physical_association;shared_complex	undirected_or_not_applicable		cellular_APMS_network_not_binary;cellular_complex_not_binary;integrative_predicted_complex_not_pairwise	BioPlex2_293T_high_confidence_APMS_network_edge;BioPlex3_APMS_network_edge_with_source_specific_cell_line_context;medium_confidence_integrative_predicted_complex_comembership;tagged_expression_duplicate_APMS_cellular_association_without_source_LUMIER_row	no_pair_specific_HSP90_mediation_established	25036637;28514442;33961781;33973408	computational_or_database;cultured_cell_line	human	not_reported;whole_cell_or_unspecified_fraction	computational_or_secondary_context;omics_or_screening_measurement;physical_interaction_or_proximity	close_pair	reviewed_context_qualified	reviewed_neighborhood_relationship	none_v6_253_reviewed_neighborhood_only
SIRT6::STUB1	SIRT6	STUB1	STUB1	4	2	BioGRID;IntAct	2	BioGRID;IntAct	BioGRID_physical;IntAct_binary_expansion_or_pair_record	curated_pair_association_record			"Affinity Capture-Western;Biochemical Activity;psi-mi:""MI:0729""(luminescence based mammalian interactome mapping)"	Low Throughput	"physical;psi-mi:""MI:0915""(physical association)"		undirected_or_not_applicable		curated_interaction_record_requires_primary_source_and_complex_expansion_review;curated_physical_database_record_requires_primary_source_interpretation	24043303;25036637	two_database_resources	true	0	MITAB_binary_expansion_may_not_be_direct;database_record_not_primary_source_review;experimental_system_name_does_not_alone_establish_direct_binding;isoform_and_construct_context_require_source_review;query_accession_is_not_bait_direction	1	1	focused_primary_review_complete	supports_context_qualified_pair_relationship	physical_association;shared_complex	undirected_or_not_applicable		cellular_complex_not_binary	tagged_expression_LUMIER_cellular_association_without_qualifying_APMS	no_pair_specific_HSP90_mediation_established	25036637	cultured_cell_line	human	whole_cell_or_unspecified_fraction	omics_or_screening_measurement;physical_interaction_or_proximity	retain_pair	reviewed_context_qualified	reviewed_neighborhood_relationship	none_v6_253_reviewed_neighborhood_only
SKP1::SUGT1	SKP1	SUGT1	SUGT1	6	2	BioGRID;HPRD	2	BioGRID;HPRD	BioGRID_physical;legacy_curated_binary_interaction_record	curated_pair_association_record			Affinity Capture-Western;Co-fractionation;Reconstituted Complex;in vitro	High Throughput;Low Throughput	physical;protein_protein_interaction		undirected_or_not_applicable		curated_physical_database_record_requires_primary_source_interpretation;legacy_curated_pair_requires_primary_source_review	12746458;16501598;18818696;26344197	two_database_resources	true	0	database_record_not_primary_source_review;experimental_system_name_does_not_alone_establish_direct_binding;isoform_and_construct_context_require_source_review;legacy_2010_database_snapshot;method_labels_aggregate_publications	1	1	focused_primary_review_complete	supports_context_qualified_pair_relationship	physical_association;shared_complex	undirected_or_not_applicable		cross_species_cofractionation_SVM_co_complex_prediction_not_binary_binding	conserved_cofractionation_association_mouse_and_human_input_plus_two_holdout_species	no_pair_specific_HSP90_assay_in_this_source	26344197	cultured_cell_line;tissue_or_biospecimen;whole_organism_or_in_vivo	human;mouse;other_nonhuman;xenopus	whole_cell_or_unspecified_fraction	computational_or_secondary_context;omics_or_screening_measurement;physical_interaction_or_proximity	retain_pair	reviewed_context_qualified	reviewed_neighborhood_relationship	none_v6_253_reviewed_neighborhood_only
SKP2::SUGT1	SKP2	SUGT1	SUGT1	8	3	BioGRID;BioPlex;IntAct	3	BioGRID;BioPlex_293T;IntAct	AP_MS_network_edge;BioGRID_physical;IntAct_binary_expansion_or_pair_record	ap_ms_network_association;curated_pair_association_record		293T	"293T affinity-purification mass spectrometry network;Affinity Capture-Luminescence;Affinity Capture-MS;psi-mi:""MI:0007""(anti tag coimmunoprecipitation)"	High Throughput;Low Throughput	"physical;physical_association_network;psi-mi:""MI:0914""(association)"		undirected_or_not_applicable		AP_MS_association_not_binary_binding;curated_interaction_record_requires_primary_source_and_complex_expansion_review;curated_physical_database_record_requires_primary_source_interpretation	25036637;28514442;33961781	three_or_more_database_resources	true	0	MITAB_binary_expansion_may_not_be_direct;cell_line_measurement_context;database_record_not_primary_source_review;experimental_system_name_does_not_alone_establish_direct_binding;high_throughput_AP_MS_context;isoform_and_construct_context_require_source_review;network_edge_not_direct_binding;no_pair_specific_publication_identifier_in_local_matrix;query_accession_is_not_bait_direction;single_final_network_presence_not_cell_line_specific_evidence	3	3	focused_primary_review_complete	supports_context_qualified_pair_relationship	physical_association;shared_complex	undirected_or_not_applicable		cellular_complex_not_binary	high_confidence_cellular_APMS_co_complex;tagged_expression_APMS_plus_LUMIER_cellular_association	no_pair_specific_HSP90_assay_in_this_source;no_pair_specific_HSP90_mediation_established	25036637;28514442;33961781	cultured_cell_line	human	whole_cell_or_unspecified_fraction	omics_or_screening_measurement;physical_interaction_or_proximity	close_pair	reviewed_context_qualified	reviewed_neighborhood_relationship	none_v6_253_reviewed_neighborhood_only
SQSTM1::STUB1	SQSTM1	STUB1	STUB1	4	2	BioGRID;IntAct	2	BioGRID;IntAct	BioGRID_physical;IntAct_binary_expansion_or_pair_record	curated_pair_association_record			"Co-fractionation;psi-mi:""MI:0397""(two hybrid array);psi-mi:""MI:0398""(two hybrid pooling approach);psi-mi:""MI:1356""(validated two hybrid)"	Low Throughput	"physical;psi-mi:""MI:0915""(physical association)"		undirected_or_not_applicable		curated_interaction_record_requires_primary_source_and_complex_expansion_review;curated_physical_database_record_requires_primary_source_interpretation	23686137;32814053	two_database_resources	true	0	MITAB_binary_expansion_may_not_be_direct;database_record_not_primary_source_review;experimental_system_name_does_not_alone_establish_direct_binding;isoform_and_construct_context_require_source_review;query_accession_is_not_bait_direction	1	1	focused_primary_review_complete	supports_context_qualified_pair_relationship	physical_association	undirected_or_not_applicable		heterologous_binary_Y2H_without_construct_boundary	one_publication_four_repeat_Y2H_workflow_final_NN1_0_edge_without_pair_specific_DULIP_validation	no_pair_specific_HSP90_assay_or_isoform_inference	32814053	cultured_cell_line	budding_yeast;human	nucleus_or_chromatin	omics_or_screening_measurement;physical_interaction_or_proximity	retain_pair	reviewed_context_qualified	reviewed_neighborhood_relationship	none_v6_253_reviewed_neighborhood_only
STIP1::USP18	STIP1	USP18	STIP1	3	2	BioGRID;IntAct	2	BioGRID;IntAct	BioGRID_physical;IntAct_binary_expansion_or_pair_record	curated_pair_association_record			"Affinity Capture-Western;psi-mi:""MI:0729""(luminescence based mammalian interactome mapping)"	Low Throughput	"physical;psi-mi:""MI:0915""(physical association)"		undirected_or_not_applicable		curated_interaction_record_requires_primary_source_and_complex_expansion_review;curated_physical_database_record_requires_primary_source_interpretation	25036637;37442266	two_database_resources	true	0	MITAB_binary_expansion_may_not_be_direct;database_record_not_primary_source_review;experimental_system_name_does_not_alone_establish_direct_binding;isoform_and_construct_context_require_source_review;query_accession_is_not_bait_direction	1	1	focused_primary_review_complete	supports_context_qualified_pair_relationship	physical_association;shared_complex	undirected_or_not_applicable		cellular_complex_not_binary	tagged_expression_LUMIER_cellular_association_without_qualifying_APMS	no_pair_specific_HSP90_mediation_established	25036637	cultured_cell_line	human	whole_cell_or_unspecified_fraction	omics_or_screening_measurement;physical_interaction_or_proximity	retain_pair	reviewed_context_qualified	reviewed_neighborhood_relationship	none_v6_253_reviewed_neighborhood_only
STIP1::USP49	STIP1	USP49	STIP1	2	2	BioGRID;IntAct	2	BioGRID;IntAct	BioGRID_physical;IntAct_binary_expansion_or_pair_record	curated_pair_association_record			"Affinity Capture-MS;psi-mi:""MI:0007""(anti tag coimmunoprecipitation)"	High Throughput	"physical;psi-mi:""MI:0914""(association)"		undirected_or_not_applicable		curated_interaction_record_requires_primary_source_and_complex_expansion_review;curated_physical_database_record_requires_primary_source_interpretation	19615732	two_database_resources	true	0	MITAB_binary_expansion_may_not_be_direct;database_record_not_primary_source_review;experimental_system_name_does_not_alone_establish_direct_binding;isoform_and_construct_context_require_source_review;query_accession_is_not_bait_direction	1	1	focused_primary_review_complete	supports_context_qualified_pair_relationship	physical_association	assay_bait_to_prey_not_biological_direction	USP49->STIP1	cellular_bait_prey_complex_not_binary	tagged_DUB_bait_APMS_DN_threshold_passing	no_pair_specific_HSP90_mediation_established	19615732	cultured_cell_line	human	whole_cell_or_unspecified_fraction	omics_or_screening_measurement;physical_interaction_or_proximity	close_pair	reviewed_context_qualified	reviewed_neighborhood_relationship	none_v6_253_reviewed_neighborhood_only
STIP1::VCP	STIP1	VCP	STIP1	6	2	BioGRID;IntAct	2	BioGRID;IntAct	BioGRID_physical;IntAct_binary_expansion_or_pair_record	curated_pair_association_record			"Affinity Capture-MS;Co-fractionation;psi-mi:""MI:0030""(cross-linking study)"	High Throughput;Low Throughput	"physical;psi-mi:""MI:0914""(association)"		undirected_or_not_applicable		curated_interaction_record_requires_primary_source_and_complex_expansion_review;curated_physical_database_record_requires_primary_source_interpretation	26344197;29540532;33239621;35562734;37776851	two_database_resources	true	0	MITAB_binary_expansion_may_not_be_direct;database_record_not_primary_source_review;experimental_system_name_does_not_alone_establish_direct_binding;isoform_and_construct_context_require_source_review;query_accession_is_not_bait_direction	1	1	focused_primary_review_complete	supports_context_qualified_pair_relationship	physical_association;shared_complex	undirected_or_not_applicable		cross_species_cofractionation_SVM_co_complex_prediction_not_binary_binding	conserved_cofractionation_association_three_input_species_plus_Xenopus_holdout	no_pair_specific_HSP90_assay_in_this_source	26344197	cultured_cell_line;tissue_or_biospecimen;whole_organism_or_in_vivo	fruit_fly;human;mouse;xenopus	whole_cell_or_unspecified_fraction	computational_or_secondary_context;omics_or_screening_measurement;physical_interaction_or_proximity	retain_pair	reviewed_context_qualified	reviewed_neighborhood_relationship	none_v6_253_reviewed_neighborhood_only
STK11::STUB1	STK11	STUB1	STUB1	2	2	BioGRID;IntAct	2	BioGRID;IntAct	BioGRID_physical;IntAct_binary_expansion_or_pair_record	curated_pair_association_record			"Affinity Capture-Western;psi-mi:""MI:0729""(luminescence based mammalian interactome mapping)"	Low Throughput	"physical;psi-mi:""MI:0915""(physical association)"		undirected_or_not_applicable		curated_interaction_record_requires_primary_source_and_complex_expansion_review;curated_physical_database_record_requires_primary_source_interpretation	21860411;25036637	two_database_resources	true	0	MITAB_binary_expansion_may_not_be_direct;database_record_not_primary_source_review;experimental_system_name_does_not_alone_establish_direct_binding;isoform_and_construct_context_require_source_review;query_accession_is_not_bait_direction	1	1	focused_primary_review_complete	supports_context_qualified_pair_relationship	physical_association;shared_complex	undirected_or_not_applicable		cellular_complex_not_binary	tagged_expression_LUMIER_cellular_association_without_qualifying_APMS	no_pair_specific_HSP90_mediation_established	25036637	cultured_cell_line	human	whole_cell_or_unspecified_fraction	omics_or_screening_measurement;physical_interaction_or_proximity	retain_pair	reviewed_context_qualified	reviewed_neighborhood_relationship	none_v6_253_reviewed_neighborhood_only
STUB1::TP53	STUB1	TP53	STUB1	27	2	BioGRID;IntAct	2	BioGRID;IntAct	BioGRID_genetic;BioGRID_physical;IntAct_binary_expansion_or_pair_record	curated_genetic_interaction_record;curated_pair_association_record			"Affinity Capture-MS;Affinity Capture-Western;Biochemical Activity;Proximity Label-MS;Reconstituted Complex;Synthetic Rescue;psi-mi:""MI:0004""(affinity chromatography technology);psi-mi:""MI:0729""(luminescence based mammalian interactome mapping)"	High Throughput;Low Throughput	"genetic;physical;psi-mi:""MI:0914""(association);psi-mi:""MI:0915""(physical association)"		undirected_or_not_applicable		curated_genetic_interaction_record_not_physical_binding;curated_interaction_record_requires_primary_source_and_complex_expansion_review;curated_physical_database_record_requires_primary_source_interpretation	15001357;15911628;17666403;18223694;20618441;21268072;22254155;23134341;25036637;25144556;25543083;26330542;27775703;27807478;29953728;30911017;32097779;34591612;35140242;37438558;38580884	two_database_resources	true	0	MITAB_binary_expansion_may_not_be_direct;database_record_not_primary_source_review;experimental_system_name_does_not_alone_establish_direct_binding;isoform_and_construct_context_require_source_review;query_accession_is_not_bait_direction	1	1	focused_primary_review_complete	supports_context_qualified_pair_relationship	protein_ubiquitylation;ubiquitin_ligase_substrate	directed	STUB1->TP53	functional_catalytic_relationship_not_binary_binding	purified_reconstituted_ubiquitylation_with_mutant_and_chaperone_modulation	HSP70_modulated_no_pair_specific_HSP90_test	26330542	purified_or_cell_free	human	not_reported	biochemical_or_structural;functional_or_phenotypic_readout	close_pair	reviewed_context_qualified	reviewed_neighborhood_relationship	none_v6_253_reviewed_neighborhood_only
STUB1::TRAF2	STUB1	TRAF2	STUB1	3	2	BioGRID;IntAct	2	BioGRID;IntAct	BioGRID_physical;IntAct_binary_expansion_or_pair_record	curated_pair_association_record			"Affinity Capture-Western;Co-fractionation;psi-mi:""MI:0676""(tandem affinity purification)"	High Throughput;Low Throughput	"physical;psi-mi:""MI:0915""(physical association)"		undirected_or_not_applicable		curated_interaction_record_requires_primary_source_and_complex_expansion_review;curated_physical_database_record_requires_primary_source_interpretation	14743216;21793045;35831314	two_database_resources	true	0	MITAB_binary_expansion_may_not_be_direct;database_record_not_primary_source_review;experimental_system_name_does_not_alone_establish_direct_binding;isoform_and_construct_context_require_source_review;query_accession_is_not_bait_direction	2	2	focused_primary_review_complete	database_route_not_supported_by_source;supports_context_qualified_pair_relationship	physical_association;shared_complex	not_applicable;undirected_or_not_applicable		classifier_inferred_endogenous_coelution_association_not_binary_binding;source_high_confidence_pair_not_supported	EPIC_cofractionation_association_above_0.625_in_at_least_one_cell_line;database_projection_not_supported_by_source	no_HSP90_assay_for_this_pair_in_source;no_HSP90_assay_in_this_source	14743216;35831314	cultured_cell_line	human	whole_cell_or_unspecified_fraction	omics_or_screening_measurement;physical_interaction_or_proximity	retain_pair	reviewed_mixed	reviewed_neighborhood_mixed	none_v6_253_reviewed_neighborhood_only
STUB1::TUBG1	STUB1	TUBG1	STUB1	2	2	BioGRID;IntAct	2	BioGRID;IntAct	BioGRID_physical;IntAct_binary_expansion_or_pair_record	curated_pair_association_record			"Affinity Capture-MS;psi-mi:""MI:0096""(pull down)"	High Throughput	"physical;psi-mi:""MI:0914""(association)"		undirected_or_not_applicable		curated_interaction_record_requires_primary_source_and_complex_expansion_review;curated_physical_database_record_requires_primary_source_interpretation	29568061	two_database_resources	true	0	MITAB_binary_expansion_may_not_be_direct;database_record_not_primary_source_review;experimental_system_name_does_not_alone_establish_direct_binding;isoform_and_construct_context_require_source_review;query_accession_is_not_bait_direction	1	1	focused_primary_review_complete	supports_context_qualified_pair_relationship	physical_association	assay_bait_to_prey_not_biological_direction	TUBG1->STUB1	threshold_edge_tagged_APMS_association_not_binary	SAINT_inclusion_boundary_APMS_with_row_level_BFDR_0_08	no_pair_specific_HSP90_assay_in_this_source	29568061	cultured_cell_line	human	whole_cell_or_unspecified_fraction	omics_or_screening_measurement;physical_interaction_or_proximity	close_pair	reviewed_context_qualified	reviewed_neighborhood_relationship	none_v6_253_reviewed_neighborhood_only
STUB1::TXLNG	STUB1	TXLNG	STUB1	8	3	BioGRID;BioPlex;IntAct	4	BioGRID;BioPlex_293T;BioPlex_HCT116;IntAct	AP_MS_network_edge;BioGRID_physical;IntAct_binary_expansion_or_pair_record	ap_ms_network_association;curated_pair_association_record		293T;HCT116	"293T affinity-purification mass spectrometry network;Affinity Capture-Luminescence;Affinity Capture-MS;HCT116 affinity-purification mass spectrometry network;psi-mi:""MI:0007""(anti tag coimmunoprecipitation)"	High Throughput;Low Throughput	"physical;physical_association_network;psi-mi:""MI:0914""(association)"		undirected_or_not_applicable		AP_MS_association_not_binary_binding;curated_interaction_record_requires_primary_source_and_complex_expansion_review;curated_physical_database_record_requires_primary_source_interpretation	25036637;33961781	three_or_more_database_resources	true	0	MITAB_binary_expansion_may_not_be_direct;cell_line_measurement_context;database_record_not_primary_source_review;experimental_system_name_does_not_alone_establish_direct_binding;high_throughput_AP_MS_context;isoform_and_construct_context_require_source_review;network_edge_not_direct_binding;no_pair_specific_publication_identifier_in_local_matrix;query_accession_is_not_bait_direction;single_final_network_presence_not_cell_line_specific_evidence	2	2	focused_primary_review_complete	supports_context_qualified_pair_relationship	physical_association;shared_complex	undirected_or_not_applicable		cellular_complex_not_binary	same_study_cross_cell_line_cellular_APMS_association;tagged_expression_duplicate_APMS_cellular_association	no_pair_specific_HSP90_assay_in_this_source;no_pair_specific_HSP90_mediation_established	25036637;33961781	cultured_cell_line	human	whole_cell_or_unspecified_fraction	omics_or_screening_measurement;physical_interaction_or_proximity	close_pair	reviewed_context_qualified	reviewed_neighborhood_relationship	none_v6_253_reviewed_neighborhood_only
STUB1::UBE2D1	STUB1	UBE2D1	STUB1	48	2	BioGRID;HPRD	2	BioGRID;HPRD	BioGRID_physical;legacy_curated_binary_interaction_record	curated_pair_association_record			Affinity Capture-Western;Reconstituted Complex;in vitro	Low Throughput	physical;protein_protein_interaction		undirected_or_not_applicable		curated_physical_database_record_requires_primary_source_interpretation;legacy_curated_pair_requires_primary_source_review	11557750;12574167;15198682;15215316;15466472;16307917;16554822;16740632;16809764;16831871;17426036;17545168;17873020;18042044;18485199;18988734;19056735;19103148;19240029;19648119;20146531;20675402;20729196;21157430;21209460;21454478;21518764;21898230;21911421;22101235;22842904;23109339;23344957;25451919;26010904;26330542;27903893;28362432;28757353;29091030;29898993;32591478;34057440;34565360;35061295;36027913;37515378	two_database_resources	true	0	database_record_not_primary_source_review;experimental_system_name_does_not_alone_establish_direct_binding;isoform_and_construct_context_require_source_review;legacy_2010_database_snapshot;method_labels_aggregate_publications	2	2	focused_primary_review_complete	database_route_not_supported_by_source;supports_pair_relationship	direct_binding;ubiquitin_conjugation_partner	directed;undirected_or_not_applicable	STUB1->UBE2D1	direct_purified_binding_with_catalytic_coupling;source_gene_identity_mismatch	database_projection_not_supported_by_source;purified_AlphaScreen_binding_and_E2_ubiquitin_discharge	no_pair_specific_HSP90_assay_in_this_source	15215316;26330542	purified_or_cell_free	human	not_reported	biochemical_or_structural;methods_or_source_object_only;physical_interaction_or_proximity	close_pair	reviewed_mixed	reviewed_neighborhood_mixed	none_v6_253_reviewed_neighborhood_only
STUB1::UBE2L3	STUB1	UBE2L3	STUB1	6	2	BioGRID;IntAct	2	BioGRID;IntAct	BioGRID_physical;IntAct_binary_expansion_or_pair_record	curated_pair_association_record			"Biochemical Activity;Reconstituted Complex;psi-mi:""MI:0397""(two hybrid array);psi-mi:""MI:0398""(two hybrid pooling approach);psi-mi:""MI:1356""(validated two hybrid)"	Low Throughput	"physical;psi-mi:""MI:0915""(physical association)"		undirected_or_not_applicable		curated_interaction_record_requires_primary_source_and_complex_expansion_review;curated_physical_database_record_requires_primary_source_interpretation	16714300;30097011;32814053;36400309	two_database_resources	true	0	MITAB_binary_expansion_may_not_be_direct;database_record_not_primary_source_review;experimental_system_name_does_not_alone_establish_direct_binding;isoform_and_construct_context_require_source_review;query_accession_is_not_bait_direction	1	1	focused_primary_review_complete	supports_context_qualified_pair_relationship	physical_association	undirected_or_not_applicable		heterologous_binary_Y2H_without_construct_boundary	one_publication_four_repeat_Y2H_workflow_final_NN1_0_edge_without_pair_specific_DULIP_validation	no_pair_specific_HSP90_assay_or_isoform_inference	32814053	cultured_cell_line	budding_yeast;human	nucleus_or_chromatin	omics_or_screening_measurement;physical_interaction_or_proximity	retain_pair	reviewed_context_qualified	reviewed_neighborhood_relationship	none_v6_253_reviewed_neighborhood_only
STUB1::UBE2N	STUB1	UBE2N	STUB1	20	2	BioGRID;IntAct	2	BioGRID;IntAct	BioGRID_physical;IntAct_binary_expansion_or_pair_record	curated_pair_association_record			"Affinity Capture-Luminescence;Affinity Capture-MS;Affinity Capture-Western;Co-fractionation;Reconstituted Complex;psi-mi:""MI:0007""(anti tag coimmunoprecipitation);psi-mi:""MI:0997""(ubiquitinase assay)"	High Throughput;Low Throughput	"physical;psi-mi:""MI:0220""(ubiquitination reaction);psi-mi:""MI:0914""(association)"		undirected_or_not_applicable		curated_interaction_record_requires_primary_source_and_complex_expansion_review;curated_physical_database_record_requires_primary_source_interpretation	16307917;17426036;18678647;20146531;21518764;23695783;24023840;25036637;25225294;25260751;26010904;28757353;32022419;35107860;35831314;36027913	two_database_resources	true	0	MITAB_binary_expansion_may_not_be_direct;database_record_not_primary_source_review;experimental_system_name_does_not_alone_establish_direct_binding;isoform_and_construct_context_require_source_review;query_accession_is_not_bait_direction	2	2	focused_primary_review_complete	supports_context_qualified_pair_relationship	physical_association;shared_complex	undirected_or_not_applicable		cellular_complex_not_binary;classifier_inferred_endogenous_coelution_association_not_binary_binding	EPIC_cofractionation_association_above_0.625_in_at_least_one_cell_line;tagged_expression_duplicate_APMS_cellular_association_without_source_LUMIER_row	no_HSP90_assay_for_this_pair_in_source;no_pair_specific_HSP90_mediation_established	25036637;35831314	cultured_cell_line	human	whole_cell_or_unspecified_fraction	omics_or_screening_measurement;physical_interaction_or_proximity	retain_pair	reviewed_context_qualified	reviewed_neighborhood_relationship	none_v6_253_reviewed_neighborhood_only
TBC1D7::TSC1	TBC1D7	TSC1	TSC1	22	7	BioGRID;BioPlex;CORUM;Complex_Portal;HPRD;IntAct;huMAP	9	BioGRID;BioPlex_293T;BioPlex_HCT116;CORUM;Complex_Portal;HPRD;HPRD_complex;IntAct;huMAP_2_0	AP_MS_network_edge;BioGRID_physical;IntAct_binary_expansion_or_pair_record;curated_complex_comembership;integrative_predicted_complex_comembership;legacy_curated_binary_interaction_record;legacy_curated_complex_comembership	ap_ms_network_association;curated_complex_comembership;curated_pair_association_record;predicted_complex_comembership	COM_3028;HuMAP2_05051;HuMAP2_05198;HuMAP2_06065;TSC1-TSC2 complex;complex_id=6889|complex_name=TBC1D7-TSC1-TSC2 complex	293T;HCT116;HeLa cells	"293T affinity-purification mass spectrometry network;Affinity Capture-MS;Affinity Capture-Western;HCT116 affinity-purification mass spectrometry network;MI:0019:coimmunoprecipitation;Reconstituted Complex;in vitro;in vivo;in vivo;not_reported_in_local_source;psi-mi:""MI:0007""(anti tag coimmunoprecipitation);psi-mi:""MI:0410""(3D electron microscopy)"	High Throughput;Low Throughput	"complex_comembership;physical;physical_association_network;predicted_complex_comembership;protein_complex_membership;protein_protein_interaction;psi-mi:""MI:0914""(association);psi-mi:""MI:0915""(physical association)"	ECO:0000353(physical interaction evidence used in manual assertion)	undirected_or_not_applicable		AP_MS_association_not_binary_binding;curated_complex_comembership_not_binary_interaction;curated_interaction_record_requires_primary_source_and_complex_expansion_review;curated_physical_database_record_requires_primary_source_interpretation;integrative_predicted_complex_comembership_not_direct_binding;legacy_curated_complex_comembership_not_binary_interaction;legacy_curated_pair_requires_primary_source_review	17658474;22795129;24529379;24714658;26186194;28514442;28561026;33436626;33961781	three_or_more_database_resources	true	0	MITAB_binary_expansion_may_not_be_direct;cell_line_is_experimental_context_not_interaction_system;cell_line_measurement_context;complex_expansion_not_pairwise_binding;complex_see_also_references_not_pair_specific;database_context_only;database_record_not_primary_source_review;experimental_system_name_does_not_alone_establish_direct_binding;high_throughput_AP_MS_context;isoform_and_construct_context_require_source_review;legacy_2010_database_snapshot;legacy_2020_snapshot;method_labels_aggregate_publications;multiple_complex_records_from_one_source_do_not_equal_independent_replication;network_edge_not_direct_binding;no_pair_specific_publication_identifier_in_local_matrix;predicted_complex_expansion_not_pairwise_binding;query_accession_is_not_bait_direction;single_final_network_presence_not_cell_line_specific_evidence;stoichiometry_and_context_require_complex_record_review	2	2	focused_primary_review_complete	supports_pair_relationship	assembly_stabilization;coiled_coil_binding;core_complex_subunit;direct_binding;direct_structural_binding	undirected_or_not_applicable		direct_contact_in_purified_full_human_complex;direct_fragment_Xray_binding_with_mutational_biochemical_and_full_length_cellular_validation	highest_direct_structural_contact_plus_cellular_coIP;strong_direct_structural_and_orthogonal_biochemical_replication	no_HSP90_assay;no_direct_HSP90_assay;specialized_TSC_client_complex_neighborhood	26893383;33436626	cultured_cell_line;purified_or_cell_free	escherichia_coli;human	cytosol;endosome_or_lysosome	biochemical_or_structural;physical_interaction_or_proximity	close_pair	reviewed_supported	reviewed_neighborhood_relationship	none_v6_253_reviewed_neighborhood_only
TSC1::TSC1	TSC1	TSC1	TSC1	4	2	BioGRID;IntAct	2	BioGRID;IntAct	BioGRID_physical;IntAct_binary_expansion_or_pair_record	curated_pair_association_record			"Affinity Capture-MS;FRET;Two-hybrid;psi-mi:""MI:0018""(two hybrid)"	High Throughput;Low Throughput	"physical;psi-mi:""MI:0915""(physical association)"		undirected_or_not_applicable		curated_interaction_record_requires_primary_source_and_complex_expansion_review;curated_physical_database_record_requires_primary_source_interpretation	10585443;17355907;28205554;28561026	two_database_resources	true	0	MITAB_binary_expansion_may_not_be_direct;database_record_not_primary_source_review;experimental_system_name_does_not_alone_establish_direct_binding;isoform_and_construct_context_require_source_review;query_accession_is_not_bait_direction;self_interaction_or_self_association_record	2	2	focused_primary_review_complete	supports_pair_relationship	TBC1D7_stabilized_dimerization;direct_structural_interface;homooligomerization;parallel_coiled_coil_dimerization	undirected_symmetric_self_association;undirected_symmetric_self_association_with_external_TBC1D7_stabilization_context		direct_fragment_Xray_homodimer_with_biochemical_and_cellular_validation;direct_homodimer_interface_in_purified_full_human_complex	highest_direct_structural_homodimerization;strong_direct_structural_and_orthogonal_cellular_replication	no_HSP90_assay;specialized_TSC_client_complex_neighborhood	26798146;33436626	cultured_cell_line;purified_or_cell_free	escherichia_coli;human	cytosol;endosome_or_lysosome	biochemical_or_structural;physical_interaction_or_proximity	close_pair	reviewed_supported	reviewed_neighborhood_relationship	none_v6_253_reviewed_neighborhood_only
TSC1::TSC2	TSC1	TSC2	TSC1	64	6	BioGRID;CORUM;Complex_Portal;HPRD;IntAct;huMAP	7	BioGRID;CORUM;Complex_Portal;HPRD;HPRD_complex;IntAct;huMAP_2_0	BioGRID_physical;IntAct_binary_expansion_or_pair_record;curated_complex_comembership;integrative_predicted_complex_comembership;legacy_curated_binary_interaction_record;legacy_curated_complex_comembership	curated_complex_comembership;curated_pair_association_record;predicted_complex_comembership	COM_2916;COM_2920;COM_2924;COM_2931;COM_2932;COM_2963;COM_2983;COM_2984;COM_2986;COM_3028;COM_3042;COM_3115;HuMAP2_05051;HuMAP2_05198;HuMAP2_06065;TSC1-TSC2 complex;complex_id=4151|complex_name=AXIN1-GSK3B-TSC1-TSC2 complex;complex_id=6889|complex_name=TBC1D7-TSC1-TSC2 complex;complex_id=7157|complex_name=TSC1-TSC2 complex;complex_id=8317|complex_name=TSC chaperone complex;complex_id=8318|complex_name=HSP90AA1-TSC1-TSC2 complex	HEK293 cells;HEK293T cells;HeLa cells	"Affinity Capture-MS;Affinity Capture-Western;Co-localization;MI:0019:coimmunoprecipitation;Two-hybrid;in vitro;in vitro;in vivo;in vitro;in vivo;yeast 2-hybrid;in vitro;yeast 2-hybrid;in vivo;not_reported_in_local_source;psi-mi:""MI:0006""(anti bait coimmunoprecipitation);psi-mi:""MI:0007""(anti tag coimmunoprecipitation)"	High Throughput;Low Throughput	"complex_comembership;physical;predicted_complex_comembership;protein_complex_membership;protein_protein_interaction;psi-mi:""MI:0915""(physical association)"	ECO:0000353(physical interaction evidence used in manual assertion)	undirected_or_not_applicable		curated_complex_comembership_not_binary_interaction;curated_interaction_record_requires_primary_source_and_complex_expansion_review;curated_physical_database_record_requires_primary_source_interpretation;integrative_predicted_complex_comembership_not_direct_binding;legacy_curated_complex_comembership_not_binary_interaction;legacy_curated_pair_requires_primary_source_review	10585443;10807585;10915759;11175345;11290735;11741832;11741833;12176984;12364343;12511557;12869586;14551205;14559897;14651849;15340059;15342917;15851026;15851513;15963462;15972957;16339216;16357142;16424383;16464865;16636147;17043358;17077083;17658474;17693255;18381890;20166753;20169078;21134130;22795129;24529379;24714658;25263562;28561026;29127155;30514904;33436626;36348010;9580671	three_or_more_database_resources	true	0	MITAB_binary_expansion_may_not_be_direct;cell_line_is_experimental_context_not_interaction_system;complex_expansion_not_pairwise_binding;complex_see_also_references_not_pair_specific;database_context_only;database_record_not_primary_source_review;experimental_system_name_does_not_alone_establish_direct_binding;isoform_and_construct_context_require_source_review;legacy_2010_database_snapshot;legacy_2020_snapshot;method_labels_aggregate_publications;multiple_complex_records_from_one_source_do_not_equal_independent_replication;predicted_complex_expansion_not_pairwise_binding;query_accession_is_not_bait_direction;stoichiometry_and_context_require_complex_record_review	2	2	focused_primary_review_complete	supports_pair_relationship	HSP90_R2TP_assisted_assembly;assembly_interdependence;core_complex_subunit;direct_structural_interface;specialized_client_complex_assembly	undirected_or_not_applicable;undirected_pair_with_external_directional_assembly_context		cellular_pair_association_and_perturbation_not_pairwise_direct_contact;direct_multicontact_interface_in_purified_full_human_complex	highest_direct_structural_contact_plus_biochemical_and_cellular_function;strong_orthogonal_cellular_assembly_support	HSP90_relevant_TSC_client_complex_context;TSC1_functions_as_HSP90_cochaperone;TSC2_supported_as_HSP90_client;cytosolic_HSP90_isoform_unresolved;no_HSP90_assay_in_this_source	33436626;39490680	cultured_cell_line;purified_or_cell_free	human	cytosol;endosome_or_lysosome	biochemical_or_structural;functional_or_phenotypic_readout;genetic_perturbation;omics_or_screening_measurement;pharmacologic_or_chemical_perturbation;physical_interaction_or_proximity;protein_abundance_stability_or_folding	close_pair	reviewed_supported	reviewed_neighborhood_relationship	none_v6_253_reviewed_neighborhood_only
TSC1::YWHAB	TSC1	YWHAB	TSC1	8	4	BioGRID;BioPlex;HPRD;IntAct	4	BioGRID;BioPlex_293T;HPRD;IntAct	AP_MS_network_edge;BioGRID_physical;IntAct_binary_expansion_or_pair_record;legacy_curated_binary_interaction_record	ap_ms_network_association;curated_pair_association_record		293T	"293T affinity-purification mass spectrometry network;Affinity Capture-MS;Affinity Capture-Western;in vitro;psi-mi:""MI:0007""(anti tag coimmunoprecipitation)"	High Throughput;Low Throughput	"physical;physical_association_network;protein_protein_interaction;psi-mi:""MI:0914""(association)"		undirected_or_not_applicable		AP_MS_association_not_binary_binding;curated_interaction_record_requires_primary_source_and_complex_expansion_review;curated_physical_database_record_requires_primary_source_interpretation;legacy_curated_pair_requires_primary_source_review	12176984;15324660;28514442;33961781;35271311	three_or_more_database_resources	true	0	MITAB_binary_expansion_may_not_be_direct;cell_line_measurement_context;database_record_not_primary_source_review;experimental_system_name_does_not_alone_establish_direct_binding;high_throughput_AP_MS_context;isoform_and_construct_context_require_source_review;legacy_2010_database_snapshot;method_labels_aggregate_publications;network_edge_not_direct_binding;no_pair_specific_publication_identifier_in_local_matrix;query_accession_is_not_bait_direction;single_final_network_presence_not_cell_line_specific_evidence	2	2	focused_primary_review_complete	supports_context_qualified_pair_relationship	physical_association;shared_complex	undirected_or_not_applicable		single_bait_endogenous_tag_IPMS_not_binary;tagged_bait_APMS_association_not_binary_binding	BioPlex3_single_direction_293T_cellular_APMS_association;OpenCell_endogenous_tag_triplicate_IPMS_association	no_pair_specific_HSP90_assay_in_this_source;no_pair_specific_HSP90_mediation_established	33961781;35271311	cultured_cell_line	human	whole_cell_or_unspecified_fraction	omics_or_screening_measurement;physical_interaction_or_proximity	retain_pair	reviewed_context_qualified	reviewed_neighborhood_relationship	none_v6_253_reviewed_neighborhood_only
TSC1::YWHAE	TSC1	YWHAE	TSC1	5	2	BioGRID;HPRD	2	BioGRID;HPRD	BioGRID_physical;legacy_curated_binary_interaction_record	curated_pair_association_record			Affinity Capture-MS;in vitro	High Throughput;Low Throughput	physical;protein_protein_interaction		undirected_or_not_applicable		curated_physical_database_record_requires_primary_source_interpretation;legacy_curated_pair_requires_primary_source_review	12176984;17979178;19608861;23472066;35271311	two_database_resources	true	0	database_record_not_primary_source_review;experimental_system_name_does_not_alone_establish_direct_binding;isoform_and_construct_context_require_source_review;legacy_2010_database_snapshot;method_labels_aggregate_publications	1	1	focused_primary_review_complete	supports_context_qualified_pair_relationship	physical_association;shared_complex	undirected_or_not_applicable		single_bait_endogenous_tag_IPMS_not_binary	OpenCell_endogenous_tag_triplicate_IPMS_association	no_pair_specific_HSP90_mediation_established	35271311	cultured_cell_line	human	whole_cell_or_unspecified_fraction	omics_or_screening_measurement;physical_interaction_or_proximity	retain_pair	reviewed_context_qualified	reviewed_neighborhood_relationship	none_v6_253_reviewed_neighborhood_only
TSC1::YWHAZ	TSC1	YWHAZ	TSC1	3	2	BioGRID;HPRD	2	BioGRID;HPRD	BioGRID_physical;legacy_curated_binary_interaction_record	curated_pair_association_record			Affinity Capture-MS;Two-hybrid;in vitro	High Throughput;Low Throughput	physical;protein_protein_interaction		undirected_or_not_applicable		curated_physical_database_record_requires_primary_source_interpretation;legacy_curated_pair_requires_primary_source_review	12176984;35271311	two_database_resources	true	0	database_record_not_primary_source_review;experimental_system_name_does_not_alone_establish_direct_binding;isoform_and_construct_context_require_source_review;legacy_2010_database_snapshot;method_labels_aggregate_publications	1	1	focused_primary_review_complete	supports_context_qualified_pair_relationship	physical_association;shared_complex	undirected_or_not_applicable		single_bait_endogenous_tag_IPMS_not_binary	OpenCell_endogenous_tag_triplicate_IPMS_association	no_pair_specific_HSP90_mediation_established	35271311	cultured_cell_line	human	whole_cell_or_unspecified_fraction	omics_or_screening_measurement;physical_interaction_or_proximity	retain_pair	reviewed_context_qualified	reviewed_neighborhood_relationship	none_v6_253_reviewed_neighborhood_only
UNC45A::USP19	UNC45A	USP19	UNC45A	2	2	BioGRID;IntAct	2	BioGRID;IntAct	BioGRID_physical;IntAct_binary_expansion_or_pair_record	curated_pair_association_record			"Affinity Capture-MS;psi-mi:""MI:0007""(anti tag coimmunoprecipitation)"	High Throughput	"physical;psi-mi:""MI:0914""(association)"		undirected_or_not_applicable		curated_interaction_record_requires_primary_source_and_complex_expansion_review;curated_physical_database_record_requires_primary_source_interpretation	19615732	two_database_resources	true	0	MITAB_binary_expansion_may_not_be_direct;database_record_not_primary_source_review;experimental_system_name_does_not_alone_establish_direct_binding;isoform_and_construct_context_require_source_review;query_accession_is_not_bait_direction	1	1	focused_primary_review_complete	supports_context_qualified_pair_relationship	physical_association	assay_bait_to_prey_not_biological_direction	USP19->UNC45A	cellular_bait_prey_complex_not_binary	tagged_DUB_bait_APMS_DN_threshold_passing	no_pair_specific_HSP90_mediation_established	19615732	cultured_cell_line	human	whole_cell_or_unspecified_fraction	omics_or_screening_measurement;physical_interaction_or_proximity	close_pair	reviewed_context_qualified	reviewed_neighborhood_relationship	none_v6_253_reviewed_neighborhood_only
