route_resolution_id	queue_id	pmid	pmcid	title	pair_id	hsp90_isoform	partner_gene_symbol	pair_in_master	paper_review_class	package_pair_match_state	matched_locations	supplement_retrieval_status	relationship_type	evidence_modality	scoring_role	support_strength	claim_confidence	caveat_flags	exception_state	route_review_outcome	should_flow_to_source_gene_integration	needs_additional_source_recheck	existing_source_review_ids	biological_interpretation	analytical_context_only_before_this_review	final_scored_reference_set_promotion_run	generated_source_review_id
DBROUTE-v6_108-17400507-HSP90AA1-LRRK2	DBSRC-HSP90AA1-LRRK2-29a54434	17400507	PMC2970619	Identification of potential protein interactors of Lrrk2	HSP90AA1::LRRK2	HSP90AA1	LRRK2	true	lrrk2_ipms_candidate_interactor	exact_pair_not_found_by_automated_package_scan		retrieval_blocked_or_unavailable	assay_association_only	affinity_purification_ms	context_only	weak	low	overexpression_context;authors_request_endogenous_confirmation;complex_member_not_direct_binding	paper_default	retrieved_article_pair_result_not_locally_confirmed_recheck	no	yes		Physical-association or co-complex evidence only unless the exception state says otherwise; no client status is inferred.	true	false	SRCREV-2026-07-15-V6_108-PMID17400507-HSP90AA1-001
DBROUTE-v6_108-17400507-HSP90AB1-LRRK2	DBSRC-HSP90AB1-LRRK2-29a54434	17400507	PMC2970619	Identification of potential protein interactors of Lrrk2	HSP90AB1::LRRK2	HSP90AB1	LRRK2	true	lrrk2_ipms_candidate_interactor	exact_pair_not_found_by_automated_package_scan		retrieval_blocked_or_unavailable	assay_association_only	affinity_purification_ms	context_only	weak	low	overexpression_context;authors_request_endogenous_confirmation;complex_member_not_direct_binding	paper_default	retrieved_article_pair_result_not_locally_confirmed_recheck	no	yes		Physical-association or co-complex evidence only unless the exception state says otherwise; no client status is inferred.	true	false	SRCREV-2026-07-15-V6_108-PMID17400507-HSP90AB1-002
DBROUTE-v6_108-19875381-HSP90AA1-AHSA1	DBSRC-HSP90AA1-AHSA1-62d0f2b5	19875381	PMC2830838	A Proteomic Investigation of Ligand-dependent HSP90 Complexes Reveals CHORDC1 as a Novel ADP-dependent HSP90-interacting Protein	HSP90AA1::AHSA1	HSP90AA1	AHSA1	true	hsp90aa1_ligand_dependent_tap_apms	exact_pair_not_found_by_automated_package_scan		retrieval_blocked_or_unavailable	assay_association_only	affinity_purification_ms	context_only	weak	low	HSP90AA1_bait;ligand_state_specific;complex_member_not_direct_binding;not_client_evidence	paper_default	retrieved_article_pair_result_not_locally_confirmed_recheck	no	yes		Physical-association or co-complex evidence only unless the exception state says otherwise; no client status is inferred.	true	false	SRCREV-2026-07-15-V6_108-PMID19875381-HSP90AA1-003
DBROUTE-v6_108-19875381-HSP90AA1-BAG2	DBSRC-HSP90AA1-BAG2-62d0f2b5	19875381	PMC2830838	A Proteomic Investigation of Ligand-dependent HSP90 Complexes Reveals CHORDC1 as a Novel ADP-dependent HSP90-interacting Protein	HSP90AA1::BAG2	HSP90AA1	BAG2	true	hsp90aa1_ligand_dependent_tap_apms	exact_pair_not_found_by_automated_package_scan		retrieval_blocked_or_unavailable	assay_association_only	affinity_purification_ms	context_only	weak	low	HSP90AA1_bait;ligand_state_specific;complex_member_not_direct_binding;not_client_evidence	paper_default	retrieved_article_pair_result_not_locally_confirmed_recheck	no	yes		Physical-association or co-complex evidence only unless the exception state says otherwise; no client status is inferred.	true	false	SRCREV-2026-07-15-V6_108-PMID19875381-HSP90AA1-003
DBROUTE-v6_108-19875381-HSP90AA1-CACYBP	DBSRC-HSP90AA1-CACYBP-62d0f2b5	19875381	PMC2830838	A Proteomic Investigation of Ligand-dependent HSP90 Complexes Reveals CHORDC1 as a Novel ADP-dependent HSP90-interacting Protein	HSP90AA1::CACYBP	HSP90AA1	CACYBP	true	hsp90aa1_ligand_dependent_tap_apms	exact_pair_not_found_by_automated_package_scan		retrieval_blocked_or_unavailable	assay_association_only	affinity_purification_ms	context_only	weak	low	HSP90AA1_bait;ligand_state_specific;complex_member_not_direct_binding;not_client_evidence	paper_default	retrieved_article_pair_result_not_locally_confirmed_recheck	no	yes		Physical-association or co-complex evidence only unless the exception state says otherwise; no client status is inferred.	true	false	SRCREV-2026-07-15-V6_108-PMID19875381-HSP90AA1-003
DBROUTE-v6_108-19875381-HSP90AA1-CCDC117	DBSRC-HSP90AA1-CCDC117-62d0f2b5	19875381	PMC2830838	A Proteomic Investigation of Ligand-dependent HSP90 Complexes Reveals CHORDC1 as a Novel ADP-dependent HSP90-interacting Protein	HSP90AA1::CCDC117	HSP90AA1	CCDC117	true	hsp90aa1_ligand_dependent_tap_apms	exact_pair_not_found_by_automated_package_scan		retrieval_blocked_or_unavailable	assay_association_only	affinity_purification_ms	context_only	weak	low	HSP90AA1_bait;ligand_state_specific;complex_member_not_direct_binding;not_client_evidence	paper_default	retrieved_article_pair_result_not_locally_confirmed_recheck	no	yes		Physical-association or co-complex evidence only unless the exception state says otherwise; no client status is inferred.	true	false	SRCREV-2026-07-15-V6_108-PMID19875381-HSP90AA1-003
DBROUTE-v6_108-19875381-HSP90AA1-CDC37	DBSRC-HSP90AA1-CDC37-62d0f2b5	19875381	PMC2830838	A Proteomic Investigation of Ligand-dependent HSP90 Complexes Reveals CHORDC1 as a Novel ADP-dependent HSP90-interacting Protein	HSP90AA1::CDC37	HSP90AA1	CDC37	true	hsp90aa1_ligand_dependent_tap_apms	exact_pair_not_found_by_automated_package_scan		retrieval_blocked_or_unavailable	assay_association_only	affinity_purification_ms	context_only	weak	low	HSP90AA1_bait;ligand_state_specific;complex_member_not_direct_binding;not_client_evidence	paper_default	retrieved_article_pair_result_not_locally_confirmed_recheck	no	yes		Physical-association or co-complex evidence only unless the exception state says otherwise; no client status is inferred.	true	false	SRCREV-2026-07-15-V6_108-PMID19875381-HSP90AA1-003
DBROUTE-v6_108-19875381-HSP90AA1-CDK11A	DBSRC-HSP90AA1-CDK11A-62d0f2b5	19875381	PMC2830838	A Proteomic Investigation of Ligand-dependent HSP90 Complexes Reveals CHORDC1 as a Novel ADP-dependent HSP90-interacting Protein	HSP90AA1::CDK11A	HSP90AA1	CDK11A	true	hsp90aa1_ligand_dependent_tap_apms	exact_pair_not_found_by_automated_package_scan		retrieval_blocked_or_unavailable	assay_association_only	affinity_purification_ms	context_only	weak	low	HSP90AA1_bait;ligand_state_specific;complex_member_not_direct_binding;not_client_evidence	paper_default	retrieved_article_pair_result_not_locally_confirmed_recheck	no	yes		Physical-association or co-complex evidence only unless the exception state says otherwise; no client status is inferred.	true	false	SRCREV-2026-07-15-V6_108-PMID19875381-HSP90AA1-003
DBROUTE-v6_108-19875381-HSP90AA1-CHUK	DBSRC-HSP90AA1-CHUK-62d0f2b5	19875381	PMC2830838	A Proteomic Investigation of Ligand-dependent HSP90 Complexes Reveals CHORDC1 as a Novel ADP-dependent HSP90-interacting Protein	HSP90AA1::CHUK	HSP90AA1	CHUK	true	hsp90aa1_ligand_dependent_tap_apms	exact_pair_not_found_by_automated_package_scan		retrieval_blocked_or_unavailable	assay_association_only	affinity_purification_ms	context_only	weak	low	HSP90AA1_bait;ligand_state_specific;complex_member_not_direct_binding;not_client_evidence	paper_default	retrieved_article_pair_result_not_locally_confirmed_recheck	no	yes		Physical-association or co-complex evidence only unless the exception state says otherwise; no client status is inferred.	true	false	SRCREV-2026-07-15-V6_108-PMID19875381-HSP90AA1-003
DBROUTE-v6_108-19875381-HSP90AA1-CSNK1A1	DBSRC-HSP90AA1-CSNK1A1-62d0f2b5	19875381	PMC2830838	A Proteomic Investigation of Ligand-dependent HSP90 Complexes Reveals CHORDC1 as a Novel ADP-dependent HSP90-interacting Protein	HSP90AA1::CSNK1A1	HSP90AA1	CSNK1A1	true	hsp90aa1_ligand_dependent_tap_apms	exact_pair_not_found_by_automated_package_scan		retrieval_blocked_or_unavailable	assay_association_only	affinity_purification_ms	context_only	weak	low	HSP90AA1_bait;ligand_state_specific;complex_member_not_direct_binding;not_client_evidence	paper_default	retrieved_article_pair_result_not_locally_confirmed_recheck	no	yes		Physical-association or co-complex evidence only unless the exception state says otherwise; no client status is inferred.	true	false	SRCREV-2026-07-15-V6_108-PMID19875381-HSP90AA1-003
DBROUTE-v6_108-19875381-HSP90AA1-DYNC1H1	DBSRC-HSP90AA1-DYNC1H1-62d0f2b5	19875381	PMC2830838	A Proteomic Investigation of Ligand-dependent HSP90 Complexes Reveals CHORDC1 as a Novel ADP-dependent HSP90-interacting Protein	HSP90AA1::DYNC1H1	HSP90AA1	DYNC1H1	true	hsp90aa1_ligand_dependent_tap_apms	exact_pair_not_found_by_automated_package_scan		retrieval_blocked_or_unavailable	assay_association_only	affinity_purification_ms	context_only	weak	low	HSP90AA1_bait;ligand_state_specific;complex_member_not_direct_binding;not_client_evidence	paper_default	retrieved_article_pair_result_not_locally_confirmed_recheck	no	yes		Physical-association or co-complex evidence only unless the exception state says otherwise; no client status is inferred.	true	false	SRCREV-2026-07-15-V6_108-PMID19875381-HSP90AA1-003
DBROUTE-v6_108-19875381-HSP90AA1-EFTUD2	DBSRC-HSP90AA1-EFTUD2-62d0f2b5	19875381	PMC2830838	A Proteomic Investigation of Ligand-dependent HSP90 Complexes Reveals CHORDC1 as a Novel ADP-dependent HSP90-interacting Protein	HSP90AA1::EFTUD2	HSP90AA1	EFTUD2	true	hsp90aa1_ligand_dependent_tap_apms	exact_pair_not_found_by_automated_package_scan		retrieval_blocked_or_unavailable	assay_association_only	affinity_purification_ms	context_only	weak	low	HSP90AA1_bait;ligand_state_specific;complex_member_not_direct_binding;not_client_evidence	paper_default	retrieved_article_pair_result_not_locally_confirmed_recheck	no	yes		Physical-association or co-complex evidence only unless the exception state says otherwise; no client status is inferred.	true	false	SRCREV-2026-07-15-V6_108-PMID19875381-HSP90AA1-003
DBROUTE-v6_108-19875381-HSP90AA1-FKBP4	DBSRC-HSP90AA1-FKBP4-62d0f2b5	19875381	PMC2830838	A Proteomic Investigation of Ligand-dependent HSP90 Complexes Reveals CHORDC1 as a Novel ADP-dependent HSP90-interacting Protein	HSP90AA1::FKBP4	HSP90AA1	FKBP4	true	hsp90aa1_ligand_dependent_tap_apms	exact_pair_not_found_by_automated_package_scan		retrieval_blocked_or_unavailable	assay_association_only	affinity_purification_ms	context_only	weak	low	HSP90AA1_bait;ligand_state_specific;complex_member_not_direct_binding;not_client_evidence	paper_default	retrieved_article_pair_result_not_locally_confirmed_recheck	no	yes		Physical-association or co-complex evidence only unless the exception state says otherwise; no client status is inferred.	true	false	SRCREV-2026-07-15-V6_108-PMID19875381-HSP90AA1-003
DBROUTE-v6_108-19875381-HSP90AA1-FKBP5	DBSRC-HSP90AA1-FKBP5-62d0f2b5	19875381	PMC2830838	A Proteomic Investigation of Ligand-dependent HSP90 Complexes Reveals CHORDC1 as a Novel ADP-dependent HSP90-interacting Protein	HSP90AA1::FKBP5	HSP90AA1	FKBP5	true	hsp90aa1_ligand_dependent_tap_apms	exact_pair_not_found_by_automated_package_scan		retrieval_blocked_or_unavailable	assay_association_only	affinity_purification_ms	context_only	weak	low	HSP90AA1_bait;ligand_state_specific;complex_member_not_direct_binding;not_client_evidence	paper_default	retrieved_article_pair_result_not_locally_confirmed_recheck	no	yes		Physical-association or co-complex evidence only unless the exception state says otherwise; no client status is inferred.	true	false	SRCREV-2026-07-15-V6_108-PMID19875381-HSP90AA1-003
DBROUTE-v6_108-19875381-HSP90AA1-HSPA1A	DBSRC-HSP90AA1-HSPA1A-62d0f2b5	19875381	PMC2830838	A Proteomic Investigation of Ligand-dependent HSP90 Complexes Reveals CHORDC1 as a Novel ADP-dependent HSP90-interacting Protein	HSP90AA1::HSPA1A	HSP90AA1	HSPA1A	true	hsp90aa1_ligand_dependent_tap_apms	exact_pair_not_found_by_automated_package_scan		retrieval_blocked_or_unavailable	assay_association_only	affinity_purification_ms	context_only	weak	low	HSP90AA1_bait;ligand_state_specific;complex_member_not_direct_binding;not_client_evidence	paper_default	retrieved_article_pair_result_not_locally_confirmed_recheck	no	yes		Physical-association or co-complex evidence only unless the exception state says otherwise; no client status is inferred.	true	false	SRCREV-2026-07-15-V6_108-PMID19875381-HSP90AA1-003
DBROUTE-v6_108-19875381-HSP90AA1-HSPA8	DBSRC-HSP90AA1-HSPA8-62d0f2b5	19875381	PMC2830838	A Proteomic Investigation of Ligand-dependent HSP90 Complexes Reveals CHORDC1 as a Novel ADP-dependent HSP90-interacting Protein	HSP90AA1::HSPA8	HSP90AA1	HSPA8	true	hsp90aa1_ligand_dependent_tap_apms	exact_pair_not_found_by_automated_package_scan		retrieval_blocked_or_unavailable	assay_association_only	affinity_purification_ms	context_only	weak	low	HSP90AA1_bait;ligand_state_specific;complex_member_not_direct_binding;not_client_evidence	paper_default	retrieved_article_pair_result_not_locally_confirmed_recheck	no	yes		Physical-association or co-complex evidence only unless the exception state says otherwise; no client status is inferred.	true	false	SRCREV-2026-07-15-V6_108-PMID19875381-HSP90AA1-003
DBROUTE-v6_108-19875381-HSP90AA1-IKBKG	DBSRC-HSP90AA1-IKBKG-62d0f2b5	19875381	PMC2830838	A Proteomic Investigation of Ligand-dependent HSP90 Complexes Reveals CHORDC1 as a Novel ADP-dependent HSP90-interacting Protein	HSP90AA1::IKBKG	HSP90AA1	IKBKG	true	hsp90aa1_ligand_dependent_tap_apms	exact_pair_not_found_by_automated_package_scan		retrieval_blocked_or_unavailable	assay_association_only	affinity_purification_ms	context_only	weak	low	HSP90AA1_bait;ligand_state_specific;complex_member_not_direct_binding;not_client_evidence	paper_default	retrieved_article_pair_result_not_locally_confirmed_recheck	no	yes		Physical-association or co-complex evidence only unless the exception state says otherwise; no client status is inferred.	true	false	SRCREV-2026-07-15-V6_108-PMID19875381-HSP90AA1-003
DBROUTE-v6_108-19875381-HSP90AA1-NUDC	DBSRC-HSP90AA1-NUDC-62d0f2b5	19875381	PMC2830838	A Proteomic Investigation of Ligand-dependent HSP90 Complexes Reveals CHORDC1 as a Novel ADP-dependent HSP90-interacting Protein	HSP90AA1::NUDC	HSP90AA1	NUDC	true	hsp90aa1_ligand_dependent_tap_apms	exact_pair_not_found_by_automated_package_scan		retrieval_blocked_or_unavailable	assay_association_only	affinity_purification_ms	context_only	weak	low	HSP90AA1_bait;ligand_state_specific;complex_member_not_direct_binding;not_client_evidence	paper_default	retrieved_article_pair_result_not_locally_confirmed_recheck	no	yes		Physical-association or co-complex evidence only unless the exception state says otherwise; no client status is inferred.	true	false	SRCREV-2026-07-15-V6_108-PMID19875381-HSP90AA1-003
DBROUTE-v6_108-19875381-HSP90AA1-NUDCD3	DBSRC-HSP90AA1-NUDCD3-62d0f2b5	19875381	PMC2830838	A Proteomic Investigation of Ligand-dependent HSP90 Complexes Reveals CHORDC1 as a Novel ADP-dependent HSP90-interacting Protein	HSP90AA1::NUDCD3	HSP90AA1	NUDCD3	true	hsp90aa1_ligand_dependent_tap_apms	exact_pair_found_in_article_text	article_text	retrieval_blocked_or_unavailable	complex_comember	affinity_purification_ms	support_only	moderate	medium	HSP90AA1_bait;ligand_state_specific;complex_member_not_direct_binding;not_client_evidence	paper_default	reviewed_source_support_flow_later	yes	no		Physical-association or co-complex evidence only unless the exception state says otherwise; no client status is inferred.	true	false	SRCREV-2026-07-15-V6_108-PMID19875381-HSP90AA1-004
DBROUTE-v6_108-19875381-HSP90AA1-PPP2R1A	DBSRC-HSP90AA1-PPP2R1A-62d0f2b5	19875381	PMC2830838	A Proteomic Investigation of Ligand-dependent HSP90 Complexes Reveals CHORDC1 as a Novel ADP-dependent HSP90-interacting Protein	HSP90AA1::PPP2R1A	HSP90AA1	PPP2R1A	true	hsp90aa1_ligand_dependent_tap_apms	exact_pair_not_found_by_automated_package_scan		retrieval_blocked_or_unavailable	assay_association_only	affinity_purification_ms	context_only	weak	low	HSP90AA1_bait;ligand_state_specific;complex_member_not_direct_binding;not_client_evidence	paper_default	retrieved_article_pair_result_not_locally_confirmed_recheck	no	yes		Physical-association or co-complex evidence only unless the exception state says otherwise; no client status is inferred.	true	false	SRCREV-2026-07-15-V6_108-PMID19875381-HSP90AA1-003
DBROUTE-v6_108-19875381-HSP90AA1-PPP5C	DBSRC-HSP90AA1-PPP5C-62d0f2b5	19875381	PMC2830838	A Proteomic Investigation of Ligand-dependent HSP90 Complexes Reveals CHORDC1 as a Novel ADP-dependent HSP90-interacting Protein	HSP90AA1::PPP5C	HSP90AA1	PPP5C	true	hsp90aa1_ligand_dependent_tap_apms	exact_pair_not_found_by_automated_package_scan		retrieval_blocked_or_unavailable	assay_association_only	affinity_purification_ms	context_only	weak	low	HSP90AA1_bait;ligand_state_specific;complex_member_not_direct_binding;not_client_evidence	paper_default	retrieved_article_pair_result_not_locally_confirmed_recheck	no	yes		Physical-association or co-complex evidence only unless the exception state says otherwise; no client status is inferred.	true	false	SRCREV-2026-07-15-V6_108-PMID19875381-HSP90AA1-003
DBROUTE-v6_108-19875381-HSP90AA1-PRPF8	DBSRC-HSP90AA1-PRPF8-62d0f2b5	19875381	PMC2830838	A Proteomic Investigation of Ligand-dependent HSP90 Complexes Reveals CHORDC1 as a Novel ADP-dependent HSP90-interacting Protein	HSP90AA1::PRPF8	HSP90AA1	PRPF8	true	hsp90aa1_ligand_dependent_tap_apms	exact_pair_not_found_by_automated_package_scan		retrieval_blocked_or_unavailable	assay_association_only	affinity_purification_ms	context_only	weak	low	HSP90AA1_bait;ligand_state_specific;complex_member_not_direct_binding;not_client_evidence	paper_default	retrieved_article_pair_result_not_locally_confirmed_recheck	no	yes		Physical-association or co-complex evidence only unless the exception state says otherwise; no client status is inferred.	true	false	SRCREV-2026-07-15-V6_108-PMID19875381-HSP90AA1-003
DBROUTE-v6_108-19875381-HSP90AA1-PTGES3	DBSRC-HSP90AA1-PTGES3-62d0f2b5	19875381	PMC2830838	A Proteomic Investigation of Ligand-dependent HSP90 Complexes Reveals CHORDC1 as a Novel ADP-dependent HSP90-interacting Protein	HSP90AA1::PTGES3	HSP90AA1	PTGES3	true	hsp90aa1_ligand_dependent_tap_apms	exact_pair_not_found_by_automated_package_scan		retrieval_blocked_or_unavailable	assay_association_only	affinity_purification_ms	context_only	weak	low	HSP90AA1_bait;ligand_state_specific;complex_member_not_direct_binding;not_client_evidence	paper_default	retrieved_article_pair_result_not_locally_confirmed_recheck	no	yes		Physical-association or co-complex evidence only unless the exception state says otherwise; no client status is inferred.	true	false	SRCREV-2026-07-15-V6_108-PMID19875381-HSP90AA1-003
DBROUTE-v6_108-19875381-HSP90AA1-RPAP3	DBSRC-HSP90AA1-RPAP3-62d0f2b5	19875381	PMC2830838	A Proteomic Investigation of Ligand-dependent HSP90 Complexes Reveals CHORDC1 as a Novel ADP-dependent HSP90-interacting Protein	HSP90AA1::RPAP3	HSP90AA1	RPAP3	true	hsp90aa1_ligand_dependent_tap_apms	exact_pair_not_found_by_automated_package_scan		retrieval_blocked_or_unavailable	assay_association_only	affinity_purification_ms	context_only	weak	low	HSP90AA1_bait;ligand_state_specific;complex_member_not_direct_binding;not_client_evidence	paper_default	retrieved_article_pair_result_not_locally_confirmed_recheck	no	yes		Physical-association or co-complex evidence only unless the exception state says otherwise; no client status is inferred.	true	false	SRCREV-2026-07-15-V6_108-PMID19875381-HSP90AA1-003
DBROUTE-v6_108-19875381-HSP90AA1-SNRNP200	DBSRC-HSP90AA1-SNRNP200-62d0f2b5	19875381	PMC2830838	A Proteomic Investigation of Ligand-dependent HSP90 Complexes Reveals CHORDC1 as a Novel ADP-dependent HSP90-interacting Protein	HSP90AA1::SNRNP200	HSP90AA1	SNRNP200	true	hsp90aa1_ligand_dependent_tap_apms	exact_pair_not_found_by_automated_package_scan		retrieval_blocked_or_unavailable	assay_association_only	affinity_purification_ms	context_only	weak	low	HSP90AA1_bait;ligand_state_specific;complex_member_not_direct_binding;not_client_evidence	paper_default	retrieved_article_pair_result_not_locally_confirmed_recheck	no	yes		Physical-association or co-complex evidence only unless the exception state says otherwise; no client status is inferred.	true	false	SRCREV-2026-07-15-V6_108-PMID19875381-HSP90AA1-003
DBROUTE-v6_108-19875381-HSP90AA1-ST13	DBSRC-HSP90AA1-ST13-62d0f2b5	19875381	PMC2830838	A Proteomic Investigation of Ligand-dependent HSP90 Complexes Reveals CHORDC1 as a Novel ADP-dependent HSP90-interacting Protein	HSP90AA1::ST13	HSP90AA1	ST13	true	hsp90aa1_ligand_dependent_tap_apms	exact_pair_not_found_by_automated_package_scan		retrieval_blocked_or_unavailable	assay_association_only	affinity_purification_ms	context_only	weak	low	HSP90AA1_bait;ligand_state_specific;complex_member_not_direct_binding;not_client_evidence	paper_default	retrieved_article_pair_result_not_locally_confirmed_recheck	no	yes		Physical-association or co-complex evidence only unless the exception state says otherwise; no client status is inferred.	true	false	SRCREV-2026-07-15-V6_108-PMID19875381-HSP90AA1-003
DBROUTE-v6_108-19875381-HSP90AA1-STUB1	DBSRC-HSP90AA1-STUB1-62d0f2b5	19875381	PMC2830838	A Proteomic Investigation of Ligand-dependent HSP90 Complexes Reveals CHORDC1 as a Novel ADP-dependent HSP90-interacting Protein	HSP90AA1::STUB1	HSP90AA1	STUB1	true	hsp90aa1_ligand_dependent_tap_apms	exact_pair_not_found_by_automated_package_scan		retrieval_blocked_or_unavailable	assay_association_only	affinity_purification_ms	context_only	weak	low	HSP90AA1_bait;ligand_state_specific;complex_member_not_direct_binding;not_client_evidence	paper_default	retrieved_article_pair_result_not_locally_confirmed_recheck	no	yes		Physical-association or co-complex evidence only unless the exception state says otherwise; no client status is inferred.	true	false	SRCREV-2026-07-15-V6_108-PMID19875381-HSP90AA1-003
DBROUTE-v6_108-19875381-HSP90AA1-SUGT1	DBSRC-HSP90AA1-SUGT1-62d0f2b5	19875381	PMC2830838	A Proteomic Investigation of Ligand-dependent HSP90 Complexes Reveals CHORDC1 as a Novel ADP-dependent HSP90-interacting Protein	HSP90AA1::SUGT1	HSP90AA1	SUGT1	true	hsp90aa1_ligand_dependent_tap_apms	exact_pair_not_found_by_automated_package_scan		retrieval_blocked_or_unavailable	assay_association_only	affinity_purification_ms	context_only	weak	low	HSP90AA1_bait;ligand_state_specific;complex_member_not_direct_binding;not_client_evidence	paper_default	retrieved_article_pair_result_not_locally_confirmed_recheck	no	yes		Physical-association or co-complex evidence only unless the exception state says otherwise; no client status is inferred.	true	false	SRCREV-2026-07-15-V6_108-PMID19875381-HSP90AA1-003
DBROUTE-v6_108-19875381-HSP90AA1-TAB1	DBSRC-HSP90AA1-TAB1-62d0f2b5	19875381	PMC2830838	A Proteomic Investigation of Ligand-dependent HSP90 Complexes Reveals CHORDC1 as a Novel ADP-dependent HSP90-interacting Protein	HSP90AA1::TAB1	HSP90AA1	TAB1	true	hsp90aa1_ligand_dependent_tap_apms	exact_pair_not_found_by_automated_package_scan		retrieval_blocked_or_unavailable	assay_association_only	affinity_purification_ms	context_only	weak	low	HSP90AA1_bait;ligand_state_specific;complex_member_not_direct_binding;not_client_evidence	paper_default	retrieved_article_pair_result_not_locally_confirmed_recheck	no	yes		Physical-association or co-complex evidence only unless the exception state says otherwise; no client status is inferred.	true	false	SRCREV-2026-07-15-V6_108-PMID19875381-HSP90AA1-003
DBROUTE-v6_108-19875381-HSP90AA1-TAB2	DBSRC-HSP90AA1-TAB2-62d0f2b5	19875381	PMC2830838	A Proteomic Investigation of Ligand-dependent HSP90 Complexes Reveals CHORDC1 as a Novel ADP-dependent HSP90-interacting Protein	HSP90AA1::TAB2	HSP90AA1	TAB2	true	hsp90aa1_ligand_dependent_tap_apms	exact_pair_not_found_by_automated_package_scan		retrieval_blocked_or_unavailable	assay_association_only	affinity_purification_ms	context_only	weak	low	HSP90AA1_bait;ligand_state_specific;complex_member_not_direct_binding;not_client_evidence	paper_default	retrieved_article_pair_result_not_locally_confirmed_recheck	no	yes		Physical-association or co-complex evidence only unless the exception state says otherwise; no client status is inferred.	true	false	SRCREV-2026-07-15-V6_108-PMID19875381-HSP90AA1-003
DBROUTE-v6_108-19875381-HSP90AA1-TOMM34	DBSRC-HSP90AA1-TOMM34-62d0f2b5	19875381	PMC2830838	A Proteomic Investigation of Ligand-dependent HSP90 Complexes Reveals CHORDC1 as a Novel ADP-dependent HSP90-interacting Protein	HSP90AA1::TOMM34	HSP90AA1	TOMM34	true	hsp90aa1_ligand_dependent_tap_apms	exact_pair_not_found_by_automated_package_scan		retrieval_blocked_or_unavailable	assay_association_only	affinity_purification_ms	context_only	weak	low	HSP90AA1_bait;ligand_state_specific;complex_member_not_direct_binding;not_client_evidence	paper_default	retrieved_article_pair_result_not_locally_confirmed_recheck	no	yes		Physical-association or co-complex evidence only unless the exception state says otherwise; no client status is inferred.	true	false	SRCREV-2026-07-15-V6_108-PMID19875381-HSP90AA1-003
DBROUTE-v6_108-19875381-HSP90AA1-TTC4	DBSRC-HSP90AA1-TTC4-62d0f2b5	19875381	PMC2830838	A Proteomic Investigation of Ligand-dependent HSP90 Complexes Reveals CHORDC1 as a Novel ADP-dependent HSP90-interacting Protein	HSP90AA1::TTC4	HSP90AA1	TTC4	true	hsp90aa1_ligand_dependent_tap_apms	exact_pair_not_found_by_automated_package_scan		retrieval_blocked_or_unavailable	assay_association_only	affinity_purification_ms	context_only	weak	low	HSP90AA1_bait;ligand_state_specific;complex_member_not_direct_binding;not_client_evidence	paper_default	retrieved_article_pair_result_not_locally_confirmed_recheck	no	yes		Physical-association or co-complex evidence only unless the exception state says otherwise; no client status is inferred.	true	false	SRCREV-2026-07-15-V6_108-PMID19875381-HSP90AA1-003
DBROUTE-v6_108-19875381-HSP90AA1-TTC9C	DBSRC-HSP90AA1-TTC9C-62d0f2b5	19875381	PMC2830838	A Proteomic Investigation of Ligand-dependent HSP90 Complexes Reveals CHORDC1 as a Novel ADP-dependent HSP90-interacting Protein	HSP90AA1::TTC9C	HSP90AA1	TTC9C	true	hsp90aa1_ligand_dependent_tap_apms	exact_pair_not_found_by_automated_package_scan		retrieval_blocked_or_unavailable	assay_association_only	affinity_purification_ms	context_only	weak	low	HSP90AA1_bait;ligand_state_specific;complex_member_not_direct_binding;not_client_evidence	paper_default	retrieved_article_pair_result_not_locally_confirmed_recheck	no	yes		Physical-association or co-complex evidence only unless the exception state says otherwise; no client status is inferred.	true	false	SRCREV-2026-07-15-V6_108-PMID19875381-HSP90AA1-003
DBROUTE-v6_108-19875381-HSP90AA1-UNC45A	DBSRC-HSP90AA1-UNC45A-62d0f2b5	19875381	PMC2830838	A Proteomic Investigation of Ligand-dependent HSP90 Complexes Reveals CHORDC1 as a Novel ADP-dependent HSP90-interacting Protein	HSP90AA1::UNC45A	HSP90AA1	UNC45A	true	hsp90aa1_ligand_dependent_tap_apms	exact_pair_not_found_by_automated_package_scan		retrieval_blocked_or_unavailable	assay_association_only	affinity_purification_ms	context_only	weak	low	HSP90AA1_bait;ligand_state_specific;complex_member_not_direct_binding;not_client_evidence	paper_default	retrieved_article_pair_result_not_locally_confirmed_recheck	no	yes		Physical-association or co-complex evidence only unless the exception state says otherwise; no client status is inferred.	true	false	SRCREV-2026-07-15-V6_108-PMID19875381-HSP90AA1-003
DBROUTE-v6_108-19875381-HSP90AA1-URI1	DBSRC-HSP90AA1-URI1-62d0f2b5	19875381	PMC2830838	A Proteomic Investigation of Ligand-dependent HSP90 Complexes Reveals CHORDC1 as a Novel ADP-dependent HSP90-interacting Protein	HSP90AA1::URI1	HSP90AA1	URI1	true	hsp90aa1_ligand_dependent_tap_apms	exact_pair_not_found_by_automated_package_scan		retrieval_blocked_or_unavailable	assay_association_only	affinity_purification_ms	context_only	weak	low	HSP90AA1_bait;ligand_state_specific;complex_member_not_direct_binding;not_client_evidence	paper_default	retrieved_article_pair_result_not_locally_confirmed_recheck	no	yes		Physical-association or co-complex evidence only unless the exception state says otherwise; no client status is inferred.	true	false	SRCREV-2026-07-15-V6_108-PMID19875381-HSP90AA1-003
DBROUTE-v6_108-19875381-HSP90AA1-USP19	DBSRC-HSP90AA1-USP19-62d0f2b5	19875381	PMC2830838	A Proteomic Investigation of Ligand-dependent HSP90 Complexes Reveals CHORDC1 as a Novel ADP-dependent HSP90-interacting Protein	HSP90AA1::USP19	HSP90AA1	USP19	true	hsp90aa1_ligand_dependent_tap_apms	exact_pair_found_in_article_text	article_text	retrieval_blocked_or_unavailable	complex_comember	affinity_purification_ms	support_only	moderate	medium	HSP90AA1_bait;ligand_state_specific;complex_member_not_direct_binding;not_client_evidence	paper_default	reviewed_source_support_flow_later	yes	no		Physical-association or co-complex evidence only unless the exception state says otherwise; no client status is inferred.	true	false	SRCREV-2026-07-15-V6_108-PMID19875381-HSP90AA1-004
DBROUTE-v6_108-20936779-HSP90AA1-JUN	DBSRC-HSP90AA1-JUN-3ec296c1	20936779	PMC2967489	A Human MAP Kinase Interactome	HSP90AA1::JUN	HSP90AA1	JUN	true	map_kinase_binary_interactome	exact_pair_not_found_by_automated_package_scan		retrieval_blocked_or_unavailable	assay_association_only	lumier_or_complementation	context_only	weak	low	binary_screen;direct_binding_unclear;not_client_evidence	paper_default	retrieved_article_pair_result_not_locally_confirmed_recheck	no	yes		Physical-association or co-complex evidence only unless the exception state says otherwise; no client status is inferred.	true	false	SRCREV-2026-07-15-V6_108-PMID20936779-HSP90AA1-005
DBROUTE-v6_108-20936779-HSP90AA1-PAK1	DBSRC-HSP90AA1-PAK1-3ec296c1	20936779	PMC2967489	A Human MAP Kinase Interactome	HSP90AA1::PAK1	HSP90AA1	PAK1	true	map_kinase_binary_interactome	exact_pair_not_found_by_automated_package_scan		retrieval_blocked_or_unavailable	assay_association_only	lumier_or_complementation	context_only	weak	low	binary_screen;direct_binding_unclear;not_client_evidence	paper_default	retrieved_article_pair_result_not_locally_confirmed_recheck	no	yes		Physical-association or co-complex evidence only unless the exception state says otherwise; no client status is inferred.	true	false	SRCREV-2026-07-15-V6_108-PMID20936779-HSP90AA1-005
DBROUTE-v6_108-20936779-HSP90AA1-PRKCZ	DBSRC-HSP90AA1-PRKCZ-3ec296c1	20936779	PMC2967489	A Human MAP Kinase Interactome	HSP90AA1::PRKCZ	HSP90AA1	PRKCZ	true	map_kinase_binary_interactome	exact_pair_not_found_by_automated_package_scan		retrieval_blocked_or_unavailable	assay_association_only	lumier_or_complementation	context_only	weak	low	binary_screen;direct_binding_unclear;not_client_evidence	paper_default	retrieved_article_pair_result_not_locally_confirmed_recheck	no	yes		Physical-association or co-complex evidence only unless the exception state says otherwise; no client status is inferred.	true	false	SRCREV-2026-07-15-V6_108-PMID20936779-HSP90AA1-005
DBROUTE-v6_108-20936779-HSP90AB1-MAPK6	DBSRC-HSP90AB1-MAPK6-3ec296c1	20936779	PMC2967489	A Human MAP Kinase Interactome	HSP90AB1::MAPK6	HSP90AB1	MAPK6	true	map_kinase_binary_interactome	exact_pair_found_in_article_text	article_text	retrieval_blocked_or_unavailable	direct_binding_partner	lumier_or_complementation	support_only	weak	medium	binary_screen;direct_binding_unclear;not_client_evidence	paper_default	reviewed_source_support_flow_later	yes	no		Physical-association or co-complex evidence only unless the exception state says otherwise; no client status is inferred.	true	false	SRCREV-2026-07-15-V6_108-PMID20936779-HSP90AB1-007
DBROUTE-v6_108-20936779-HSP90AB1-STAT1	DBSRC-HSP90AB1-STAT1-3ec296c1	20936779	PMC2967489	A Human MAP Kinase Interactome	HSP90AB1::STAT1	HSP90AB1	STAT1	true	map_kinase_binary_interactome	exact_pair_not_found_by_automated_package_scan		retrieval_blocked_or_unavailable	assay_association_only	lumier_or_complementation	context_only	weak	low	binary_screen;direct_binding_unclear;not_client_evidence	paper_default	retrieved_article_pair_result_not_locally_confirmed_recheck	no	yes		Physical-association or co-complex evidence only unless the exception state says otherwise; no client status is inferred.	true	false	SRCREV-2026-07-15-V6_108-PMID20936779-HSP90AB1-006
DBROUTE-v6_108-20936779-HSP90B1-MAPK6	DBSRC-HSP90B1-MAPK6-3ec296c1	20936779	PMC2967489	A Human MAP Kinase Interactome	HSP90B1::MAPK6	HSP90B1	MAPK6	true	map_kinase_binary_interactome	exact_pair_found_in_article_text	article_text	retrieval_blocked_or_unavailable	direct_binding_partner	lumier_or_complementation	support_only	weak	medium	binary_screen;direct_binding_unclear;not_client_evidence	paper_default	reviewed_source_support_flow_later	yes	no		Physical-association or co-complex evidence only unless the exception state says otherwise; no client status is inferred.	true	false	SRCREV-2026-07-15-V6_108-PMID20936779-HSP90B1-008
DBROUTE-v6_108-21145461-HSP90AA1-CAND1	DBSRC-HSP90AA1-CAND1-baff4685	21145461	PMC3008586	Dynamics of cullin-RING ubiquitin ligase network revealed by systematic quantitative proteomics	HSP90AA1::CAND1	HSP90AA1	CAND1	true	cullin_apms_requires_table	exact_pair_not_found_by_automated_package_scan		retrieval_blocked_or_unavailable	assay_association_only	supplement_table	context_only	weak	low	high_throughput_screen;supplement_validation_required;not_client_evidence	paper_default	retrieved_article_pair_result_not_locally_confirmed_recheck	no	yes		Physical-association or co-complex evidence only unless the exception state says otherwise; no client status is inferred.	true	false	SRCREV-2026-07-15-V6_108-PMID21145461-HSP90AA1-009
DBROUTE-v6_108-21145461-HSP90AA1-COPS5	DBSRC-HSP90AA1-COPS5-baff4685	21145461	PMC3008586	Dynamics of cullin-RING ubiquitin ligase network revealed by systematic quantitative proteomics	HSP90AA1::COPS5	HSP90AA1	COPS5	true	cullin_apms_requires_table	exact_pair_not_found_by_automated_package_scan		retrieval_blocked_or_unavailable	assay_association_only	supplement_table	context_only	weak	low	high_throughput_screen;supplement_validation_required;not_client_evidence	paper_default	retrieved_article_pair_result_not_locally_confirmed_recheck	no	yes		Physical-association or co-complex evidence only unless the exception state says otherwise; no client status is inferred.	true	false	SRCREV-2026-07-15-V6_108-PMID21145461-HSP90AA1-009
DBROUTE-v6_108-21145461-HSP90AA1-COPS6	DBSRC-HSP90AA1-COPS6-baff4685	21145461	PMC3008586	Dynamics of cullin-RING ubiquitin ligase network revealed by systematic quantitative proteomics	HSP90AA1::COPS6	HSP90AA1	COPS6	true	cullin_apms_requires_table	exact_pair_not_found_by_automated_package_scan		retrieval_blocked_or_unavailable	assay_association_only	supplement_table	context_only	weak	low	high_throughput_screen;supplement_validation_required;not_client_evidence	paper_default	retrieved_article_pair_result_not_locally_confirmed_recheck	no	yes		Physical-association or co-complex evidence only unless the exception state says otherwise; no client status is inferred.	true	false	SRCREV-2026-07-15-V6_108-PMID21145461-HSP90AA1-009
DBROUTE-v6_108-21145461-HSP90AA1-CUL1	DBSRC-HSP90AA1-CUL1-baff4685	21145461	PMC3008586	Dynamics of cullin-RING ubiquitin ligase network revealed by systematic quantitative proteomics	HSP90AA1::CUL1	HSP90AA1	CUL1	true	cullin_apms_requires_table	exact_pair_not_found_by_automated_package_scan		retrieval_blocked_or_unavailable	assay_association_only	supplement_table	context_only	weak	low	high_throughput_screen;supplement_validation_required;not_client_evidence	paper_default	retrieved_article_pair_result_not_locally_confirmed_recheck	no	yes		Physical-association or co-complex evidence only unless the exception state says otherwise; no client status is inferred.	true	false	SRCREV-2026-07-15-V6_108-PMID21145461-HSP90AA1-009
DBROUTE-v6_108-21145461-HSP90AA1-CUL2	DBSRC-HSP90AA1-CUL2-baff4685	21145461	PMC3008586	Dynamics of cullin-RING ubiquitin ligase network revealed by systematic quantitative proteomics	HSP90AA1::CUL2	HSP90AA1	CUL2	true	cullin_apms_requires_table	exact_pair_not_found_by_automated_package_scan		retrieval_blocked_or_unavailable	assay_association_only	supplement_table	context_only	weak	low	high_throughput_screen;supplement_validation_required;not_client_evidence	paper_default	retrieved_article_pair_result_not_locally_confirmed_recheck	no	yes		Physical-association or co-complex evidence only unless the exception state says otherwise; no client status is inferred.	true	false	SRCREV-2026-07-15-V6_108-PMID21145461-HSP90AA1-009
DBROUTE-v6_108-21145461-HSP90AA1-CUL3	DBSRC-HSP90AA1-CUL3-baff4685	21145461	PMC3008586	Dynamics of cullin-RING ubiquitin ligase network revealed by systematic quantitative proteomics	HSP90AA1::CUL3	HSP90AA1	CUL3	true	cullin_apms_requires_table	exact_pair_not_found_by_automated_package_scan		retrieval_blocked_or_unavailable	assay_association_only	supplement_table	context_only	weak	low	high_throughput_screen;supplement_validation_required;not_client_evidence	paper_default	retrieved_article_pair_result_not_locally_confirmed_recheck	no	yes		Physical-association or co-complex evidence only unless the exception state says otherwise; no client status is inferred.	true	false	SRCREV-2026-07-15-V6_108-PMID21145461-HSP90AA1-009
DBROUTE-v6_108-21145461-HSP90AA1-CUL4A	DBSRC-HSP90AA1-CUL4A-baff4685	21145461	PMC3008586	Dynamics of cullin-RING ubiquitin ligase network revealed by systematic quantitative proteomics	HSP90AA1::CUL4A	HSP90AA1	CUL4A	true	cullin_apms_requires_table	exact_pair_not_found_by_automated_package_scan		retrieval_blocked_or_unavailable	assay_association_only	supplement_table	context_only	weak	low	high_throughput_screen;supplement_validation_required;not_client_evidence	paper_default	retrieved_article_pair_result_not_locally_confirmed_recheck	no	yes		Physical-association or co-complex evidence only unless the exception state says otherwise; no client status is inferred.	true	false	SRCREV-2026-07-15-V6_108-PMID21145461-HSP90AA1-009
DBROUTE-v6_108-21145461-HSP90AA1-CUL4B	DBSRC-HSP90AA1-CUL4B-baff4685	21145461	PMC3008586	Dynamics of cullin-RING ubiquitin ligase network revealed by systematic quantitative proteomics	HSP90AA1::CUL4B	HSP90AA1	CUL4B	true	cullin_apms_requires_table	exact_pair_not_found_by_automated_package_scan		retrieval_blocked_or_unavailable	assay_association_only	supplement_table	context_only	weak	low	high_throughput_screen;supplement_validation_required;not_client_evidence	paper_default	retrieved_article_pair_result_not_locally_confirmed_recheck	no	yes		Physical-association or co-complex evidence only unless the exception state says otherwise; no client status is inferred.	true	false	SRCREV-2026-07-15-V6_108-PMID21145461-HSP90AA1-009
DBROUTE-v6_108-21145461-HSP90AA1-CUL5	DBSRC-HSP90AA1-CUL5-baff4685	21145461	PMC3008586	Dynamics of cullin-RING ubiquitin ligase network revealed by systematic quantitative proteomics	HSP90AA1::CUL5	HSP90AA1	CUL5	true	cullin_apms_requires_table	exact_pair_not_found_by_automated_package_scan		retrieval_blocked_or_unavailable	assay_association_only	supplement_table	context_only	weak	low	high_throughput_screen;supplement_validation_required;not_client_evidence	paper_default	retrieved_article_pair_result_not_locally_confirmed_recheck	no	yes		Physical-association or co-complex evidence only unless the exception state says otherwise; no client status is inferred.	true	false	SRCREV-2026-07-15-V6_108-PMID21145461-HSP90AA1-009
DBROUTE-v6_108-21145461-HSP90AB1-CAND1	DBSRC-HSP90AB1-CAND1-baff4685	21145461	PMC3008586	Dynamics of cullin-RING ubiquitin ligase network revealed by systematic quantitative proteomics	HSP90AB1::CAND1	HSP90AB1	CAND1	true	cullin_apms_requires_table	exact_pair_not_found_by_automated_package_scan		retrieval_blocked_or_unavailable	assay_association_only	supplement_table	context_only	weak	low	high_throughput_screen;supplement_validation_required;not_client_evidence	paper_default	retrieved_article_pair_result_not_locally_confirmed_recheck	no	yes		Physical-association or co-complex evidence only unless the exception state says otherwise; no client status is inferred.	true	false	SRCREV-2026-07-15-V6_108-PMID21145461-HSP90AB1-010
DBROUTE-v6_108-21145461-HSP90AB1-CUL1	DBSRC-HSP90AB1-CUL1-baff4685	21145461	PMC3008586	Dynamics of cullin-RING ubiquitin ligase network revealed by systematic quantitative proteomics	HSP90AB1::CUL1	HSP90AB1	CUL1	true	cullin_apms_requires_table	exact_pair_not_found_by_automated_package_scan		retrieval_blocked_or_unavailable	assay_association_only	supplement_table	context_only	weak	low	high_throughput_screen;supplement_validation_required;not_client_evidence	paper_default	retrieved_article_pair_result_not_locally_confirmed_recheck	no	yes		Physical-association or co-complex evidence only unless the exception state says otherwise; no client status is inferred.	true	false	SRCREV-2026-07-15-V6_108-PMID21145461-HSP90AB1-010
DBROUTE-v6_108-21145461-HSP90AB1-CUL2	DBSRC-HSP90AB1-CUL2-baff4685	21145461	PMC3008586	Dynamics of cullin-RING ubiquitin ligase network revealed by systematic quantitative proteomics	HSP90AB1::CUL2	HSP90AB1	CUL2	true	cullin_apms_requires_table	exact_pair_not_found_by_automated_package_scan		retrieval_blocked_or_unavailable	assay_association_only	supplement_table	context_only	weak	low	high_throughput_screen;supplement_validation_required;not_client_evidence	paper_default	retrieved_article_pair_result_not_locally_confirmed_recheck	no	yes		Physical-association or co-complex evidence only unless the exception state says otherwise; no client status is inferred.	true	false	SRCREV-2026-07-15-V6_108-PMID21145461-HSP90AB1-010
DBROUTE-v6_108-21145461-HSP90AB1-CUL3	DBSRC-HSP90AB1-CUL3-baff4685	21145461	PMC3008586	Dynamics of cullin-RING ubiquitin ligase network revealed by systematic quantitative proteomics	HSP90AB1::CUL3	HSP90AB1	CUL3	true	cullin_apms_requires_table	exact_pair_not_found_by_automated_package_scan		retrieval_blocked_or_unavailable	assay_association_only	supplement_table	context_only	weak	low	high_throughput_screen;supplement_validation_required;not_client_evidence	paper_default	retrieved_article_pair_result_not_locally_confirmed_recheck	no	yes		Physical-association or co-complex evidence only unless the exception state says otherwise; no client status is inferred.	true	false	SRCREV-2026-07-15-V6_108-PMID21145461-HSP90AB1-010
DBROUTE-v6_108-21145461-HSP90AB1-CUL4A	DBSRC-HSP90AB1-CUL4A-baff4685	21145461	PMC3008586	Dynamics of cullin-RING ubiquitin ligase network revealed by systematic quantitative proteomics	HSP90AB1::CUL4A	HSP90AB1	CUL4A	true	cullin_apms_requires_table	exact_pair_not_found_by_automated_package_scan		retrieval_blocked_or_unavailable	assay_association_only	supplement_table	context_only	weak	low	high_throughput_screen;supplement_validation_required;not_client_evidence	paper_default	retrieved_article_pair_result_not_locally_confirmed_recheck	no	yes		Physical-association or co-complex evidence only unless the exception state says otherwise; no client status is inferred.	true	false	SRCREV-2026-07-15-V6_108-PMID21145461-HSP90AB1-010
DBROUTE-v6_108-21145461-HSP90AB1-CUL4B	DBSRC-HSP90AB1-CUL4B-baff4685	21145461	PMC3008586	Dynamics of cullin-RING ubiquitin ligase network revealed by systematic quantitative proteomics	HSP90AB1::CUL4B	HSP90AB1	CUL4B	true	cullin_apms_requires_table	exact_pair_not_found_by_automated_package_scan		retrieval_blocked_or_unavailable	assay_association_only	supplement_table	context_only	weak	low	high_throughput_screen;supplement_validation_required;not_client_evidence	paper_default	retrieved_article_pair_result_not_locally_confirmed_recheck	no	yes		Physical-association or co-complex evidence only unless the exception state says otherwise; no client status is inferred.	true	false	SRCREV-2026-07-15-V6_108-PMID21145461-HSP90AB1-010
DBROUTE-v6_108-21145461-HSP90AB1-CUL5	DBSRC-HSP90AB1-CUL5-baff4685	21145461	PMC3008586	Dynamics of cullin-RING ubiquitin ligase network revealed by systematic quantitative proteomics	HSP90AB1::CUL5	HSP90AB1	CUL5	true	cullin_apms_requires_table	exact_pair_not_found_by_automated_package_scan		retrieval_blocked_or_unavailable	assay_association_only	supplement_table	context_only	weak	low	high_throughput_screen;supplement_validation_required;not_client_evidence	paper_default	retrieved_article_pair_result_not_locally_confirmed_recheck	no	yes		Physical-association or co-complex evidence only unless the exception state says otherwise; no client status is inferred.	true	false	SRCREV-2026-07-15-V6_108-PMID21145461-HSP90AB1-010
DBROUTE-v6_108-21988832-HSP90AA1-PTGES3	DBSRC-HSP90AA1-PTGES3-d7db4ee3	21988832	PMC3261708	Toward an understanding of the protein interaction network of the human liver	HSP90AA1::PTGES3	HSP90AA1	PTGES3	true	liver_interactome_screen	exact_pair_not_found_by_automated_package_scan		retrieved_valid	complex_comember	affinity_purification_ms	context_only	weak	low	high_throughput_screen;tissue_context;complex_member_not_direct_binding	paper_default	retrieved_article_pair_result_not_locally_confirmed_recheck	no	yes		Physical-association or co-complex evidence only unless the exception state says otherwise; no client status is inferred.	true	false	SRCREV-2026-07-15-V6_108-PMID21988832-HSP90AA1-011
DBROUTE-v6_108-21988832-HSP90AB1-CDC37L1	DBSRC-HSP90AB1-CDC37L1-d7db4ee3	21988832	PMC3261708	Toward an understanding of the protein interaction network of the human liver	HSP90AB1::CDC37L1	HSP90AB1	CDC37L1	true	liver_interactome_screen	exact_pair_not_found_by_automated_package_scan		retrieved_valid	complex_comember	affinity_purification_ms	context_only	weak	low	high_throughput_screen;tissue_context;complex_member_not_direct_binding	paper_default	retrieved_article_pair_result_not_locally_confirmed_recheck	no	yes		Physical-association or co-complex evidence only unless the exception state says otherwise; no client status is inferred.	true	false	SRCREV-2026-07-15-V6_108-PMID21988832-HSP90AB1-012
DBROUTE-v6_108-21988832-HSP90AB1-PTGES3	DBSRC-HSP90AB1-PTGES3-d7db4ee3	21988832	PMC3261708	Toward an understanding of the protein interaction network of the human liver	HSP90AB1::PTGES3	HSP90AB1	PTGES3	true	liver_interactome_screen	exact_pair_not_found_by_automated_package_scan		retrieved_valid	complex_comember	affinity_purification_ms	context_only	weak	low	high_throughput_screen;tissue_context;complex_member_not_direct_binding	paper_default	retrieved_article_pair_result_not_locally_confirmed_recheck	no	yes		Physical-association or co-complex evidence only unless the exception state says otherwise; no client status is inferred.	true	false	SRCREV-2026-07-15-V6_108-PMID21988832-HSP90AB1-012
DBROUTE-v6_108-21988832-HSP90AB1-SGTA	DBSRC-HSP90AB1-SGTA-d7db4ee3	21988832	PMC3261708	Toward an understanding of the protein interaction network of the human liver	HSP90AB1::SGTA	HSP90AB1	SGTA	true	liver_interactome_screen	exact_pair_not_found_by_automated_package_scan		retrieved_valid	complex_comember	affinity_purification_ms	context_only	weak	low	high_throughput_screen;tissue_context;complex_member_not_direct_binding	paper_default	retrieved_article_pair_result_not_locally_confirmed_recheck	no	yes		Physical-association or co-complex evidence only unless the exception state says otherwise; no client status is inferred.	true	false	SRCREV-2026-07-15-V6_108-PMID21988832-HSP90AB1-012
DBROUTE-v6_108-22939629-HSP90B1-CALR	DBSRC-HSP90B1-CALR-6dad058f	22939629	PMC3477804	A Census of Human Soluble Protein Complexes	HSP90B1::CALR	HSP90B1	CALR	true	soluble_complex_cofractionation_requires_table	exact_pair_not_found_by_automated_package_scan		retrieval_blocked_or_unavailable	assay_association_only	supplement_table	context_only	weak	low	cofractionation_only;supplement_validation_required;complex_member_not_direct_binding	paper_default	retrieved_article_pair_result_not_locally_confirmed_recheck	no	yes		Physical-association or co-complex evidence only unless the exception state says otherwise; no client status is inferred.	true	false	SRCREV-2026-07-15-V6_108-PMID22939629-HSP90B1-013
DBROUTE-v6_108-22939629-HSP90B1-GANAB	DBSRC-HSP90B1-GANAB-6dad058f	22939629	PMC3477804	A Census of Human Soluble Protein Complexes	HSP90B1::GANAB	HSP90B1	GANAB	true	soluble_complex_cofractionation_requires_table	exact_pair_not_found_by_automated_package_scan		retrieval_blocked_or_unavailable	assay_association_only	supplement_table	context_only	weak	low	cofractionation_only;supplement_validation_required;complex_member_not_direct_binding	paper_default	retrieved_article_pair_result_not_locally_confirmed_recheck	no	yes		Physical-association or co-complex evidence only unless the exception state says otherwise; no client status is inferred.	true	false	SRCREV-2026-07-15-V6_108-PMID22939629-HSP90B1-013
DBROUTE-v6_108-22939629-HSP90B1-HSPA5	DBSRC-HSP90B1-HSPA5-6dad058f	22939629	PMC3477804	A Census of Human Soluble Protein Complexes	HSP90B1::HSPA5	HSP90B1	HSPA5	true	soluble_complex_cofractionation_requires_table	exact_pair_not_found_by_automated_package_scan		retrieval_blocked_or_unavailable	assay_association_only	supplement_table	context_only	weak	low	cofractionation_only;supplement_validation_required;complex_member_not_direct_binding	paper_default	retrieved_article_pair_result_not_locally_confirmed_recheck	no	yes		Physical-association or co-complex evidence only unless the exception state says otherwise; no client status is inferred.	true	false	SRCREV-2026-07-15-V6_108-PMID22939629-HSP90B1-013
DBROUTE-v6_108-22939629-HSP90B1-P4HB	DBSRC-HSP90B1-P4HB-6dad058f	22939629	PMC3477804	A Census of Human Soluble Protein Complexes	HSP90B1::P4HB	HSP90B1	P4HB	true	soluble_complex_cofractionation_requires_table	exact_pair_not_found_by_automated_package_scan		retrieval_blocked_or_unavailable	assay_association_only	supplement_table	context_only	weak	low	cofractionation_only;supplement_validation_required;complex_member_not_direct_binding	paper_default	retrieved_article_pair_result_not_locally_confirmed_recheck	no	yes		Physical-association or co-complex evidence only unless the exception state says otherwise; no client status is inferred.	true	false	SRCREV-2026-07-15-V6_108-PMID22939629-HSP90B1-013
DBROUTE-v6_108-22939629-HSP90B1-PCNA	DBSRC-HSP90B1-PCNA-6dad058f	22939629	PMC3477804	A Census of Human Soluble Protein Complexes	HSP90B1::PCNA	HSP90B1	PCNA	true	soluble_complex_cofractionation_requires_table	exact_pair_not_found_by_automated_package_scan		retrieval_blocked_or_unavailable	assay_association_only	supplement_table	context_only	weak	low	cofractionation_only;supplement_validation_required;complex_member_not_direct_binding	paper_default	retrieved_article_pair_result_not_locally_confirmed_recheck	no	yes		Physical-association or co-complex evidence only unless the exception state says otherwise; no client status is inferred.	true	false	SRCREV-2026-07-15-V6_108-PMID22939629-HSP90B1-013
DBROUTE-v6_108-22939629-HSP90B1-PRKCSH	DBSRC-HSP90B1-PRKCSH-6dad058f	22939629	PMC3477804	A Census of Human Soluble Protein Complexes	HSP90B1::PRKCSH	HSP90B1	PRKCSH	true	soluble_complex_cofractionation_requires_table	exact_pair_not_found_by_automated_package_scan		retrieval_blocked_or_unavailable	assay_association_only	supplement_table	context_only	weak	low	cofractionation_only;supplement_validation_required;complex_member_not_direct_binding	paper_default	retrieved_article_pair_result_not_locally_confirmed_recheck	no	yes		Physical-association or co-complex evidence only unless the exception state says otherwise; no client status is inferred.	true	false	SRCREV-2026-07-15-V6_108-PMID22939629-HSP90B1-013
DBROUTE-v6_108-23414517-HSP90AA1-CHORDC1	DBSRC-HSP90AA1-CHORDC1-395062d2	23414517	PMC3610214	A human skeletal muscle interactome centered on proteins involved in muscular dystrophies: LGMD interactome	HSP90AA1::CHORDC1	HSP90AA1	CHORDC1	true	skeletal_muscle_interactome	exact_pair_not_found_by_automated_package_scan		retrieved_valid	complex_comember	affinity_purification_ms	context_only	weak	low	high_throughput_screen;tissue_context;complex_member_not_direct_binding	paper_default	retrieved_article_pair_result_not_locally_confirmed_recheck	no	yes		Physical-association or co-complex evidence only unless the exception state says otherwise; no client status is inferred.	true	false	SRCREV-2026-07-15-V6_108-PMID23414517-HSP90AA1-014
DBROUTE-v6_108-23414517-HSP90AA1-ITGB1BP2	DBSRC-HSP90AA1-ITGB1BP2-395062d2	23414517	PMC3610214	A human skeletal muscle interactome centered on proteins involved in muscular dystrophies: LGMD interactome	HSP90AA1::ITGB1BP2	HSP90AA1	ITGB1BP2	true	skeletal_muscle_interactome	exact_pair_not_found_by_automated_package_scan		retrieved_valid	complex_comember	affinity_purification_ms	context_only	weak	low	high_throughput_screen;tissue_context;complex_member_not_direct_binding	paper_default	retrieved_article_pair_result_not_locally_confirmed_recheck	no	yes		Physical-association or co-complex evidence only unless the exception state says otherwise; no client status is inferred.	true	false	SRCREV-2026-07-15-V6_108-PMID23414517-HSP90AA1-014
DBROUTE-v6_108-23414517-HSP90AB1-CHORDC1	DBSRC-HSP90AB1-CHORDC1-395062d2	23414517	PMC3610214	A human skeletal muscle interactome centered on proteins involved in muscular dystrophies: LGMD interactome	HSP90AB1::CHORDC1	HSP90AB1	CHORDC1	true	skeletal_muscle_interactome	exact_pair_not_found_by_automated_package_scan		retrieved_valid	complex_comember	affinity_purification_ms	context_only	weak	low	high_throughput_screen;tissue_context;complex_member_not_direct_binding	paper_default	retrieved_article_pair_result_not_locally_confirmed_recheck	no	yes		Physical-association or co-complex evidence only unless the exception state says otherwise; no client status is inferred.	true	false	SRCREV-2026-07-15-V6_108-PMID23414517-HSP90AB1-015
DBROUTE-v6_108-23414517-HSP90AB1-ENO1	DBSRC-HSP90AB1-ENO1-395062d2	23414517	PMC3610214	A human skeletal muscle interactome centered on proteins involved in muscular dystrophies: LGMD interactome	HSP90AB1::ENO1	HSP90AB1	ENO1	true	skeletal_muscle_interactome	exact_pair_not_found_by_automated_package_scan		retrieved_valid	complex_comember	affinity_purification_ms	context_only	weak	low	high_throughput_screen;tissue_context;complex_member_not_direct_binding	paper_default	retrieved_article_pair_result_not_locally_confirmed_recheck	no	yes		Physical-association or co-complex evidence only unless the exception state says otherwise; no client status is inferred.	true	false	SRCREV-2026-07-15-V6_108-PMID23414517-HSP90AB1-015
DBROUTE-v6_108-23414517-HSP90AB1-ITGB1BP2	DBSRC-HSP90AB1-ITGB1BP2-395062d2	23414517	PMC3610214	A human skeletal muscle interactome centered on proteins involved in muscular dystrophies: LGMD interactome	HSP90AB1::ITGB1BP2	HSP90AB1	ITGB1BP2	true	skeletal_muscle_interactome	exact_pair_not_found_by_automated_package_scan		retrieved_valid	complex_comember	affinity_purification_ms	context_only	weak	low	high_throughput_screen;tissue_context;complex_member_not_direct_binding	paper_default	retrieved_article_pair_result_not_locally_confirmed_recheck	no	yes		Physical-association or co-complex evidence only unless the exception state says otherwise; no client status is inferred.	true	false	SRCREV-2026-07-15-V6_108-PMID23414517-HSP90AB1-015
DBROUTE-v6_108-24189400-HSP90AA1-CDC37	DBSRC-HSP90AA1-CDC37-16ba838d	24189400	PMC4039310	Perturbation of the mutated EGFR interactome identifies vulnerabilities and resistance mechanisms	HSP90AA1::CDC37	HSP90AA1	CDC37	true	mutant_egfr_complex_apms	exact_pair_found_in_inspected_supplement	article_text;pdf:msb201361-s8.pdf:page_16	retrieved_valid	complex_comember	affinity_purification_ms	support_only	moderate	medium	mutant_specific;disease_specific;complex_member_not_direct_binding;not_client_evidence	paper_default	reviewed_source_support_flow_later	yes	no		Physical-association or co-complex evidence only unless the exception state says otherwise; no client status is inferred.	true	false	SRCREV-2026-07-15-V6_108-PMID24189400-HSP90AA1-016
DBROUTE-v6_108-24189400-HSP90AA1-ERBB3	DBSRC-HSP90AA1-ERBB3-16ba838d	24189400	PMC4039310	Perturbation of the mutated EGFR interactome identifies vulnerabilities and resistance mechanisms	HSP90AA1::ERBB3	HSP90AA1	ERBB3	true	mutant_egfr_complex_apms	exact_pair_found_in_article_text	article_text	retrieved_valid	complex_comember	affinity_purification_ms	support_only	moderate	medium	mutant_specific;disease_specific;complex_member_not_direct_binding;not_client_evidence	paper_default	reviewed_source_support_flow_later	yes	no		Physical-association or co-complex evidence only unless the exception state says otherwise; no client status is inferred.	true	false	SRCREV-2026-07-15-V6_108-PMID24189400-HSP90AA1-016
DBROUTE-v6_108-24189400-HSP90AB1-CDC37	DBSRC-HSP90AB1-CDC37-16ba838d	24189400	PMC4039310	Perturbation of the mutated EGFR interactome identifies vulnerabilities and resistance mechanisms	HSP90AB1::CDC37	HSP90AB1	CDC37	true	mutant_egfr_complex_apms	exact_pair_found_in_inspected_supplement	article_text;pdf:msb201361-s8.pdf:page_16	retrieved_valid	complex_comember	affinity_purification_ms	support_only	moderate	medium	mutant_specific;disease_specific;complex_member_not_direct_binding;not_client_evidence	paper_default	reviewed_source_support_flow_later	yes	no		Physical-association or co-complex evidence only unless the exception state says otherwise; no client status is inferred.	true	false	SRCREV-2026-07-15-V6_108-PMID24189400-HSP90AB1-017
DBROUTE-v6_108-24189400-HSP90AB1-ERBB3	DBSRC-HSP90AB1-ERBB3-16ba838d	24189400	PMC4039310	Perturbation of the mutated EGFR interactome identifies vulnerabilities and resistance mechanisms	HSP90AB1::ERBB3	HSP90AB1	ERBB3	true	mutant_egfr_complex_apms	exact_pair_found_in_article_text	article_text	retrieved_valid	complex_comember	affinity_purification_ms	support_only	moderate	medium	mutant_specific;disease_specific;complex_member_not_direct_binding;not_client_evidence	paper_default	reviewed_source_support_flow_later	yes	no		Physical-association or co-complex evidence only unless the exception state says otherwise; no client status is inferred.	true	false	SRCREV-2026-07-15-V6_108-PMID24189400-HSP90AB1-017
DBROUTE-v6_108-25036637-HSP90AA1-CDC37	DBSRC-HSP90AA1-CDC37-3eda230b	25036637	PMC4104544	A quantitative chaperone interaction network reveals the architecture of cellular protein homeostasis pathways	HSP90AA1::CDC37	HSP90AA1	CDC37	true	hsp90_chaperone_network_pair_specific	exact_pair_not_found_by_automated_package_scan		retrieval_blocked_or_unavailable	assay_association_only	supplement_table	context_only	weak	low	pair_specific_existing_reviews_govern;client_call_requires_mechanism	paper_default	pair_specific_existing_paper_requires_individual_review	no	yes		Physical-association or co-complex evidence only unless the exception state says otherwise; no client status is inferred.	true	false	SRCREV-2026-07-15-V6_108-PMID25036637-HSP90AA1-018
DBROUTE-v6_108-25036637-HSP90AA1-CDC37L1	DBSRC-HSP90AA1-CDC37L1-3eda230b	25036637	PMC4104544	A quantitative chaperone interaction network reveals the architecture of cellular protein homeostasis pathways	HSP90AA1::CDC37L1	HSP90AA1	CDC37L1	true	hsp90_chaperone_network_pair_specific	exact_pair_not_found_by_automated_package_scan		retrieval_blocked_or_unavailable	assay_association_only	supplement_table	context_only	weak	low	pair_specific_existing_reviews_govern;client_call_requires_mechanism	paper_default	pair_specific_existing_paper_requires_individual_review	no	yes		Physical-association or co-complex evidence only unless the exception state says otherwise; no client status is inferred.	true	false	SRCREV-2026-07-15-V6_108-PMID25036637-HSP90AA1-018
DBROUTE-v6_108-25036637-HSP90AA1-UNC45B	DBSRC-HSP90AA1-UNC45B-3eda230b	25036637	PMC4104544	A quantitative chaperone interaction network reveals the architecture of cellular protein homeostasis pathways	HSP90AA1::UNC45B	HSP90AA1	UNC45B	true	hsp90_chaperone_network_pair_specific	exact_pair_found_in_article_text	article_text	retrieval_blocked_or_unavailable	assay_association_only	supplement_table	context_only	weak	low	pair_specific_existing_reviews_govern;client_call_requires_mechanism	paper_default	pair_specific_existing_paper_requires_individual_review	no	yes		Physical-association or co-complex evidence only unless the exception state says otherwise; no client status is inferred.	true	false	SRCREV-2026-07-15-V6_108-PMID25036637-HSP90AA1-018
DBROUTE-v6_108-25036637-HSP90AB1-AIP	DBSRC-HSP90AB1-AIP-3eda230b	25036637	PMC4104544	A quantitative chaperone interaction network reveals the architecture of cellular protein homeostasis pathways	HSP90AB1::AIP	HSP90AB1	AIP	true	hsp90_chaperone_network_pair_specific	exact_pair_not_found_by_automated_package_scan		retrieval_blocked_or_unavailable	assay_association_only	supplement_table	context_only	weak	low	pair_specific_existing_reviews_govern;client_call_requires_mechanism	paper_default	pair_specific_existing_paper_requires_individual_review	no	yes		Physical-association or co-complex evidence only unless the exception state says otherwise; no client status is inferred.	true	false	SRCREV-2026-07-15-V6_108-PMID25036637-HSP90AB1-019
DBROUTE-v6_108-25036637-HSP90AB1-CACYBP	DBSRC-HSP90AB1-CACYBP-3eda230b	25036637	PMC4104544	A quantitative chaperone interaction network reveals the architecture of cellular protein homeostasis pathways	HSP90AB1::CACYBP	HSP90AB1	CACYBP	true	hsp90_chaperone_network_pair_specific	exact_pair_not_found_by_automated_package_scan		retrieval_blocked_or_unavailable	assay_association_only	supplement_table	context_only	weak	low	pair_specific_existing_reviews_govern;client_call_requires_mechanism	paper_default	pair_specific_existing_paper_requires_individual_review	no	yes		Physical-association or co-complex evidence only unless the exception state says otherwise; no client status is inferred.	true	false	SRCREV-2026-07-15-V6_108-PMID25036637-HSP90AB1-019
DBROUTE-v6_108-25036637-HSP90AB1-CDC37	DBSRC-HSP90AB1-CDC37-3eda230b	25036637	PMC4104544	A quantitative chaperone interaction network reveals the architecture of cellular protein homeostasis pathways	HSP90AB1::CDC37	HSP90AB1	CDC37	true	hsp90_chaperone_network_pair_specific	exact_pair_not_found_by_automated_package_scan		retrieval_blocked_or_unavailable	assay_association_only	supplement_table	context_only	weak	low	pair_specific_existing_reviews_govern;client_call_requires_mechanism	paper_default	pair_specific_existing_paper_requires_individual_review	no	yes		Physical-association or co-complex evidence only unless the exception state says otherwise; no client status is inferred.	true	false	SRCREV-2026-07-15-V6_108-PMID25036637-HSP90AB1-019
DBROUTE-v6_108-25036637-HSP90AB1-CDC37L1	DBSRC-HSP90AB1-CDC37L1-3eda230b	25036637	PMC4104544	A quantitative chaperone interaction network reveals the architecture of cellular protein homeostasis pathways	HSP90AB1::CDC37L1	HSP90AB1	CDC37L1	true	hsp90_chaperone_network_pair_specific	exact_pair_not_found_by_automated_package_scan		retrieval_blocked_or_unavailable	assay_association_only	supplement_table	context_only	weak	low	pair_specific_existing_reviews_govern;client_call_requires_mechanism	paper_default	pair_specific_existing_paper_requires_individual_review	no	yes		Physical-association or co-complex evidence only unless the exception state says otherwise; no client status is inferred.	true	false	SRCREV-2026-07-15-V6_108-PMID25036637-HSP90AB1-019
DBROUTE-v6_108-25036637-HSP90AB1-FKBP4	DBSRC-HSP90AB1-FKBP4-3eda230b	25036637	PMC4104544	A quantitative chaperone interaction network reveals the architecture of cellular protein homeostasis pathways	HSP90AB1::FKBP4	HSP90AB1	FKBP4	true	hsp90_chaperone_network_pair_specific	exact_pair_not_found_by_automated_package_scan		retrieval_blocked_or_unavailable	assay_association_only	supplement_table	context_only	weak	low	pair_specific_existing_reviews_govern;client_call_requires_mechanism	paper_default	pair_specific_existing_paper_requires_individual_review	no	yes		Physical-association or co-complex evidence only unless the exception state says otherwise; no client status is inferred.	true	false	SRCREV-2026-07-15-V6_108-PMID25036637-HSP90AB1-019
DBROUTE-v6_108-25036637-HSP90AB1-FKBP5	DBSRC-HSP90AB1-FKBP5-3eda230b	25036637	PMC4104544	A quantitative chaperone interaction network reveals the architecture of cellular protein homeostasis pathways	HSP90AB1::FKBP5	HSP90AB1	FKBP5	true	hsp90_chaperone_network_pair_specific	exact_pair_not_found_by_automated_package_scan		retrieval_blocked_or_unavailable	assay_association_only	supplement_table	context_only	weak	low	pair_specific_existing_reviews_govern;client_call_requires_mechanism	paper_default	pair_specific_existing_paper_requires_individual_review	no	yes		Physical-association or co-complex evidence only unless the exception state says otherwise; no client status is inferred.	true	false	SRCREV-2026-07-15-V6_108-PMID25036637-HSP90AB1-019
DBROUTE-v6_108-25036637-HSP90AB1-FKBPL	DBSRC-HSP90AB1-FKBPL-3eda230b	25036637	PMC4104544	A quantitative chaperone interaction network reveals the architecture of cellular protein homeostasis pathways	HSP90AB1::FKBPL	HSP90AB1	FKBPL	true	hsp90_chaperone_network_pair_specific	exact_pair_not_found_by_automated_package_scan		retrieval_blocked_or_unavailable	assay_association_only	supplement_table	context_only	weak	low	pair_specific_existing_reviews_govern;client_call_requires_mechanism	paper_default	pair_specific_existing_paper_requires_individual_review	no	yes		Physical-association or co-complex evidence only unless the exception state says otherwise; no client status is inferred.	true	false	SRCREV-2026-07-15-V6_108-PMID25036637-HSP90AB1-019
DBROUTE-v6_108-25036637-HSP90AB1-STUB1	DBSRC-HSP90AB1-STUB1-3eda230b	25036637	PMC4104544	A quantitative chaperone interaction network reveals the architecture of cellular protein homeostasis pathways	HSP90AB1::STUB1	HSP90AB1	STUB1	true	hsp90_chaperone_network_pair_specific	exact_pair_not_found_by_automated_package_scan		retrieval_blocked_or_unavailable	assay_association_only	supplement_table	context_only	weak	low	pair_specific_existing_reviews_govern;client_call_requires_mechanism	paper_default	pair_specific_existing_paper_requires_individual_review	no	yes		Physical-association or co-complex evidence only unless the exception state says otherwise; no client status is inferred.	true	false	SRCREV-2026-07-15-V6_108-PMID25036637-HSP90AB1-019
DBROUTE-v6_108-25036637-HSP90AB1-TOMM34	DBSRC-HSP90AB1-TOMM34-3eda230b	25036637	PMC4104544	A quantitative chaperone interaction network reveals the architecture of cellular protein homeostasis pathways	HSP90AB1::TOMM34	HSP90AB1	TOMM34	true	hsp90_chaperone_network_pair_specific	exact_pair_not_found_by_automated_package_scan		retrieval_blocked_or_unavailable	assay_association_only	supplement_table	context_only	weak	low	pair_specific_existing_reviews_govern;client_call_requires_mechanism	paper_default	pair_specific_existing_paper_requires_individual_review	no	yes		Physical-association or co-complex evidence only unless the exception state says otherwise; no client status is inferred.	true	false	SRCREV-2026-07-15-V6_108-PMID25036637-HSP90AB1-019
DBROUTE-v6_108-25036637-HSP90AB1-TTC4	DBSRC-HSP90AB1-TTC4-3eda230b	25036637	PMC4104544	A quantitative chaperone interaction network reveals the architecture of cellular protein homeostasis pathways	HSP90AB1::TTC4	HSP90AB1	TTC4	true	hsp90_chaperone_network_pair_specific	exact_pair_not_found_by_automated_package_scan		retrieval_blocked_or_unavailable	assay_association_only	supplement_table	context_only	weak	low	pair_specific_existing_reviews_govern;client_call_requires_mechanism	paper_default	pair_specific_existing_paper_requires_individual_review	no	yes		Physical-association or co-complex evidence only unless the exception state says otherwise; no client status is inferred.	true	false	SRCREV-2026-07-15-V6_108-PMID25036637-HSP90AB1-019
DBROUTE-v6_108-25036637-HSP90AB1-UNC45B	DBSRC-HSP90AB1-UNC45B-3eda230b	25036637	PMC4104544	A quantitative chaperone interaction network reveals the architecture of cellular protein homeostasis pathways	HSP90AB1::UNC45B	HSP90AB1	UNC45B	true	hsp90_chaperone_network_pair_specific	exact_pair_found_in_article_text	article_text	retrieval_blocked_or_unavailable	assay_association_only	supplement_table	context_only	weak	low	pair_specific_existing_reviews_govern;client_call_requires_mechanism	paper_default	pair_specific_existing_paper_requires_individual_review	no	yes		Physical-association or co-complex evidence only unless the exception state says otherwise; no client status is inferred.	true	false	SRCREV-2026-07-15-V6_108-PMID25036637-HSP90AB1-019
DBROUTE-v6_108-25277244-HSP90AA1-HSPB1	DBSRC-HSP90AA1-HSPB1-d06cb4bf	25277244	PMC4256507	The Functional Landscape of Hsp27 Reveals New Cellular Processes such as DNA Repair and Alternative Splicing and Proposes Novel Anticancer Targets	HSP90AA1::HSPB1	HSP90AA1	HSPB1	true	hspb1_network_background_hsp90_edge	exact_pair_not_found_by_automated_package_scan		retrieved_valid	assay_association_only	review_or_citation_context	context_only	weak	medium	cited_or_integrated_network_edge;not_primary_hsp90_result;primary_source_backtrace_required	paper_default	reviewed_wrong_isoform_or_background_no_flow	no	yes		Physical-association or co-complex evidence only unless the exception state says otherwise; no client status is inferred.	true	false	SRCREV-2026-07-15-V6_108-PMID25277244-HSP90AA1-020
DBROUTE-v6_108-25277244-HSP90AB1-HSPB1	DBSRC-HSP90AB1-HSPB1-d06cb4bf	25277244	PMC4256507	The Functional Landscape of Hsp27 Reveals New Cellular Processes such as DNA Repair and Alternative Splicing and Proposes Novel Anticancer Targets	HSP90AB1::HSPB1	HSP90AB1	HSPB1	true	hspb1_network_background_hsp90_edge	exact_pair_not_found_by_automated_package_scan		retrieved_valid	assay_association_only	review_or_citation_context	context_only	weak	medium	cited_or_integrated_network_edge;not_primary_hsp90_result;primary_source_backtrace_required	paper_default	reviewed_wrong_isoform_or_background_no_flow	no	yes		Physical-association or co-complex evidence only unless the exception state says otherwise; no client status is inferred.	true	false	SRCREV-2026-07-15-V6_108-PMID25277244-HSP90AB1-021
DBROUTE-v6_108-26344197-HSP90B1-CALR	DBSRC-HSP90B1-CALR-a1b48497	26344197	PMC5036527	Panorama of ancient metazoan macromolecular complexes	HSP90B1::CALR	HSP90B1	CALR	true	multispecies_cofractionation	exact_pair_not_found_by_automated_package_scan		retrieval_blocked_or_unavailable	assay_association_only	structural_complex	context_only	weak	low	cofractionation_only;interolog_risk;complex_member_not_direct_binding	paper_default	retrieved_article_pair_result_not_locally_confirmed_recheck	no	yes		Physical-association or co-complex evidence only unless the exception state says otherwise; no client status is inferred.	true	false	SRCREV-2026-07-15-V6_108-PMID26344197-HSP90B1-022
DBROUTE-v6_108-26344197-HSP90B1-CANX	DBSRC-HSP90B1-CANX-a1b48497	26344197	PMC5036527	Panorama of ancient metazoan macromolecular complexes	HSP90B1::CANX	HSP90B1	CANX	true	multispecies_cofractionation	exact_pair_not_found_by_automated_package_scan		retrieval_blocked_or_unavailable	assay_association_only	structural_complex	context_only	weak	low	cofractionation_only;interolog_risk;complex_member_not_direct_binding	paper_default	retrieved_article_pair_result_not_locally_confirmed_recheck	no	yes		Physical-association or co-complex evidence only unless the exception state says otherwise; no client status is inferred.	true	false	SRCREV-2026-07-15-V6_108-PMID26344197-HSP90B1-022
DBROUTE-v6_108-26344197-HSP90B1-DDOST	DBSRC-HSP90B1-DDOST-a1b48497	26344197	PMC5036527	Panorama of ancient metazoan macromolecular complexes	HSP90B1::DDOST	HSP90B1	DDOST	true	multispecies_cofractionation	exact_pair_not_found_by_automated_package_scan		retrieval_blocked_or_unavailable	assay_association_only	structural_complex	context_only	weak	low	cofractionation_only;interolog_risk;complex_member_not_direct_binding	paper_default	retrieved_article_pair_result_not_locally_confirmed_recheck	no	yes		Physical-association or co-complex evidence only unless the exception state says otherwise; no client status is inferred.	true	false	SRCREV-2026-07-15-V6_108-PMID26344197-HSP90B1-022
DBROUTE-v6_108-26344197-HSP90B1-HSPA5	DBSRC-HSP90B1-HSPA5-a1b48497	26344197	PMC5036527	Panorama of ancient metazoan macromolecular complexes	HSP90B1::HSPA5	HSP90B1	HSPA5	true	multispecies_cofractionation	exact_pair_not_found_by_automated_package_scan		retrieval_blocked_or_unavailable	assay_association_only	structural_complex	context_only	weak	low	cofractionation_only;interolog_risk;complex_member_not_direct_binding	paper_default	retrieved_article_pair_result_not_locally_confirmed_recheck	no	yes		Physical-association or co-complex evidence only unless the exception state says otherwise; no client status is inferred.	true	false	SRCREV-2026-07-15-V6_108-PMID26344197-HSP90B1-022
DBROUTE-v6_108-26344197-HSP90B1-P4HB	DBSRC-HSP90B1-P4HB-a1b48497	26344197	PMC5036527	Panorama of ancient metazoan macromolecular complexes	HSP90B1::P4HB	HSP90B1	P4HB	true	multispecies_cofractionation	exact_pair_not_found_by_automated_package_scan		retrieval_blocked_or_unavailable	assay_association_only	structural_complex	context_only	weak	low	cofractionation_only;interolog_risk;complex_member_not_direct_binding	paper_default	retrieved_article_pair_result_not_locally_confirmed_recheck	no	yes		Physical-association or co-complex evidence only unless the exception state says otherwise; no client status is inferred.	true	false	SRCREV-2026-07-15-V6_108-PMID26344197-HSP90B1-022
DBROUTE-v6_108-26344197-HSP90B1-RPN1	DBSRC-HSP90B1-RPN1-a1b48497	26344197	PMC5036527	Panorama of ancient metazoan macromolecular complexes	HSP90B1::RPN1	HSP90B1	RPN1	true	multispecies_cofractionation	exact_pair_not_found_by_automated_package_scan		retrieval_blocked_or_unavailable	assay_association_only	structural_complex	context_only	weak	low	cofractionation_only;interolog_risk;complex_member_not_direct_binding	paper_default	retrieved_article_pair_result_not_locally_confirmed_recheck	no	yes		Physical-association or co-complex evidence only unless the exception state says otherwise; no client status is inferred.	true	false	SRCREV-2026-07-15-V6_108-PMID26344197-HSP90B1-022
DBROUTE-v6_108-26344197-HSP90B1-RPN2	DBSRC-HSP90B1-RPN2-a1b48497	26344197	PMC5036527	Panorama of ancient metazoan macromolecular complexes	HSP90B1::RPN2	HSP90B1	RPN2	true	multispecies_cofractionation	exact_pair_not_found_by_automated_package_scan		retrieval_blocked_or_unavailable	assay_association_only	structural_complex	context_only	weak	low	cofractionation_only;interolog_risk;complex_member_not_direct_binding	paper_default	retrieved_article_pair_result_not_locally_confirmed_recheck	no	yes		Physical-association or co-complex evidence only unless the exception state says otherwise; no client status is inferred.	true	false	SRCREV-2026-07-15-V6_108-PMID26344197-HSP90B1-022
DBROUTE-v6_108-26344197-HSP90B1-SRSF9	DBSRC-HSP90B1-SRSF9-a1b48497	26344197	PMC5036527	Panorama of ancient metazoan macromolecular complexes	HSP90B1::SRSF9	HSP90B1	SRSF9	true	multispecies_cofractionation	exact_pair_not_found_by_automated_package_scan		retrieval_blocked_or_unavailable	assay_association_only	structural_complex	context_only	weak	low	cofractionation_only;interolog_risk;complex_member_not_direct_binding	paper_default	retrieved_article_pair_result_not_locally_confirmed_recheck	no	yes		Physical-association or co-complex evidence only unless the exception state says otherwise; no client status is inferred.	true	false	SRCREV-2026-07-15-V6_108-PMID26344197-HSP90B1-022
DBROUTE-v6_108-26344197-HSP90B1-VCP	DBSRC-HSP90B1-VCP-a1b48497	26344197	PMC5036527	Panorama of ancient metazoan macromolecular complexes	HSP90B1::VCP	HSP90B1	VCP	true	multispecies_cofractionation	exact_pair_not_found_by_automated_package_scan		retrieval_blocked_or_unavailable	assay_association_only	structural_complex	context_only	weak	low	cofractionation_only;interolog_risk;complex_member_not_direct_binding	paper_default	retrieved_article_pair_result_not_locally_confirmed_recheck	no	yes		Physical-association or co-complex evidence only unless the exception state says otherwise; no client status is inferred.	true	false	SRCREV-2026-07-15-V6_108-PMID26344197-HSP90B1-022
DBROUTE-v6_108-26344197-TRAP1-COQ3	DBSRC-TRAP1-COQ3-a1b48497	26344197	PMC5036527	Panorama of ancient metazoan macromolecular complexes	TRAP1::COQ3	TRAP1	COQ3	true	multispecies_cofractionation	exact_pair_not_found_by_automated_package_scan		retrieval_blocked_or_unavailable	assay_association_only	structural_complex	context_only	weak	low	cofractionation_only;interolog_risk;complex_member_not_direct_binding	paper_default	retrieved_article_pair_result_not_locally_confirmed_recheck	no	yes		Physical-association or co-complex evidence only unless the exception state says otherwise; no client status is inferred.	true	false	SRCREV-2026-07-15-V6_108-PMID26344197-TRAP1-023
DBROUTE-v6_108-26344197-TRAP1-HSDL2	DBSRC-TRAP1-HSDL2-a1b48497	26344197	PMC5036527	Panorama of ancient metazoan macromolecular complexes	TRAP1::HSDL2	TRAP1	HSDL2	true	multispecies_cofractionation	exact_pair_not_found_by_automated_package_scan		retrieval_blocked_or_unavailable	assay_association_only	structural_complex	context_only	weak	low	cofractionation_only;interolog_risk;complex_member_not_direct_binding	paper_default	retrieved_article_pair_result_not_locally_confirmed_recheck	no	yes		Physical-association or co-complex evidence only unless the exception state says otherwise; no client status is inferred.	true	false	SRCREV-2026-07-15-V6_108-PMID26344197-TRAP1-023
DBROUTE-v6_108-26344197-TRAP1-LTA4H	DBSRC-TRAP1-LTA4H-a1b48497	26344197	PMC5036527	Panorama of ancient metazoan macromolecular complexes	TRAP1::LTA4H	TRAP1	LTA4H	true	multispecies_cofractionation	exact_pair_not_found_by_automated_package_scan		retrieval_blocked_or_unavailable	assay_association_only	structural_complex	context_only	weak	low	cofractionation_only;interolog_risk;complex_member_not_direct_binding	paper_default	retrieved_article_pair_result_not_locally_confirmed_recheck	no	yes		Physical-association or co-complex evidence only unless the exception state says otherwise; no client status is inferred.	true	false	SRCREV-2026-07-15-V6_108-PMID26344197-TRAP1-023
DBROUTE-v6_108-27173435-TRAP1-ANXA5	DBSRC-TRAP1-ANXA5-54bd8b76	27173435	PMC4869170	An organelle-specific protein landscape identifies novel diseases and molecular mechanisms	TRAP1::ANXA5	TRAP1	ANXA5	true	organelle_apms_landscape	exact_pair_found_in_inspected_supplement	xlsx:ncomms11491-s4.xlsx:Supplementary Data file 3:row_967:same_row;xlsx:ncomms11491-s5.xlsx:complex_evaluation:row_34:same_row	retrieved_valid	complex_comember	affinity_purification_ms	support_only	weak	medium	high_throughput_screen;organelle_context;complex_member_not_direct_binding	paper_default	reviewed_source_support_flow_later	yes	no		Physical-association or co-complex evidence only unless the exception state says otherwise; no client status is inferred.	true	false	SRCREV-2026-07-15-V6_108-PMID27173435-TRAP1-024
DBROUTE-v6_108-27173435-TRAP1-ECHS1	DBSRC-TRAP1-ECHS1-54bd8b76	27173435	PMC4869170	An organelle-specific protein landscape identifies novel diseases and molecular mechanisms	TRAP1::ECHS1	TRAP1	ECHS1	true	organelle_apms_landscape	exact_pair_found_in_inspected_supplement	xlsx:ncomms11491-s4.xlsx:Supplementary Data file 3:row_3598:same_row	retrieved_valid	complex_comember	affinity_purification_ms	support_only	weak	medium	high_throughput_screen;organelle_context;complex_member_not_direct_binding	paper_default	reviewed_source_support_flow_later	yes	no		Physical-association or co-complex evidence only unless the exception state says otherwise; no client status is inferred.	true	false	SRCREV-2026-07-15-V6_108-PMID27173435-TRAP1-024
DBROUTE-v6_108-27173435-TRAP1-GPI	DBSRC-TRAP1-GPI-54bd8b76	27173435	PMC4869170	An organelle-specific protein landscape identifies novel diseases and molecular mechanisms	TRAP1::GPI	TRAP1	GPI	true	organelle_apms_landscape	exact_pair_found_in_inspected_supplement	xlsx:ncomms11491-s4.xlsx:Supplementary Data file 3:row_1322:same_row;xlsx:ncomms11491-s5.xlsx:complex_evaluation:row_34:same_row	retrieved_valid	complex_comember	affinity_purification_ms	support_only	weak	medium	high_throughput_screen;organelle_context;complex_member_not_direct_binding	paper_default	reviewed_source_support_flow_later	yes	no		Physical-association or co-complex evidence only unless the exception state says otherwise; no client status is inferred.	true	false	SRCREV-2026-07-15-V6_108-PMID27173435-TRAP1-024
DBROUTE-v6_108-27173435-TRAP1-IDH2	DBSRC-TRAP1-IDH2-54bd8b76	27173435	PMC4869170	An organelle-specific protein landscape identifies novel diseases and molecular mechanisms	TRAP1::IDH2	TRAP1	IDH2	true	organelle_apms_landscape	exact_pair_found_in_inspected_supplement	xlsx:ncomms11491-s4.xlsx:Supplementary Data file 3:row_1412:same_row	retrieved_valid	complex_comember	affinity_purification_ms	support_only	weak	medium	high_throughput_screen;organelle_context;complex_member_not_direct_binding	paper_default	reviewed_source_support_flow_later	yes	no		Physical-association or co-complex evidence only unless the exception state says otherwise; no client status is inferred.	true	false	SRCREV-2026-07-15-V6_108-PMID27173435-TRAP1-024
DBROUTE-v6_108-27173435-TRAP1-MRPL12	DBSRC-TRAP1-MRPL12-54bd8b76	27173435	PMC4869170	An organelle-specific protein landscape identifies novel diseases and molecular mechanisms	TRAP1::MRPL12	TRAP1	MRPL12	true	organelle_apms_landscape	exact_pair_found_in_inspected_supplement	xlsx:ncomms11491-s4.xlsx:Supplementary Data file 3:row_2122:same_row	retrieved_valid	complex_comember	affinity_purification_ms	support_only	weak	medium	high_throughput_screen;organelle_context;complex_member_not_direct_binding	paper_default	reviewed_source_support_flow_later	yes	no		Physical-association or co-complex evidence only unless the exception state says otherwise; no client status is inferred.	true	false	SRCREV-2026-07-15-V6_108-PMID27173435-TRAP1-024
DBROUTE-v6_108-27173435-TRAP1-SF3A1	DBSRC-TRAP1-SF3A1-54bd8b76	27173435	PMC4869170	An organelle-specific protein landscape identifies novel diseases and molecular mechanisms	TRAP1::SF3A1	TRAP1	SF3A1	true	organelle_apms_landscape	exact_pair_found_in_inspected_supplement	xlsx:ncomms11491-s4.xlsx:Supplementary Data file 3:row_3469:same_row	retrieved_valid	complex_comember	affinity_purification_ms	support_only	weak	medium	high_throughput_screen;organelle_context;complex_member_not_direct_binding	paper_default	reviewed_source_support_flow_later	yes	no		Physical-association or co-complex evidence only unless the exception state says otherwise; no client status is inferred.	true	false	SRCREV-2026-07-15-V6_108-PMID27173435-TRAP1-024
DBROUTE-v6_108-27499296-TRAP1-COQ9	DBSRC-TRAP1-COQ9-acf5a80d	27499296	PMC4992456	Mitochondrial protein interaction mapping identifies new regulators of respiratory chain function	TRAP1::COQ9	TRAP1	COQ9	true	mitochondrial_apms_map	exact_pair_not_found_by_automated_package_scan		retrieval_blocked_or_unavailable	assay_association_only	affinity_purification_ms	context_only	weak	low	organelle_context;high_throughput_screen;complex_member_not_direct_binding;conditional_complex_support	pair_specific_conditional_complex_support	retrieved_article_pair_result_not_locally_confirmed_recheck	no	yes		Physical-association or co-complex evidence only unless the exception state says otherwise; no client status is inferred.	true	false	SRCREV-2026-07-15-V6_108-PMID27499296-TRAP1-025
DBROUTE-v6_108-27499296-TRAP1-NDUFS3	DBSRC-TRAP1-NDUFS3-acf5a80d	27499296	PMC4992456	Mitochondrial protein interaction mapping identifies new regulators of respiratory chain function	TRAP1::NDUFS3	TRAP1	NDUFS3	true	mitochondrial_apms_map	exact_pair_not_found_by_automated_package_scan		retrieval_blocked_or_unavailable	assay_association_only	supplement_table	context_only	weak	low	organelle_context;high_throughput_screen;complex_member_not_direct_binding;assay_readout_only	assay_readout_only	retrieved_article_pair_result_not_locally_confirmed_recheck	no	yes		Physical-association or co-complex evidence only unless the exception state says otherwise; no client status is inferred.	true	false	SRCREV-2026-07-15-V6_108-PMID27499296-TRAP1-026
DBROUTE-v6_108-28514442-HSP90AB1-AKT3	DBSRC-HSP90AB1-AKT3-b3d85871	28514442	PMC5531611	Architecture of the human interactome defines protein communities and disease networks	HSP90AB1::AKT3	HSP90AB1	AKT3	true	proteome_scale_apms	exact_pair_not_found_by_automated_package_scan		retrieval_blocked_or_unavailable	assay_association_only	affinity_purification_ms	context_only	weak	low	high_throughput_screen;cell_line_specific;complex_member_not_direct_binding	paper_default	retrieved_article_pair_result_not_locally_confirmed_recheck	no	yes		Physical-association or co-complex evidence only unless the exception state says otherwise; no client status is inferred.	true	false	SRCREV-2026-07-15-V6_108-PMID28514442-HSP90AB1-027
DBROUTE-v6_108-28514442-HSP90AB1-AURKB	DBSRC-HSP90AB1-AURKB-b3d85871	28514442	PMC5531611	Architecture of the human interactome defines protein communities and disease networks	HSP90AB1::AURKB	HSP90AB1	AURKB	true	proteome_scale_apms	exact_pair_not_found_by_automated_package_scan		retrieval_blocked_or_unavailable	assay_association_only	affinity_purification_ms	context_only	weak	low	high_throughput_screen;cell_line_specific;complex_member_not_direct_binding	paper_default	retrieved_article_pair_result_not_locally_confirmed_recheck	no	yes		Physical-association or co-complex evidence only unless the exception state says otherwise; no client status is inferred.	true	false	SRCREV-2026-07-15-V6_108-PMID28514442-HSP90AB1-027
DBROUTE-v6_108-28514442-HSP90AB1-AURKC	DBSRC-HSP90AB1-AURKC-b3d85871	28514442	PMC5531611	Architecture of the human interactome defines protein communities and disease networks	HSP90AB1::AURKC	HSP90AB1	AURKC	true	proteome_scale_apms	exact_pair_not_found_by_automated_package_scan		retrieval_blocked_or_unavailable	assay_association_only	affinity_purification_ms	context_only	weak	low	high_throughput_screen;cell_line_specific;complex_member_not_direct_binding	paper_default	retrieved_article_pair_result_not_locally_confirmed_recheck	no	yes		Physical-association or co-complex evidence only unless the exception state says otherwise; no client status is inferred.	true	false	SRCREV-2026-07-15-V6_108-PMID28514442-HSP90AB1-027
DBROUTE-v6_108-28514442-HSP90AB1-CDK11A	DBSRC-HSP90AB1-CDK11A-b3d85871	28514442	PMC5531611	Architecture of the human interactome defines protein communities and disease networks	HSP90AB1::CDK11A	HSP90AB1	CDK11A	true	proteome_scale_apms	exact_pair_not_found_by_automated_package_scan		retrieval_blocked_or_unavailable	assay_association_only	affinity_purification_ms	context_only	weak	low	high_throughput_screen;cell_line_specific;complex_member_not_direct_binding	paper_default	retrieved_article_pair_result_not_locally_confirmed_recheck	no	yes		Physical-association or co-complex evidence only unless the exception state says otherwise; no client status is inferred.	true	false	SRCREV-2026-07-15-V6_108-PMID28514442-HSP90AB1-027
DBROUTE-v6_108-28514442-HSP90AB1-CDK13	DBSRC-HSP90AB1-CDK13-b3d85871	28514442	PMC5531611	Architecture of the human interactome defines protein communities and disease networks	HSP90AB1::CDK13	HSP90AB1	CDK13	true	proteome_scale_apms	exact_pair_not_found_by_automated_package_scan		retrieval_blocked_or_unavailable	assay_association_only	affinity_purification_ms	context_only	weak	low	high_throughput_screen;cell_line_specific;complex_member_not_direct_binding	paper_default	retrieved_article_pair_result_not_locally_confirmed_recheck	no	yes		Physical-association or co-complex evidence only unless the exception state says otherwise; no client status is inferred.	true	false	SRCREV-2026-07-15-V6_108-PMID28514442-HSP90AB1-027
DBROUTE-v6_108-28514442-HSP90AB1-CDK18	DBSRC-HSP90AB1-CDK18-b3d85871	28514442	PMC5531611	Architecture of the human interactome defines protein communities and disease networks	HSP90AB1::CDK18	HSP90AB1	CDK18	true	proteome_scale_apms	exact_pair_not_found_by_automated_package_scan		retrieval_blocked_or_unavailable	assay_association_only	affinity_purification_ms	context_only	weak	low	high_throughput_screen;cell_line_specific;complex_member_not_direct_binding	paper_default	retrieved_article_pair_result_not_locally_confirmed_recheck	no	yes		Physical-association or co-complex evidence only unless the exception state says otherwise; no client status is inferred.	true	false	SRCREV-2026-07-15-V6_108-PMID28514442-HSP90AB1-027
DBROUTE-v6_108-28514442-HSP90AB1-CDK3	DBSRC-HSP90AB1-CDK3-b3d85871	28514442	PMC5531611	Architecture of the human interactome defines protein communities and disease networks	HSP90AB1::CDK3	HSP90AB1	CDK3	true	proteome_scale_apms	exact_pair_not_found_by_automated_package_scan		retrieval_blocked_or_unavailable	assay_association_only	affinity_purification_ms	context_only	weak	low	high_throughput_screen;cell_line_specific;complex_member_not_direct_binding	paper_default	retrieved_article_pair_result_not_locally_confirmed_recheck	no	yes		Physical-association or co-complex evidence only unless the exception state says otherwise; no client status is inferred.	true	false	SRCREV-2026-07-15-V6_108-PMID28514442-HSP90AB1-027
DBROUTE-v6_108-28514442-HSP90AB1-CDK4	DBSRC-HSP90AB1-CDK4-b3d85871	28514442	PMC5531611	Architecture of the human interactome defines protein communities and disease networks	HSP90AB1::CDK4	HSP90AB1	CDK4	true	proteome_scale_apms	exact_pair_not_found_by_automated_package_scan		retrieval_blocked_or_unavailable	assay_association_only	affinity_purification_ms	context_only	weak	low	high_throughput_screen;cell_line_specific;complex_member_not_direct_binding	paper_default	retrieved_article_pair_result_not_locally_confirmed_recheck	no	yes		Physical-association or co-complex evidence only unless the exception state says otherwise; no client status is inferred.	true	false	SRCREV-2026-07-15-V6_108-PMID28514442-HSP90AB1-027
DBROUTE-v6_108-28514442-HSP90AB1-CDK7	DBSRC-HSP90AB1-CDK7-b3d85871	28514442	PMC5531611	Architecture of the human interactome defines protein communities and disease networks	HSP90AB1::CDK7	HSP90AB1	CDK7	true	proteome_scale_apms	exact_pair_not_found_by_automated_package_scan		retrieval_blocked_or_unavailable	assay_association_only	affinity_purification_ms	context_only	weak	low	high_throughput_screen;cell_line_specific;complex_member_not_direct_binding	paper_default	retrieved_article_pair_result_not_locally_confirmed_recheck	no	yes		Physical-association or co-complex evidence only unless the exception state says otherwise; no client status is inferred.	true	false	SRCREV-2026-07-15-V6_108-PMID28514442-HSP90AB1-027
DBROUTE-v6_108-28514442-HSP90AB1-CDK9	DBSRC-HSP90AB1-CDK9-b3d85871	28514442	PMC5531611	Architecture of the human interactome defines protein communities and disease networks	HSP90AB1::CDK9	HSP90AB1	CDK9	true	proteome_scale_apms	exact_pair_not_found_by_automated_package_scan		retrieval_blocked_or_unavailable	assay_association_only	affinity_purification_ms	context_only	weak	low	high_throughput_screen;cell_line_specific;complex_member_not_direct_binding	paper_default	retrieved_article_pair_result_not_locally_confirmed_recheck	no	yes		Physical-association or co-complex evidence only unless the exception state says otherwise; no client status is inferred.	true	false	SRCREV-2026-07-15-V6_108-PMID28514442-HSP90AB1-027
DBROUTE-v6_108-28514442-HSP90AB1-CLK3	DBSRC-HSP90AB1-CLK3-b3d85871	28514442	PMC5531611	Architecture of the human interactome defines protein communities and disease networks	HSP90AB1::CLK3	HSP90AB1	CLK3	true	proteome_scale_apms	exact_pair_not_found_by_automated_package_scan		retrieval_blocked_or_unavailable	assay_association_only	affinity_purification_ms	context_only	weak	low	high_throughput_screen;cell_line_specific;complex_member_not_direct_binding	paper_default	retrieved_article_pair_result_not_locally_confirmed_recheck	no	yes		Physical-association or co-complex evidence only unless the exception state says otherwise; no client status is inferred.	true	false	SRCREV-2026-07-15-V6_108-PMID28514442-HSP90AB1-027
DBROUTE-v6_108-28514442-HSP90AB1-FKBP4	DBSRC-HSP90AB1-FKBP4-b3d85871	28514442	PMC5531611	Architecture of the human interactome defines protein communities and disease networks	HSP90AB1::FKBP4	HSP90AB1	FKBP4	true	proteome_scale_apms	exact_pair_not_found_by_automated_package_scan		retrieval_blocked_or_unavailable	assay_association_only	affinity_purification_ms	context_only	weak	low	high_throughput_screen;cell_line_specific;complex_member_not_direct_binding	paper_default	retrieved_article_pair_result_not_locally_confirmed_recheck	no	yes		Physical-association or co-complex evidence only unless the exception state says otherwise; no client status is inferred.	true	false	SRCREV-2026-07-15-V6_108-PMID28514442-HSP90AB1-027
DBROUTE-v6_108-28514442-HSP90AB1-FYN	DBSRC-HSP90AB1-FYN-b3d85871	28514442	PMC5531611	Architecture of the human interactome defines protein communities and disease networks	HSP90AB1::FYN	HSP90AB1	FYN	true	proteome_scale_apms	exact_pair_not_found_by_automated_package_scan		retrieval_blocked_or_unavailable	assay_association_only	affinity_purification_ms	context_only	weak	low	high_throughput_screen;cell_line_specific;complex_member_not_direct_binding	paper_default	retrieved_article_pair_result_not_locally_confirmed_recheck	no	yes		Physical-association or co-complex evidence only unless the exception state says otherwise; no client status is inferred.	true	false	SRCREV-2026-07-15-V6_108-PMID28514442-HSP90AB1-027
DBROUTE-v6_108-28514442-HSP90AB1-GBP2	DBSRC-HSP90AB1-GBP2-b3d85871	28514442	PMC5531611	Architecture of the human interactome defines protein communities and disease networks	HSP90AB1::GBP2	HSP90AB1	GBP2	true	proteome_scale_apms	exact_pair_not_found_by_automated_package_scan		retrieval_blocked_or_unavailable	assay_association_only	affinity_purification_ms	context_only	weak	low	high_throughput_screen;cell_line_specific;complex_member_not_direct_binding	paper_default	retrieved_article_pair_result_not_locally_confirmed_recheck	no	yes		Physical-association or co-complex evidence only unless the exception state says otherwise; no client status is inferred.	true	false	SRCREV-2026-07-15-V6_108-PMID28514442-HSP90AB1-027
DBROUTE-v6_108-28514442-HSP90AB1-ITK	DBSRC-HSP90AB1-ITK-b3d85871	28514442	PMC5531611	Architecture of the human interactome defines protein communities and disease networks	HSP90AB1::ITK	HSP90AB1	ITK	true	proteome_scale_apms	exact_pair_not_found_by_automated_package_scan		retrieval_blocked_or_unavailable	assay_association_only	affinity_purification_ms	context_only	weak	low	high_throughput_screen;cell_line_specific;complex_member_not_direct_binding	paper_default	retrieved_article_pair_result_not_locally_confirmed_recheck	no	yes		Physical-association or co-complex evidence only unless the exception state says otherwise; no client status is inferred.	true	false	SRCREV-2026-07-15-V6_108-PMID28514442-HSP90AB1-027
DBROUTE-v6_108-28514442-HSP90AB1-MYLK4	DBSRC-HSP90AB1-MYLK4-b3d85871	28514442	PMC5531611	Architecture of the human interactome defines protein communities and disease networks	HSP90AB1::MYLK4	HSP90AB1	MYLK4	true	proteome_scale_apms	exact_pair_not_found_by_automated_package_scan		retrieval_blocked_or_unavailable	assay_association_only	affinity_purification_ms	context_only	weak	low	high_throughput_screen;cell_line_specific;complex_member_not_direct_binding	paper_default	retrieved_article_pair_result_not_locally_confirmed_recheck	no	yes		Physical-association or co-complex evidence only unless the exception state says otherwise; no client status is inferred.	true	false	SRCREV-2026-07-15-V6_108-PMID28514442-HSP90AB1-027
DBROUTE-v6_108-28514442-HSP90AB1-PCBP1	DBSRC-HSP90AB1-PCBP1-b3d85871	28514442	PMC5531611	Architecture of the human interactome defines protein communities and disease networks	HSP90AB1::PCBP1	HSP90AB1	PCBP1	true	proteome_scale_apms	exact_pair_not_found_by_automated_package_scan		retrieval_blocked_or_unavailable	assay_association_only	affinity_purification_ms	context_only	weak	low	high_throughput_screen;cell_line_specific;complex_member_not_direct_binding	paper_default	retrieved_article_pair_result_not_locally_confirmed_recheck	no	yes		Physical-association or co-complex evidence only unless the exception state says otherwise; no client status is inferred.	true	false	SRCREV-2026-07-15-V6_108-PMID28514442-HSP90AB1-027
DBROUTE-v6_108-28514442-HSP90AB1-PDIK1L	DBSRC-HSP90AB1-PDIK1L-b3d85871	28514442	PMC5531611	Architecture of the human interactome defines protein communities and disease networks	HSP90AB1::PDIK1L	HSP90AB1	PDIK1L	true	proteome_scale_apms	exact_pair_not_found_by_automated_package_scan		retrieval_blocked_or_unavailable	assay_association_only	affinity_purification_ms	context_only	weak	low	high_throughput_screen;cell_line_specific;complex_member_not_direct_binding	paper_default	retrieved_article_pair_result_not_locally_confirmed_recheck	no	yes		Physical-association or co-complex evidence only unless the exception state says otherwise; no client status is inferred.	true	false	SRCREV-2026-07-15-V6_108-PMID28514442-HSP90AB1-027
DBROUTE-v6_108-28514442-HSP90AB1-PSKH2	DBSRC-HSP90AB1-PSKH2-b3d85871	28514442	PMC5531611	Architecture of the human interactome defines protein communities and disease networks	HSP90AB1::PSKH2	HSP90AB1	PSKH2	true	proteome_scale_apms	exact_pair_not_found_by_automated_package_scan		retrieval_blocked_or_unavailable	assay_association_only	affinity_purification_ms	context_only	weak	low	high_throughput_screen;cell_line_specific;complex_member_not_direct_binding	paper_default	retrieved_article_pair_result_not_locally_confirmed_recheck	no	yes		Physical-association or co-complex evidence only unless the exception state says otherwise; no client status is inferred.	true	false	SRCREV-2026-07-15-V6_108-PMID28514442-HSP90AB1-027
DBROUTE-v6_108-28514442-HSP90AB1-SMYD3	DBSRC-HSP90AB1-SMYD3-b3d85871	28514442	PMC5531611	Architecture of the human interactome defines protein communities and disease networks	HSP90AB1::SMYD3	HSP90AB1	SMYD3	true	proteome_scale_apms	exact_pair_not_found_by_automated_package_scan		retrieval_blocked_or_unavailable	assay_association_only	affinity_purification_ms	context_only	weak	low	high_throughput_screen;cell_line_specific;complex_member_not_direct_binding	paper_default	retrieved_article_pair_result_not_locally_confirmed_recheck	no	yes		Physical-association or co-complex evidence only unless the exception state says otherwise; no client status is inferred.	true	false	SRCREV-2026-07-15-V6_108-PMID28514442-HSP90AB1-027
DBROUTE-v6_108-28514442-HSP90AB1-STIP1	DBSRC-HSP90AB1-STIP1-b3d85871	28514442	PMC5531611	Architecture of the human interactome defines protein communities and disease networks	HSP90AB1::STIP1	HSP90AB1	STIP1	true	proteome_scale_apms	exact_pair_not_found_by_automated_package_scan		retrieval_blocked_or_unavailable	assay_association_only	affinity_purification_ms	context_only	weak	low	high_throughput_screen;cell_line_specific;complex_member_not_direct_binding	paper_default	retrieved_article_pair_result_not_locally_confirmed_recheck	no	yes		Physical-association or co-complex evidence only unless the exception state says otherwise; no client status is inferred.	true	false	SRCREV-2026-07-15-V6_108-PMID28514442-HSP90AB1-027
DBROUTE-v6_108-28514442-HSP90AB1-STK11	DBSRC-HSP90AB1-STK11-b3d85871	28514442	PMC5531611	Architecture of the human interactome defines protein communities and disease networks	HSP90AB1::STK11	HSP90AB1	STK11	true	proteome_scale_apms	exact_pair_not_found_by_automated_package_scan		retrieval_blocked_or_unavailable	assay_association_only	affinity_purification_ms	context_only	weak	low	high_throughput_screen;cell_line_specific;complex_member_not_direct_binding	paper_default	retrieved_article_pair_result_not_locally_confirmed_recheck	no	yes		Physical-association or co-complex evidence only unless the exception state says otherwise; no client status is inferred.	true	false	SRCREV-2026-07-15-V6_108-PMID28514442-HSP90AB1-027
DBROUTE-v6_108-28514442-HSP90AB1-STK35	DBSRC-HSP90AB1-STK35-b3d85871	28514442	PMC5531611	Architecture of the human interactome defines protein communities and disease networks	HSP90AB1::STK35	HSP90AB1	STK35	true	proteome_scale_apms	exact_pair_not_found_by_automated_package_scan		retrieval_blocked_or_unavailable	assay_association_only	affinity_purification_ms	context_only	weak	low	high_throughput_screen;cell_line_specific;complex_member_not_direct_binding	paper_default	retrieved_article_pair_result_not_locally_confirmed_recheck	no	yes		Physical-association or co-complex evidence only unless the exception state says otherwise; no client status is inferred.	true	false	SRCREV-2026-07-15-V6_108-PMID28514442-HSP90AB1-027
DBROUTE-v6_108-29128334-TRAP1-DLD	DBSRC-TRAP1-DLD-2bf0ed63	29128334	PMC5746455	A Map of Human Mitochondrial Protein Interactions Linked to Neurodegeneration Reveals Molecular Determinants of Redox Homeostasis and NF-κB Signaling	TRAP1::DLD	TRAP1	DLD	true	mitochondrial_crosslink_assisted_apms	exact_pair_not_found_by_automated_package_scan		retrieval_blocked_or_unavailable	assay_association_only	affinity_purification_ms	context_only	weak	low	organelle_context;crosslink_assisted_apms;complex_member_not_direct_binding;not_client_evidence	paper_default	retrieved_article_pair_result_not_locally_confirmed_recheck	no	yes		Physical-association or co-complex evidence only unless the exception state says otherwise; no client status is inferred.	true	false	SRCREV-2026-07-15-V6_108-PMID29128334-TRAP1-028
DBROUTE-v6_108-29128334-TRAP1-DLST	DBSRC-TRAP1-DLST-2bf0ed63	29128334	PMC5746455	A Map of Human Mitochondrial Protein Interactions Linked to Neurodegeneration Reveals Molecular Determinants of Redox Homeostasis and NF-κB Signaling	TRAP1::DLST	TRAP1	DLST	true	mitochondrial_crosslink_assisted_apms	exact_pair_not_found_by_automated_package_scan		retrieval_blocked_or_unavailable	assay_association_only	affinity_purification_ms	context_only	weak	low	organelle_context;crosslink_assisted_apms;complex_member_not_direct_binding;not_client_evidence	paper_default	retrieved_article_pair_result_not_locally_confirmed_recheck	no	yes		Physical-association or co-complex evidence only unless the exception state says otherwise; no client status is inferred.	true	false	SRCREV-2026-07-15-V6_108-PMID29128334-TRAP1-028
DBROUTE-v6_108-29128334-TRAP1-HSD17B10	DBSRC-TRAP1-HSD17B10-2bf0ed63	29128334	PMC5746455	A Map of Human Mitochondrial Protein Interactions Linked to Neurodegeneration Reveals Molecular Determinants of Redox Homeostasis and NF-κB Signaling	TRAP1::HSD17B10	TRAP1	HSD17B10	true	mitochondrial_crosslink_assisted_apms	exact_pair_found_in_article_text	article_text	retrieval_blocked_or_unavailable	complex_comember	structural_complex	support_only	moderate	high	organelle_context;crosslink_assisted_apms;complex_member_not_direct_binding;not_client_evidence;blue_native_page_support	pair_specific_blue_native_complex_support	reviewed_source_support_flow_later	yes	no		Physical-association or co-complex evidence only unless the exception state says otherwise; no client status is inferred.	true	false	SRCREV-2026-07-15-V6_108-PMID29128334-TRAP1-029
DBROUTE-v6_108-29128334-TRAP1-PARK7	DBSRC-TRAP1-PARK7-2bf0ed63	29128334	PMC5746455	A Map of Human Mitochondrial Protein Interactions Linked to Neurodegeneration Reveals Molecular Determinants of Redox Homeostasis and NF-κB Signaling	TRAP1::PARK7	TRAP1	PARK7	true	mitochondrial_crosslink_assisted_apms	exact_pair_not_found_by_automated_package_scan		retrieval_blocked_or_unavailable	assay_association_only	affinity_purification_ms	context_only	weak	low	organelle_context;crosslink_assisted_apms;complex_member_not_direct_binding;not_client_evidence	paper_default	retrieved_article_pair_result_not_locally_confirmed_recheck	no	yes		Physical-association or co-complex evidence only unless the exception state says otherwise; no client status is inferred.	true	false	SRCREV-2026-07-15-V6_108-PMID29128334-TRAP1-028
DBROUTE-v6_108-29568061-HSP90AA1-AURKB	DBSRC-HSP90AA1-AURKB-0f92f306	29568061	PMC5864832	An AP-MS- and BioID-compatible MAC-tag enables comprehensive mapping of protein interactions and subcellular localizations	HSP90AA1::AURKB	HSP90AA1	AURKB	true	mac_tag_apms_bioid	exact_pair_found_in_inspected_supplement	xlsx:41467_2018_3523_MOESM4_ESM.xlsx:c:row_1317:same_row	retrieved_valid	complex_comember	affinity_purification_ms	support_only	weak	medium	high_throughput_screen;proximity_or_complex_only;complex_member_not_direct_binding	paper_default	reviewed_source_support_flow_later	yes	no		Physical-association or co-complex evidence only unless the exception state says otherwise; no client status is inferred.	true	false	SRCREV-2026-07-15-V6_108-PMID29568061-HSP90AA1-030
DBROUTE-v6_108-29568061-HSP90AB1-AURKB	DBSRC-HSP90AB1-AURKB-0f92f306	29568061	PMC5864832	An AP-MS- and BioID-compatible MAC-tag enables comprehensive mapping of protein interactions and subcellular localizations	HSP90AB1::AURKB	HSP90AB1	AURKB	true	mac_tag_apms_bioid	exact_pair_found_in_inspected_supplement	xlsx:41467_2018_3523_MOESM4_ESM.xlsx:c:row_1318:same_row	retrieved_valid	complex_comember	affinity_purification_ms	support_only	weak	medium	high_throughput_screen;proximity_or_complex_only;complex_member_not_direct_binding	paper_default	reviewed_source_support_flow_later	yes	no		Physical-association or co-complex evidence only unless the exception state says otherwise; no client status is inferred.	true	false	SRCREV-2026-07-15-V6_108-PMID29568061-HSP90AB1-031
DBROUTE-v6_108-30021884-HSP90B1-CCDC171	DBSRC-HSP90B1-CCDC171-6c5edd70	30021884	PMC6166682	Histone Interaction Landscapes Visualized by Crosslinking Mass Spectrometry in Intact Cell Nuclei	HSP90B1::CCDC171	HSP90B1	CCDC171	true	nuclear_crosslinking_ms	exact_pair_not_found_by_automated_package_scan		retrieval_blocked_or_unavailable	assay_association_only	structural_complex	context_only	weak	low	crosslinking_ms;direct_binding_unclear;supplement_validation_required;organelle_carryover_risk	paper_default	retrieved_article_pair_result_not_locally_confirmed_recheck	no	yes		Physical-association or co-complex evidence only unless the exception state says otherwise; no client status is inferred.	true	false	SRCREV-2026-07-15-V6_108-PMID30021884-HSP90B1-032
DBROUTE-v6_108-30021884-HSP90B1-CNPY2	DBSRC-HSP90B1-CNPY2-6c5edd70	30021884	PMC6166682	Histone Interaction Landscapes Visualized by Crosslinking Mass Spectrometry in Intact Cell Nuclei	HSP90B1::CNPY2	HSP90B1	CNPY2	true	nuclear_crosslinking_ms	exact_pair_not_found_by_automated_package_scan		retrieval_blocked_or_unavailable	assay_association_only	structural_complex	context_only	weak	low	crosslinking_ms;direct_binding_unclear;supplement_validation_required;organelle_carryover_risk	paper_default	retrieved_article_pair_result_not_locally_confirmed_recheck	no	yes		Physical-association or co-complex evidence only unless the exception state says otherwise; no client status is inferred.	true	false	SRCREV-2026-07-15-V6_108-PMID30021884-HSP90B1-032
DBROUTE-v6_108-30021884-HSP90B1-HSPA5	DBSRC-HSP90B1-HSPA5-6c5edd70	30021884	PMC6166682	Histone Interaction Landscapes Visualized by Crosslinking Mass Spectrometry in Intact Cell Nuclei	HSP90B1::HSPA5	HSP90B1	HSPA5	true	nuclear_crosslinking_ms	exact_pair_not_found_by_automated_package_scan		retrieval_blocked_or_unavailable	assay_association_only	structural_complex	context_only	weak	low	crosslinking_ms;direct_binding_unclear;supplement_validation_required;organelle_carryover_risk	paper_default	retrieved_article_pair_result_not_locally_confirmed_recheck	no	yes		Physical-association or co-complex evidence only unless the exception state says otherwise; no client status is inferred.	true	false	SRCREV-2026-07-15-V6_108-PMID30021884-HSP90B1-032
DBROUTE-v6_108-30021884-HSP90B1-LIG3	DBSRC-HSP90B1-LIG3-6c5edd70	30021884	PMC6166682	Histone Interaction Landscapes Visualized by Crosslinking Mass Spectrometry in Intact Cell Nuclei	HSP90B1::LIG3	HSP90B1	LIG3	true	nuclear_crosslinking_ms	exact_pair_not_found_by_automated_package_scan		retrieval_blocked_or_unavailable	assay_association_only	structural_complex	context_only	weak	low	crosslinking_ms;direct_binding_unclear;supplement_validation_required;organelle_carryover_risk	paper_default	retrieved_article_pair_result_not_locally_confirmed_recheck	no	yes		Physical-association or co-complex evidence only unless the exception state says otherwise; no client status is inferred.	true	false	SRCREV-2026-07-15-V6_108-PMID30021884-HSP90B1-032
DBROUTE-v6_108-30021884-HSP90B1-STXBP2	DBSRC-HSP90B1-STXBP2-6c5edd70	30021884	PMC6166682	Histone Interaction Landscapes Visualized by Crosslinking Mass Spectrometry in Intact Cell Nuclei	HSP90B1::STXBP2	HSP90B1	STXBP2	true	nuclear_crosslinking_ms	exact_pair_not_found_by_automated_package_scan		retrieval_blocked_or_unavailable	assay_association_only	structural_complex	context_only	weak	low	crosslinking_ms;direct_binding_unclear;supplement_validation_required;organelle_carryover_risk	paper_default	retrieved_article_pair_result_not_locally_confirmed_recheck	no	yes		Physical-association or co-complex evidence only unless the exception state says otherwise; no client status is inferred.	true	false	SRCREV-2026-07-15-V6_108-PMID30021884-HSP90B1-032
DBROUTE-v6_108-30021884-TRAP1-HSPA9	DBSRC-TRAP1-HSPA9-6c5edd70	30021884	PMC6166682	Histone Interaction Landscapes Visualized by Crosslinking Mass Spectrometry in Intact Cell Nuclei	TRAP1::HSPA9	TRAP1	HSPA9	true	nuclear_crosslinking_ms	exact_pair_not_found_by_automated_package_scan		retrieval_blocked_or_unavailable	assay_association_only	structural_complex	context_only	weak	low	crosslinking_ms;direct_binding_unclear;supplement_validation_required;organelle_carryover_risk	paper_default	retrieved_article_pair_result_not_locally_confirmed_recheck	no	yes		Physical-association or co-complex evidence only unless the exception state says otherwise; no client status is inferred.	true	false	SRCREV-2026-07-15-V6_108-PMID30021884-TRAP1-033
DBROUTE-v6_108-31536960-HSP90B1-CALR	DBSRC-HSP90B1-CALR-1dbb4edb	31536960	PMC6831851	Rewiring of the Human Mitochondrial Interactome during Neuronal Reprogramming Reveals Regulators of the Respirasome and Neurogenesis	HSP90B1::CALR	HSP90B1	CALR	true	mitochondrial_cofractionation_ms	exact_pair_found_in_inspected_supplement	xlsx:mmc3.xlsx:DN PPI:row_1393:same_row;xlsx:mmc3.xlsx:ECSC PPI:row_2566:same_row;xlsx:mmc3.xlsx:PPIs to cell types:row_565:same_row;xlsx:mmc4.xlsx:Complex List:row_5:same_row;xlsx:mmc4.xlsx:Complexwise DNLC correlations:row_36:sheet_header_gene_row;xlsx:mmc4.xlsx:Complexwise DNLC correlations:row_5:same_row;xlsx:mmc4.xlsx:Complexwise ECSC correlations:row_36:sheet_header_gene_row;xlsx:mmc4.xlsx:Complexwise ECSC correlations:row_5:same_row;xlsx:mmc4.xlsx:Intra complex PPI:row_58:same_row	retrieved_valid	complex_comember	structural_complex	support_only	weak	medium	organelle_context;cofractionation_only;cell_state_specific;complex_member_not_direct_binding	paper_default	reviewed_source_support_flow_later	yes	no		Physical-association or co-complex evidence only unless the exception state says otherwise; no client status is inferred.	true	false	SRCREV-2026-07-15-V6_108-PMID31536960-HSP90B1-034
DBROUTE-v6_108-31536960-HSP90B1-CANX	DBSRC-HSP90B1-CANX-1dbb4edb	31536960	PMC6831851	Rewiring of the Human Mitochondrial Interactome during Neuronal Reprogramming Reveals Regulators of the Respirasome and Neurogenesis	HSP90B1::CANX	HSP90B1	CANX	true	mitochondrial_cofractionation_ms	exact_pair_found_in_inspected_supplement	xlsx:mmc3.xlsx:DF PPI:row_1447:same_row;xlsx:mmc3.xlsx:DN PPI:row_1394:same_row;xlsx:mmc3.xlsx:PPIs to cell types:row_235:same_row;xlsx:mmc4.xlsx:Complex List:row_25:sheet_header_gene_row;xlsx:mmc4.xlsx:Complex List:row_5:same_row;xlsx:mmc4.xlsx:Complex List:row_70:sheet_header_gene_row;xlsx:mmc4.xlsx:Complexwise DNLC correlations:row_320:sheet_header_gene_row;xlsx:mmc4.xlsx:Complexwise DNLC correlations:row_37:sheet_header_gene_row;xlsx:mmc4.xlsx:Complexwise DNLC correlations:row_519:sheet_header_gene_row;xlsx:mmc4.xlsx:Complexwise DNLC correlations:row_5:same_row;xlsx:mmc4.xlsx:Complexwise ECSC correlations:row_320:sheet_header_gene_row;xlsx:mmc4.xlsx:Complexwise ECSC correlations:row_37:sheet_header_gene_row;xlsx:mmc4.xlsx:Complexwise ECSC correlations:row_519:sheet_header_gene_row;xlsx:mmc4.xlsx:Complexwise ECSC correlations:row_5:same_row;xlsx:mmc4.xlsx:Intra complex PPI:row_1626:same_row	retrieved_valid	complex_comember	structural_complex	support_only	weak	medium	organelle_context;cofractionation_only;cell_state_specific;complex_member_not_direct_binding	paper_default	reviewed_source_support_flow_later	yes	no		Physical-association or co-complex evidence only unless the exception state says otherwise; no client status is inferred.	true	false	SRCREV-2026-07-15-V6_108-PMID31536960-HSP90B1-034
DBROUTE-v6_108-31536960-HSP90B1-PRDX4	DBSRC-HSP90B1-PRDX4-1dbb4edb	31536960	PMC6831851	Rewiring of the Human Mitochondrial Interactome during Neuronal Reprogramming Reveals Regulators of the Respirasome and Neurogenesis	HSP90B1::PRDX4	HSP90B1	PRDX4	true	mitochondrial_cofractionation_ms	exact_pair_found_in_inspected_supplement	xlsx:mmc3.xlsx:ECSC PPI:row_3254:same_row;xlsx:mmc4.xlsx:Complex List:row_17:sheet_header_gene_row;xlsx:mmc4.xlsx:Complex List:row_22:sheet_header_gene_row;xlsx:mmc4.xlsx:Complexwise DNLC correlations:row_251:sheet_header_gene_row;xlsx:mmc4.xlsx:Complexwise DNLC correlations:row_297:sheet_header_gene_row;xlsx:mmc4.xlsx:Complexwise DNLC correlations:row_5:same_row;xlsx:mmc4.xlsx:Complexwise ECSC correlations:row_251:sheet_header_gene_row;xlsx:mmc4.xlsx:Complexwise ECSC correlations:row_297:sheet_header_gene_row;xlsx:mmc4.xlsx:Complexwise ECSC correlations:row_5:same_row	retrieved_valid	complex_comember	structural_complex	support_only	weak	medium	organelle_context;cofractionation_only;cell_state_specific;complex_member_not_direct_binding	paper_default	reviewed_source_support_flow_later	yes	no		Physical-association or co-complex evidence only unless the exception state says otherwise; no client status is inferred.	true	false	SRCREV-2026-07-15-V6_108-PMID31536960-HSP90B1-034
DBROUTE-v6_108-31536960-HSP90B1-TOMM22	DBSRC-HSP90B1-TOMM22-1dbb4edb	31536960	PMC6831851	Rewiring of the Human Mitochondrial Interactome during Neuronal Reprogramming Reveals Regulators of the Respirasome and Neurogenesis	HSP90B1::TOMM22	HSP90B1	TOMM22	true	mitochondrial_cofractionation_ms	exact_pair_found_in_inspected_supplement	xlsx:mmc3.xlsx:DF PPI:row_2079:same_row;xlsx:mmc3.xlsx:DN PPI:row_1410:same_row;xlsx:mmc3.xlsx:PPIs to cell types:row_1677:same_row;xlsx:mmc4.xlsx:Complex List:row_139:sheet_header_gene_row;xlsx:mmc4.xlsx:Complex List:row_140:sheet_header_gene_row;xlsx:mmc4.xlsx:Complex List:row_141:sheet_header_gene_row;xlsx:mmc4.xlsx:Complex List:row_142:sheet_header_gene_row;xlsx:mmc4.xlsx:Complex List:row_143:sheet_header_gene_row;xlsx:mmc4.xlsx:Complex List:row_16:sheet_header_gene_row;xlsx:mmc4.xlsx:Complex List:row_19:sheet_header_gene_row;xlsx:mmc4.xlsx:Complex List:row_31:sheet_header_gene_row;xlsx:mmc4.xlsx:Complex List:row_33:sheet_header_gene_row;xlsx:mmc4.xlsx:Complex List:row_37:sheet_header_gene_row;xlsx:mmc4.xlsx:Complex List:row_5:same_row;xlsx:mmc4.xlsx:Complex List:row_60:sheet_header_gene_row;xlsx:mmc4.xlsx:Complex List:row_66:sheet_header_gene_row;xlsx:mmc4.xlsx:Complex List:row_68:sheet_header_gene_row;xlsx:mmc4.xlsx:Complex List:row_69:sheet_header_gene_row;xlsx:mmc4.xlsx:Complexwise DNLC correlations:row_244:sheet_header_gene_row;xlsx:mmc4.xlsx:Complexwise DNLC correlations:row_273:sheet_header_gene_row	retrieved_valid	complex_comember	structural_complex	support_only	weak	medium	organelle_context;cofractionation_only;cell_state_specific;complex_member_not_direct_binding	paper_default	reviewed_source_support_flow_later	yes	no		Physical-association or co-complex evidence only unless the exception state says otherwise; no client status is inferred.	true	false	SRCREV-2026-07-15-V6_108-PMID31536960-HSP90B1-034
DBROUTE-v6_108-31536960-TRAP1-ECHS1	DBSRC-TRAP1-ECHS1-1dbb4edb	31536960	PMC6831851	Rewiring of the Human Mitochondrial Interactome during Neuronal Reprogramming Reveals Regulators of the Respirasome and Neurogenesis	TRAP1::ECHS1	TRAP1	ECHS1	true	mitochondrial_cofractionation_ms	exact_pair_found_in_inspected_supplement	xlsx:mmc3.xlsx:DN PPI:row_922:same_row;xlsx:mmc3.xlsx:PPIs to cell types:row_2806:same_row;xlsx:mmc4.xlsx:Complex List:row_7:same_row;xlsx:mmc4.xlsx:Complexwise DNLC correlations:row_105:sheet_header_gene_row;xlsx:mmc4.xlsx:Complexwise DNLC correlations:row_5:same_row;xlsx:mmc4.xlsx:Complexwise ECSC correlations:row_105:sheet_header_gene_row;xlsx:mmc4.xlsx:Complexwise ECSC correlations:row_5:same_row;xlsx:mmc4.xlsx:Intra complex PPI:row_1897:same_row	retrieved_valid	complex_comember	structural_complex	support_only	weak	medium	organelle_context;cofractionation_only;cell_state_specific;complex_member_not_direct_binding	paper_default	reviewed_source_support_flow_later	yes	no		Physical-association or co-complex evidence only unless the exception state says otherwise; no client status is inferred.	true	false	SRCREV-2026-07-15-V6_108-PMID31536960-TRAP1-035
DBROUTE-v6_108-31536960-TRAP1-IDH1	DBSRC-TRAP1-IDH1-1dbb4edb	31536960	PMC6831851	Rewiring of the Human Mitochondrial Interactome during Neuronal Reprogramming Reveals Regulators of the Respirasome and Neurogenesis	TRAP1::IDH1	TRAP1	IDH1	true	mitochondrial_cofractionation_ms	exact_pair_found_in_inspected_supplement	xlsx:mmc3.xlsx:DN PPI:row_1471:same_row;xlsx:mmc3.xlsx:PPIs to cell types:row_2188:same_row;xlsx:mmc4.xlsx:Complex List:row_7:same_row;xlsx:mmc4.xlsx:Complexwise DNLC correlations:row_5:same_row;xlsx:mmc4.xlsx:Complexwise DNLC correlations:row_97:sheet_header_gene_row;xlsx:mmc4.xlsx:Complexwise ECSC correlations:row_5:same_row;xlsx:mmc4.xlsx:Complexwise ECSC correlations:row_97:sheet_header_gene_row;xlsx:mmc4.xlsx:Intra complex PPI:row_892:same_row	retrieved_valid	complex_comember	structural_complex	support_only	weak	medium	organelle_context;cofractionation_only;cell_state_specific;complex_member_not_direct_binding	paper_default	reviewed_source_support_flow_later	yes	no		Physical-association or co-complex evidence only unless the exception state says otherwise; no client status is inferred.	true	false	SRCREV-2026-07-15-V6_108-PMID31536960-TRAP1-035
DBROUTE-v6_108-31536960-TRAP1-TXNRD2	DBSRC-TRAP1-TXNRD2-1dbb4edb	31536960	PMC6831851	Rewiring of the Human Mitochondrial Interactome during Neuronal Reprogramming Reveals Regulators of the Respirasome and Neurogenesis	TRAP1::TXNRD2	TRAP1	TXNRD2	true	mitochondrial_cofractionation_ms	exact_pair_found_in_inspected_supplement	xlsx:mmc3.xlsx:DN PPI:row_2920:same_row;xlsx:mmc3.xlsx:PPIs to cell types:row_1587:same_row;xlsx:mmc4.xlsx:Complex List:row_7:same_row;xlsx:mmc4.xlsx:Complexwise DNLC correlations:row_114:sheet_header_gene_row;xlsx:mmc4.xlsx:Complexwise DNLC correlations:row_5:same_row;xlsx:mmc4.xlsx:Complexwise ECSC correlations:row_114:sheet_header_gene_row;xlsx:mmc4.xlsx:Complexwise ECSC correlations:row_5:same_row;xlsx:mmc4.xlsx:Intra complex PPI:row_2311:same_row	retrieved_valid	complex_comember	structural_complex	support_only	weak	medium	organelle_context;cofractionation_only;cell_state_specific;complex_member_not_direct_binding	paper_default	reviewed_source_support_flow_later	yes	no		Physical-association or co-complex evidence only unless the exception state says otherwise; no client status is inferred.	true	false	SRCREV-2026-07-15-V6_108-PMID31536960-TRAP1-035
DBROUTE-v6_108-31980649-HSP90AA1-AKT1	DBSRC-HSP90AA1-AKT1-3257f72e	31980649	PMC6981206	Extensive rewiring of the EGFR network in colorectal cancer cells expressing transforming levels of KRASG13D	HSP90AA1::AKT1	HSP90AA1	AKT1	true	egfr_kras_apms_myth_network	exact_pair_found_in_inspected_supplement	xlsx:41467_2019_14224_MOESM12_ESM.xlsx:HCT116 (SRR5252348):row_2797:same_row;xlsx:41467_2019_14224_MOESM15_ESM.xlsx:Pathway analysis:row_100:same_row;xlsx:41467_2019_14224_MOESM15_ESM.xlsx:Pathway analysis:row_101:same_row;xlsx:41467_2019_14224_MOESM15_ESM.xlsx:Pathway analysis:row_102:sheet_header_gene_row;xlsx:41467_2019_14224_MOESM15_ESM.xlsx:Pathway analysis:row_107:sheet_header_gene_row;xlsx:41467_2019_14224_MOESM15_ESM.xlsx:Pathway analysis:row_109:sheet_header_gene_row;xlsx:41467_2019_14224_MOESM15_ESM.xlsx:Pathway analysis:row_110:sheet_header_gene_row;xlsx:41467_2019_14224_MOESM15_ESM.xlsx:Pathway analysis:row_114:same_row;xlsx:41467_2019_14224_MOESM15_ESM.xlsx:Pathway analysis:row_115:sheet_header_gene_row;xlsx:41467_2019_14224_MOESM15_ESM.xlsx:Pathway analysis:row_118:sheet_header_gene_row;xlsx:41467_2019_14224_MOESM15_ESM.xlsx:Pathway analysis:row_119:sheet_header_gene_row;xlsx:41467_2019_14224_MOESM15_ESM.xlsx:Pathway analysis:row_124:sheet_header_gene_row;xlsx:41467_2019_14224_MOESM15_ESM.xlsx:Pathway analysis:row_125:sheet_header_gene_row;xlsx:41467_2019_14224_MOESM15_ESM.xlsx:Pathway analysis:row_131:same_row;xlsx:41467_2019_14224_MOESM15_ESM.xlsx:Pathway analysis:row_137:sheet_header_gene_row;xlsx:41467_2019_14224_MOESM15_ESM.xlsx:Pathway analysis:row_138:sheet_header_gene_row;xlsx:41467_2019_14224_MOESM15_ESM.xlsx:Pathway analysis:row_144:sheet_header_gene_row;xlsx:41467_2019_14224_MOESM15_ESM.xlsx:Pathway analysis:row_145:sheet_header_gene_row;xlsx:41467_2019_14224_MOESM15_ESM.xlsx:Pathway analysis:row_147:sheet_header_gene_row;xlsx:41467_2019_14224_MOESM15_ESM.xlsx:Pathway analysis:row_148:sheet_header_gene_row	retrieved_valid	complex_comember	affinity_purification_ms	support_only	weak	medium	high_throughput_screen;disease_specific;mutant_specific;complex_member_not_direct_binding	paper_default	reviewed_source_support_flow_later	yes	no		Physical-association or co-complex evidence only unless the exception state says otherwise; no client status is inferred.	true	false	SRCREV-2026-07-15-V6_108-PMID31980649-HSP90AA1-036
DBROUTE-v6_108-31980649-HSP90AA1-ARAF	DBSRC-HSP90AA1-ARAF-3257f72e	31980649	PMC6981206	Extensive rewiring of the EGFR network in colorectal cancer cells expressing transforming levels of KRASG13D	HSP90AA1::ARAF	HSP90AA1	ARAF	true	egfr_kras_apms_myth_network	exact_pair_found_in_inspected_supplement	xlsx:41467_2019_14224_MOESM15_ESM.xlsx:Pathway analysis:row_102:sheet_header_gene_row;xlsx:41467_2019_14224_MOESM15_ESM.xlsx:Pathway analysis:row_106:sheet_header_gene_row;xlsx:41467_2019_14224_MOESM15_ESM.xlsx:Pathway analysis:row_209:sheet_header_gene_row;xlsx:41467_2019_14224_MOESM15_ESM.xlsx:Pathway analysis:row_247:sheet_header_gene_row;xlsx:41467_2019_14224_MOESM15_ESM.xlsx:Pathway analysis:row_293:sheet_header_gene_row;xlsx:41467_2019_14224_MOESM15_ESM.xlsx:Pathway analysis:row_360:sheet_header_gene_row;xlsx:41467_2019_14224_MOESM15_ESM.xlsx:Pathway analysis:row_384:same_row;xlsx:41467_2019_14224_MOESM15_ESM.xlsx:Pathway analysis:row_386:sheet_header_gene_row;xlsx:41467_2019_14224_MOESM15_ESM.xlsx:Pathway analysis:row_387:sheet_header_gene_row;xlsx:41467_2019_14224_MOESM15_ESM.xlsx:Pathway analysis:row_88:sheet_header_gene_row;xlsx:41467_2019_14224_MOESM16_ESM.xlsx:APMS_mtKRAS-Hi:row_112:same_row;xlsx:41467_2019_14224_MOESM16_ESM.xlsx:APMS_mtKRAS-Hi:row_51:same_row;xlsx:41467_2019_14224_MOESM16_ESM.xlsx:APMS_mtKRAS-Lo:row_106:same_row;xlsx:41467_2019_14224_MOESM16_ESM.xlsx:APMS_mtKRAS-Lo:row_57:same_row;xlsx:41467_2019_14224_MOESM18_ESM.xlsx:IF_scatterplot_table:row_66:sheet_header_gene_row;xlsx:41467_2019_14224_MOESM27_ESM.xlsx:Fig2B:row_72:same_row;xlsx:41467_2019_14224_MOESM6_ESM.xlsx:mtKRAS_Hi interactions:row_73:same_row;xlsx:41467_2019_14224_MOESM6_ESM.xlsx:mtKRAS_Lo interactions:row_72:same_row;xlsx:41467_2019_14224_MOESM8_ESM.xlsx:Union network:row_71:same_row;xlsx:41467_2019_14224_MOESM9_ESM.xlsx:Rewired interactions:row_1366:same_row	retrieved_valid	complex_comember	affinity_purification_ms	support_only	weak	medium	high_throughput_screen;disease_specific;mutant_specific;complex_member_not_direct_binding	paper_default	reviewed_source_support_flow_later	yes	no		Physical-association or co-complex evidence only unless the exception state says otherwise; no client status is inferred.	true	false	SRCREV-2026-07-15-V6_108-PMID31980649-HSP90AA1-036
DBROUTE-v6_108-31980649-HSP90AA1-AXL	DBSRC-HSP90AA1-AXL-3257f72e	31980649	PMC6981206	Extensive rewiring of the EGFR network in colorectal cancer cells expressing transforming levels of KRASG13D	HSP90AA1::AXL	HSP90AA1	AXL	true	egfr_kras_apms_myth_network	exact_pair_found_in_inspected_supplement	xlsx:41467_2019_14224_MOESM16_ESM.xlsx:APMS_mtKRAS-Hi:row_113:same_row;xlsx:41467_2019_14224_MOESM16_ESM.xlsx:APMS_mtKRAS-Hi:row_52:same_row;xlsx:41467_2019_14224_MOESM16_ESM.xlsx:APMS_mtKRAS-Lo:row_107:same_row;xlsx:41467_2019_14224_MOESM16_ESM.xlsx:APMS_mtKRAS-Lo:row_58:same_row;xlsx:41467_2019_14224_MOESM18_ESM.xlsx:IF_mtKRAS-Hi:row_24:sheet_header_gene_row;xlsx:41467_2019_14224_MOESM18_ESM.xlsx:IF_scatterplot_table:row_80:sheet_header_gene_row;xlsx:41467_2019_14224_MOESM27_ESM.xlsx:Fig2B:row_119:same_row;xlsx:41467_2019_14224_MOESM27_ESM.xlsx:Fig5B:row_23:sheet_header_gene_row;xlsx:41467_2019_14224_MOESM6_ESM.xlsx:mtKRAS_Hi interactions:row_96:same_row;xlsx:41467_2019_14224_MOESM6_ESM.xlsx:mtKRAS_Lo interactions:row_89:same_row;xlsx:41467_2019_14224_MOESM8_ESM.xlsx:Union network:row_118:same_row	retrieved_valid	complex_comember	affinity_purification_ms	support_only	weak	medium	high_throughput_screen;disease_specific;mutant_specific;complex_member_not_direct_binding	paper_default	reviewed_source_support_flow_later	yes	no		Physical-association or co-complex evidence only unless the exception state says otherwise; no client status is inferred.	true	false	SRCREV-2026-07-15-V6_108-PMID31980649-HSP90AA1-036
DBROUTE-v6_108-31980649-HSP90AA1-BRAF	DBSRC-HSP90AA1-BRAF-3257f72e	31980649	PMC6981206	Extensive rewiring of the EGFR network in colorectal cancer cells expressing transforming levels of KRASG13D	HSP90AA1::BRAF	HSP90AA1	BRAF	true	egfr_kras_apms_myth_network	exact_pair_found_in_inspected_supplement	xlsx:41467_2019_14224_MOESM16_ESM.xlsx:APMS_mtKRAS-Hi:row_116:same_row;xlsx:41467_2019_14224_MOESM16_ESM.xlsx:APMS_mtKRAS-Hi:row_55:same_row;xlsx:41467_2019_14224_MOESM16_ESM.xlsx:APMS_mtKRAS-Hi:row_92:same_row;xlsx:41467_2019_14224_MOESM16_ESM.xlsx:APMS_mtKRAS-Lo:row_109:same_row;xlsx:41467_2019_14224_MOESM16_ESM.xlsx:APMS_mtKRAS-Lo:row_60:same_row;xlsx:41467_2019_14224_MOESM16_ESM.xlsx:APMS_mtKRAS-Lo:row_90:same_row;xlsx:41467_2019_14224_MOESM18_ESM.xlsx:IF_scatterplot_table:row_48:sheet_header_gene_row;xlsx:41467_2019_14224_MOESM27_ESM.xlsx:Fig2B:row_262:same_row;xlsx:41467_2019_14224_MOESM27_ESM.xlsx:Fig6C:row_13:same_row;xlsx:41467_2019_14224_MOESM27_ESM.xlsx:Fig6C:row_14:sheet_header_gene_row;xlsx:41467_2019_14224_MOESM27_ESM.xlsx:Fig6C:row_15:sheet_header_gene_row;xlsx:41467_2019_14224_MOESM27_ESM.xlsx:Fig6C:row_16:sheet_header_gene_row;xlsx:41467_2019_14224_MOESM27_ESM.xlsx:Fig6C:row_17:sheet_header_gene_row;xlsx:41467_2019_14224_MOESM27_ESM.xlsx:Fig6C:row_18:sheet_header_gene_row;xlsx:41467_2019_14224_MOESM27_ESM.xlsx:Fig6C:row_19:sheet_header_gene_row;xlsx:41467_2019_14224_MOESM27_ESM.xlsx:Fig6C:row_20:sheet_header_gene_row;xlsx:41467_2019_14224_MOESM27_ESM.xlsx:Fig6C:row_21:sheet_header_gene_row;xlsx:41467_2019_14224_MOESM27_ESM.xlsx:Fig6C:row_22:sheet_header_gene_row;xlsx:41467_2019_14224_MOESM27_ESM.xlsx:Fig6C:row_23:sheet_header_gene_row;xlsx:41467_2019_14224_MOESM27_ESM.xlsx:Fig6C:row_24:sheet_header_gene_row	retrieved_valid	complex_comember	affinity_purification_ms	support_only	weak	medium	high_throughput_screen;disease_specific;mutant_specific;complex_member_not_direct_binding	paper_default	reviewed_source_support_flow_later	yes	no		Physical-association or co-complex evidence only unless the exception state says otherwise; no client status is inferred.	true	false	SRCREV-2026-07-15-V6_108-PMID31980649-HSP90AA1-036
DBROUTE-v6_108-31980649-HSP90AA1-CAMK2A	DBSRC-HSP90AA1-CAMK2A-3257f72e	31980649	PMC6981206	Extensive rewiring of the EGFR network in colorectal cancer cells expressing transforming levels of KRASG13D	HSP90AA1::CAMK2A	HSP90AA1	CAMK2A	true	egfr_kras_apms_myth_network	exact_pair_found_in_inspected_supplement	xlsx:41467_2019_14224_MOESM15_ESM.xlsx:Pathway analysis:row_102:sheet_header_gene_row;xlsx:41467_2019_14224_MOESM15_ESM.xlsx:Pathway analysis:row_112:sheet_header_gene_row;xlsx:41467_2019_14224_MOESM15_ESM.xlsx:Pathway analysis:row_114:same_row;xlsx:41467_2019_14224_MOESM15_ESM.xlsx:Pathway analysis:row_134:same_row;xlsx:41467_2019_14224_MOESM15_ESM.xlsx:Pathway analysis:row_146:same_row;xlsx:41467_2019_14224_MOESM15_ESM.xlsx:Pathway analysis:row_149:sheet_header_gene_row;xlsx:41467_2019_14224_MOESM15_ESM.xlsx:Pathway analysis:row_168:sheet_header_gene_row;xlsx:41467_2019_14224_MOESM15_ESM.xlsx:Pathway analysis:row_180:sheet_header_gene_row;xlsx:41467_2019_14224_MOESM15_ESM.xlsx:Pathway analysis:row_199:sheet_header_gene_row;xlsx:41467_2019_14224_MOESM15_ESM.xlsx:Pathway analysis:row_210:sheet_header_gene_row;xlsx:41467_2019_14224_MOESM15_ESM.xlsx:Pathway analysis:row_215:sheet_header_gene_row;xlsx:41467_2019_14224_MOESM15_ESM.xlsx:Pathway analysis:row_256:sheet_header_gene_row;xlsx:41467_2019_14224_MOESM15_ESM.xlsx:Pathway analysis:row_293:sheet_header_gene_row;xlsx:41467_2019_14224_MOESM15_ESM.xlsx:Pathway analysis:row_298:sheet_header_gene_row;xlsx:41467_2019_14224_MOESM15_ESM.xlsx:Pathway analysis:row_299:sheet_header_gene_row;xlsx:41467_2019_14224_MOESM15_ESM.xlsx:Pathway analysis:row_306:same_row;xlsx:41467_2019_14224_MOESM15_ESM.xlsx:Pathway analysis:row_313:sheet_header_gene_row;xlsx:41467_2019_14224_MOESM15_ESM.xlsx:Pathway analysis:row_338:sheet_header_gene_row;xlsx:41467_2019_14224_MOESM15_ESM.xlsx:Pathway analysis:row_33:sheet_header_gene_row;xlsx:41467_2019_14224_MOESM15_ESM.xlsx:Pathway analysis:row_375:sheet_header_gene_row	retrieved_valid	complex_comember	affinity_purification_ms	support_only	weak	medium	high_throughput_screen;disease_specific;mutant_specific;complex_member_not_direct_binding	paper_default	reviewed_source_support_flow_later	yes	no		Physical-association or co-complex evidence only unless the exception state says otherwise; no client status is inferred.	true	false	SRCREV-2026-07-15-V6_108-PMID31980649-HSP90AA1-036
DBROUTE-v6_108-31980649-HSP90AA1-EGFR	DBSRC-HSP90AA1-EGFR-3257f72e	31980649	PMC6981206	Extensive rewiring of the EGFR network in colorectal cancer cells expressing transforming levels of KRASG13D	HSP90AA1::EGFR	HSP90AA1	EGFR	true	egfr_kras_apms_myth_network	exact_pair_found_in_inspected_supplement	article_text;xlsx:41467_2019_14224_MOESM15_ESM.xlsx:Pathway analysis:row_182:sheet_header_gene_row;xlsx:41467_2019_14224_MOESM15_ESM.xlsx:Pathway analysis:row_261:sheet_header_gene_row;xlsx:41467_2019_14224_MOESM15_ESM.xlsx:Pathway analysis:row_271:same_row;xlsx:41467_2019_14224_MOESM15_ESM.xlsx:Pathway analysis:row_301:sheet_header_gene_row;xlsx:41467_2019_14224_MOESM15_ESM.xlsx:Pathway analysis:row_47:same_row;xlsx:41467_2019_14224_MOESM15_ESM.xlsx:Pathway analysis:row_61:sheet_header_gene_row;xlsx:41467_2019_14224_MOESM16_ESM.xlsx:APMS_mtKRAS-Hi:row_119:same_row;xlsx:41467_2019_14224_MOESM16_ESM.xlsx:APMS_mtKRAS-Hi:row_58:same_row;xlsx:41467_2019_14224_MOESM27_ESM.xlsx:Fig2B:row_778:same_row;xlsx:41467_2019_14224_MOESM6_ESM.xlsx:mtKRAS_Hi interactions:row_593:same_row;xlsx:41467_2019_14224_MOESM7_ESM.xlsx:MYTH Interactome:row_389:same_row;xlsx:41467_2019_14224_MOESM8_ESM.xlsx:Union network:row_777:same_row	retrieved_valid	complex_comember	affinity_purification_ms	support_only	weak	medium	high_throughput_screen;disease_specific;mutant_specific;complex_member_not_direct_binding	paper_default	reviewed_source_support_flow_later	yes	no		Physical-association or co-complex evidence only unless the exception state says otherwise; no client status is inferred.	true	false	SRCREV-2026-07-15-V6_108-PMID31980649-HSP90AA1-036
DBROUTE-v6_108-31980649-HSP90AA1-FGR	DBSRC-HSP90AA1-FGR-3257f72e	31980649	PMC6981206	Extensive rewiring of the EGFR network in colorectal cancer cells expressing transforming levels of KRASG13D	HSP90AA1::FGR	HSP90AA1	FGR	true	egfr_kras_apms_myth_network	exact_pair_found_in_inspected_supplement	xlsx:41467_2019_14224_MOESM16_ESM.xlsx:APMS_mtKRAS-Hi:row_103:same_row;xlsx:41467_2019_14224_MOESM16_ESM.xlsx:APMS_mtKRAS-Hi:row_29:same_row;xlsx:41467_2019_14224_MOESM16_ESM.xlsx:APMS_mtKRAS-Hi:row_59:same_row;xlsx:41467_2019_14224_MOESM16_ESM.xlsx:APMS_mtKRAS-Lo:row_112:same_row;xlsx:41467_2019_14224_MOESM16_ESM.xlsx:APMS_mtKRAS-Lo:row_63:same_row;xlsx:41467_2019_14224_MOESM18_ESM.xlsx:IF_scatterplot_table:row_57:sheet_header_gene_row;xlsx:41467_2019_14224_MOESM27_ESM.xlsx:Fig2B:row_993:same_row;xlsx:41467_2019_14224_MOESM27_ESM.xlsx:Fig6C:row_192:sheet_header_gene_row;xlsx:41467_2019_14224_MOESM27_ESM.xlsx:Fig6C:row_46:sheet_header_gene_row;xlsx:41467_2019_14224_MOESM27_ESM.xlsx:Fig6C:row_47:sheet_header_gene_row;xlsx:41467_2019_14224_MOESM27_ESM.xlsx:Fig6C:row_48:sheet_header_gene_row;xlsx:41467_2019_14224_MOESM27_ESM.xlsx:Fig6C:row_49:sheet_header_gene_row;xlsx:41467_2019_14224_MOESM27_ESM.xlsx:Fig6C:row_50:sheet_header_gene_row;xlsx:41467_2019_14224_MOESM27_ESM.xlsx:Fig6C:row_51:sheet_header_gene_row;xlsx:41467_2019_14224_MOESM27_ESM.xlsx:Fig6C:row_52:sheet_header_gene_row;xlsx:41467_2019_14224_MOESM27_ESM.xlsx:Fig6C:row_53:sheet_header_gene_row;xlsx:41467_2019_14224_MOESM27_ESM.xlsx:Fig6C:row_54:sheet_header_gene_row;xlsx:41467_2019_14224_MOESM27_ESM.xlsx:Fig6C:row_55:sheet_header_gene_row;xlsx:41467_2019_14224_MOESM27_ESM.xlsx:Fig6C:row_56:sheet_header_gene_row;xlsx:41467_2019_14224_MOESM27_ESM.xlsx:Fig6C:row_57:sheet_header_gene_row	retrieved_valid	complex_comember	affinity_purification_ms	support_only	weak	medium	high_throughput_screen;disease_specific;mutant_specific;complex_member_not_direct_binding	paper_default	reviewed_source_support_flow_later	yes	no		Physical-association or co-complex evidence only unless the exception state says otherwise; no client status is inferred.	true	false	SRCREV-2026-07-15-V6_108-PMID31980649-HSP90AA1-036
DBROUTE-v6_108-31980649-HSP90AA1-FYN	DBSRC-HSP90AA1-FYN-3257f72e	31980649	PMC6981206	Extensive rewiring of the EGFR network in colorectal cancer cells expressing transforming levels of KRASG13D	HSP90AA1::FYN	HSP90AA1	FYN	true	egfr_kras_apms_myth_network	exact_pair_found_in_inspected_supplement	xlsx:41467_2019_14224_MOESM16_ESM.xlsx:APMS_mtKRAS-Hi:row_120:same_row;xlsx:41467_2019_14224_MOESM16_ESM.xlsx:APMS_mtKRAS-Hi:row_60:same_row;xlsx:41467_2019_14224_MOESM16_ESM.xlsx:APMS_mtKRAS-Lo:row_113:same_row;xlsx:41467_2019_14224_MOESM16_ESM.xlsx:APMS_mtKRAS-Lo:row_64:same_row;xlsx:41467_2019_14224_MOESM18_ESM.xlsx:IF_mtKRAS-Hi:row_16:sheet_header_gene_row;xlsx:41467_2019_14224_MOESM18_ESM.xlsx:IF_scatterplot_table:row_34:sheet_header_gene_row;xlsx:41467_2019_14224_MOESM27_ESM.xlsx:Fig2B:row_1051:same_row;xlsx:41467_2019_14224_MOESM27_ESM.xlsx:Fig5B:row_15:sheet_header_gene_row;xlsx:41467_2019_14224_MOESM27_ESM.xlsx:Fig6A:row_175:same_row;xlsx:41467_2019_14224_MOESM6_ESM.xlsx:mtKRAS_Hi interactions:row_808:same_row;xlsx:41467_2019_14224_MOESM6_ESM.xlsx:mtKRAS_Lo interactions:row_658:same_row;xlsx:41467_2019_14224_MOESM8_ESM.xlsx:Union network:row_1050:same_row	retrieved_valid	complex_comember	affinity_purification_ms	support_only	weak	medium	high_throughput_screen;disease_specific;mutant_specific;complex_member_not_direct_binding	paper_default	reviewed_source_support_flow_later	yes	no		Physical-association or co-complex evidence only unless the exception state says otherwise; no client status is inferred.	true	false	SRCREV-2026-07-15-V6_108-PMID31980649-HSP90AA1-036
DBROUTE-v6_108-31980649-HSP90AA1-HCK	DBSRC-HSP90AA1-HCK-3257f72e	31980649	PMC6981206	Extensive rewiring of the EGFR network in colorectal cancer cells expressing transforming levels of KRASG13D	HSP90AA1::HCK	HSP90AA1	HCK	true	egfr_kras_apms_myth_network	exact_pair_found_in_inspected_supplement	xlsx:41467_2019_14224_MOESM16_ESM.xlsx:APMS_mtKRAS-Hi:row_121:same_row;xlsx:41467_2019_14224_MOESM16_ESM.xlsx:APMS_mtKRAS-Hi:row_61:same_row;xlsx:41467_2019_14224_MOESM16_ESM.xlsx:APMS_mtKRAS-Lo:row_114:same_row;xlsx:41467_2019_14224_MOESM16_ESM.xlsx:APMS_mtKRAS-Lo:row_65:same_row;xlsx:41467_2019_14224_MOESM18_ESM.xlsx:IF_scatterplot_table:row_36:sheet_header_gene_row;xlsx:41467_2019_14224_MOESM27_ESM.xlsx:Fig2B:row_1336:same_row;xlsx:41467_2019_14224_MOESM27_ESM.xlsx:Fig6C:row_194:sheet_header_gene_row;xlsx:41467_2019_14224_MOESM6_ESM.xlsx:mtKRAS_Hi interactions:row_1032:same_row;xlsx:41467_2019_14224_MOESM6_ESM.xlsx:mtKRAS_Lo interactions:row_833:same_row;xlsx:41467_2019_14224_MOESM8_ESM.xlsx:Union network:row_1335:same_row	retrieved_valid	complex_comember	affinity_purification_ms	support_only	weak	medium	high_throughput_screen;disease_specific;mutant_specific;complex_member_not_direct_binding	paper_default	reviewed_source_support_flow_later	yes	no		Physical-association or co-complex evidence only unless the exception state says otherwise; no client status is inferred.	true	false	SRCREV-2026-07-15-V6_108-PMID31980649-HSP90AA1-036
DBROUTE-v6_108-31980649-HSP90AA1-LCK	DBSRC-HSP90AA1-LCK-3257f72e	31980649	PMC6981206	Extensive rewiring of the EGFR network in colorectal cancer cells expressing transforming levels of KRASG13D	HSP90AA1::LCK	HSP90AA1	LCK	true	egfr_kras_apms_myth_network	exact_pair_found_in_inspected_supplement	xlsx:41467_2019_14224_MOESM15_ESM.xlsx:Pathway analysis:row_101:same_row;xlsx:41467_2019_14224_MOESM15_ESM.xlsx:Pathway analysis:row_107:sheet_header_gene_row;xlsx:41467_2019_14224_MOESM15_ESM.xlsx:Pathway analysis:row_109:sheet_header_gene_row;xlsx:41467_2019_14224_MOESM15_ESM.xlsx:Pathway analysis:row_114:same_row;xlsx:41467_2019_14224_MOESM15_ESM.xlsx:Pathway analysis:row_125:sheet_header_gene_row;xlsx:41467_2019_14224_MOESM15_ESM.xlsx:Pathway analysis:row_136:sheet_header_gene_row;xlsx:41467_2019_14224_MOESM15_ESM.xlsx:Pathway analysis:row_140:sheet_header_gene_row;xlsx:41467_2019_14224_MOESM15_ESM.xlsx:Pathway analysis:row_145:sheet_header_gene_row;xlsx:41467_2019_14224_MOESM15_ESM.xlsx:Pathway analysis:row_147:sheet_header_gene_row;xlsx:41467_2019_14224_MOESM15_ESM.xlsx:Pathway analysis:row_152:sheet_header_gene_row;xlsx:41467_2019_14224_MOESM15_ESM.xlsx:Pathway analysis:row_164:sheet_header_gene_row;xlsx:41467_2019_14224_MOESM15_ESM.xlsx:Pathway analysis:row_181:same_row;xlsx:41467_2019_14224_MOESM15_ESM.xlsx:Pathway analysis:row_207:sheet_header_gene_row;xlsx:41467_2019_14224_MOESM15_ESM.xlsx:Pathway analysis:row_208:sheet_header_gene_row;xlsx:41467_2019_14224_MOESM15_ESM.xlsx:Pathway analysis:row_210:sheet_header_gene_row;xlsx:41467_2019_14224_MOESM15_ESM.xlsx:Pathway analysis:row_216:sheet_header_gene_row;xlsx:41467_2019_14224_MOESM15_ESM.xlsx:Pathway analysis:row_231:sheet_header_gene_row;xlsx:41467_2019_14224_MOESM15_ESM.xlsx:Pathway analysis:row_233:sheet_header_gene_row;xlsx:41467_2019_14224_MOESM15_ESM.xlsx:Pathway analysis:row_237:sheet_header_gene_row;xlsx:41467_2019_14224_MOESM15_ESM.xlsx:Pathway analysis:row_255:sheet_header_gene_row	retrieved_valid	complex_comember	affinity_purification_ms	support_only	weak	medium	high_throughput_screen;disease_specific;mutant_specific;complex_member_not_direct_binding	paper_default	reviewed_source_support_flow_later	yes	no		Physical-association or co-complex evidence only unless the exception state says otherwise; no client status is inferred.	true	false	SRCREV-2026-07-15-V6_108-PMID31980649-HSP90AA1-036
DBROUTE-v6_108-31980649-HSP90AA1-LYN	DBSRC-HSP90AA1-LYN-3257f72e	31980649	PMC6981206	Extensive rewiring of the EGFR network in colorectal cancer cells expressing transforming levels of KRASG13D	HSP90AA1::LYN	HSP90AA1	LYN	true	egfr_kras_apms_myth_network	exact_pair_found_in_inspected_supplement	xlsx:41467_2019_14224_MOESM15_ESM.xlsx:Pathway analysis:row_107:sheet_header_gene_row;xlsx:41467_2019_14224_MOESM15_ESM.xlsx:Pathway analysis:row_114:same_row;xlsx:41467_2019_14224_MOESM15_ESM.xlsx:Pathway analysis:row_152:sheet_header_gene_row;xlsx:41467_2019_14224_MOESM15_ESM.xlsx:Pathway analysis:row_164:sheet_header_gene_row;xlsx:41467_2019_14224_MOESM15_ESM.xlsx:Pathway analysis:row_178:sheet_header_gene_row;xlsx:41467_2019_14224_MOESM15_ESM.xlsx:Pathway analysis:row_195:sheet_header_gene_row;xlsx:41467_2019_14224_MOESM15_ESM.xlsx:Pathway analysis:row_198:sheet_header_gene_row;xlsx:41467_2019_14224_MOESM15_ESM.xlsx:Pathway analysis:row_204:sheet_header_gene_row;xlsx:41467_2019_14224_MOESM15_ESM.xlsx:Pathway analysis:row_205:sheet_header_gene_row;xlsx:41467_2019_14224_MOESM15_ESM.xlsx:Pathway analysis:row_207:sheet_header_gene_row;xlsx:41467_2019_14224_MOESM15_ESM.xlsx:Pathway analysis:row_208:sheet_header_gene_row;xlsx:41467_2019_14224_MOESM15_ESM.xlsx:Pathway analysis:row_210:sheet_header_gene_row;xlsx:41467_2019_14224_MOESM15_ESM.xlsx:Pathway analysis:row_212:sheet_header_gene_row;xlsx:41467_2019_14224_MOESM15_ESM.xlsx:Pathway analysis:row_216:sheet_header_gene_row;xlsx:41467_2019_14224_MOESM15_ESM.xlsx:Pathway analysis:row_233:sheet_header_gene_row;xlsx:41467_2019_14224_MOESM15_ESM.xlsx:Pathway analysis:row_240:same_row;xlsx:41467_2019_14224_MOESM15_ESM.xlsx:Pathway analysis:row_247:sheet_header_gene_row;xlsx:41467_2019_14224_MOESM15_ESM.xlsx:Pathway analysis:row_27:sheet_header_gene_row;xlsx:41467_2019_14224_MOESM15_ESM.xlsx:Pathway analysis:row_29:same_row;xlsx:41467_2019_14224_MOESM15_ESM.xlsx:Pathway analysis:row_307:sheet_header_gene_row	retrieved_valid	complex_comember	affinity_purification_ms	support_only	weak	medium	high_throughput_screen;disease_specific;mutant_specific;complex_member_not_direct_binding	paper_default	reviewed_source_support_flow_later	yes	no		Physical-association or co-complex evidence only unless the exception state says otherwise; no client status is inferred.	true	false	SRCREV-2026-07-15-V6_108-PMID31980649-HSP90AA1-036
DBROUTE-v6_108-31980649-HSP90AA1-MAP2K2	DBSRC-HSP90AA1-MAP2K2-3257f72e	31980649	PMC6981206	Extensive rewiring of the EGFR network in colorectal cancer cells expressing transforming levels of KRASG13D	HSP90AA1::MAP2K2	HSP90AA1	MAP2K2	true	egfr_kras_apms_myth_network	exact_pair_found_in_inspected_supplement	xlsx:41467_2019_14224_MOESM16_ESM.xlsx:APMS_mtKRAS-Hi:row_123:same_row;xlsx:41467_2019_14224_MOESM16_ESM.xlsx:APMS_mtKRAS-Hi:row_63:same_row;xlsx:41467_2019_14224_MOESM16_ESM.xlsx:APMS_mtKRAS-Hi:row_97:same_row;xlsx:41467_2019_14224_MOESM16_ESM.xlsx:APMS_mtKRAS-Lo:row_117:same_row;xlsx:41467_2019_14224_MOESM16_ESM.xlsx:APMS_mtKRAS-Lo:row_68:same_row;xlsx:41467_2019_14224_MOESM16_ESM.xlsx:APMS_mtKRAS-Lo:row_94:same_row;xlsx:41467_2019_14224_MOESM18_ESM.xlsx:IF_scatterplot_table:row_63:sheet_header_gene_row;xlsx:41467_2019_14224_MOESM27_ESM.xlsx:Fig2B:row_1563:same_row;xlsx:41467_2019_14224_MOESM27_ESM.xlsx:Fig6C:row_24:sheet_header_gene_row;xlsx:41467_2019_14224_MOESM27_ESM.xlsx:Fig6C:row_250:sheet_header_gene_row;xlsx:41467_2019_14224_MOESM6_ESM.xlsx:mtKRAS_Hi interactions:row_1181:same_row;xlsx:41467_2019_14224_MOESM6_ESM.xlsx:mtKRAS_Lo interactions:row_1007:same_row;xlsx:41467_2019_14224_MOESM8_ESM.xlsx:Union network:row_1562:same_row	retrieved_valid	complex_comember	affinity_purification_ms	support_only	weak	medium	high_throughput_screen;disease_specific;mutant_specific;complex_member_not_direct_binding	paper_default	reviewed_source_support_flow_later	yes	no		Physical-association or co-complex evidence only unless the exception state says otherwise; no client status is inferred.	true	false	SRCREV-2026-07-15-V6_108-PMID31980649-HSP90AA1-036
DBROUTE-v6_108-31980649-HSP90AA1-MAP3K14	DBSRC-HSP90AA1-MAP3K14-3257f72e	31980649	PMC6981206	Extensive rewiring of the EGFR network in colorectal cancer cells expressing transforming levels of KRASG13D	HSP90AA1::MAP3K14	HSP90AA1	MAP3K14	true	egfr_kras_apms_myth_network	exact_pair_found_in_inspected_supplement	xlsx:41467_2019_14224_MOESM16_ESM.xlsx:APMS_mtKRAS-Hi:row_102:same_row;xlsx:41467_2019_14224_MOESM16_ESM.xlsx:APMS_mtKRAS-Hi:row_125:same_row;xlsx:41467_2019_14224_MOESM16_ESM.xlsx:APMS_mtKRAS-Hi:row_25:same_row;xlsx:41467_2019_14224_MOESM16_ESM.xlsx:APMS_mtKRAS-Hi:row_65:same_row;xlsx:41467_2019_14224_MOESM16_ESM.xlsx:APMS_mtKRAS-Hi:row_99:same_row;xlsx:41467_2019_14224_MOESM16_ESM.xlsx:APMS_mtKRAS-Lo:row_119:same_row;xlsx:41467_2019_14224_MOESM16_ESM.xlsx:APMS_mtKRAS-Lo:row_29:same_row;xlsx:41467_2019_14224_MOESM16_ESM.xlsx:APMS_mtKRAS-Lo:row_70:same_row;xlsx:41467_2019_14224_MOESM16_ESM.xlsx:APMS_mtKRAS-Lo:row_95:same_row;xlsx:41467_2019_14224_MOESM16_ESM.xlsx:APMS_mtKRAS-Lo:row_99:same_row;xlsx:41467_2019_14224_MOESM16_ESM.xlsx:CORUM_mtKRAS-Hi:row_105:sheet_header_gene_row;xlsx:41467_2019_14224_MOESM16_ESM.xlsx:CORUM_mtKRAS-Hi:row_13:same_row;xlsx:41467_2019_14224_MOESM16_ESM.xlsx:CORUM_mtKRAS-Lo:row_14:same_row;xlsx:41467_2019_14224_MOESM16_ESM.xlsx:CORUM_mtKRAS-Lo:row_97:sheet_header_gene_row;xlsx:41467_2019_14224_MOESM18_ESM.xlsx:IF_scatterplot_table:row_62:sheet_header_gene_row;xlsx:41467_2019_14224_MOESM27_ESM.xlsx:Fig2B:row_1708:same_row;xlsx:41467_2019_14224_MOESM6_ESM.xlsx:mtKRAS_Hi interactions:row_1323:same_row;xlsx:41467_2019_14224_MOESM6_ESM.xlsx:mtKRAS_Lo interactions:row_1157:same_row;xlsx:41467_2019_14224_MOESM8_ESM.xlsx:Union network:row_1707:same_row	retrieved_valid	complex_comember	affinity_purification_ms	support_only	weak	medium	high_throughput_screen;disease_specific;mutant_specific;complex_member_not_direct_binding	paper_default	reviewed_source_support_flow_later	yes	no		Physical-association or co-complex evidence only unless the exception state says otherwise; no client status is inferred.	true	false	SRCREV-2026-07-15-V6_108-PMID31980649-HSP90AA1-036
DBROUTE-v6_108-31980649-HSP90AA1-MAPK14	DBSRC-HSP90AA1-MAPK14-3257f72e	31980649	PMC6981206	Extensive rewiring of the EGFR network in colorectal cancer cells expressing transforming levels of KRASG13D	HSP90AA1::MAPK14	HSP90AA1	MAPK14	true	egfr_kras_apms_myth_network	exact_pair_found_in_inspected_supplement	xlsx:41467_2019_14224_MOESM18_ESM.xlsx:IF_mtKRAS-Hi:row_15:sheet_header_gene_row;xlsx:41467_2019_14224_MOESM18_ESM.xlsx:IF_scatterplot_table:row_28:sheet_header_gene_row;xlsx:41467_2019_14224_MOESM27_ESM.xlsx:Fig2B:row_1821:same_row;xlsx:41467_2019_14224_MOESM27_ESM.xlsx:Fig5B:row_14:sheet_header_gene_row;xlsx:41467_2019_14224_MOESM27_ESM.xlsx:Fig6C:row_254:sheet_header_gene_row;xlsx:41467_2019_14224_MOESM27_ESM.xlsx:Fig6C:row_255:sheet_header_gene_row;xlsx:41467_2019_14224_MOESM27_ESM.xlsx:Fig6C:row_256:sheet_header_gene_row;xlsx:41467_2019_14224_MOESM27_ESM.xlsx:Fig6C:row_257:sheet_header_gene_row;xlsx:41467_2019_14224_MOESM27_ESM.xlsx:Fig6C:row_258:sheet_header_gene_row;xlsx:41467_2019_14224_MOESM27_ESM.xlsx:Fig6C:row_259:same_row;xlsx:41467_2019_14224_MOESM27_ESM.xlsx:Fig6C:row_260:sheet_header_gene_row;xlsx:41467_2019_14224_MOESM27_ESM.xlsx:Fig6C:row_261:sheet_header_gene_row;xlsx:41467_2019_14224_MOESM27_ESM.xlsx:Fig6C:row_262:sheet_header_gene_row;xlsx:41467_2019_14224_MOESM27_ESM.xlsx:Fig6C:row_263:sheet_header_gene_row;xlsx:41467_2019_14224_MOESM27_ESM.xlsx:Fig6C:row_264:sheet_header_gene_row;xlsx:41467_2019_14224_MOESM27_ESM.xlsx:Fig6C:row_265:sheet_header_gene_row;xlsx:41467_2019_14224_MOESM27_ESM.xlsx:Fig6C:row_266:sheet_header_gene_row;xlsx:41467_2019_14224_MOESM27_ESM.xlsx:Fig6C:row_267:sheet_header_gene_row;xlsx:41467_2019_14224_MOESM27_ESM.xlsx:Fig6C:row_268:sheet_header_gene_row;xlsx:41467_2019_14224_MOESM27_ESM.xlsx:Fig6C:row_269:sheet_header_gene_row	retrieved_valid	complex_comember	affinity_purification_ms	support_only	weak	medium	high_throughput_screen;disease_specific;mutant_specific;complex_member_not_direct_binding	paper_default	reviewed_source_support_flow_later	yes	no		Physical-association or co-complex evidence only unless the exception state says otherwise; no client status is inferred.	true	false	SRCREV-2026-07-15-V6_108-PMID31980649-HSP90AA1-036
DBROUTE-v6_108-31980649-HSP90AA1-MAPK3	DBSRC-HSP90AA1-MAPK3-3257f72e	31980649	PMC6981206	Extensive rewiring of the EGFR network in colorectal cancer cells expressing transforming levels of KRASG13D	HSP90AA1::MAPK3	HSP90AA1	MAPK3	true	egfr_kras_apms_myth_network	exact_pair_found_in_inspected_supplement	xlsx:41467_2019_14224_MOESM15_ESM.xlsx:Pathway analysis:row_101:same_row;xlsx:41467_2019_14224_MOESM15_ESM.xlsx:Pathway analysis:row_102:sheet_header_gene_row;xlsx:41467_2019_14224_MOESM15_ESM.xlsx:Pathway analysis:row_104:sheet_header_gene_row;xlsx:41467_2019_14224_MOESM15_ESM.xlsx:Pathway analysis:row_105:sheet_header_gene_row;xlsx:41467_2019_14224_MOESM15_ESM.xlsx:Pathway analysis:row_106:sheet_header_gene_row;xlsx:41467_2019_14224_MOESM15_ESM.xlsx:Pathway analysis:row_110:sheet_header_gene_row;xlsx:41467_2019_14224_MOESM15_ESM.xlsx:Pathway analysis:row_111:sheet_header_gene_row;xlsx:41467_2019_14224_MOESM15_ESM.xlsx:Pathway analysis:row_114:same_row;xlsx:41467_2019_14224_MOESM15_ESM.xlsx:Pathway analysis:row_115:sheet_header_gene_row;xlsx:41467_2019_14224_MOESM15_ESM.xlsx:Pathway analysis:row_116:sheet_header_gene_row;xlsx:41467_2019_14224_MOESM15_ESM.xlsx:Pathway analysis:row_118:sheet_header_gene_row;xlsx:41467_2019_14224_MOESM15_ESM.xlsx:Pathway analysis:row_125:sheet_header_gene_row;xlsx:41467_2019_14224_MOESM15_ESM.xlsx:Pathway analysis:row_132:sheet_header_gene_row;xlsx:41467_2019_14224_MOESM15_ESM.xlsx:Pathway analysis:row_137:sheet_header_gene_row;xlsx:41467_2019_14224_MOESM15_ESM.xlsx:Pathway analysis:row_144:sheet_header_gene_row;xlsx:41467_2019_14224_MOESM15_ESM.xlsx:Pathway analysis:row_145:sheet_header_gene_row;xlsx:41467_2019_14224_MOESM15_ESM.xlsx:Pathway analysis:row_146:same_row;xlsx:41467_2019_14224_MOESM15_ESM.xlsx:Pathway analysis:row_147:sheet_header_gene_row;xlsx:41467_2019_14224_MOESM15_ESM.xlsx:Pathway analysis:row_150:sheet_header_gene_row;xlsx:41467_2019_14224_MOESM15_ESM.xlsx:Pathway analysis:row_152:sheet_header_gene_row	retrieved_valid	complex_comember	affinity_purification_ms	support_only	weak	medium	high_throughput_screen;disease_specific;mutant_specific;complex_member_not_direct_binding	paper_default	reviewed_source_support_flow_later	yes	no		Physical-association or co-complex evidence only unless the exception state says otherwise; no client status is inferred.	true	false	SRCREV-2026-07-15-V6_108-PMID31980649-HSP90AA1-036
DBROUTE-v6_108-31980649-HSP90AA1-PRKCE	DBSRC-HSP90AA1-PRKCE-3257f72e	31980649	PMC6981206	Extensive rewiring of the EGFR network in colorectal cancer cells expressing transforming levels of KRASG13D	HSP90AA1::PRKCE	HSP90AA1	PRKCE	true	egfr_kras_apms_myth_network	exact_pair_found_in_inspected_supplement	xlsx:41467_2019_14224_MOESM15_ESM.xlsx:Pathway analysis:row_101:same_row;xlsx:41467_2019_14224_MOESM15_ESM.xlsx:Pathway analysis:row_109:sheet_header_gene_row;xlsx:41467_2019_14224_MOESM15_ESM.xlsx:Pathway analysis:row_114:same_row;xlsx:41467_2019_14224_MOESM15_ESM.xlsx:Pathway analysis:row_125:sheet_header_gene_row;xlsx:41467_2019_14224_MOESM15_ESM.xlsx:Pathway analysis:row_140:sheet_header_gene_row;xlsx:41467_2019_14224_MOESM15_ESM.xlsx:Pathway analysis:row_145:sheet_header_gene_row;xlsx:41467_2019_14224_MOESM15_ESM.xlsx:Pathway analysis:row_147:sheet_header_gene_row;xlsx:41467_2019_14224_MOESM15_ESM.xlsx:Pathway analysis:row_154:sheet_header_gene_row;xlsx:41467_2019_14224_MOESM15_ESM.xlsx:Pathway analysis:row_161:sheet_header_gene_row;xlsx:41467_2019_14224_MOESM15_ESM.xlsx:Pathway analysis:row_182:sheet_header_gene_row;xlsx:41467_2019_14224_MOESM15_ESM.xlsx:Pathway analysis:row_183:sheet_header_gene_row;xlsx:41467_2019_14224_MOESM15_ESM.xlsx:Pathway analysis:row_192:sheet_header_gene_row;xlsx:41467_2019_14224_MOESM15_ESM.xlsx:Pathway analysis:row_195:sheet_header_gene_row;xlsx:41467_2019_14224_MOESM15_ESM.xlsx:Pathway analysis:row_198:sheet_header_gene_row;xlsx:41467_2019_14224_MOESM15_ESM.xlsx:Pathway analysis:row_20:sheet_header_gene_row;xlsx:41467_2019_14224_MOESM15_ESM.xlsx:Pathway analysis:row_229:sheet_header_gene_row;xlsx:41467_2019_14224_MOESM15_ESM.xlsx:Pathway analysis:row_231:sheet_header_gene_row;xlsx:41467_2019_14224_MOESM15_ESM.xlsx:Pathway analysis:row_237:sheet_header_gene_row;xlsx:41467_2019_14224_MOESM15_ESM.xlsx:Pathway analysis:row_255:sheet_header_gene_row;xlsx:41467_2019_14224_MOESM15_ESM.xlsx:Pathway analysis:row_262:sheet_header_gene_row	retrieved_valid	complex_comember	affinity_purification_ms	support_only	weak	medium	high_throughput_screen;disease_specific;mutant_specific;complex_member_not_direct_binding	paper_default	reviewed_source_support_flow_later	yes	no		Physical-association or co-complex evidence only unless the exception state says otherwise; no client status is inferred.	true	false	SRCREV-2026-07-15-V6_108-PMID31980649-HSP90AA1-036
DBROUTE-v6_108-31980649-HSP90AA1-PTK6	DBSRC-HSP90AA1-PTK6-3257f72e	31980649	PMC6981206	Extensive rewiring of the EGFR network in colorectal cancer cells expressing transforming levels of KRASG13D	HSP90AA1::PTK6	HSP90AA1	PTK6	true	egfr_kras_apms_myth_network	exact_pair_found_in_inspected_supplement	xlsx:41467_2019_14224_MOESM16_ESM.xlsx:APMS_mtKRAS-Hi:row_128:same_row;xlsx:41467_2019_14224_MOESM16_ESM.xlsx:APMS_mtKRAS-Hi:row_69:same_row;xlsx:41467_2019_14224_MOESM16_ESM.xlsx:APMS_mtKRAS-Lo:row_122:same_row;xlsx:41467_2019_14224_MOESM16_ESM.xlsx:APMS_mtKRAS-Lo:row_73:same_row;xlsx:41467_2019_14224_MOESM18_ESM.xlsx:IF_scatterplot_table:row_49:sheet_header_gene_row;xlsx:41467_2019_14224_MOESM27_ESM.xlsx:Fig2B:row_2891:same_row;xlsx:41467_2019_14224_MOESM27_ESM.xlsx:Fig2C:row_225:same_row;xlsx:41467_2019_14224_MOESM27_ESM.xlsx:Fig6A:row_1082:same_row;xlsx:41467_2019_14224_MOESM6_ESM.xlsx:mtKRAS_Hi interactions:row_2162:same_row;xlsx:41467_2019_14224_MOESM6_ESM.xlsx:mtKRAS_Lo interactions:row_1859:same_row;xlsx:41467_2019_14224_MOESM8_ESM.xlsx:Union network:row_2890:same_row;xlsx:41467_2019_14224_MOESM9_ESM.xlsx:Rewired interactions:row_897:same_row	retrieved_valid	complex_comember	affinity_purification_ms	support_only	weak	medium	high_throughput_screen;disease_specific;mutant_specific;complex_member_not_direct_binding	paper_default	reviewed_source_support_flow_later	yes	no		Physical-association or co-complex evidence only unless the exception state says otherwise; no client status is inferred.	true	false	SRCREV-2026-07-15-V6_108-PMID31980649-HSP90AA1-036
DBROUTE-v6_108-31980649-HSP90AA1-RAF1	DBSRC-HSP90AA1-RAF1-3257f72e	31980649	PMC6981206	Extensive rewiring of the EGFR network in colorectal cancer cells expressing transforming levels of KRASG13D	HSP90AA1::RAF1	HSP90AA1	RAF1	true	egfr_kras_apms_myth_network	exact_pair_found_in_inspected_supplement	article_text;xlsx:41467_2019_14224_MOESM15_ESM.xlsx:Pathway analysis:row_100:same_row;xlsx:41467_2019_14224_MOESM15_ESM.xlsx:Pathway analysis:row_101:same_row;xlsx:41467_2019_14224_MOESM15_ESM.xlsx:Pathway analysis:row_102:sheet_header_gene_row;xlsx:41467_2019_14224_MOESM15_ESM.xlsx:Pathway analysis:row_104:sheet_header_gene_row;xlsx:41467_2019_14224_MOESM15_ESM.xlsx:Pathway analysis:row_106:sheet_header_gene_row;xlsx:41467_2019_14224_MOESM15_ESM.xlsx:Pathway analysis:row_110:sheet_header_gene_row;xlsx:41467_2019_14224_MOESM15_ESM.xlsx:Pathway analysis:row_111:sheet_header_gene_row;xlsx:41467_2019_14224_MOESM15_ESM.xlsx:Pathway analysis:row_114:same_row;xlsx:41467_2019_14224_MOESM15_ESM.xlsx:Pathway analysis:row_115:sheet_header_gene_row;xlsx:41467_2019_14224_MOESM15_ESM.xlsx:Pathway analysis:row_116:sheet_header_gene_row;xlsx:41467_2019_14224_MOESM15_ESM.xlsx:Pathway analysis:row_118:sheet_header_gene_row;xlsx:41467_2019_14224_MOESM15_ESM.xlsx:Pathway analysis:row_119:sheet_header_gene_row;xlsx:41467_2019_14224_MOESM15_ESM.xlsx:Pathway analysis:row_125:sheet_header_gene_row;xlsx:41467_2019_14224_MOESM15_ESM.xlsx:Pathway analysis:row_137:sheet_header_gene_row;xlsx:41467_2019_14224_MOESM15_ESM.xlsx:Pathway analysis:row_140:sheet_header_gene_row;xlsx:41467_2019_14224_MOESM15_ESM.xlsx:Pathway analysis:row_145:sheet_header_gene_row;xlsx:41467_2019_14224_MOESM15_ESM.xlsx:Pathway analysis:row_147:sheet_header_gene_row;xlsx:41467_2019_14224_MOESM15_ESM.xlsx:Pathway analysis:row_150:sheet_header_gene_row;xlsx:41467_2019_14224_MOESM15_ESM.xlsx:Pathway analysis:row_152:sheet_header_gene_row	retrieved_valid	complex_comember	affinity_purification_ms	support_only	weak	medium	high_throughput_screen;disease_specific;mutant_specific;complex_member_not_direct_binding	paper_default	reviewed_source_support_flow_later	yes	no		Physical-association or co-complex evidence only unless the exception state says otherwise; no client status is inferred.	true	false	SRCREV-2026-07-15-V6_108-PMID31980649-HSP90AA1-036
DBROUTE-v6_108-31980649-HSP90AA1-RPS6KA1	DBSRC-HSP90AA1-RPS6KA1-3257f72e	31980649	PMC6981206	Extensive rewiring of the EGFR network in colorectal cancer cells expressing transforming levels of KRASG13D	HSP90AA1::RPS6KA1	HSP90AA1	RPS6KA1	true	egfr_kras_apms_myth_network	exact_pair_found_in_inspected_supplement	xlsx:41467_2019_14224_MOESM15_ESM.xlsx:Pathway analysis:row_105:sheet_header_gene_row;xlsx:41467_2019_14224_MOESM15_ESM.xlsx:Pathway analysis:row_110:sheet_header_gene_row;xlsx:41467_2019_14224_MOESM15_ESM.xlsx:Pathway analysis:row_114:same_row;xlsx:41467_2019_14224_MOESM15_ESM.xlsx:Pathway analysis:row_115:sheet_header_gene_row;xlsx:41467_2019_14224_MOESM15_ESM.xlsx:Pathway analysis:row_153:sheet_header_gene_row;xlsx:41467_2019_14224_MOESM15_ESM.xlsx:Pathway analysis:row_180:sheet_header_gene_row;xlsx:41467_2019_14224_MOESM15_ESM.xlsx:Pathway analysis:row_196:sheet_header_gene_row;xlsx:41467_2019_14224_MOESM15_ESM.xlsx:Pathway analysis:row_203:sheet_header_gene_row;xlsx:41467_2019_14224_MOESM15_ESM.xlsx:Pathway analysis:row_215:sheet_header_gene_row;xlsx:41467_2019_14224_MOESM15_ESM.xlsx:Pathway analysis:row_232:sheet_header_gene_row;xlsx:41467_2019_14224_MOESM15_ESM.xlsx:Pathway analysis:row_239:sheet_header_gene_row;xlsx:41467_2019_14224_MOESM15_ESM.xlsx:Pathway analysis:row_244:sheet_header_gene_row;xlsx:41467_2019_14224_MOESM15_ESM.xlsx:Pathway analysis:row_298:sheet_header_gene_row;xlsx:41467_2019_14224_MOESM15_ESM.xlsx:Pathway analysis:row_29:same_row;xlsx:41467_2019_14224_MOESM15_ESM.xlsx:Pathway analysis:row_306:same_row;xlsx:41467_2019_14224_MOESM15_ESM.xlsx:Pathway analysis:row_309:sheet_header_gene_row;xlsx:41467_2019_14224_MOESM15_ESM.xlsx:Pathway analysis:row_319:sheet_header_gene_row;xlsx:41467_2019_14224_MOESM15_ESM.xlsx:Pathway analysis:row_338:sheet_header_gene_row;xlsx:41467_2019_14224_MOESM15_ESM.xlsx:Pathway analysis:row_33:sheet_header_gene_row;xlsx:41467_2019_14224_MOESM15_ESM.xlsx:Pathway analysis:row_384:same_row	retrieved_valid	complex_comember	affinity_purification_ms	support_only	weak	medium	high_throughput_screen;disease_specific;mutant_specific;complex_member_not_direct_binding	paper_default	reviewed_source_support_flow_later	yes	no		Physical-association or co-complex evidence only unless the exception state says otherwise; no client status is inferred.	true	false	SRCREV-2026-07-15-V6_108-PMID31980649-HSP90AA1-036
DBROUTE-v6_108-31980649-HSP90AA1-SRC	DBSRC-HSP90AA1-SRC-3257f72e	31980649	PMC6981206	Extensive rewiring of the EGFR network in colorectal cancer cells expressing transforming levels of KRASG13D	HSP90AA1::SRC	HSP90AA1	SRC	true	egfr_kras_apms_myth_network	exact_pair_found_in_inspected_supplement	article_text;xlsx:41467_2019_14224_MOESM15_ESM.xlsx:Pathway analysis:row_100:same_row;xlsx:41467_2019_14224_MOESM15_ESM.xlsx:Pathway analysis:row_102:sheet_header_gene_row;xlsx:41467_2019_14224_MOESM15_ESM.xlsx:Pathway analysis:row_106:sheet_header_gene_row;xlsx:41467_2019_14224_MOESM15_ESM.xlsx:Pathway analysis:row_116:sheet_header_gene_row;xlsx:41467_2019_14224_MOESM15_ESM.xlsx:Pathway analysis:row_119:sheet_header_gene_row;xlsx:41467_2019_14224_MOESM15_ESM.xlsx:Pathway analysis:row_120:sheet_header_gene_row;xlsx:41467_2019_14224_MOESM15_ESM.xlsx:Pathway analysis:row_131:same_row;xlsx:41467_2019_14224_MOESM15_ESM.xlsx:Pathway analysis:row_137:sheet_header_gene_row;xlsx:41467_2019_14224_MOESM15_ESM.xlsx:Pathway analysis:row_148:sheet_header_gene_row;xlsx:41467_2019_14224_MOESM15_ESM.xlsx:Pathway analysis:row_15:same_row;xlsx:41467_2019_14224_MOESM15_ESM.xlsx:Pathway analysis:row_166:sheet_header_gene_row;xlsx:41467_2019_14224_MOESM15_ESM.xlsx:Pathway analysis:row_168:sheet_header_gene_row;xlsx:41467_2019_14224_MOESM15_ESM.xlsx:Pathway analysis:row_177:sheet_header_gene_row;xlsx:41467_2019_14224_MOESM15_ESM.xlsx:Pathway analysis:row_179:sheet_header_gene_row;xlsx:41467_2019_14224_MOESM15_ESM.xlsx:Pathway analysis:row_180:sheet_header_gene_row;xlsx:41467_2019_14224_MOESM15_ESM.xlsx:Pathway analysis:row_186:sheet_header_gene_row;xlsx:41467_2019_14224_MOESM15_ESM.xlsx:Pathway analysis:row_193:sheet_header_gene_row;xlsx:41467_2019_14224_MOESM15_ESM.xlsx:Pathway analysis:row_194:sheet_header_gene_row;xlsx:41467_2019_14224_MOESM15_ESM.xlsx:Pathway analysis:row_198:sheet_header_gene_row	retrieved_valid	complex_comember	affinity_purification_ms	support_only	weak	medium	high_throughput_screen;disease_specific;mutant_specific;complex_member_not_direct_binding	paper_default	reviewed_source_support_flow_later	yes	no		Physical-association or co-complex evidence only unless the exception state says otherwise; no client status is inferred.	true	false	SRCREV-2026-07-15-V6_108-PMID31980649-HSP90AA1-036
DBROUTE-v6_108-31980649-HSP90AA1-TNK2	DBSRC-HSP90AA1-TNK2-3257f72e	31980649	PMC6981206	Extensive rewiring of the EGFR network in colorectal cancer cells expressing transforming levels of KRASG13D	HSP90AA1::TNK2	HSP90AA1	TNK2	true	egfr_kras_apms_myth_network	exact_pair_found_in_inspected_supplement	xlsx:41467_2019_14224_MOESM16_ESM.xlsx:APMS_mtKRAS-Hi:row_133:same_row;xlsx:41467_2019_14224_MOESM16_ESM.xlsx:APMS_mtKRAS-Hi:row_74:same_row;xlsx:41467_2019_14224_MOESM18_ESM.xlsx:IF_mtKRAS-Hi:row_26:sheet_header_gene_row;xlsx:41467_2019_14224_MOESM18_ESM.xlsx:IF_scatterplot_table:row_86:sheet_header_gene_row;xlsx:41467_2019_14224_MOESM27_ESM.xlsx:Fig2B:row_4294:same_row;xlsx:41467_2019_14224_MOESM27_ESM.xlsx:Fig5B:row_25:sheet_header_gene_row;xlsx:41467_2019_14224_MOESM27_ESM.xlsx:Fig6C:row_444:sheet_header_gene_row;xlsx:41467_2019_14224_MOESM27_ESM.xlsx:Fig6C:row_445:sheet_header_gene_row;xlsx:41467_2019_14224_MOESM27_ESM.xlsx:Fig6C:row_446:sheet_header_gene_row;xlsx:41467_2019_14224_MOESM27_ESM.xlsx:Fig6C:row_447:sheet_header_gene_row;xlsx:41467_2019_14224_MOESM27_ESM.xlsx:Fig6C:row_448:sheet_header_gene_row;xlsx:41467_2019_14224_MOESM27_ESM.xlsx:Fig6C:row_449:sheet_header_gene_row;xlsx:41467_2019_14224_MOESM27_ESM.xlsx:Fig6C:row_450:sheet_header_gene_row;xlsx:41467_2019_14224_MOESM27_ESM.xlsx:Fig6C:row_451:same_row;xlsx:41467_2019_14224_MOESM27_ESM.xlsx:Fig6C:row_452:sheet_header_gene_row;xlsx:41467_2019_14224_MOESM27_ESM.xlsx:Fig6C:row_453:sheet_header_gene_row;xlsx:41467_2019_14224_MOESM27_ESM.xlsx:Fig6C:row_454:sheet_header_gene_row;xlsx:41467_2019_14224_MOESM27_ESM.xlsx:Fig6C:row_455:sheet_header_gene_row;xlsx:41467_2019_14224_MOESM27_ESM.xlsx:Fig6C:row_456:sheet_header_gene_row;xlsx:41467_2019_14224_MOESM27_ESM.xlsx:Fig6C:row_457:sheet_header_gene_row	retrieved_valid	complex_comember	affinity_purification_ms	support_only	weak	medium	high_throughput_screen;disease_specific;mutant_specific;complex_member_not_direct_binding	paper_default	reviewed_source_support_flow_later	yes	no		Physical-association or co-complex evidence only unless the exception state says otherwise; no client status is inferred.	true	false	SRCREV-2026-07-15-V6_108-PMID31980649-HSP90AA1-036
DBROUTE-v6_108-31980649-HSP90AA1-YES1	DBSRC-HSP90AA1-YES1-3257f72e	31980649	PMC6981206	Extensive rewiring of the EGFR network in colorectal cancer cells expressing transforming levels of KRASG13D	HSP90AA1::YES1	HSP90AA1	YES1	true	egfr_kras_apms_myth_network	exact_pair_found_in_inspected_supplement	xlsx:41467_2019_14224_MOESM15_ESM.xlsx:Pathway analysis:row_107:sheet_header_gene_row;xlsx:41467_2019_14224_MOESM15_ESM.xlsx:Pathway analysis:row_114:same_row;xlsx:41467_2019_14224_MOESM15_ESM.xlsx:Pathway analysis:row_152:sheet_header_gene_row;xlsx:41467_2019_14224_MOESM15_ESM.xlsx:Pathway analysis:row_207:sheet_header_gene_row;xlsx:41467_2019_14224_MOESM15_ESM.xlsx:Pathway analysis:row_208:sheet_header_gene_row;xlsx:41467_2019_14224_MOESM15_ESM.xlsx:Pathway analysis:row_210:sheet_header_gene_row;xlsx:41467_2019_14224_MOESM15_ESM.xlsx:Pathway analysis:row_212:sheet_header_gene_row;xlsx:41467_2019_14224_MOESM15_ESM.xlsx:Pathway analysis:row_216:sheet_header_gene_row;xlsx:41467_2019_14224_MOESM15_ESM.xlsx:Pathway analysis:row_233:sheet_header_gene_row;xlsx:41467_2019_14224_MOESM15_ESM.xlsx:Pathway analysis:row_240:same_row;xlsx:41467_2019_14224_MOESM15_ESM.xlsx:Pathway analysis:row_24:sheet_header_gene_row;xlsx:41467_2019_14224_MOESM15_ESM.xlsx:Pathway analysis:row_27:sheet_header_gene_row;xlsx:41467_2019_14224_MOESM15_ESM.xlsx:Pathway analysis:row_28:sheet_header_gene_row;xlsx:41467_2019_14224_MOESM15_ESM.xlsx:Pathway analysis:row_29:same_row;xlsx:41467_2019_14224_MOESM15_ESM.xlsx:Pathway analysis:row_307:sheet_header_gene_row;xlsx:41467_2019_14224_MOESM15_ESM.xlsx:Pathway analysis:row_31:same_row;xlsx:41467_2019_14224_MOESM15_ESM.xlsx:Pathway analysis:row_36:sheet_header_gene_row;xlsx:41467_2019_14224_MOESM15_ESM.xlsx:Pathway analysis:row_38:same_row;xlsx:41467_2019_14224_MOESM15_ESM.xlsx:Pathway analysis:row_54:sheet_header_gene_row;xlsx:41467_2019_14224_MOESM15_ESM.xlsx:Pathway analysis:row_64:sheet_header_gene_row	retrieved_valid	complex_comember	affinity_purification_ms	support_only	weak	medium	high_throughput_screen;disease_specific;mutant_specific;complex_member_not_direct_binding	paper_default	reviewed_source_support_flow_later	yes	no		Physical-association or co-complex evidence only unless the exception state says otherwise; no client status is inferred.	true	false	SRCREV-2026-07-15-V6_108-PMID31980649-HSP90AA1-036
DBROUTE-v6_108-31980649-HSP90AB1-AKT1	DBSRC-HSP90AB1-AKT1-3257f72e	31980649	PMC6981206	Extensive rewiring of the EGFR network in colorectal cancer cells expressing transforming levels of KRASG13D	HSP90AB1::AKT1	HSP90AB1	AKT1	true	egfr_kras_apms_myth_network	exact_pair_found_in_inspected_supplement	xlsx:41467_2019_14224_MOESM15_ESM.xlsx:Pathway analysis:row_100:sheet_header_gene_row;xlsx:41467_2019_14224_MOESM15_ESM.xlsx:Pathway analysis:row_101:sheet_header_gene_row;xlsx:41467_2019_14224_MOESM15_ESM.xlsx:Pathway analysis:row_102:sheet_header_gene_row;xlsx:41467_2019_14224_MOESM15_ESM.xlsx:Pathway analysis:row_107:sheet_header_gene_row;xlsx:41467_2019_14224_MOESM15_ESM.xlsx:Pathway analysis:row_109:sheet_header_gene_row;xlsx:41467_2019_14224_MOESM15_ESM.xlsx:Pathway analysis:row_110:sheet_header_gene_row;xlsx:41467_2019_14224_MOESM15_ESM.xlsx:Pathway analysis:row_114:same_row;xlsx:41467_2019_14224_MOESM15_ESM.xlsx:Pathway analysis:row_115:sheet_header_gene_row;xlsx:41467_2019_14224_MOESM15_ESM.xlsx:Pathway analysis:row_118:sheet_header_gene_row;xlsx:41467_2019_14224_MOESM15_ESM.xlsx:Pathway analysis:row_119:sheet_header_gene_row;xlsx:41467_2019_14224_MOESM15_ESM.xlsx:Pathway analysis:row_124:sheet_header_gene_row;xlsx:41467_2019_14224_MOESM15_ESM.xlsx:Pathway analysis:row_125:sheet_header_gene_row;xlsx:41467_2019_14224_MOESM15_ESM.xlsx:Pathway analysis:row_131:sheet_header_gene_row;xlsx:41467_2019_14224_MOESM15_ESM.xlsx:Pathway analysis:row_137:sheet_header_gene_row;xlsx:41467_2019_14224_MOESM15_ESM.xlsx:Pathway analysis:row_138:sheet_header_gene_row;xlsx:41467_2019_14224_MOESM15_ESM.xlsx:Pathway analysis:row_144:sheet_header_gene_row;xlsx:41467_2019_14224_MOESM15_ESM.xlsx:Pathway analysis:row_145:sheet_header_gene_row;xlsx:41467_2019_14224_MOESM15_ESM.xlsx:Pathway analysis:row_147:sheet_header_gene_row;xlsx:41467_2019_14224_MOESM15_ESM.xlsx:Pathway analysis:row_148:sheet_header_gene_row;xlsx:41467_2019_14224_MOESM15_ESM.xlsx:Pathway analysis:row_152:sheet_header_gene_row	retrieved_valid	complex_comember	affinity_purification_ms	support_only	weak	medium	high_throughput_screen;disease_specific;mutant_specific;complex_member_not_direct_binding	paper_default	reviewed_source_support_flow_later	yes	no		Physical-association or co-complex evidence only unless the exception state says otherwise; no client status is inferred.	true	false	SRCREV-2026-07-15-V6_108-PMID31980649-HSP90AB1-037
DBROUTE-v6_108-31980649-HSP90AB1-ARAF	DBSRC-HSP90AB1-ARAF-3257f72e	31980649	PMC6981206	Extensive rewiring of the EGFR network in colorectal cancer cells expressing transforming levels of KRASG13D	HSP90AB1::ARAF	HSP90AB1	ARAF	true	egfr_kras_apms_myth_network	exact_pair_found_in_inspected_supplement	xlsx:41467_2019_14224_MOESM15_ESM.xlsx:Pathway analysis:row_102:sheet_header_gene_row;xlsx:41467_2019_14224_MOESM15_ESM.xlsx:Pathway analysis:row_106:sheet_header_gene_row;xlsx:41467_2019_14224_MOESM15_ESM.xlsx:Pathway analysis:row_209:sheet_header_gene_row;xlsx:41467_2019_14224_MOESM15_ESM.xlsx:Pathway analysis:row_247:sheet_header_gene_row;xlsx:41467_2019_14224_MOESM15_ESM.xlsx:Pathway analysis:row_293:sheet_header_gene_row;xlsx:41467_2019_14224_MOESM15_ESM.xlsx:Pathway analysis:row_360:sheet_header_gene_row;xlsx:41467_2019_14224_MOESM15_ESM.xlsx:Pathway analysis:row_384:same_row;xlsx:41467_2019_14224_MOESM15_ESM.xlsx:Pathway analysis:row_386:sheet_header_gene_row;xlsx:41467_2019_14224_MOESM15_ESM.xlsx:Pathway analysis:row_387:sheet_header_gene_row;xlsx:41467_2019_14224_MOESM15_ESM.xlsx:Pathway analysis:row_88:sheet_header_gene_row;xlsx:41467_2019_14224_MOESM16_ESM.xlsx:APMS_mtKRAS-Hi:row_112:same_row;xlsx:41467_2019_14224_MOESM16_ESM.xlsx:APMS_mtKRAS-Hi:row_51:same_row;xlsx:41467_2019_14224_MOESM16_ESM.xlsx:APMS_mtKRAS-Lo:row_106:same_row;xlsx:41467_2019_14224_MOESM16_ESM.xlsx:APMS_mtKRAS-Lo:row_57:same_row;xlsx:41467_2019_14224_MOESM18_ESM.xlsx:IF_scatterplot_table:row_66:sheet_header_gene_row;xlsx:41467_2019_14224_MOESM27_ESM.xlsx:Fig2B:row_86:same_row;xlsx:41467_2019_14224_MOESM6_ESM.xlsx:mtKRAS_Hi interactions:row_71:same_row;xlsx:41467_2019_14224_MOESM6_ESM.xlsx:mtKRAS_Lo interactions:row_71:same_row;xlsx:41467_2019_14224_MOESM8_ESM.xlsx:Union network:row_85:same_row	retrieved_valid	complex_comember	affinity_purification_ms	support_only	weak	medium	high_throughput_screen;disease_specific;mutant_specific;complex_member_not_direct_binding	paper_default	reviewed_source_support_flow_later	yes	no		Physical-association or co-complex evidence only unless the exception state says otherwise; no client status is inferred.	true	false	SRCREV-2026-07-15-V6_108-PMID31980649-HSP90AB1-037
DBROUTE-v6_108-31980649-HSP90AB1-AXL	DBSRC-HSP90AB1-AXL-3257f72e	31980649	PMC6981206	Extensive rewiring of the EGFR network in colorectal cancer cells expressing transforming levels of KRASG13D	HSP90AB1::AXL	HSP90AB1	AXL	true	egfr_kras_apms_myth_network	exact_pair_found_in_inspected_supplement	xlsx:41467_2019_14224_MOESM16_ESM.xlsx:APMS_mtKRAS-Hi:row_113:same_row;xlsx:41467_2019_14224_MOESM16_ESM.xlsx:APMS_mtKRAS-Hi:row_52:same_row;xlsx:41467_2019_14224_MOESM16_ESM.xlsx:APMS_mtKRAS-Lo:row_107:same_row;xlsx:41467_2019_14224_MOESM16_ESM.xlsx:APMS_mtKRAS-Lo:row_58:same_row;xlsx:41467_2019_14224_MOESM18_ESM.xlsx:IF_mtKRAS-Hi:row_24:sheet_header_gene_row;xlsx:41467_2019_14224_MOESM18_ESM.xlsx:IF_scatterplot_table:row_80:sheet_header_gene_row;xlsx:41467_2019_14224_MOESM27_ESM.xlsx:Fig2B:row_120:same_row;xlsx:41467_2019_14224_MOESM27_ESM.xlsx:Fig5B:row_23:sheet_header_gene_row;xlsx:41467_2019_14224_MOESM6_ESM.xlsx:mtKRAS_Hi interactions:row_94:same_row;xlsx:41467_2019_14224_MOESM6_ESM.xlsx:mtKRAS_Lo interactions:row_87:same_row;xlsx:41467_2019_14224_MOESM8_ESM.xlsx:Union network:row_119:same_row	retrieved_valid	complex_comember	affinity_purification_ms	support_only	weak	medium	high_throughput_screen;disease_specific;mutant_specific;complex_member_not_direct_binding	paper_default	reviewed_source_support_flow_later	yes	no		Physical-association or co-complex evidence only unless the exception state says otherwise; no client status is inferred.	true	false	SRCREV-2026-07-15-V6_108-PMID31980649-HSP90AB1-037
DBROUTE-v6_108-31980649-HSP90AB1-BLK	DBSRC-HSP90AB1-BLK-3257f72e	31980649	PMC6981206	Extensive rewiring of the EGFR network in colorectal cancer cells expressing transforming levels of KRASG13D	HSP90AB1::BLK	HSP90AB1	BLK	true	egfr_kras_apms_myth_network	exact_pair_found_in_inspected_supplement	xlsx:41467_2019_14224_MOESM15_ESM.xlsx:Pathway analysis:row_114:same_row;xlsx:41467_2019_14224_MOESM16_ESM.xlsx:APMS_mtKRAS-Hi:row_114:same_row;xlsx:41467_2019_14224_MOESM16_ESM.xlsx:APMS_mtKRAS-Hi:row_53:same_row;xlsx:41467_2019_14224_MOESM18_ESM.xlsx:IF_mtKRAS-Hi:row_20:sheet_header_gene_row;xlsx:41467_2019_14224_MOESM18_ESM.xlsx:IF_scatterplot_table:row_45:sheet_header_gene_row;xlsx:41467_2019_14224_MOESM27_ESM.xlsx:Fig2B:row_203:same_row;xlsx:41467_2019_14224_MOESM27_ESM.xlsx:Fig5B:row_19:sheet_header_gene_row;xlsx:41467_2019_14224_MOESM6_ESM.xlsx:mtKRAS_Hi interactions:row_153:same_row;xlsx:41467_2019_14224_MOESM8_ESM.xlsx:Union network:row_202:same_row	retrieved_valid	complex_comember	affinity_purification_ms	support_only	weak	medium	high_throughput_screen;disease_specific;mutant_specific;complex_member_not_direct_binding	paper_default	reviewed_source_support_flow_later	yes	no		Physical-association or co-complex evidence only unless the exception state says otherwise; no client status is inferred.	true	false	SRCREV-2026-07-15-V6_108-PMID31980649-HSP90AB1-037
DBROUTE-v6_108-31980649-HSP90AB1-BMX	DBSRC-HSP90AB1-BMX-3257f72e	31980649	PMC6981206	Extensive rewiring of the EGFR network in colorectal cancer cells expressing transforming levels of KRASG13D	HSP90AB1::BMX	HSP90AB1	BMX	true	egfr_kras_apms_myth_network	exact_pair_found_in_inspected_supplement	xlsx:41467_2019_14224_MOESM15_ESM.xlsx:Pathway analysis:row_138:sheet_header_gene_row;xlsx:41467_2019_14224_MOESM15_ESM.xlsx:Pathway analysis:row_34:sheet_header_gene_row;xlsx:41467_2019_14224_MOESM15_ESM.xlsx:Pathway analysis:row_41:sheet_header_gene_row;xlsx:41467_2019_14224_MOESM15_ESM.xlsx:Pathway analysis:row_50:sheet_header_gene_row;xlsx:41467_2019_14224_MOESM15_ESM.xlsx:Pathway analysis:row_70:sheet_header_gene_row;xlsx:41467_2019_14224_MOESM16_ESM.xlsx:APMS_mtKRAS-Hi:row_115:same_row;xlsx:41467_2019_14224_MOESM16_ESM.xlsx:APMS_mtKRAS-Hi:row_54:same_row;xlsx:41467_2019_14224_MOESM16_ESM.xlsx:APMS_mtKRAS-Lo:row_108:same_row;xlsx:41467_2019_14224_MOESM16_ESM.xlsx:APMS_mtKRAS-Lo:row_59:same_row;xlsx:41467_2019_14224_MOESM18_ESM.xlsx:IF_mtKRAS-Hi:row_10:sheet_header_gene_row;xlsx:41467_2019_14224_MOESM18_ESM.xlsx:IF_scatterplot_table:row_18:sheet_header_gene_row;xlsx:41467_2019_14224_MOESM27_ESM.xlsx:Fig2B:row_240:same_row;xlsx:41467_2019_14224_MOESM27_ESM.xlsx:Fig5B:row_9:sheet_header_gene_row;xlsx:41467_2019_14224_MOESM6_ESM.xlsx:mtKRAS_Hi interactions:row_183:same_row;xlsx:41467_2019_14224_MOESM6_ESM.xlsx:mtKRAS_Lo interactions:row_167:same_row;xlsx:41467_2019_14224_MOESM8_ESM.xlsx:Union network:row_239:same_row	retrieved_valid	complex_comember	affinity_purification_ms	support_only	weak	medium	high_throughput_screen;disease_specific;mutant_specific;complex_member_not_direct_binding	paper_default	reviewed_source_support_flow_later	yes	no		Physical-association or co-complex evidence only unless the exception state says otherwise; no client status is inferred.	true	false	SRCREV-2026-07-15-V6_108-PMID31980649-HSP90AB1-037
DBROUTE-v6_108-31980649-HSP90AB1-BRAF	DBSRC-HSP90AB1-BRAF-3257f72e	31980649	PMC6981206	Extensive rewiring of the EGFR network in colorectal cancer cells expressing transforming levels of KRASG13D	HSP90AB1::BRAF	HSP90AB1	BRAF	true	egfr_kras_apms_myth_network	exact_pair_found_in_inspected_supplement	xlsx:41467_2019_14224_MOESM16_ESM.xlsx:APMS_mtKRAS-Hi:row_116:same_row;xlsx:41467_2019_14224_MOESM16_ESM.xlsx:APMS_mtKRAS-Hi:row_55:same_row;xlsx:41467_2019_14224_MOESM16_ESM.xlsx:APMS_mtKRAS-Hi:row_92:same_row;xlsx:41467_2019_14224_MOESM16_ESM.xlsx:APMS_mtKRAS-Lo:row_109:same_row;xlsx:41467_2019_14224_MOESM16_ESM.xlsx:APMS_mtKRAS-Lo:row_60:same_row;xlsx:41467_2019_14224_MOESM16_ESM.xlsx:APMS_mtKRAS-Lo:row_90:same_row;xlsx:41467_2019_14224_MOESM18_ESM.xlsx:IF_scatterplot_table:row_48:sheet_header_gene_row;xlsx:41467_2019_14224_MOESM27_ESM.xlsx:Fig2B:row_263:same_row;xlsx:41467_2019_14224_MOESM27_ESM.xlsx:Fig6C:row_14:same_row;xlsx:41467_2019_14224_MOESM27_ESM.xlsx:Fig6C:row_15:sheet_header_gene_row;xlsx:41467_2019_14224_MOESM27_ESM.xlsx:Fig6C:row_16:sheet_header_gene_row;xlsx:41467_2019_14224_MOESM27_ESM.xlsx:Fig6C:row_17:sheet_header_gene_row;xlsx:41467_2019_14224_MOESM27_ESM.xlsx:Fig6C:row_18:sheet_header_gene_row;xlsx:41467_2019_14224_MOESM27_ESM.xlsx:Fig6C:row_19:sheet_header_gene_row;xlsx:41467_2019_14224_MOESM27_ESM.xlsx:Fig6C:row_20:sheet_header_gene_row;xlsx:41467_2019_14224_MOESM27_ESM.xlsx:Fig6C:row_21:sheet_header_gene_row;xlsx:41467_2019_14224_MOESM27_ESM.xlsx:Fig6C:row_22:sheet_header_gene_row;xlsx:41467_2019_14224_MOESM27_ESM.xlsx:Fig6C:row_23:sheet_header_gene_row;xlsx:41467_2019_14224_MOESM27_ESM.xlsx:Fig6C:row_24:sheet_header_gene_row;xlsx:41467_2019_14224_MOESM27_ESM.xlsx:Fig6C:row_25:sheet_header_gene_row	retrieved_valid	complex_comember	affinity_purification_ms	support_only	weak	medium	high_throughput_screen;disease_specific;mutant_specific;complex_member_not_direct_binding	paper_default	reviewed_source_support_flow_later	yes	no		Physical-association or co-complex evidence only unless the exception state says otherwise; no client status is inferred.	true	false	SRCREV-2026-07-15-V6_108-PMID31980649-HSP90AB1-037
DBROUTE-v6_108-31980649-HSP90AB1-CAMK2A	DBSRC-HSP90AB1-CAMK2A-3257f72e	31980649	PMC6981206	Extensive rewiring of the EGFR network in colorectal cancer cells expressing transforming levels of KRASG13D	HSP90AB1::CAMK2A	HSP90AB1	CAMK2A	true	egfr_kras_apms_myth_network	exact_pair_found_in_inspected_supplement	xlsx:41467_2019_14224_MOESM15_ESM.xlsx:Pathway analysis:row_102:sheet_header_gene_row;xlsx:41467_2019_14224_MOESM15_ESM.xlsx:Pathway analysis:row_112:sheet_header_gene_row;xlsx:41467_2019_14224_MOESM15_ESM.xlsx:Pathway analysis:row_114:same_row;xlsx:41467_2019_14224_MOESM15_ESM.xlsx:Pathway analysis:row_134:same_row;xlsx:41467_2019_14224_MOESM15_ESM.xlsx:Pathway analysis:row_146:same_row;xlsx:41467_2019_14224_MOESM15_ESM.xlsx:Pathway analysis:row_149:sheet_header_gene_row;xlsx:41467_2019_14224_MOESM15_ESM.xlsx:Pathway analysis:row_168:sheet_header_gene_row;xlsx:41467_2019_14224_MOESM15_ESM.xlsx:Pathway analysis:row_180:sheet_header_gene_row;xlsx:41467_2019_14224_MOESM15_ESM.xlsx:Pathway analysis:row_199:sheet_header_gene_row;xlsx:41467_2019_14224_MOESM15_ESM.xlsx:Pathway analysis:row_210:sheet_header_gene_row;xlsx:41467_2019_14224_MOESM15_ESM.xlsx:Pathway analysis:row_215:sheet_header_gene_row;xlsx:41467_2019_14224_MOESM15_ESM.xlsx:Pathway analysis:row_256:sheet_header_gene_row;xlsx:41467_2019_14224_MOESM15_ESM.xlsx:Pathway analysis:row_293:sheet_header_gene_row;xlsx:41467_2019_14224_MOESM15_ESM.xlsx:Pathway analysis:row_298:sheet_header_gene_row;xlsx:41467_2019_14224_MOESM15_ESM.xlsx:Pathway analysis:row_299:sheet_header_gene_row;xlsx:41467_2019_14224_MOESM15_ESM.xlsx:Pathway analysis:row_306:same_row;xlsx:41467_2019_14224_MOESM15_ESM.xlsx:Pathway analysis:row_313:sheet_header_gene_row;xlsx:41467_2019_14224_MOESM15_ESM.xlsx:Pathway analysis:row_338:sheet_header_gene_row;xlsx:41467_2019_14224_MOESM15_ESM.xlsx:Pathway analysis:row_33:sheet_header_gene_row;xlsx:41467_2019_14224_MOESM15_ESM.xlsx:Pathway analysis:row_375:sheet_header_gene_row	retrieved_valid	complex_comember	affinity_purification_ms	support_only	weak	medium	high_throughput_screen;disease_specific;mutant_specific;complex_member_not_direct_binding	paper_default	reviewed_source_support_flow_later	yes	no		Physical-association or co-complex evidence only unless the exception state says otherwise; no client status is inferred.	true	false	SRCREV-2026-07-15-V6_108-PMID31980649-HSP90AB1-037
DBROUTE-v6_108-31980649-HSP90AB1-EGFR	DBSRC-HSP90AB1-EGFR-3257f72e	31980649	PMC6981206	Extensive rewiring of the EGFR network in colorectal cancer cells expressing transforming levels of KRASG13D	HSP90AB1::EGFR	HSP90AB1	EGFR	true	egfr_kras_apms_myth_network	exact_pair_found_in_inspected_supplement	article_text;xlsx:41467_2019_14224_MOESM15_ESM.xlsx:Pathway analysis:row_182:sheet_header_gene_row;xlsx:41467_2019_14224_MOESM15_ESM.xlsx:Pathway analysis:row_261:sheet_header_gene_row;xlsx:41467_2019_14224_MOESM15_ESM.xlsx:Pathway analysis:row_271:sheet_header_gene_row;xlsx:41467_2019_14224_MOESM15_ESM.xlsx:Pathway analysis:row_301:sheet_header_gene_row;xlsx:41467_2019_14224_MOESM15_ESM.xlsx:Pathway analysis:row_47:sheet_header_gene_row;xlsx:41467_2019_14224_MOESM15_ESM.xlsx:Pathway analysis:row_61:sheet_header_gene_row;xlsx:41467_2019_14224_MOESM16_ESM.xlsx:APMS_mtKRAS-Hi:row_119:same_row;xlsx:41467_2019_14224_MOESM16_ESM.xlsx:APMS_mtKRAS-Hi:row_58:same_row;xlsx:41467_2019_14224_MOESM27_ESM.xlsx:Fig2B:row_779:same_row;xlsx:41467_2019_14224_MOESM6_ESM.xlsx:mtKRAS_Hi interactions:row_591:same_row;xlsx:41467_2019_14224_MOESM7_ESM.xlsx:MYTH Interactome:row_350:same_row;xlsx:41467_2019_14224_MOESM8_ESM.xlsx:Union network:row_778:same_row	retrieved_valid	complex_comember	affinity_purification_ms	support_only	weak	medium	high_throughput_screen;disease_specific;mutant_specific;complex_member_not_direct_binding	paper_default	reviewed_source_support_flow_later	yes	no		Physical-association or co-complex evidence only unless the exception state says otherwise; no client status is inferred.	true	false	SRCREV-2026-07-15-V6_108-PMID31980649-HSP90AB1-037
DBROUTE-v6_108-31980649-HSP90AB1-FGFR1	DBSRC-HSP90AB1-FGFR1-3257f72e	31980649	PMC6981206	Extensive rewiring of the EGFR network in colorectal cancer cells expressing transforming levels of KRASG13D	HSP90AB1::FGFR1	HSP90AB1	FGFR1	true	egfr_kras_apms_myth_network	exact_pair_found_in_inspected_supplement	xlsx:41467_2019_14224_MOESM15_ESM.xlsx:Pathway analysis:row_101:sheet_header_gene_row;xlsx:41467_2019_14224_MOESM15_ESM.xlsx:Pathway analysis:row_106:sheet_header_gene_row;xlsx:41467_2019_14224_MOESM15_ESM.xlsx:Pathway analysis:row_125:sheet_header_gene_row;xlsx:41467_2019_14224_MOESM15_ESM.xlsx:Pathway analysis:row_153:sheet_header_gene_row;xlsx:41467_2019_14224_MOESM15_ESM.xlsx:Pathway analysis:row_180:sheet_header_gene_row;xlsx:41467_2019_14224_MOESM15_ESM.xlsx:Pathway analysis:row_206:sheet_header_gene_row;xlsx:41467_2019_14224_MOESM15_ESM.xlsx:Pathway analysis:row_223:sheet_header_gene_row;xlsx:41467_2019_14224_MOESM15_ESM.xlsx:Pathway analysis:row_24:sheet_header_gene_row;xlsx:41467_2019_14224_MOESM15_ESM.xlsx:Pathway analysis:row_361:sheet_header_gene_row;xlsx:41467_2019_14224_MOESM18_ESM.xlsx:IF_scatterplot_table:row_52:sheet_header_gene_row;xlsx:41467_2019_14224_MOESM27_ESM.xlsx:Fig2B:row_958:same_row;xlsx:41467_2019_14224_MOESM27_ESM.xlsx:Fig5B:row_154:sheet_header_gene_row;xlsx:41467_2019_14224_MOESM6_ESM.xlsx:mtKRAS_Hi interactions:row_737:same_row;xlsx:41467_2019_14224_MOESM8_ESM.xlsx:Union network:row_957:same_row	retrieved_valid	complex_comember	affinity_purification_ms	support_only	weak	medium	high_throughput_screen;disease_specific;mutant_specific;complex_member_not_direct_binding	paper_default	reviewed_source_support_flow_later	yes	no		Physical-association or co-complex evidence only unless the exception state says otherwise; no client status is inferred.	true	false	SRCREV-2026-07-15-V6_108-PMID31980649-HSP90AB1-037
DBROUTE-v6_108-31980649-HSP90AB1-FGR	DBSRC-HSP90AB1-FGR-3257f72e	31980649	PMC6981206	Extensive rewiring of the EGFR network in colorectal cancer cells expressing transforming levels of KRASG13D	HSP90AB1::FGR	HSP90AB1	FGR	true	egfr_kras_apms_myth_network	exact_pair_found_in_inspected_supplement	xlsx:41467_2019_14224_MOESM16_ESM.xlsx:APMS_mtKRAS-Hi:row_103:same_row;xlsx:41467_2019_14224_MOESM16_ESM.xlsx:APMS_mtKRAS-Hi:row_29:same_row;xlsx:41467_2019_14224_MOESM16_ESM.xlsx:APMS_mtKRAS-Hi:row_59:same_row;xlsx:41467_2019_14224_MOESM16_ESM.xlsx:APMS_mtKRAS-Hi:row_75:same_row;xlsx:41467_2019_14224_MOESM16_ESM.xlsx:APMS_mtKRAS-Lo:row_112:same_row;xlsx:41467_2019_14224_MOESM16_ESM.xlsx:APMS_mtKRAS-Lo:row_63:same_row;xlsx:41467_2019_14224_MOESM18_ESM.xlsx:IF_scatterplot_table:row_57:sheet_header_gene_row;xlsx:41467_2019_14224_MOESM27_ESM.xlsx:Fig2B:row_994:same_row;xlsx:41467_2019_14224_MOESM27_ESM.xlsx:Fig6C:row_192:sheet_header_gene_row;xlsx:41467_2019_14224_MOESM27_ESM.xlsx:Fig6C:row_46:sheet_header_gene_row;xlsx:41467_2019_14224_MOESM27_ESM.xlsx:Fig6C:row_47:sheet_header_gene_row;xlsx:41467_2019_14224_MOESM27_ESM.xlsx:Fig6C:row_48:sheet_header_gene_row;xlsx:41467_2019_14224_MOESM27_ESM.xlsx:Fig6C:row_49:sheet_header_gene_row;xlsx:41467_2019_14224_MOESM27_ESM.xlsx:Fig6C:row_50:sheet_header_gene_row;xlsx:41467_2019_14224_MOESM27_ESM.xlsx:Fig6C:row_51:sheet_header_gene_row;xlsx:41467_2019_14224_MOESM27_ESM.xlsx:Fig6C:row_52:sheet_header_gene_row;xlsx:41467_2019_14224_MOESM27_ESM.xlsx:Fig6C:row_53:sheet_header_gene_row;xlsx:41467_2019_14224_MOESM27_ESM.xlsx:Fig6C:row_54:sheet_header_gene_row;xlsx:41467_2019_14224_MOESM27_ESM.xlsx:Fig6C:row_55:sheet_header_gene_row;xlsx:41467_2019_14224_MOESM27_ESM.xlsx:Fig6C:row_56:sheet_header_gene_row	retrieved_valid	complex_comember	affinity_purification_ms	support_only	weak	medium	high_throughput_screen;disease_specific;mutant_specific;complex_member_not_direct_binding	paper_default	reviewed_source_support_flow_later	yes	no		Physical-association or co-complex evidence only unless the exception state says otherwise; no client status is inferred.	true	false	SRCREV-2026-07-15-V6_108-PMID31980649-HSP90AB1-037
DBROUTE-v6_108-31980649-HSP90AB1-FYN	DBSRC-HSP90AB1-FYN-3257f72e	31980649	PMC6981206	Extensive rewiring of the EGFR network in colorectal cancer cells expressing transforming levels of KRASG13D	HSP90AB1::FYN	HSP90AB1	FYN	true	egfr_kras_apms_myth_network	exact_pair_found_in_inspected_supplement	xlsx:41467_2019_14224_MOESM16_ESM.xlsx:APMS_mtKRAS-Hi:row_120:same_row;xlsx:41467_2019_14224_MOESM16_ESM.xlsx:APMS_mtKRAS-Hi:row_60:same_row;xlsx:41467_2019_14224_MOESM16_ESM.xlsx:APMS_mtKRAS-Lo:row_113:same_row;xlsx:41467_2019_14224_MOESM16_ESM.xlsx:APMS_mtKRAS-Lo:row_64:same_row;xlsx:41467_2019_14224_MOESM18_ESM.xlsx:IF_mtKRAS-Hi:row_16:sheet_header_gene_row;xlsx:41467_2019_14224_MOESM18_ESM.xlsx:IF_scatterplot_table:row_34:sheet_header_gene_row;xlsx:41467_2019_14224_MOESM27_ESM.xlsx:Fig2B:row_1052:same_row;xlsx:41467_2019_14224_MOESM27_ESM.xlsx:Fig5B:row_15:sheet_header_gene_row;xlsx:41467_2019_14224_MOESM27_ESM.xlsx:Fig6A:row_176:same_row;xlsx:41467_2019_14224_MOESM6_ESM.xlsx:mtKRAS_Hi interactions:row_806:same_row;xlsx:41467_2019_14224_MOESM6_ESM.xlsx:mtKRAS_Lo interactions:row_656:same_row;xlsx:41467_2019_14224_MOESM8_ESM.xlsx:Union network:row_1051:same_row	retrieved_valid	complex_comember	affinity_purification_ms	support_only	weak	medium	high_throughput_screen;disease_specific;mutant_specific;complex_member_not_direct_binding	paper_default	reviewed_source_support_flow_later	yes	no		Physical-association or co-complex evidence only unless the exception state says otherwise; no client status is inferred.	true	false	SRCREV-2026-07-15-V6_108-PMID31980649-HSP90AB1-037
DBROUTE-v6_108-31980649-HSP90AB1-HCK	DBSRC-HSP90AB1-HCK-3257f72e	31980649	PMC6981206	Extensive rewiring of the EGFR network in colorectal cancer cells expressing transforming levels of KRASG13D	HSP90AB1::HCK	HSP90AB1	HCK	true	egfr_kras_apms_myth_network	exact_pair_found_in_inspected_supplement	xlsx:41467_2019_14224_MOESM16_ESM.xlsx:APMS_mtKRAS-Hi:row_121:same_row;xlsx:41467_2019_14224_MOESM16_ESM.xlsx:APMS_mtKRAS-Hi:row_61:same_row;xlsx:41467_2019_14224_MOESM16_ESM.xlsx:APMS_mtKRAS-Lo:row_114:same_row;xlsx:41467_2019_14224_MOESM16_ESM.xlsx:APMS_mtKRAS-Lo:row_65:same_row;xlsx:41467_2019_14224_MOESM18_ESM.xlsx:IF_scatterplot_table:row_36:sheet_header_gene_row;xlsx:41467_2019_14224_MOESM27_ESM.xlsx:Fig2B:row_1337:same_row;xlsx:41467_2019_14224_MOESM27_ESM.xlsx:Fig6C:row_194:sheet_header_gene_row;xlsx:41467_2019_14224_MOESM6_ESM.xlsx:mtKRAS_Hi interactions:row_1028:same_row;xlsx:41467_2019_14224_MOESM6_ESM.xlsx:mtKRAS_Lo interactions:row_829:same_row;xlsx:41467_2019_14224_MOESM8_ESM.xlsx:Union network:row_1336:same_row	retrieved_valid	complex_comember	affinity_purification_ms	support_only	weak	medium	high_throughput_screen;disease_specific;mutant_specific;complex_member_not_direct_binding	paper_default	reviewed_source_support_flow_later	yes	no		Physical-association or co-complex evidence only unless the exception state says otherwise; no client status is inferred.	true	false	SRCREV-2026-07-15-V6_108-PMID31980649-HSP90AB1-037
DBROUTE-v6_108-31980649-HSP90AB1-LCK	DBSRC-HSP90AB1-LCK-3257f72e	31980649	PMC6981206	Extensive rewiring of the EGFR network in colorectal cancer cells expressing transforming levels of KRASG13D	HSP90AB1::LCK	HSP90AB1	LCK	true	egfr_kras_apms_myth_network	exact_pair_found_in_inspected_supplement	xlsx:41467_2019_14224_MOESM15_ESM.xlsx:Pathway analysis:row_101:sheet_header_gene_row;xlsx:41467_2019_14224_MOESM15_ESM.xlsx:Pathway analysis:row_107:sheet_header_gene_row;xlsx:41467_2019_14224_MOESM15_ESM.xlsx:Pathway analysis:row_109:sheet_header_gene_row;xlsx:41467_2019_14224_MOESM15_ESM.xlsx:Pathway analysis:row_114:same_row;xlsx:41467_2019_14224_MOESM15_ESM.xlsx:Pathway analysis:row_125:sheet_header_gene_row;xlsx:41467_2019_14224_MOESM15_ESM.xlsx:Pathway analysis:row_136:sheet_header_gene_row;xlsx:41467_2019_14224_MOESM15_ESM.xlsx:Pathway analysis:row_140:sheet_header_gene_row;xlsx:41467_2019_14224_MOESM15_ESM.xlsx:Pathway analysis:row_145:sheet_header_gene_row;xlsx:41467_2019_14224_MOESM15_ESM.xlsx:Pathway analysis:row_147:sheet_header_gene_row;xlsx:41467_2019_14224_MOESM15_ESM.xlsx:Pathway analysis:row_152:sheet_header_gene_row;xlsx:41467_2019_14224_MOESM15_ESM.xlsx:Pathway analysis:row_164:sheet_header_gene_row;xlsx:41467_2019_14224_MOESM15_ESM.xlsx:Pathway analysis:row_181:sheet_header_gene_row;xlsx:41467_2019_14224_MOESM15_ESM.xlsx:Pathway analysis:row_207:sheet_header_gene_row;xlsx:41467_2019_14224_MOESM15_ESM.xlsx:Pathway analysis:row_208:sheet_header_gene_row;xlsx:41467_2019_14224_MOESM15_ESM.xlsx:Pathway analysis:row_210:sheet_header_gene_row;xlsx:41467_2019_14224_MOESM15_ESM.xlsx:Pathway analysis:row_216:sheet_header_gene_row;xlsx:41467_2019_14224_MOESM15_ESM.xlsx:Pathway analysis:row_231:sheet_header_gene_row;xlsx:41467_2019_14224_MOESM15_ESM.xlsx:Pathway analysis:row_233:sheet_header_gene_row;xlsx:41467_2019_14224_MOESM15_ESM.xlsx:Pathway analysis:row_237:sheet_header_gene_row;xlsx:41467_2019_14224_MOESM15_ESM.xlsx:Pathway analysis:row_255:sheet_header_gene_row	retrieved_valid	complex_comember	affinity_purification_ms	support_only	weak	medium	high_throughput_screen;disease_specific;mutant_specific;complex_member_not_direct_binding	paper_default	reviewed_source_support_flow_later	yes	no		Physical-association or co-complex evidence only unless the exception state says otherwise; no client status is inferred.	true	false	SRCREV-2026-07-15-V6_108-PMID31980649-HSP90AB1-037
DBROUTE-v6_108-31980649-HSP90AB1-LYN	DBSRC-HSP90AB1-LYN-3257f72e	31980649	PMC6981206	Extensive rewiring of the EGFR network in colorectal cancer cells expressing transforming levels of KRASG13D	HSP90AB1::LYN	HSP90AB1	LYN	true	egfr_kras_apms_myth_network	exact_pair_found_in_inspected_supplement	xlsx:41467_2019_14224_MOESM15_ESM.xlsx:Pathway analysis:row_107:sheet_header_gene_row;xlsx:41467_2019_14224_MOESM15_ESM.xlsx:Pathway analysis:row_114:same_row;xlsx:41467_2019_14224_MOESM15_ESM.xlsx:Pathway analysis:row_152:sheet_header_gene_row;xlsx:41467_2019_14224_MOESM15_ESM.xlsx:Pathway analysis:row_164:sheet_header_gene_row;xlsx:41467_2019_14224_MOESM15_ESM.xlsx:Pathway analysis:row_178:sheet_header_gene_row;xlsx:41467_2019_14224_MOESM15_ESM.xlsx:Pathway analysis:row_195:sheet_header_gene_row;xlsx:41467_2019_14224_MOESM15_ESM.xlsx:Pathway analysis:row_198:sheet_header_gene_row;xlsx:41467_2019_14224_MOESM15_ESM.xlsx:Pathway analysis:row_204:sheet_header_gene_row;xlsx:41467_2019_14224_MOESM15_ESM.xlsx:Pathway analysis:row_205:sheet_header_gene_row;xlsx:41467_2019_14224_MOESM15_ESM.xlsx:Pathway analysis:row_207:sheet_header_gene_row;xlsx:41467_2019_14224_MOESM15_ESM.xlsx:Pathway analysis:row_208:sheet_header_gene_row;xlsx:41467_2019_14224_MOESM15_ESM.xlsx:Pathway analysis:row_210:sheet_header_gene_row;xlsx:41467_2019_14224_MOESM15_ESM.xlsx:Pathway analysis:row_212:sheet_header_gene_row;xlsx:41467_2019_14224_MOESM15_ESM.xlsx:Pathway analysis:row_216:sheet_header_gene_row;xlsx:41467_2019_14224_MOESM15_ESM.xlsx:Pathway analysis:row_233:sheet_header_gene_row;xlsx:41467_2019_14224_MOESM15_ESM.xlsx:Pathway analysis:row_240:sheet_header_gene_row;xlsx:41467_2019_14224_MOESM15_ESM.xlsx:Pathway analysis:row_247:sheet_header_gene_row;xlsx:41467_2019_14224_MOESM15_ESM.xlsx:Pathway analysis:row_27:sheet_header_gene_row;xlsx:41467_2019_14224_MOESM15_ESM.xlsx:Pathway analysis:row_29:same_row;xlsx:41467_2019_14224_MOESM15_ESM.xlsx:Pathway analysis:row_307:sheet_header_gene_row	retrieved_valid	complex_comember	affinity_purification_ms	support_only	weak	medium	high_throughput_screen;disease_specific;mutant_specific;complex_member_not_direct_binding	paper_default	reviewed_source_support_flow_later	yes	no		Physical-association or co-complex evidence only unless the exception state says otherwise; no client status is inferred.	true	false	SRCREV-2026-07-15-V6_108-PMID31980649-HSP90AB1-037
DBROUTE-v6_108-31980649-HSP90AB1-MAP2K2	DBSRC-HSP90AB1-MAP2K2-3257f72e	31980649	PMC6981206	Extensive rewiring of the EGFR network in colorectal cancer cells expressing transforming levels of KRASG13D	HSP90AB1::MAP2K2	HSP90AB1	MAP2K2	true	egfr_kras_apms_myth_network	exact_pair_found_in_inspected_supplement	xlsx:41467_2019_14224_MOESM16_ESM.xlsx:APMS_mtKRAS-Hi:row_123:same_row;xlsx:41467_2019_14224_MOESM16_ESM.xlsx:APMS_mtKRAS-Hi:row_63:same_row;xlsx:41467_2019_14224_MOESM16_ESM.xlsx:APMS_mtKRAS-Hi:row_97:same_row;xlsx:41467_2019_14224_MOESM16_ESM.xlsx:APMS_mtKRAS-Lo:row_117:same_row;xlsx:41467_2019_14224_MOESM16_ESM.xlsx:APMS_mtKRAS-Lo:row_68:same_row;xlsx:41467_2019_14224_MOESM16_ESM.xlsx:APMS_mtKRAS-Lo:row_94:same_row;xlsx:41467_2019_14224_MOESM18_ESM.xlsx:IF_scatterplot_table:row_63:sheet_header_gene_row;xlsx:41467_2019_14224_MOESM27_ESM.xlsx:Fig2B:row_1564:same_row;xlsx:41467_2019_14224_MOESM27_ESM.xlsx:Fig6C:row_24:sheet_header_gene_row;xlsx:41467_2019_14224_MOESM27_ESM.xlsx:Fig6C:row_250:sheet_header_gene_row;xlsx:41467_2019_14224_MOESM6_ESM.xlsx:mtKRAS_Hi interactions:row_1179:same_row;xlsx:41467_2019_14224_MOESM6_ESM.xlsx:mtKRAS_Lo interactions:row_1005:same_row;xlsx:41467_2019_14224_MOESM8_ESM.xlsx:Union network:row_1563:same_row	retrieved_valid	complex_comember	affinity_purification_ms	support_only	weak	medium	high_throughput_screen;disease_specific;mutant_specific;complex_member_not_direct_binding	paper_default	reviewed_source_support_flow_later	yes	no		Physical-association or co-complex evidence only unless the exception state says otherwise; no client status is inferred.	true	false	SRCREV-2026-07-15-V6_108-PMID31980649-HSP90AB1-037
DBROUTE-v6_108-31980649-HSP90AB1-MAP2K5	DBSRC-HSP90AB1-MAP2K5-3257f72e	31980649	PMC6981206	Extensive rewiring of the EGFR network in colorectal cancer cells expressing transforming levels of KRASG13D	HSP90AB1::MAP2K5	HSP90AB1	MAP2K5	true	egfr_kras_apms_myth_network	exact_pair_found_in_inspected_supplement	xlsx:41467_2019_14224_MOESM16_ESM.xlsx:APMS_mtKRAS-Hi:row_124:same_row;xlsx:41467_2019_14224_MOESM16_ESM.xlsx:APMS_mtKRAS-Hi:row_64:same_row;xlsx:41467_2019_14224_MOESM16_ESM.xlsx:APMS_mtKRAS-Lo:row_118:same_row;xlsx:41467_2019_14224_MOESM16_ESM.xlsx:APMS_mtKRAS-Lo:row_69:same_row;xlsx:41467_2019_14224_MOESM16_ESM.xlsx:CORUM_mtKRAS-Hi:row_32:same_row;xlsx:41467_2019_14224_MOESM16_ESM.xlsx:CORUM_mtKRAS-Lo:row_35:same_row;xlsx:41467_2019_14224_MOESM16_ESM.xlsx:diff CORUM:row_8:same_row;xlsx:41467_2019_14224_MOESM18_ESM.xlsx:IF_scatterplot_table:row_53:sheet_header_gene_row;xlsx:41467_2019_14224_MOESM27_ESM.xlsx:Fig2B:row_1671:same_row;xlsx:41467_2019_14224_MOESM27_ESM.xlsx:Fig6C:row_208:sheet_header_gene_row;xlsx:41467_2019_14224_MOESM27_ESM.xlsx:Fig6C:row_209:sheet_header_gene_row;xlsx:41467_2019_14224_MOESM27_ESM.xlsx:Fig6C:row_210:sheet_header_gene_row;xlsx:41467_2019_14224_MOESM27_ESM.xlsx:Fig6C:row_211:sheet_header_gene_row;xlsx:41467_2019_14224_MOESM27_ESM.xlsx:Fig6C:row_212:sheet_header_gene_row;xlsx:41467_2019_14224_MOESM27_ESM.xlsx:Fig6C:row_213:sheet_header_gene_row;xlsx:41467_2019_14224_MOESM27_ESM.xlsx:Fig6C:row_214:sheet_header_gene_row;xlsx:41467_2019_14224_MOESM27_ESM.xlsx:Fig6C:row_215:sheet_header_gene_row;xlsx:41467_2019_14224_MOESM27_ESM.xlsx:Fig6C:row_216:sheet_header_gene_row;xlsx:41467_2019_14224_MOESM27_ESM.xlsx:Fig6C:row_217:sheet_header_gene_row;xlsx:41467_2019_14224_MOESM27_ESM.xlsx:Fig6C:row_218:sheet_header_gene_row	retrieved_valid	complex_comember	affinity_purification_ms	support_only	weak	medium	high_throughput_screen;disease_specific;mutant_specific;complex_member_not_direct_binding	paper_default	reviewed_source_support_flow_later	yes	no		Physical-association or co-complex evidence only unless the exception state says otherwise; no client status is inferred.	true	false	SRCREV-2026-07-15-V6_108-PMID31980649-HSP90AB1-037
DBROUTE-v6_108-31980649-HSP90AB1-MAP3K14	DBSRC-HSP90AB1-MAP3K14-3257f72e	31980649	PMC6981206	Extensive rewiring of the EGFR network in colorectal cancer cells expressing transforming levels of KRASG13D	HSP90AB1::MAP3K14	HSP90AB1	MAP3K14	true	egfr_kras_apms_myth_network	exact_pair_found_in_inspected_supplement	xlsx:41467_2019_14224_MOESM16_ESM.xlsx:APMS_mtKRAS-Hi:row_102:same_row;xlsx:41467_2019_14224_MOESM16_ESM.xlsx:APMS_mtKRAS-Hi:row_125:same_row;xlsx:41467_2019_14224_MOESM16_ESM.xlsx:APMS_mtKRAS-Hi:row_25:same_row;xlsx:41467_2019_14224_MOESM16_ESM.xlsx:APMS_mtKRAS-Hi:row_65:same_row;xlsx:41467_2019_14224_MOESM16_ESM.xlsx:APMS_mtKRAS-Hi:row_76:same_row;xlsx:41467_2019_14224_MOESM16_ESM.xlsx:APMS_mtKRAS-Hi:row_99:same_row;xlsx:41467_2019_14224_MOESM16_ESM.xlsx:APMS_mtKRAS-Lo:row_119:same_row;xlsx:41467_2019_14224_MOESM16_ESM.xlsx:APMS_mtKRAS-Lo:row_29:same_row;xlsx:41467_2019_14224_MOESM16_ESM.xlsx:APMS_mtKRAS-Lo:row_70:same_row;xlsx:41467_2019_14224_MOESM16_ESM.xlsx:APMS_mtKRAS-Lo:row_78:same_row;xlsx:41467_2019_14224_MOESM16_ESM.xlsx:APMS_mtKRAS-Lo:row_95:same_row;xlsx:41467_2019_14224_MOESM16_ESM.xlsx:APMS_mtKRAS-Lo:row_99:same_row;xlsx:41467_2019_14224_MOESM16_ESM.xlsx:CORUM_mtKRAS-Hi:row_105:sheet_header_gene_row;xlsx:41467_2019_14224_MOESM16_ESM.xlsx:CORUM_mtKRAS-Hi:row_13:same_row;xlsx:41467_2019_14224_MOESM16_ESM.xlsx:CORUM_mtKRAS-Lo:row_14:same_row;xlsx:41467_2019_14224_MOESM16_ESM.xlsx:CORUM_mtKRAS-Lo:row_97:sheet_header_gene_row;xlsx:41467_2019_14224_MOESM18_ESM.xlsx:IF_scatterplot_table:row_62:sheet_header_gene_row;xlsx:41467_2019_14224_MOESM27_ESM.xlsx:Fig2B:row_1709:same_row;xlsx:41467_2019_14224_MOESM6_ESM.xlsx:mtKRAS_Hi interactions:row_1322:same_row;xlsx:41467_2019_14224_MOESM6_ESM.xlsx:mtKRAS_Lo interactions:row_1156:same_row	retrieved_valid	complex_comember	affinity_purification_ms	support_only	weak	medium	high_throughput_screen;disease_specific;mutant_specific;complex_member_not_direct_binding	paper_default	reviewed_source_support_flow_later	yes	no		Physical-association or co-complex evidence only unless the exception state says otherwise; no client status is inferred.	true	false	SRCREV-2026-07-15-V6_108-PMID31980649-HSP90AB1-037
DBROUTE-v6_108-31980649-HSP90AB1-MAP4K1	DBSRC-HSP90AB1-MAP4K1-3257f72e	31980649	PMC6981206	Extensive rewiring of the EGFR network in colorectal cancer cells expressing transforming levels of KRASG13D	HSP90AB1::MAP4K1	HSP90AB1	MAP4K1	true	egfr_kras_apms_myth_network	exact_pair_found_in_inspected_supplement	xlsx:41467_2019_14224_MOESM18_ESM.xlsx:IF_mtKRAS-Hi:row_66:sheet_header_gene_row;xlsx:41467_2019_14224_MOESM18_ESM.xlsx:IF_scatterplot_table:row_284:sheet_header_gene_row;xlsx:41467_2019_14224_MOESM27_ESM.xlsx:Fig2B:row_1770:same_row;xlsx:41467_2019_14224_MOESM27_ESM.xlsx:Fig5B:row_65:sheet_header_gene_row;xlsx:41467_2019_14224_MOESM27_ESM.xlsx:Fig6C:row_244:sheet_header_gene_row;xlsx:41467_2019_14224_MOESM27_ESM.xlsx:Fig6C:row_245:sheet_header_gene_row;xlsx:41467_2019_14224_MOESM27_ESM.xlsx:Fig6C:row_246:sheet_header_gene_row;xlsx:41467_2019_14224_MOESM27_ESM.xlsx:Fig6C:row_247:sheet_header_gene_row;xlsx:41467_2019_14224_MOESM27_ESM.xlsx:Fig6C:row_248:sheet_header_gene_row;xlsx:41467_2019_14224_MOESM27_ESM.xlsx:Fig6C:row_249:same_row;xlsx:41467_2019_14224_MOESM27_ESM.xlsx:Fig6C:row_250:sheet_header_gene_row;xlsx:41467_2019_14224_MOESM27_ESM.xlsx:Fig6C:row_251:sheet_header_gene_row;xlsx:41467_2019_14224_MOESM27_ESM.xlsx:Fig6C:row_252:sheet_header_gene_row;xlsx:41467_2019_14224_MOESM27_ESM.xlsx:Fig6C:row_253:sheet_header_gene_row;xlsx:41467_2019_14224_MOESM6_ESM.xlsx:mtKRAS_Hi interactions:row_1336:same_row;xlsx:41467_2019_14224_MOESM6_ESM.xlsx:mtKRAS_Lo interactions:row_1168:same_row;xlsx:41467_2019_14224_MOESM8_ESM.xlsx:Union network:row_1769:same_row	retrieved_valid	complex_comember	affinity_purification_ms	support_only	weak	medium	high_throughput_screen;disease_specific;mutant_specific;complex_member_not_direct_binding	paper_default	reviewed_source_support_flow_later	yes	no		Physical-association or co-complex evidence only unless the exception state says otherwise; no client status is inferred.	true	false	SRCREV-2026-07-15-V6_108-PMID31980649-HSP90AB1-037
DBROUTE-v6_108-31980649-HSP90AB1-MAPK14	DBSRC-HSP90AB1-MAPK14-3257f72e	31980649	PMC6981206	Extensive rewiring of the EGFR network in colorectal cancer cells expressing transforming levels of KRASG13D	HSP90AB1::MAPK14	HSP90AB1	MAPK14	true	egfr_kras_apms_myth_network	exact_pair_found_in_inspected_supplement	xlsx:41467_2019_14224_MOESM18_ESM.xlsx:IF_mtKRAS-Hi:row_15:sheet_header_gene_row;xlsx:41467_2019_14224_MOESM18_ESM.xlsx:IF_scatterplot_table:row_28:sheet_header_gene_row;xlsx:41467_2019_14224_MOESM27_ESM.xlsx:Fig2B:row_1822:same_row;xlsx:41467_2019_14224_MOESM27_ESM.xlsx:Fig5B:row_14:sheet_header_gene_row;xlsx:41467_2019_14224_MOESM27_ESM.xlsx:Fig6C:row_254:sheet_header_gene_row;xlsx:41467_2019_14224_MOESM27_ESM.xlsx:Fig6C:row_255:sheet_header_gene_row;xlsx:41467_2019_14224_MOESM27_ESM.xlsx:Fig6C:row_256:sheet_header_gene_row;xlsx:41467_2019_14224_MOESM27_ESM.xlsx:Fig6C:row_257:sheet_header_gene_row;xlsx:41467_2019_14224_MOESM27_ESM.xlsx:Fig6C:row_258:sheet_header_gene_row;xlsx:41467_2019_14224_MOESM27_ESM.xlsx:Fig6C:row_259:sheet_header_gene_row;xlsx:41467_2019_14224_MOESM27_ESM.xlsx:Fig6C:row_260:same_row;xlsx:41467_2019_14224_MOESM27_ESM.xlsx:Fig6C:row_261:sheet_header_gene_row;xlsx:41467_2019_14224_MOESM27_ESM.xlsx:Fig6C:row_262:sheet_header_gene_row;xlsx:41467_2019_14224_MOESM27_ESM.xlsx:Fig6C:row_263:sheet_header_gene_row;xlsx:41467_2019_14224_MOESM27_ESM.xlsx:Fig6C:row_264:sheet_header_gene_row;xlsx:41467_2019_14224_MOESM27_ESM.xlsx:Fig6C:row_265:sheet_header_gene_row;xlsx:41467_2019_14224_MOESM27_ESM.xlsx:Fig6C:row_266:sheet_header_gene_row;xlsx:41467_2019_14224_MOESM27_ESM.xlsx:Fig6C:row_267:sheet_header_gene_row;xlsx:41467_2019_14224_MOESM27_ESM.xlsx:Fig6C:row_268:sheet_header_gene_row;xlsx:41467_2019_14224_MOESM27_ESM.xlsx:Fig6C:row_269:sheet_header_gene_row	retrieved_valid	complex_comember	affinity_purification_ms	support_only	weak	medium	high_throughput_screen;disease_specific;mutant_specific;complex_member_not_direct_binding	paper_default	reviewed_source_support_flow_later	yes	no		Physical-association or co-complex evidence only unless the exception state says otherwise; no client status is inferred.	true	false	SRCREV-2026-07-15-V6_108-PMID31980649-HSP90AB1-037
DBROUTE-v6_108-31980649-HSP90AB1-MAPK3	DBSRC-HSP90AB1-MAPK3-3257f72e	31980649	PMC6981206	Extensive rewiring of the EGFR network in colorectal cancer cells expressing transforming levels of KRASG13D	HSP90AB1::MAPK3	HSP90AB1	MAPK3	true	egfr_kras_apms_myth_network	exact_pair_found_in_inspected_supplement	xlsx:41467_2019_14224_MOESM15_ESM.xlsx:Pathway analysis:row_101:sheet_header_gene_row;xlsx:41467_2019_14224_MOESM15_ESM.xlsx:Pathway analysis:row_102:sheet_header_gene_row;xlsx:41467_2019_14224_MOESM15_ESM.xlsx:Pathway analysis:row_104:sheet_header_gene_row;xlsx:41467_2019_14224_MOESM15_ESM.xlsx:Pathway analysis:row_105:sheet_header_gene_row;xlsx:41467_2019_14224_MOESM15_ESM.xlsx:Pathway analysis:row_106:sheet_header_gene_row;xlsx:41467_2019_14224_MOESM15_ESM.xlsx:Pathway analysis:row_110:sheet_header_gene_row;xlsx:41467_2019_14224_MOESM15_ESM.xlsx:Pathway analysis:row_111:sheet_header_gene_row;xlsx:41467_2019_14224_MOESM15_ESM.xlsx:Pathway analysis:row_114:same_row;xlsx:41467_2019_14224_MOESM15_ESM.xlsx:Pathway analysis:row_115:sheet_header_gene_row;xlsx:41467_2019_14224_MOESM15_ESM.xlsx:Pathway analysis:row_116:sheet_header_gene_row;xlsx:41467_2019_14224_MOESM15_ESM.xlsx:Pathway analysis:row_118:sheet_header_gene_row;xlsx:41467_2019_14224_MOESM15_ESM.xlsx:Pathway analysis:row_125:sheet_header_gene_row;xlsx:41467_2019_14224_MOESM15_ESM.xlsx:Pathway analysis:row_132:sheet_header_gene_row;xlsx:41467_2019_14224_MOESM15_ESM.xlsx:Pathway analysis:row_137:sheet_header_gene_row;xlsx:41467_2019_14224_MOESM15_ESM.xlsx:Pathway analysis:row_144:sheet_header_gene_row;xlsx:41467_2019_14224_MOESM15_ESM.xlsx:Pathway analysis:row_145:sheet_header_gene_row;xlsx:41467_2019_14224_MOESM15_ESM.xlsx:Pathway analysis:row_146:same_row;xlsx:41467_2019_14224_MOESM15_ESM.xlsx:Pathway analysis:row_147:sheet_header_gene_row;xlsx:41467_2019_14224_MOESM15_ESM.xlsx:Pathway analysis:row_150:sheet_header_gene_row;xlsx:41467_2019_14224_MOESM15_ESM.xlsx:Pathway analysis:row_152:sheet_header_gene_row	retrieved_valid	complex_comember	affinity_purification_ms	support_only	weak	medium	high_throughput_screen;disease_specific;mutant_specific;complex_member_not_direct_binding	paper_default	reviewed_source_support_flow_later	yes	no		Physical-association or co-complex evidence only unless the exception state says otherwise; no client status is inferred.	true	false	SRCREV-2026-07-15-V6_108-PMID31980649-HSP90AB1-037
DBROUTE-v6_108-31980649-HSP90AB1-MYLK2	DBSRC-HSP90AB1-MYLK2-3257f72e	31980649	PMC6981206	Extensive rewiring of the EGFR network in colorectal cancer cells expressing transforming levels of KRASG13D	HSP90AB1::MYLK2	HSP90AB1	MYLK2	true	egfr_kras_apms_myth_network	exact_pair_found_in_inspected_supplement	xlsx:41467_2019_14224_MOESM15_ESM.xlsx:Pathway analysis:row_106:sheet_header_gene_row;xlsx:41467_2019_14224_MOESM15_ESM.xlsx:Pathway analysis:row_360:sheet_header_gene_row;xlsx:41467_2019_14224_MOESM15_ESM.xlsx:Pathway analysis:row_89:sheet_header_gene_row;xlsx:41467_2019_14224_MOESM15_ESM.xlsx:Pathway analysis:row_92:sheet_header_gene_row;xlsx:41467_2019_14224_MOESM16_ESM.xlsx:APMS_mtKRAS-Lo:row_121:same_row;xlsx:41467_2019_14224_MOESM16_ESM.xlsx:APMS_mtKRAS-Lo:row_72:same_row;xlsx:41467_2019_14224_MOESM18_ESM.xlsx:IF_mtKRAS-Hi:row_17:sheet_header_gene_row;xlsx:41467_2019_14224_MOESM18_ESM.xlsx:IF_scatterplot_table:row_35:sheet_header_gene_row;xlsx:41467_2019_14224_MOESM27_ESM.xlsx:Fig2B:row_1960:same_row;xlsx:41467_2019_14224_MOESM27_ESM.xlsx:Fig5B:row_16:sheet_header_gene_row;xlsx:41467_2019_14224_MOESM27_ESM.xlsx:Fig6A:row_407:same_row;xlsx:41467_2019_14224_MOESM27_ESM.xlsx:Fig6C:row_307:sheet_header_gene_row;xlsx:41467_2019_14224_MOESM6_ESM.xlsx:mtKRAS_Hi interactions:row_1513:same_row;xlsx:41467_2019_14224_MOESM6_ESM.xlsx:mtKRAS_Lo interactions:row_1304:same_row;xlsx:41467_2019_14224_MOESM8_ESM.xlsx:Union network:row_1959:same_row;xlsx:41467_2019_14224_MOESM9_ESM.xlsx:Rewired interactions:row_989:same_row	retrieved_valid	complex_comember	affinity_purification_ms	support_only	weak	medium	high_throughput_screen;disease_specific;mutant_specific;complex_member_not_direct_binding	paper_default	reviewed_source_support_flow_later	yes	no		Physical-association or co-complex evidence only unless the exception state says otherwise; no client status is inferred.	true	false	SRCREV-2026-07-15-V6_108-PMID31980649-HSP90AB1-037
DBROUTE-v6_108-31980649-HSP90AB1-NME1	DBSRC-HSP90AB1-NME1-3257f72e	31980649	PMC6981206	Extensive rewiring of the EGFR network in colorectal cancer cells expressing transforming levels of KRASG13D	HSP90AB1::NME1	HSP90AB1	NME1	true	egfr_kras_apms_myth_network	exact_pair_found_in_inspected_supplement	xlsx:41467_2019_14224_MOESM18_ESM.xlsx:IF_scatterplot_table:row_70:sheet_header_gene_row;xlsx:41467_2019_14224_MOESM18_ESM.xlsx:IF_scatterplot_table:row_75:sheet_header_gene_row;xlsx:41467_2019_14224_MOESM27_ESM.xlsx:Fig2B:row_2061:same_row;xlsx:41467_2019_14224_MOESM27_ESM.xlsx:Fig6C:row_298:sheet_header_gene_row;xlsx:41467_2019_14224_MOESM27_ESM.xlsx:Fig6C:row_299:sheet_header_gene_row;xlsx:41467_2019_14224_MOESM27_ESM.xlsx:Fig6C:row_300:sheet_header_gene_row;xlsx:41467_2019_14224_MOESM27_ESM.xlsx:Fig6C:row_301:sheet_header_gene_row;xlsx:41467_2019_14224_MOESM27_ESM.xlsx:Fig6C:row_302:sheet_header_gene_row;xlsx:41467_2019_14224_MOESM27_ESM.xlsx:Fig6C:row_303:sheet_header_gene_row;xlsx:41467_2019_14224_MOESM27_ESM.xlsx:Fig6C:row_304:sheet_header_gene_row;xlsx:41467_2019_14224_MOESM27_ESM.xlsx:Fig6C:row_305:sheet_header_gene_row;xlsx:41467_2019_14224_MOESM27_ESM.xlsx:Fig6C:row_306:sheet_header_gene_row;xlsx:41467_2019_14224_MOESM27_ESM.xlsx:Fig6C:row_307:sheet_header_gene_row;xlsx:41467_2019_14224_MOESM27_ESM.xlsx:Fig6C:row_308:sheet_header_gene_row;xlsx:41467_2019_14224_MOESM27_ESM.xlsx:Fig6C:row_309:sheet_header_gene_row;xlsx:41467_2019_14224_MOESM27_ESM.xlsx:Fig6C:row_310:sheet_header_gene_row;xlsx:41467_2019_14224_MOESM27_ESM.xlsx:Fig6C:row_311:sheet_header_gene_row;xlsx:41467_2019_14224_MOESM27_ESM.xlsx:Fig6C:row_312:sheet_header_gene_row;xlsx:41467_2019_14224_MOESM27_ESM.xlsx:Fig6C:row_313:sheet_header_gene_row;xlsx:41467_2019_14224_MOESM27_ESM.xlsx:Fig6C:row_314:sheet_header_gene_row	retrieved_valid	complex_comember	affinity_purification_ms	support_only	weak	medium	high_throughput_screen;disease_specific;mutant_specific;complex_member_not_direct_binding	paper_default	reviewed_source_support_flow_later	yes	no		Physical-association or co-complex evidence only unless the exception state says otherwise; no client status is inferred.	true	false	SRCREV-2026-07-15-V6_108-PMID31980649-HSP90AB1-037
DBROUTE-v6_108-31980649-HSP90AB1-PRKCE	DBSRC-HSP90AB1-PRKCE-3257f72e	31980649	PMC6981206	Extensive rewiring of the EGFR network in colorectal cancer cells expressing transforming levels of KRASG13D	HSP90AB1::PRKCE	HSP90AB1	PRKCE	true	egfr_kras_apms_myth_network	exact_pair_found_in_inspected_supplement	xlsx:41467_2019_14224_MOESM15_ESM.xlsx:Pathway analysis:row_101:sheet_header_gene_row;xlsx:41467_2019_14224_MOESM15_ESM.xlsx:Pathway analysis:row_109:sheet_header_gene_row;xlsx:41467_2019_14224_MOESM15_ESM.xlsx:Pathway analysis:row_114:same_row;xlsx:41467_2019_14224_MOESM15_ESM.xlsx:Pathway analysis:row_125:sheet_header_gene_row;xlsx:41467_2019_14224_MOESM15_ESM.xlsx:Pathway analysis:row_140:sheet_header_gene_row;xlsx:41467_2019_14224_MOESM15_ESM.xlsx:Pathway analysis:row_145:sheet_header_gene_row;xlsx:41467_2019_14224_MOESM15_ESM.xlsx:Pathway analysis:row_147:sheet_header_gene_row;xlsx:41467_2019_14224_MOESM15_ESM.xlsx:Pathway analysis:row_154:sheet_header_gene_row;xlsx:41467_2019_14224_MOESM15_ESM.xlsx:Pathway analysis:row_161:sheet_header_gene_row;xlsx:41467_2019_14224_MOESM15_ESM.xlsx:Pathway analysis:row_182:sheet_header_gene_row;xlsx:41467_2019_14224_MOESM15_ESM.xlsx:Pathway analysis:row_183:sheet_header_gene_row;xlsx:41467_2019_14224_MOESM15_ESM.xlsx:Pathway analysis:row_192:sheet_header_gene_row;xlsx:41467_2019_14224_MOESM15_ESM.xlsx:Pathway analysis:row_195:sheet_header_gene_row;xlsx:41467_2019_14224_MOESM15_ESM.xlsx:Pathway analysis:row_198:sheet_header_gene_row;xlsx:41467_2019_14224_MOESM15_ESM.xlsx:Pathway analysis:row_20:sheet_header_gene_row;xlsx:41467_2019_14224_MOESM15_ESM.xlsx:Pathway analysis:row_229:sheet_header_gene_row;xlsx:41467_2019_14224_MOESM15_ESM.xlsx:Pathway analysis:row_231:sheet_header_gene_row;xlsx:41467_2019_14224_MOESM15_ESM.xlsx:Pathway analysis:row_237:sheet_header_gene_row;xlsx:41467_2019_14224_MOESM15_ESM.xlsx:Pathway analysis:row_255:sheet_header_gene_row;xlsx:41467_2019_14224_MOESM15_ESM.xlsx:Pathway analysis:row_262:sheet_header_gene_row	retrieved_valid	complex_comember	affinity_purification_ms	support_only	weak	medium	high_throughput_screen;disease_specific;mutant_specific;complex_member_not_direct_binding	paper_default	reviewed_source_support_flow_later	yes	no		Physical-association or co-complex evidence only unless the exception state says otherwise; no client status is inferred.	true	false	SRCREV-2026-07-15-V6_108-PMID31980649-HSP90AB1-037
DBROUTE-v6_108-31980649-HSP90AB1-PRKCG	DBSRC-HSP90AB1-PRKCG-3257f72e	31980649	PMC6981206	Extensive rewiring of the EGFR network in colorectal cancer cells expressing transforming levels of KRASG13D	HSP90AB1::PRKCG	HSP90AB1	PRKCG	true	egfr_kras_apms_myth_network	exact_pair_found_in_inspected_supplement	xlsx:41467_2019_14224_MOESM15_ESM.xlsx:Pathway analysis:row_101:sheet_header_gene_row;xlsx:41467_2019_14224_MOESM15_ESM.xlsx:Pathway analysis:row_102:sheet_header_gene_row;xlsx:41467_2019_14224_MOESM15_ESM.xlsx:Pathway analysis:row_114:same_row;xlsx:41467_2019_14224_MOESM15_ESM.xlsx:Pathway analysis:row_125:sheet_header_gene_row;xlsx:41467_2019_14224_MOESM15_ESM.xlsx:Pathway analysis:row_137:sheet_header_gene_row;xlsx:41467_2019_14224_MOESM15_ESM.xlsx:Pathway analysis:row_143:sheet_header_gene_row;xlsx:41467_2019_14224_MOESM15_ESM.xlsx:Pathway analysis:row_145:sheet_header_gene_row;xlsx:41467_2019_14224_MOESM15_ESM.xlsx:Pathway analysis:row_147:sheet_header_gene_row;xlsx:41467_2019_14224_MOESM15_ESM.xlsx:Pathway analysis:row_153:sheet_header_gene_row;xlsx:41467_2019_14224_MOESM15_ESM.xlsx:Pathway analysis:row_161:sheet_header_gene_row;xlsx:41467_2019_14224_MOESM15_ESM.xlsx:Pathway analysis:row_182:sheet_header_gene_row;xlsx:41467_2019_14224_MOESM15_ESM.xlsx:Pathway analysis:row_183:sheet_header_gene_row;xlsx:41467_2019_14224_MOESM15_ESM.xlsx:Pathway analysis:row_188:sheet_header_gene_row;xlsx:41467_2019_14224_MOESM15_ESM.xlsx:Pathway analysis:row_192:sheet_header_gene_row;xlsx:41467_2019_14224_MOESM15_ESM.xlsx:Pathway analysis:row_199:sheet_header_gene_row;xlsx:41467_2019_14224_MOESM15_ESM.xlsx:Pathway analysis:row_229:sheet_header_gene_row;xlsx:41467_2019_14224_MOESM15_ESM.xlsx:Pathway analysis:row_231:sheet_header_gene_row;xlsx:41467_2019_14224_MOESM15_ESM.xlsx:Pathway analysis:row_237:sheet_header_gene_row;xlsx:41467_2019_14224_MOESM15_ESM.xlsx:Pathway analysis:row_242:sheet_header_gene_row;xlsx:41467_2019_14224_MOESM15_ESM.xlsx:Pathway analysis:row_247:sheet_header_gene_row	retrieved_valid	complex_comember	affinity_purification_ms	support_only	weak	medium	high_throughput_screen;disease_specific;mutant_specific;complex_member_not_direct_binding	paper_default	reviewed_source_support_flow_later	yes	no		Physical-association or co-complex evidence only unless the exception state says otherwise; no client status is inferred.	true	false	SRCREV-2026-07-15-V6_108-PMID31980649-HSP90AB1-037
DBROUTE-v6_108-31980649-HSP90AB1-PTK6	DBSRC-HSP90AB1-PTK6-3257f72e	31980649	PMC6981206	Extensive rewiring of the EGFR network in colorectal cancer cells expressing transforming levels of KRASG13D	HSP90AB1::PTK6	HSP90AB1	PTK6	true	egfr_kras_apms_myth_network	exact_pair_found_in_inspected_supplement	xlsx:41467_2019_14224_MOESM16_ESM.xlsx:APMS_mtKRAS-Hi:row_128:same_row;xlsx:41467_2019_14224_MOESM16_ESM.xlsx:APMS_mtKRAS-Hi:row_69:same_row;xlsx:41467_2019_14224_MOESM16_ESM.xlsx:APMS_mtKRAS-Lo:row_122:same_row;xlsx:41467_2019_14224_MOESM16_ESM.xlsx:APMS_mtKRAS-Lo:row_73:same_row;xlsx:41467_2019_14224_MOESM18_ESM.xlsx:IF_scatterplot_table:row_49:sheet_header_gene_row;xlsx:41467_2019_14224_MOESM27_ESM.xlsx:Fig2B:row_2903:same_row;xlsx:41467_2019_14224_MOESM27_ESM.xlsx:Fig2C:row_237:same_row;xlsx:41467_2019_14224_MOESM27_ESM.xlsx:Fig6A:row_1094:same_row;xlsx:41467_2019_14224_MOESM6_ESM.xlsx:mtKRAS_Hi interactions:row_2160:same_row;xlsx:41467_2019_14224_MOESM6_ESM.xlsx:mtKRAS_Lo interactions:row_1855:same_row;xlsx:41467_2019_14224_MOESM8_ESM.xlsx:Union network:row_2902:same_row;xlsx:41467_2019_14224_MOESM9_ESM.xlsx:Rewired interactions:row_894:same_row	retrieved_valid	complex_comember	affinity_purification_ms	support_only	weak	medium	high_throughput_screen;disease_specific;mutant_specific;complex_member_not_direct_binding	paper_default	reviewed_source_support_flow_later	yes	no		Physical-association or co-complex evidence only unless the exception state says otherwise; no client status is inferred.	true	false	SRCREV-2026-07-15-V6_108-PMID31980649-HSP90AB1-037
DBROUTE-v6_108-31980649-HSP90AB1-RAF1	DBSRC-HSP90AB1-RAF1-3257f72e	31980649	PMC6981206	Extensive rewiring of the EGFR network in colorectal cancer cells expressing transforming levels of KRASG13D	HSP90AB1::RAF1	HSP90AB1	RAF1	true	egfr_kras_apms_myth_network	exact_pair_found_in_inspected_supplement	article_text;xlsx:41467_2019_14224_MOESM15_ESM.xlsx:Pathway analysis:row_100:sheet_header_gene_row;xlsx:41467_2019_14224_MOESM15_ESM.xlsx:Pathway analysis:row_101:sheet_header_gene_row;xlsx:41467_2019_14224_MOESM15_ESM.xlsx:Pathway analysis:row_102:sheet_header_gene_row;xlsx:41467_2019_14224_MOESM15_ESM.xlsx:Pathway analysis:row_104:sheet_header_gene_row;xlsx:41467_2019_14224_MOESM15_ESM.xlsx:Pathway analysis:row_106:sheet_header_gene_row;xlsx:41467_2019_14224_MOESM15_ESM.xlsx:Pathway analysis:row_110:sheet_header_gene_row;xlsx:41467_2019_14224_MOESM15_ESM.xlsx:Pathway analysis:row_111:sheet_header_gene_row;xlsx:41467_2019_14224_MOESM15_ESM.xlsx:Pathway analysis:row_114:same_row;xlsx:41467_2019_14224_MOESM15_ESM.xlsx:Pathway analysis:row_115:sheet_header_gene_row;xlsx:41467_2019_14224_MOESM15_ESM.xlsx:Pathway analysis:row_116:sheet_header_gene_row;xlsx:41467_2019_14224_MOESM15_ESM.xlsx:Pathway analysis:row_118:sheet_header_gene_row;xlsx:41467_2019_14224_MOESM15_ESM.xlsx:Pathway analysis:row_119:sheet_header_gene_row;xlsx:41467_2019_14224_MOESM15_ESM.xlsx:Pathway analysis:row_125:sheet_header_gene_row;xlsx:41467_2019_14224_MOESM15_ESM.xlsx:Pathway analysis:row_137:sheet_header_gene_row;xlsx:41467_2019_14224_MOESM15_ESM.xlsx:Pathway analysis:row_140:sheet_header_gene_row;xlsx:41467_2019_14224_MOESM15_ESM.xlsx:Pathway analysis:row_145:sheet_header_gene_row;xlsx:41467_2019_14224_MOESM15_ESM.xlsx:Pathway analysis:row_147:sheet_header_gene_row;xlsx:41467_2019_14224_MOESM15_ESM.xlsx:Pathway analysis:row_150:sheet_header_gene_row;xlsx:41467_2019_14224_MOESM15_ESM.xlsx:Pathway analysis:row_152:sheet_header_gene_row	retrieved_valid	complex_comember	affinity_purification_ms	support_only	weak	medium	high_throughput_screen;disease_specific;mutant_specific;complex_member_not_direct_binding	paper_default	reviewed_source_support_flow_later	yes	no		Physical-association or co-complex evidence only unless the exception state says otherwise; no client status is inferred.	true	false	SRCREV-2026-07-15-V6_108-PMID31980649-HSP90AB1-037
DBROUTE-v6_108-31980649-HSP90AB1-RPS6KA1	DBSRC-HSP90AB1-RPS6KA1-3257f72e	31980649	PMC6981206	Extensive rewiring of the EGFR network in colorectal cancer cells expressing transforming levels of KRASG13D	HSP90AB1::RPS6KA1	HSP90AB1	RPS6KA1	true	egfr_kras_apms_myth_network	exact_pair_found_in_inspected_supplement	xlsx:41467_2019_14224_MOESM10_ESM.xlsx:nsSNVs and Rewired:row_26:sheet_header_gene_row;xlsx:41467_2019_14224_MOESM15_ESM.xlsx:Pathway analysis:row_105:sheet_header_gene_row;xlsx:41467_2019_14224_MOESM15_ESM.xlsx:Pathway analysis:row_110:sheet_header_gene_row;xlsx:41467_2019_14224_MOESM15_ESM.xlsx:Pathway analysis:row_114:same_row;xlsx:41467_2019_14224_MOESM15_ESM.xlsx:Pathway analysis:row_115:sheet_header_gene_row;xlsx:41467_2019_14224_MOESM15_ESM.xlsx:Pathway analysis:row_153:sheet_header_gene_row;xlsx:41467_2019_14224_MOESM15_ESM.xlsx:Pathway analysis:row_180:sheet_header_gene_row;xlsx:41467_2019_14224_MOESM15_ESM.xlsx:Pathway analysis:row_196:sheet_header_gene_row;xlsx:41467_2019_14224_MOESM15_ESM.xlsx:Pathway analysis:row_203:sheet_header_gene_row;xlsx:41467_2019_14224_MOESM15_ESM.xlsx:Pathway analysis:row_215:sheet_header_gene_row;xlsx:41467_2019_14224_MOESM15_ESM.xlsx:Pathway analysis:row_232:sheet_header_gene_row;xlsx:41467_2019_14224_MOESM15_ESM.xlsx:Pathway analysis:row_239:sheet_header_gene_row;xlsx:41467_2019_14224_MOESM15_ESM.xlsx:Pathway analysis:row_244:sheet_header_gene_row;xlsx:41467_2019_14224_MOESM15_ESM.xlsx:Pathway analysis:row_298:sheet_header_gene_row;xlsx:41467_2019_14224_MOESM15_ESM.xlsx:Pathway analysis:row_29:same_row;xlsx:41467_2019_14224_MOESM15_ESM.xlsx:Pathway analysis:row_306:same_row;xlsx:41467_2019_14224_MOESM15_ESM.xlsx:Pathway analysis:row_309:sheet_header_gene_row;xlsx:41467_2019_14224_MOESM15_ESM.xlsx:Pathway analysis:row_319:sheet_header_gene_row;xlsx:41467_2019_14224_MOESM15_ESM.xlsx:Pathway analysis:row_338:sheet_header_gene_row;xlsx:41467_2019_14224_MOESM15_ESM.xlsx:Pathway analysis:row_33:sheet_header_gene_row	retrieved_valid	complex_comember	affinity_purification_ms	support_only	weak	medium	high_throughput_screen;disease_specific;mutant_specific;complex_member_not_direct_binding	paper_default	reviewed_source_support_flow_later	yes	no		Physical-association or co-complex evidence only unless the exception state says otherwise; no client status is inferred.	true	false	SRCREV-2026-07-15-V6_108-PMID31980649-HSP90AB1-037
DBROUTE-v6_108-31980649-HSP90AB1-RPS6KA3	DBSRC-HSP90AB1-RPS6KA3-3257f72e	31980649	PMC6981206	Extensive rewiring of the EGFR network in colorectal cancer cells expressing transforming levels of KRASG13D	HSP90AB1::RPS6KA3	HSP90AB1	RPS6KA3	true	egfr_kras_apms_myth_network	exact_pair_found_in_inspected_supplement	xlsx:41467_2019_14224_MOESM16_ESM.xlsx:APMS_mtKRAS-Hi:row_131:same_row;xlsx:41467_2019_14224_MOESM16_ESM.xlsx:APMS_mtKRAS-Hi:row_72:same_row;xlsx:41467_2019_14224_MOESM16_ESM.xlsx:APMS_mtKRAS-Lo:row_125:same_row;xlsx:41467_2019_14224_MOESM16_ESM.xlsx:APMS_mtKRAS-Lo:row_76:same_row;xlsx:41467_2019_14224_MOESM18_ESM.xlsx:IF_mtKRAS-Hi:row_14:sheet_header_gene_row;xlsx:41467_2019_14224_MOESM18_ESM.xlsx:IF_scatterplot_table:row_27:sheet_header_gene_row;xlsx:41467_2019_14224_MOESM27_ESM.xlsx:Fig2B:row_3695:same_row;xlsx:41467_2019_14224_MOESM27_ESM.xlsx:Fig5B:row_13:sheet_header_gene_row;xlsx:41467_2019_14224_MOESM27_ESM.xlsx:Fig6C:row_293:sheet_header_gene_row;xlsx:41467_2019_14224_MOESM27_ESM.xlsx:Fig6C:row_443:sheet_header_gene_row;xlsx:41467_2019_14224_MOESM6_ESM.xlsx:mtKRAS_Hi interactions:row_2664:same_row;xlsx:41467_2019_14224_MOESM6_ESM.xlsx:mtKRAS_Lo interactions:row_2373:same_row;xlsx:41467_2019_14224_MOESM8_ESM.xlsx:Union network:row_3694:same_row	retrieved_valid	complex_comember	affinity_purification_ms	support_only	weak	medium	high_throughput_screen;disease_specific;mutant_specific;complex_member_not_direct_binding	paper_default	reviewed_source_support_flow_later	yes	no		Physical-association or co-complex evidence only unless the exception state says otherwise; no client status is inferred.	true	false	SRCREV-2026-07-15-V6_108-PMID31980649-HSP90AB1-037
DBROUTE-v6_108-31980649-HSP90AB1-SRC	DBSRC-HSP90AB1-SRC-3257f72e	31980649	PMC6981206	Extensive rewiring of the EGFR network in colorectal cancer cells expressing transforming levels of KRASG13D	HSP90AB1::SRC	HSP90AB1	SRC	true	egfr_kras_apms_myth_network	exact_pair_found_in_inspected_supplement	article_text;xlsx:41467_2019_14224_MOESM15_ESM.xlsx:Pathway analysis:row_100:sheet_header_gene_row;xlsx:41467_2019_14224_MOESM15_ESM.xlsx:Pathway analysis:row_102:sheet_header_gene_row;xlsx:41467_2019_14224_MOESM15_ESM.xlsx:Pathway analysis:row_106:sheet_header_gene_row;xlsx:41467_2019_14224_MOESM15_ESM.xlsx:Pathway analysis:row_116:sheet_header_gene_row;xlsx:41467_2019_14224_MOESM15_ESM.xlsx:Pathway analysis:row_119:sheet_header_gene_row;xlsx:41467_2019_14224_MOESM15_ESM.xlsx:Pathway analysis:row_120:sheet_header_gene_row;xlsx:41467_2019_14224_MOESM15_ESM.xlsx:Pathway analysis:row_131:sheet_header_gene_row;xlsx:41467_2019_14224_MOESM15_ESM.xlsx:Pathway analysis:row_137:sheet_header_gene_row;xlsx:41467_2019_14224_MOESM15_ESM.xlsx:Pathway analysis:row_148:sheet_header_gene_row;xlsx:41467_2019_14224_MOESM15_ESM.xlsx:Pathway analysis:row_15:same_row;xlsx:41467_2019_14224_MOESM15_ESM.xlsx:Pathway analysis:row_166:sheet_header_gene_row;xlsx:41467_2019_14224_MOESM15_ESM.xlsx:Pathway analysis:row_168:sheet_header_gene_row;xlsx:41467_2019_14224_MOESM15_ESM.xlsx:Pathway analysis:row_177:sheet_header_gene_row;xlsx:41467_2019_14224_MOESM15_ESM.xlsx:Pathway analysis:row_179:sheet_header_gene_row;xlsx:41467_2019_14224_MOESM15_ESM.xlsx:Pathway analysis:row_180:sheet_header_gene_row;xlsx:41467_2019_14224_MOESM15_ESM.xlsx:Pathway analysis:row_186:sheet_header_gene_row;xlsx:41467_2019_14224_MOESM15_ESM.xlsx:Pathway analysis:row_193:sheet_header_gene_row;xlsx:41467_2019_14224_MOESM15_ESM.xlsx:Pathway analysis:row_194:sheet_header_gene_row;xlsx:41467_2019_14224_MOESM15_ESM.xlsx:Pathway analysis:row_198:sheet_header_gene_row	retrieved_valid	complex_comember	affinity_purification_ms	support_only	weak	medium	high_throughput_screen;disease_specific;mutant_specific;complex_member_not_direct_binding	paper_default	reviewed_source_support_flow_later	yes	no		Physical-association or co-complex evidence only unless the exception state says otherwise; no client status is inferred.	true	false	SRCREV-2026-07-15-V6_108-PMID31980649-HSP90AB1-037
DBROUTE-v6_108-31980649-HSP90AB1-TNK2	DBSRC-HSP90AB1-TNK2-3257f72e	31980649	PMC6981206	Extensive rewiring of the EGFR network in colorectal cancer cells expressing transforming levels of KRASG13D	HSP90AB1::TNK2	HSP90AB1	TNK2	true	egfr_kras_apms_myth_network	exact_pair_found_in_inspected_supplement	xlsx:41467_2019_14224_MOESM16_ESM.xlsx:APMS_mtKRAS-Hi:row_133:same_row;xlsx:41467_2019_14224_MOESM16_ESM.xlsx:APMS_mtKRAS-Hi:row_74:same_row;xlsx:41467_2019_14224_MOESM18_ESM.xlsx:IF_mtKRAS-Hi:row_26:sheet_header_gene_row;xlsx:41467_2019_14224_MOESM18_ESM.xlsx:IF_scatterplot_table:row_86:sheet_header_gene_row;xlsx:41467_2019_14224_MOESM27_ESM.xlsx:Fig2B:row_4295:same_row;xlsx:41467_2019_14224_MOESM27_ESM.xlsx:Fig5B:row_25:sheet_header_gene_row;xlsx:41467_2019_14224_MOESM27_ESM.xlsx:Fig6C:row_444:sheet_header_gene_row;xlsx:41467_2019_14224_MOESM27_ESM.xlsx:Fig6C:row_445:sheet_header_gene_row;xlsx:41467_2019_14224_MOESM27_ESM.xlsx:Fig6C:row_446:sheet_header_gene_row;xlsx:41467_2019_14224_MOESM27_ESM.xlsx:Fig6C:row_447:sheet_header_gene_row;xlsx:41467_2019_14224_MOESM27_ESM.xlsx:Fig6C:row_448:sheet_header_gene_row;xlsx:41467_2019_14224_MOESM27_ESM.xlsx:Fig6C:row_449:sheet_header_gene_row;xlsx:41467_2019_14224_MOESM27_ESM.xlsx:Fig6C:row_450:sheet_header_gene_row;xlsx:41467_2019_14224_MOESM27_ESM.xlsx:Fig6C:row_451:sheet_header_gene_row;xlsx:41467_2019_14224_MOESM27_ESM.xlsx:Fig6C:row_452:same_row;xlsx:41467_2019_14224_MOESM27_ESM.xlsx:Fig6C:row_453:sheet_header_gene_row;xlsx:41467_2019_14224_MOESM27_ESM.xlsx:Fig6C:row_454:sheet_header_gene_row;xlsx:41467_2019_14224_MOESM27_ESM.xlsx:Fig6C:row_455:sheet_header_gene_row;xlsx:41467_2019_14224_MOESM27_ESM.xlsx:Fig6C:row_456:sheet_header_gene_row;xlsx:41467_2019_14224_MOESM27_ESM.xlsx:Fig6C:row_457:sheet_header_gene_row	retrieved_valid	complex_comember	affinity_purification_ms	support_only	weak	medium	high_throughput_screen;disease_specific;mutant_specific;complex_member_not_direct_binding	paper_default	reviewed_source_support_flow_later	yes	no		Physical-association or co-complex evidence only unless the exception state says otherwise; no client status is inferred.	true	false	SRCREV-2026-07-15-V6_108-PMID31980649-HSP90AB1-037
DBROUTE-v6_108-31980649-HSP90AB1-YES1	DBSRC-HSP90AB1-YES1-3257f72e	31980649	PMC6981206	Extensive rewiring of the EGFR network in colorectal cancer cells expressing transforming levels of KRASG13D	HSP90AB1::YES1	HSP90AB1	YES1	true	egfr_kras_apms_myth_network	exact_pair_found_in_inspected_supplement	xlsx:41467_2019_14224_MOESM15_ESM.xlsx:Pathway analysis:row_107:sheet_header_gene_row;xlsx:41467_2019_14224_MOESM15_ESM.xlsx:Pathway analysis:row_114:same_row;xlsx:41467_2019_14224_MOESM15_ESM.xlsx:Pathway analysis:row_152:sheet_header_gene_row;xlsx:41467_2019_14224_MOESM15_ESM.xlsx:Pathway analysis:row_207:sheet_header_gene_row;xlsx:41467_2019_14224_MOESM15_ESM.xlsx:Pathway analysis:row_208:sheet_header_gene_row;xlsx:41467_2019_14224_MOESM15_ESM.xlsx:Pathway analysis:row_210:sheet_header_gene_row;xlsx:41467_2019_14224_MOESM15_ESM.xlsx:Pathway analysis:row_212:sheet_header_gene_row;xlsx:41467_2019_14224_MOESM15_ESM.xlsx:Pathway analysis:row_216:sheet_header_gene_row;xlsx:41467_2019_14224_MOESM15_ESM.xlsx:Pathway analysis:row_233:sheet_header_gene_row;xlsx:41467_2019_14224_MOESM15_ESM.xlsx:Pathway analysis:row_240:sheet_header_gene_row;xlsx:41467_2019_14224_MOESM15_ESM.xlsx:Pathway analysis:row_24:sheet_header_gene_row;xlsx:41467_2019_14224_MOESM15_ESM.xlsx:Pathway analysis:row_27:sheet_header_gene_row;xlsx:41467_2019_14224_MOESM15_ESM.xlsx:Pathway analysis:row_28:sheet_header_gene_row;xlsx:41467_2019_14224_MOESM15_ESM.xlsx:Pathway analysis:row_29:same_row;xlsx:41467_2019_14224_MOESM15_ESM.xlsx:Pathway analysis:row_307:sheet_header_gene_row;xlsx:41467_2019_14224_MOESM15_ESM.xlsx:Pathway analysis:row_31:sheet_header_gene_row;xlsx:41467_2019_14224_MOESM15_ESM.xlsx:Pathway analysis:row_36:sheet_header_gene_row;xlsx:41467_2019_14224_MOESM15_ESM.xlsx:Pathway analysis:row_38:same_row;xlsx:41467_2019_14224_MOESM15_ESM.xlsx:Pathway analysis:row_54:sheet_header_gene_row;xlsx:41467_2019_14224_MOESM15_ESM.xlsx:Pathway analysis:row_64:sheet_header_gene_row	retrieved_valid	complex_comember	affinity_purification_ms	support_only	weak	medium	high_throughput_screen;disease_specific;mutant_specific;complex_member_not_direct_binding	paper_default	reviewed_source_support_flow_later	yes	no		Physical-association or co-complex evidence only unless the exception state says otherwise; no client status is inferred.	true	false	SRCREV-2026-07-15-V6_108-PMID31980649-HSP90AB1-037
DBROUTE-v6_108-31980649-HSP90B1-EGFR	DBSRC-HSP90B1-EGFR-3257f72e	31980649	PMC6981206	Extensive rewiring of the EGFR network in colorectal cancer cells expressing transforming levels of KRASG13D	HSP90B1::EGFR	HSP90B1	EGFR	true	egfr_kras_apms_myth_network	exact_pair_not_found_by_automated_package_scan		retrieved_valid	direct_binding_partner	lumier_or_complementation	context_only	weak	low	high_throughput_screen;disease_specific;mutant_specific;complex_member_not_direct_binding;MYTH_binary_assay	pair_specific_myth_binary_support	retrieved_article_pair_result_not_locally_confirmed_recheck	no	yes		Physical-association or co-complex evidence only unless the exception state says otherwise; no client status is inferred.	true	false	SRCREV-2026-07-15-V6_108-PMID31980649-HSP90B1-038
DBROUTE-v6_108-32707033-HSP90AA1-AKT1	DBSRC-HSP90AA1-AKT1-3af7dc9e	32707033	PMC7427327	Kinase Interaction Network Expands Functional and Disease Roles of Human Kinases	HSP90AA1::AKT1	HSP90AA1	AKT1	true	kinase_bait_apms	exact_pair_found_in_inspected_supplement	xlsx:mmc5.xlsx:Table_S4_Hsp_binding:row_180:sheet_header_gene_row	retrieved_valid	complex_comember	affinity_purification_ms	support_only	weak	medium	high_throughput_screen;cell_line_specific;complex_member_not_direct_binding;HSP90B_shorthand_is_HSP90AB1_not_HSP90B1	paper_default	reviewed_source_support_flow_later	yes	no		Physical-association or co-complex evidence only unless the exception state says otherwise; no client status is inferred.	true	false	SRCREV-2026-07-15-V6_108-PMID32707033-HSP90AA1-040
DBROUTE-v6_108-32707033-HSP90AA1-ANKK1	DBSRC-HSP90AA1-ANKK1-3af7dc9e	32707033	PMC7427327	Kinase Interaction Network Expands Functional and Disease Roles of Human Kinases	HSP90AA1::ANKK1	HSP90AA1	ANKK1	true	kinase_bait_apms	exact_pair_not_found_by_automated_package_scan		retrieved_valid	complex_comember	affinity_purification_ms	context_only	weak	low	high_throughput_screen;cell_line_specific;complex_member_not_direct_binding;HSP90B_shorthand_is_HSP90AB1_not_HSP90B1	paper_default	retrieved_article_pair_result_not_locally_confirmed_recheck	no	yes		Physical-association or co-complex evidence only unless the exception state says otherwise; no client status is inferred.	true	false	SRCREV-2026-07-15-V6_108-PMID32707033-HSP90AA1-039
DBROUTE-v6_108-32707033-HSP90AA1-ARAF	DBSRC-HSP90AA1-ARAF-3af7dc9e	32707033	PMC7427327	Kinase Interaction Network Expands Functional and Disease Roles of Human Kinases	HSP90AA1::ARAF	HSP90AA1	ARAF	true	kinase_bait_apms	exact_pair_found_in_inspected_supplement	xlsx:mmc4.xlsx:Table_S3_Sign_co-purified_pairs:row_10:sheet_header_gene_row;xlsx:mmc4.xlsx:Table_S3_Sign_co-purified_pairs:row_14:sheet_header_gene_row;xlsx:mmc4.xlsx:Table_S3_Sign_co-purified_pairs:row_17:sheet_header_gene_row;xlsx:mmc4.xlsx:Table_S3_Sign_co-purified_pairs:row_21:sheet_header_gene_row;xlsx:mmc4.xlsx:Table_S3_Sign_co-purified_pairs:row_23:same_row;xlsx:mmc4.xlsx:Table_S3_Sign_co-purified_pairs:row_24:sheet_header_gene_row;xlsx:mmc4.xlsx:Table_S3_Sign_co-purified_pairs:row_25:sheet_header_gene_row;xlsx:mmc4.xlsx:Table_S3_Sign_co-purified_pairs:row_28:sheet_header_gene_row;xlsx:mmc4.xlsx:Table_S3_Sign_co-purified_pairs:row_30:sheet_header_gene_row;xlsx:mmc4.xlsx:Table_S3_Sign_co-purified_pairs:row_35:sheet_header_gene_row;xlsx:mmc4.xlsx:Table_S3_Sign_co-purified_pairs:row_36:sheet_header_gene_row;xlsx:mmc4.xlsx:Table_S3_Sign_co-purified_pairs:row_39:sheet_header_gene_row;xlsx:mmc4.xlsx:Table_S3_Sign_co-purified_pairs:row_42:sheet_header_gene_row;xlsx:mmc4.xlsx:Table_S3_Sign_co-purified_pairs:row_47:sheet_header_gene_row;xlsx:mmc4.xlsx:Table_S3_Sign_co-purified_pairs:row_48:sheet_header_gene_row;xlsx:mmc4.xlsx:Table_S3_Sign_co-purified_pairs:row_49:sheet_header_gene_row;xlsx:mmc4.xlsx:Table_S3_Sign_co-purified_pairs:row_4:same_row;xlsx:mmc4.xlsx:Table_S3_Sign_co-purified_pairs:row_50:sheet_header_gene_row;xlsx:mmc4.xlsx:Table_S3_Sign_co-purified_pairs:row_51:sheet_header_gene_row;xlsx:mmc4.xlsx:Table_S3_Sign_co-purified_pairs:row_52:sheet_header_gene_row	retrieved_valid	complex_comember	affinity_purification_ms	support_only	weak	medium	high_throughput_screen;cell_line_specific;complex_member_not_direct_binding;HSP90B_shorthand_is_HSP90AB1_not_HSP90B1	paper_default	reviewed_source_support_flow_later	yes	no		Physical-association or co-complex evidence only unless the exception state says otherwise; no client status is inferred.	true	false	SRCREV-2026-07-15-V6_108-PMID32707033-HSP90AA1-040
DBROUTE-v6_108-32707033-HSP90AA1-AURKB	DBSRC-HSP90AA1-AURKB-3af7dc9e	32707033	PMC7427327	Kinase Interaction Network Expands Functional and Disease Roles of Human Kinases	HSP90AA1::AURKB	HSP90AA1	AURKB	true	kinase_bait_apms	exact_pair_found_in_inspected_supplement	xlsx:mmc4.xlsx:Table_S3_Sign_co-purified_pairs:row_10:sheet_header_gene_row;xlsx:mmc4.xlsx:Table_S3_Sign_co-purified_pairs:row_23:same_row;xlsx:mmc4.xlsx:Table_S3_Sign_co-purified_pairs:row_25:sheet_header_gene_row;xlsx:mmc4.xlsx:Table_S3_Sign_co-purified_pairs:row_4:same_row;xlsx:mmc4.xlsx:Table_S3_Sign_co-purified_pairs:row_51:sheet_header_gene_row;xlsx:mmc4.xlsx:Table_S3_Sign_co-purified_pairs:row_74:sheet_header_gene_row;xlsx:mmc4.xlsx:Table_S3_Sign_co-purified_pairs:row_76:sheet_header_gene_row;xlsx:mmc4.xlsx:Table_S3_Sign_co-purified_pairs:row_79:sheet_header_gene_row;xlsx:mmc4.xlsx:Table_S3_Sign_co-purified_pairs:row_9:same_row;xlsx:mmc5.xlsx:Table_S4_Hsp_binding:row_116:sheet_header_gene_row	retrieved_valid	complex_comember	affinity_purification_ms	support_only	weak	medium	high_throughput_screen;cell_line_specific;complex_member_not_direct_binding;HSP90B_shorthand_is_HSP90AB1_not_HSP90B1	paper_default	reviewed_source_support_flow_later	yes	no		Physical-association or co-complex evidence only unless the exception state says otherwise; no client status is inferred.	true	false	SRCREV-2026-07-15-V6_108-PMID32707033-HSP90AA1-040
DBROUTE-v6_108-32707033-HSP90AA1-CDK13	DBSRC-HSP90AA1-CDK13-3af7dc9e	32707033	PMC7427327	Kinase Interaction Network Expands Functional and Disease Roles of Human Kinases	HSP90AA1::CDK13	HSP90AA1	CDK13	true	kinase_bait_apms	exact_pair_not_found_by_automated_package_scan		retrieved_valid	complex_comember	affinity_purification_ms	context_only	weak	low	high_throughput_screen;cell_line_specific;complex_member_not_direct_binding;HSP90B_shorthand_is_HSP90AB1_not_HSP90B1	paper_default	retrieved_article_pair_result_not_locally_confirmed_recheck	no	yes		Physical-association or co-complex evidence only unless the exception state says otherwise; no client status is inferred.	true	false	SRCREV-2026-07-15-V6_108-PMID32707033-HSP90AA1-039
DBROUTE-v6_108-32707033-HSP90AA1-CDK4	DBSRC-HSP90AA1-CDK4-3af7dc9e	32707033	PMC7427327	Kinase Interaction Network Expands Functional and Disease Roles of Human Kinases	HSP90AA1::CDK4	HSP90AA1	CDK4	true	kinase_bait_apms	exact_pair_found_in_inspected_supplement	xlsx:mmc4.xlsx:Table_S3_Sign_co-purified_pairs:row_10:sheet_header_gene_row;xlsx:mmc4.xlsx:Table_S3_Sign_co-purified_pairs:row_23:same_row;xlsx:mmc4.xlsx:Table_S3_Sign_co-purified_pairs:row_25:sheet_header_gene_row;xlsx:mmc4.xlsx:Table_S3_Sign_co-purified_pairs:row_4:same_row;xlsx:mmc4.xlsx:Table_S3_Sign_co-purified_pairs:row_51:sheet_header_gene_row;xlsx:mmc4.xlsx:Table_S3_Sign_co-purified_pairs:row_9:same_row;xlsx:mmc5.xlsx:Table_S4_Hsp_binding:row_60:sheet_header_gene_row	retrieved_valid	complex_comember	affinity_purification_ms	support_only	weak	medium	high_throughput_screen;cell_line_specific;complex_member_not_direct_binding;HSP90B_shorthand_is_HSP90AB1_not_HSP90B1	paper_default	reviewed_source_support_flow_later	yes	no		Physical-association or co-complex evidence only unless the exception state says otherwise; no client status is inferred.	true	false	SRCREV-2026-07-15-V6_108-PMID32707033-HSP90AA1-040
DBROUTE-v6_108-32707033-HSP90AA1-CDK9	DBSRC-HSP90AA1-CDK9-3af7dc9e	32707033	PMC7427327	Kinase Interaction Network Expands Functional and Disease Roles of Human Kinases	HSP90AA1::CDK9	HSP90AA1	CDK9	true	kinase_bait_apms	exact_pair_found_in_inspected_supplement	xlsx:mmc4.xlsx:Table_S3_Sign_co-purified_pairs:row_10:sheet_header_gene_row;xlsx:mmc4.xlsx:Table_S3_Sign_co-purified_pairs:row_23:same_row;xlsx:mmc4.xlsx:Table_S3_Sign_co-purified_pairs:row_25:sheet_header_gene_row;xlsx:mmc4.xlsx:Table_S3_Sign_co-purified_pairs:row_4:same_row;xlsx:mmc4.xlsx:Table_S3_Sign_co-purified_pairs:row_51:sheet_header_gene_row;xlsx:mmc4.xlsx:Table_S3_Sign_co-purified_pairs:row_79:sheet_header_gene_row;xlsx:mmc4.xlsx:Table_S3_Sign_co-purified_pairs:row_9:same_row;xlsx:mmc5.xlsx:Table_S4_Hsp_binding:row_19:sheet_header_gene_row	retrieved_valid	complex_comember	affinity_purification_ms	support_only	weak	medium	high_throughput_screen;cell_line_specific;complex_member_not_direct_binding;HSP90B_shorthand_is_HSP90AB1_not_HSP90B1	paper_default	reviewed_source_support_flow_later	yes	no		Physical-association or co-complex evidence only unless the exception state says otherwise; no client status is inferred.	true	false	SRCREV-2026-07-15-V6_108-PMID32707033-HSP90AA1-040
DBROUTE-v6_108-32707033-HSP90AA1-CLK3	DBSRC-HSP90AA1-CLK3-3af7dc9e	32707033	PMC7427327	Kinase Interaction Network Expands Functional and Disease Roles of Human Kinases	HSP90AA1::CLK3	HSP90AA1	CLK3	true	kinase_bait_apms	exact_pair_found_in_inspected_supplement	xlsx:mmc4.xlsx:Table_S3_Sign_co-purified_pairs:row_10:sheet_header_gene_row;xlsx:mmc4.xlsx:Table_S3_Sign_co-purified_pairs:row_14:sheet_header_gene_row;xlsx:mmc4.xlsx:Table_S3_Sign_co-purified_pairs:row_23:same_row;xlsx:mmc4.xlsx:Table_S3_Sign_co-purified_pairs:row_25:sheet_header_gene_row;xlsx:mmc4.xlsx:Table_S3_Sign_co-purified_pairs:row_4:same_row;xlsx:mmc4.xlsx:Table_S3_Sign_co-purified_pairs:row_51:sheet_header_gene_row;xlsx:mmc4.xlsx:Table_S3_Sign_co-purified_pairs:row_79:sheet_header_gene_row;xlsx:mmc4.xlsx:Table_S3_Sign_co-purified_pairs:row_9:same_row;xlsx:mmc5.xlsx:Table_S4_Hsp_binding:row_42:sheet_header_gene_row	retrieved_valid	complex_comember	affinity_purification_ms	support_only	weak	medium	high_throughput_screen;cell_line_specific;complex_member_not_direct_binding;HSP90B_shorthand_is_HSP90AB1_not_HSP90B1	paper_default	reviewed_source_support_flow_later	yes	no		Physical-association or co-complex evidence only unless the exception state says otherwise; no client status is inferred.	true	false	SRCREV-2026-07-15-V6_108-PMID32707033-HSP90AA1-040
DBROUTE-v6_108-32707033-HSP90AA1-CSNK1A1	DBSRC-HSP90AA1-CSNK1A1-3af7dc9e	32707033	PMC7427327	Kinase Interaction Network Expands Functional and Disease Roles of Human Kinases	HSP90AA1::CSNK1A1	HSP90AA1	CSNK1A1	true	kinase_bait_apms	exact_pair_found_in_inspected_supplement	xlsx:mmc4.xlsx:Table_S3_Sign_co-purified_pairs:row_23:same_row;xlsx:mmc4.xlsx:Table_S3_Sign_co-purified_pairs:row_25:sheet_header_gene_row;xlsx:mmc4.xlsx:Table_S3_Sign_co-purified_pairs:row_4:same_row;xlsx:mmc5.xlsx:Table_S4_Hsp_binding:row_45:sheet_header_gene_row;xlsx:mmc7.xlsx:Table_S6_Phosphosites:row_223:same_row	retrieved_valid	complex_comember	affinity_purification_ms	support_only	weak	medium	high_throughput_screen;cell_line_specific;complex_member_not_direct_binding;HSP90B_shorthand_is_HSP90AB1_not_HSP90B1	paper_default	reviewed_source_support_flow_later	yes	no		Physical-association or co-complex evidence only unless the exception state says otherwise; no client status is inferred.	true	false	SRCREV-2026-07-15-V6_108-PMID32707033-HSP90AA1-040
DBROUTE-v6_108-32707033-HSP90AA1-DYRK4	DBSRC-HSP90AA1-DYRK4-3af7dc9e	32707033	PMC7427327	Kinase Interaction Network Expands Functional and Disease Roles of Human Kinases	HSP90AA1::DYRK4	HSP90AA1	DYRK4	true	kinase_bait_apms	exact_pair_found_in_inspected_supplement	xlsx:mmc4.xlsx:Table_S3_Sign_co-purified_pairs:row_10:sheet_header_gene_row;xlsx:mmc4.xlsx:Table_S3_Sign_co-purified_pairs:row_23:same_row;xlsx:mmc4.xlsx:Table_S3_Sign_co-purified_pairs:row_25:sheet_header_gene_row;xlsx:mmc4.xlsx:Table_S3_Sign_co-purified_pairs:row_4:same_row;xlsx:mmc4.xlsx:Table_S3_Sign_co-purified_pairs:row_51:sheet_header_gene_row;xlsx:mmc4.xlsx:Table_S3_Sign_co-purified_pairs:row_79:sheet_header_gene_row;xlsx:mmc4.xlsx:Table_S3_Sign_co-purified_pairs:row_9:same_row;xlsx:mmc5.xlsx:Table_S4_Hsp_binding:row_17:sheet_header_gene_row	retrieved_valid	complex_comember	affinity_purification_ms	support_only	weak	medium	high_throughput_screen;cell_line_specific;complex_member_not_direct_binding;HSP90B_shorthand_is_HSP90AB1_not_HSP90B1	paper_default	reviewed_source_support_flow_later	yes	no		Physical-association or co-complex evidence only unless the exception state says otherwise; no client status is inferred.	true	false	SRCREV-2026-07-15-V6_108-PMID32707033-HSP90AA1-040
DBROUTE-v6_108-32707033-HSP90AA1-EIF2AK1	DBSRC-HSP90AA1-EIF2AK1-3af7dc9e	32707033	PMC7427327	Kinase Interaction Network Expands Functional and Disease Roles of Human Kinases	HSP90AA1::EIF2AK1	HSP90AA1	EIF2AK1	true	kinase_bait_apms	exact_pair_found_in_inspected_supplement	xlsx:mmc5.xlsx:Table_S4_Hsp_binding:row_44:sheet_header_gene_row	retrieved_valid	complex_comember	affinity_purification_ms	support_only	weak	medium	high_throughput_screen;cell_line_specific;complex_member_not_direct_binding;HSP90B_shorthand_is_HSP90AB1_not_HSP90B1	paper_default	reviewed_source_support_flow_later	yes	no		Physical-association or co-complex evidence only unless the exception state says otherwise; no client status is inferred.	true	false	SRCREV-2026-07-15-V6_108-PMID32707033-HSP90AA1-040
DBROUTE-v6_108-32707033-HSP90AA1-FYN	DBSRC-HSP90AA1-FYN-3af7dc9e	32707033	PMC7427327	Kinase Interaction Network Expands Functional and Disease Roles of Human Kinases	HSP90AA1::FYN	HSP90AA1	FYN	true	kinase_bait_apms	exact_pair_found_in_inspected_supplement	xlsx:mmc4.xlsx:Table_S3_Sign_co-purified_pairs:row_10:sheet_header_gene_row;xlsx:mmc4.xlsx:Table_S3_Sign_co-purified_pairs:row_11:sheet_header_gene_row;xlsx:mmc4.xlsx:Table_S3_Sign_co-purified_pairs:row_12:sheet_header_gene_row;xlsx:mmc4.xlsx:Table_S3_Sign_co-purified_pairs:row_13:sheet_header_gene_row;xlsx:mmc4.xlsx:Table_S3_Sign_co-purified_pairs:row_15:sheet_header_gene_row;xlsx:mmc4.xlsx:Table_S3_Sign_co-purified_pairs:row_16:sheet_header_gene_row;xlsx:mmc4.xlsx:Table_S3_Sign_co-purified_pairs:row_18:sheet_header_gene_row;xlsx:mmc4.xlsx:Table_S3_Sign_co-purified_pairs:row_19:sheet_header_gene_row;xlsx:mmc4.xlsx:Table_S3_Sign_co-purified_pairs:row_20:sheet_header_gene_row;xlsx:mmc4.xlsx:Table_S3_Sign_co-purified_pairs:row_22:sheet_header_gene_row;xlsx:mmc4.xlsx:Table_S3_Sign_co-purified_pairs:row_26:sheet_header_gene_row;xlsx:mmc4.xlsx:Table_S3_Sign_co-purified_pairs:row_27:sheet_header_gene_row;xlsx:mmc4.xlsx:Table_S3_Sign_co-purified_pairs:row_29:sheet_header_gene_row;xlsx:mmc4.xlsx:Table_S3_Sign_co-purified_pairs:row_31:sheet_header_gene_row;xlsx:mmc4.xlsx:Table_S3_Sign_co-purified_pairs:row_32:sheet_header_gene_row;xlsx:mmc4.xlsx:Table_S3_Sign_co-purified_pairs:row_33:sheet_header_gene_row;xlsx:mmc4.xlsx:Table_S3_Sign_co-purified_pairs:row_34:sheet_header_gene_row;xlsx:mmc4.xlsx:Table_S3_Sign_co-purified_pairs:row_37:sheet_header_gene_row;xlsx:mmc4.xlsx:Table_S3_Sign_co-purified_pairs:row_38:sheet_header_gene_row;xlsx:mmc4.xlsx:Table_S3_Sign_co-purified_pairs:row_40:sheet_header_gene_row	retrieved_valid	complex_comember	affinity_purification_ms	support_only	weak	medium	high_throughput_screen;cell_line_specific;complex_member_not_direct_binding;HSP90B_shorthand_is_HSP90AB1_not_HSP90B1	paper_default	reviewed_source_support_flow_later	yes	no		Physical-association or co-complex evidence only unless the exception state says otherwise; no client status is inferred.	true	false	SRCREV-2026-07-15-V6_108-PMID32707033-HSP90AA1-040
DBROUTE-v6_108-32707033-HSP90AA1-GRK6	DBSRC-HSP90AA1-GRK6-3af7dc9e	32707033	PMC7427327	Kinase Interaction Network Expands Functional and Disease Roles of Human Kinases	HSP90AA1::GRK6	HSP90AA1	GRK6	true	kinase_bait_apms	exact_pair_found_in_inspected_supplement	xlsx:mmc5.xlsx:Table_S4_Hsp_binding:row_181:sheet_header_gene_row;xlsx:mmc5.xlsx:Table_S4_Hsp_binding:row_89:sheet_header_gene_row;xlsx:mmc7.xlsx:Table_S6_Phosphosites:row_23:same_row	retrieved_valid	complex_comember	affinity_purification_ms	support_only	weak	medium	high_throughput_screen;cell_line_specific;complex_member_not_direct_binding;HSP90B_shorthand_is_HSP90AB1_not_HSP90B1	paper_default	reviewed_source_support_flow_later	yes	no		Physical-association or co-complex evidence only unless the exception state says otherwise; no client status is inferred.	true	false	SRCREV-2026-07-15-V6_108-PMID32707033-HSP90AA1-040
DBROUTE-v6_108-32707033-HSP90AA1-GRK7	DBSRC-HSP90AA1-GRK7-3af7dc9e	32707033	PMC7427327	Kinase Interaction Network Expands Functional and Disease Roles of Human Kinases	HSP90AA1::GRK7	HSP90AA1	GRK7	true	kinase_bait_apms	exact_pair_found_in_inspected_supplement	xlsx:mmc5.xlsx:Table_S4_Hsp_binding:row_85:sheet_header_gene_row;xlsx:mmc7.xlsx:Table_S6_Phosphosites:row_24:same_row	retrieved_valid	complex_comember	affinity_purification_ms	support_only	weak	medium	high_throughput_screen;cell_line_specific;complex_member_not_direct_binding;HSP90B_shorthand_is_HSP90AB1_not_HSP90B1	paper_default	reviewed_source_support_flow_later	yes	no		Physical-association or co-complex evidence only unless the exception state says otherwise; no client status is inferred.	true	false	SRCREV-2026-07-15-V6_108-PMID32707033-HSP90AA1-040
DBROUTE-v6_108-32707033-HSP90AA1-HCK	DBSRC-HSP90AA1-HCK-3af7dc9e	32707033	PMC7427327	Kinase Interaction Network Expands Functional and Disease Roles of Human Kinases	HSP90AA1::HCK	HSP90AA1	HCK	true	kinase_bait_apms	exact_pair_found_in_inspected_supplement	xlsx:mmc4.xlsx:Table_S3_Sign_co-purified_pairs:row_10:sheet_header_gene_row;xlsx:mmc4.xlsx:Table_S3_Sign_co-purified_pairs:row_4:same_row;xlsx:mmc4.xlsx:Table_S3_Sign_co-purified_pairs:row_9:same_row;xlsx:mmc5.xlsx:Table_S4_Hsp_binding:row_57:sheet_header_gene_row;xlsx:mmc7.xlsx:Table_S6_Phosphosites:row_266:same_row	retrieved_valid	complex_comember	affinity_purification_ms	support_only	weak	medium	high_throughput_screen;cell_line_specific;complex_member_not_direct_binding;HSP90B_shorthand_is_HSP90AB1_not_HSP90B1	paper_default	reviewed_source_support_flow_later	yes	no		Physical-association or co-complex evidence only unless the exception state says otherwise; no client status is inferred.	true	false	SRCREV-2026-07-15-V6_108-PMID32707033-HSP90AA1-040
DBROUTE-v6_108-32707033-HSP90AA1-ILK	DBSRC-HSP90AA1-ILK-3af7dc9e	32707033	PMC7427327	Kinase Interaction Network Expands Functional and Disease Roles of Human Kinases	HSP90AA1::ILK	HSP90AA1	ILK	true	kinase_bait_apms	exact_pair_found_in_inspected_supplement	xlsx:mmc4.xlsx:Table_S3_Sign_co-purified_pairs:row_10:sheet_header_gene_row;xlsx:mmc4.xlsx:Table_S3_Sign_co-purified_pairs:row_11:sheet_header_gene_row;xlsx:mmc4.xlsx:Table_S3_Sign_co-purified_pairs:row_12:sheet_header_gene_row;xlsx:mmc4.xlsx:Table_S3_Sign_co-purified_pairs:row_13:sheet_header_gene_row;xlsx:mmc4.xlsx:Table_S3_Sign_co-purified_pairs:row_15:sheet_header_gene_row;xlsx:mmc4.xlsx:Table_S3_Sign_co-purified_pairs:row_16:sheet_header_gene_row;xlsx:mmc4.xlsx:Table_S3_Sign_co-purified_pairs:row_18:sheet_header_gene_row;xlsx:mmc4.xlsx:Table_S3_Sign_co-purified_pairs:row_19:sheet_header_gene_row;xlsx:mmc4.xlsx:Table_S3_Sign_co-purified_pairs:row_20:sheet_header_gene_row;xlsx:mmc4.xlsx:Table_S3_Sign_co-purified_pairs:row_22:sheet_header_gene_row;xlsx:mmc4.xlsx:Table_S3_Sign_co-purified_pairs:row_23:same_row;xlsx:mmc4.xlsx:Table_S3_Sign_co-purified_pairs:row_25:sheet_header_gene_row;xlsx:mmc4.xlsx:Table_S3_Sign_co-purified_pairs:row_26:sheet_header_gene_row;xlsx:mmc4.xlsx:Table_S3_Sign_co-purified_pairs:row_27:sheet_header_gene_row;xlsx:mmc4.xlsx:Table_S3_Sign_co-purified_pairs:row_29:sheet_header_gene_row;xlsx:mmc4.xlsx:Table_S3_Sign_co-purified_pairs:row_31:sheet_header_gene_row;xlsx:mmc4.xlsx:Table_S3_Sign_co-purified_pairs:row_32:sheet_header_gene_row;xlsx:mmc4.xlsx:Table_S3_Sign_co-purified_pairs:row_33:sheet_header_gene_row;xlsx:mmc4.xlsx:Table_S3_Sign_co-purified_pairs:row_34:sheet_header_gene_row;xlsx:mmc4.xlsx:Table_S3_Sign_co-purified_pairs:row_37:sheet_header_gene_row	retrieved_valid	complex_comember	affinity_purification_ms	support_only	weak	medium	high_throughput_screen;cell_line_specific;complex_member_not_direct_binding;HSP90B_shorthand_is_HSP90AB1_not_HSP90B1	paper_default	reviewed_source_support_flow_later	yes	no		Physical-association or co-complex evidence only unless the exception state says otherwise; no client status is inferred.	true	false	SRCREV-2026-07-15-V6_108-PMID32707033-HSP90AA1-040
DBROUTE-v6_108-32707033-HSP90AA1-IRAK1	DBSRC-HSP90AA1-IRAK1-3af7dc9e	32707033	PMC7427327	Kinase Interaction Network Expands Functional and Disease Roles of Human Kinases	HSP90AA1::IRAK1	HSP90AA1	IRAK1	true	kinase_bait_apms	exact_pair_found_in_inspected_supplement	xlsx:mmc4.xlsx:Table_S3_Sign_co-purified_pairs:row_10:sheet_header_gene_row;xlsx:mmc4.xlsx:Table_S3_Sign_co-purified_pairs:row_23:same_row;xlsx:mmc4.xlsx:Table_S3_Sign_co-purified_pairs:row_25:sheet_header_gene_row;xlsx:mmc4.xlsx:Table_S3_Sign_co-purified_pairs:row_4:same_row;xlsx:mmc4.xlsx:Table_S3_Sign_co-purified_pairs:row_51:sheet_header_gene_row;xlsx:mmc4.xlsx:Table_S3_Sign_co-purified_pairs:row_76:sheet_header_gene_row;xlsx:mmc4.xlsx:Table_S3_Sign_co-purified_pairs:row_79:sheet_header_gene_row;xlsx:mmc4.xlsx:Table_S3_Sign_co-purified_pairs:row_9:same_row	retrieved_valid	complex_comember	affinity_purification_ms	support_only	weak	medium	high_throughput_screen;cell_line_specific;complex_member_not_direct_binding;HSP90B_shorthand_is_HSP90AB1_not_HSP90B1	paper_default	reviewed_source_support_flow_later	yes	no		Physical-association or co-complex evidence only unless the exception state says otherwise; no client status is inferred.	true	false	SRCREV-2026-07-15-V6_108-PMID32707033-HSP90AA1-040
DBROUTE-v6_108-32707033-HSP90AA1-ITK	DBSRC-HSP90AA1-ITK-3af7dc9e	32707033	PMC7427327	Kinase Interaction Network Expands Functional and Disease Roles of Human Kinases	HSP90AA1::ITK	HSP90AA1	ITK	true	kinase_bait_apms	exact_pair_found_in_inspected_supplement	xlsx:mmc4.xlsx:Table_S3_Sign_co-purified_pairs:row_10:sheet_header_gene_row;xlsx:mmc4.xlsx:Table_S3_Sign_co-purified_pairs:row_4:same_row;xlsx:mmc4.xlsx:Table_S3_Sign_co-purified_pairs:row_9:same_row;xlsx:mmc5.xlsx:Table_S4_Hsp_binding:row_41:sheet_header_gene_row	retrieved_valid	complex_comember	affinity_purification_ms	support_only	weak	medium	high_throughput_screen;cell_line_specific;complex_member_not_direct_binding;HSP90B_shorthand_is_HSP90AB1_not_HSP90B1	paper_default	reviewed_source_support_flow_later	yes	no		Physical-association or co-complex evidence only unless the exception state says otherwise; no client status is inferred.	true	false	SRCREV-2026-07-15-V6_108-PMID32707033-HSP90AA1-040
DBROUTE-v6_108-32707033-HSP90AA1-KSR2	DBSRC-HSP90AA1-KSR2-3af7dc9e	32707033	PMC7427327	Kinase Interaction Network Expands Functional and Disease Roles of Human Kinases	HSP90AA1::KSR2	HSP90AA1	KSR2	true	kinase_bait_apms	exact_pair_found_in_inspected_supplement	xlsx:mmc4.xlsx:Table_S3_Sign_co-purified_pairs:row_14:sheet_header_gene_row;xlsx:mmc4.xlsx:Table_S3_Sign_co-purified_pairs:row_17:sheet_header_gene_row;xlsx:mmc4.xlsx:Table_S3_Sign_co-purified_pairs:row_21:sheet_header_gene_row;xlsx:mmc4.xlsx:Table_S3_Sign_co-purified_pairs:row_23:same_row;xlsx:mmc4.xlsx:Table_S3_Sign_co-purified_pairs:row_24:sheet_header_gene_row;xlsx:mmc4.xlsx:Table_S3_Sign_co-purified_pairs:row_28:sheet_header_gene_row;xlsx:mmc4.xlsx:Table_S3_Sign_co-purified_pairs:row_30:sheet_header_gene_row;xlsx:mmc4.xlsx:Table_S3_Sign_co-purified_pairs:row_35:sheet_header_gene_row;xlsx:mmc4.xlsx:Table_S3_Sign_co-purified_pairs:row_36:sheet_header_gene_row;xlsx:mmc4.xlsx:Table_S3_Sign_co-purified_pairs:row_39:sheet_header_gene_row;xlsx:mmc4.xlsx:Table_S3_Sign_co-purified_pairs:row_42:sheet_header_gene_row;xlsx:mmc4.xlsx:Table_S3_Sign_co-purified_pairs:row_48:sheet_header_gene_row;xlsx:mmc4.xlsx:Table_S3_Sign_co-purified_pairs:row_49:sheet_header_gene_row;xlsx:mmc4.xlsx:Table_S3_Sign_co-purified_pairs:row_50:sheet_header_gene_row;xlsx:mmc4.xlsx:Table_S3_Sign_co-purified_pairs:row_51:sheet_header_gene_row;xlsx:mmc4.xlsx:Table_S3_Sign_co-purified_pairs:row_52:sheet_header_gene_row;xlsx:mmc4.xlsx:Table_S3_Sign_co-purified_pairs:row_55:sheet_header_gene_row;xlsx:mmc4.xlsx:Table_S3_Sign_co-purified_pairs:row_9:same_row;xlsx:mmc5.xlsx:Table_S4_Hsp_binding:row_28:sheet_header_gene_row	retrieved_valid	complex_comember	affinity_purification_ms	support_only	weak	medium	high_throughput_screen;cell_line_specific;complex_member_not_direct_binding;HSP90B_shorthand_is_HSP90AB1_not_HSP90B1	paper_default	reviewed_source_support_flow_later	yes	no		Physical-association or co-complex evidence only unless the exception state says otherwise; no client status is inferred.	true	false	SRCREV-2026-07-15-V6_108-PMID32707033-HSP90AA1-040
DBROUTE-v6_108-32707033-HSP90AA1-MAP3K14	DBSRC-HSP90AA1-MAP3K14-3af7dc9e	32707033	PMC7427327	Kinase Interaction Network Expands Functional and Disease Roles of Human Kinases	HSP90AA1::MAP3K14	HSP90AA1	MAP3K14	true	kinase_bait_apms	exact_pair_found_in_inspected_supplement	xlsx:mmc5.xlsx:Table_S4_Hsp_binding:row_16:sheet_header_gene_row	retrieved_valid	complex_comember	affinity_purification_ms	support_only	weak	medium	high_throughput_screen;cell_line_specific;complex_member_not_direct_binding;HSP90B_shorthand_is_HSP90AB1_not_HSP90B1	paper_default	reviewed_source_support_flow_later	yes	no		Physical-association or co-complex evidence only unless the exception state says otherwise; no client status is inferred.	true	false	SRCREV-2026-07-15-V6_108-PMID32707033-HSP90AA1-040
DBROUTE-v6_108-32707033-HSP90AA1-MAP3K7	DBSRC-HSP90AA1-MAP3K7-3af7dc9e	32707033	PMC7427327	Kinase Interaction Network Expands Functional and Disease Roles of Human Kinases	HSP90AA1::MAP3K7	HSP90AA1	MAP3K7	true	kinase_bait_apms	exact_pair_not_found_by_automated_package_scan		retrieved_valid	complex_comember	affinity_purification_ms	context_only	weak	low	high_throughput_screen;cell_line_specific;complex_member_not_direct_binding;HSP90B_shorthand_is_HSP90AB1_not_HSP90B1	paper_default	retrieved_article_pair_result_not_locally_confirmed_recheck	no	yes		Physical-association or co-complex evidence only unless the exception state says otherwise; no client status is inferred.	true	false	SRCREV-2026-07-15-V6_108-PMID32707033-HSP90AA1-039
DBROUTE-v6_108-32707033-HSP90AA1-MOS	DBSRC-HSP90AA1-MOS-3af7dc9e	32707033	PMC7427327	Kinase Interaction Network Expands Functional and Disease Roles of Human Kinases	HSP90AA1::MOS	HSP90AA1	MOS	true	kinase_bait_apms	exact_pair_found_in_inspected_supplement	xlsx:mmc4.xlsx:Table_S3_Sign_co-purified_pairs:row_10:sheet_header_gene_row;xlsx:mmc4.xlsx:Table_S3_Sign_co-purified_pairs:row_23:same_row;xlsx:mmc4.xlsx:Table_S3_Sign_co-purified_pairs:row_25:sheet_header_gene_row;xlsx:mmc4.xlsx:Table_S3_Sign_co-purified_pairs:row_4:same_row;xlsx:mmc4.xlsx:Table_S3_Sign_co-purified_pairs:row_51:sheet_header_gene_row;xlsx:mmc4.xlsx:Table_S3_Sign_co-purified_pairs:row_9:same_row;xlsx:mmc5.xlsx:Table_S4_Hsp_binding:row_30:sheet_header_gene_row	retrieved_valid	complex_comember	affinity_purification_ms	support_only	weak	medium	high_throughput_screen;cell_line_specific;complex_member_not_direct_binding;HSP90B_shorthand_is_HSP90AB1_not_HSP90B1	paper_default	reviewed_source_support_flow_later	yes	no		Physical-association or co-complex evidence only unless the exception state says otherwise; no client status is inferred.	true	false	SRCREV-2026-07-15-V6_108-PMID32707033-HSP90AA1-040
DBROUTE-v6_108-32707033-HSP90AA1-MYLK4	DBSRC-HSP90AA1-MYLK4-3af7dc9e	32707033	PMC7427327	Kinase Interaction Network Expands Functional and Disease Roles of Human Kinases	HSP90AA1::MYLK4	HSP90AA1	MYLK4	true	kinase_bait_apms	exact_pair_found_in_inspected_supplement	xlsx:mmc5.xlsx:Table_S4_Hsp_binding:row_27:sheet_header_gene_row	retrieved_valid	complex_comember	affinity_purification_ms	support_only	weak	medium	high_throughput_screen;cell_line_specific;complex_member_not_direct_binding;HSP90B_shorthand_is_HSP90AB1_not_HSP90B1	paper_default	reviewed_source_support_flow_later	yes	no		Physical-association or co-complex evidence only unless the exception state says otherwise; no client status is inferred.	true	false	SRCREV-2026-07-15-V6_108-PMID32707033-HSP90AA1-040
DBROUTE-v6_108-32707033-HSP90AA1-PDIK1L	DBSRC-HSP90AA1-PDIK1L-3af7dc9e	32707033	PMC7427327	Kinase Interaction Network Expands Functional and Disease Roles of Human Kinases	HSP90AA1::PDIK1L	HSP90AA1	PDIK1L	true	kinase_bait_apms	exact_pair_found_in_inspected_supplement	xlsx:mmc4.xlsx:Table_S3_Sign_co-purified_pairs:row_10:sheet_header_gene_row;xlsx:mmc4.xlsx:Table_S3_Sign_co-purified_pairs:row_4:same_row;xlsx:mmc4.xlsx:Table_S3_Sign_co-purified_pairs:row_9:same_row;xlsx:mmc5.xlsx:Table_S4_Hsp_binding:row_80:sheet_header_gene_row	retrieved_valid	complex_comember	affinity_purification_ms	support_only	weak	medium	high_throughput_screen;cell_line_specific;complex_member_not_direct_binding;HSP90B_shorthand_is_HSP90AB1_not_HSP90B1	paper_default	reviewed_source_support_flow_later	yes	no		Physical-association or co-complex evidence only unless the exception state says otherwise; no client status is inferred.	true	false	SRCREV-2026-07-15-V6_108-PMID32707033-HSP90AA1-040
DBROUTE-v6_108-32707033-HSP90AA1-PSKH2	DBSRC-HSP90AA1-PSKH2-3af7dc9e	32707033	PMC7427327	Kinase Interaction Network Expands Functional and Disease Roles of Human Kinases	HSP90AA1::PSKH2	HSP90AA1	PSKH2	true	kinase_bait_apms	exact_pair_found_in_inspected_supplement	xlsx:mmc4.xlsx:Table_S3_Sign_co-purified_pairs:row_10:sheet_header_gene_row;xlsx:mmc4.xlsx:Table_S3_Sign_co-purified_pairs:row_23:same_row;xlsx:mmc4.xlsx:Table_S3_Sign_co-purified_pairs:row_25:sheet_header_gene_row;xlsx:mmc4.xlsx:Table_S3_Sign_co-purified_pairs:row_4:same_row;xlsx:mmc4.xlsx:Table_S3_Sign_co-purified_pairs:row_51:sheet_header_gene_row;xlsx:mmc4.xlsx:Table_S3_Sign_co-purified_pairs:row_62:sheet_header_gene_row;xlsx:mmc4.xlsx:Table_S3_Sign_co-purified_pairs:row_76:sheet_header_gene_row;xlsx:mmc4.xlsx:Table_S3_Sign_co-purified_pairs:row_79:sheet_header_gene_row;xlsx:mmc4.xlsx:Table_S3_Sign_co-purified_pairs:row_9:same_row;xlsx:mmc5.xlsx:Table_S4_Hsp_binding:row_10:sheet_header_gene_row	retrieved_valid	complex_comember	affinity_purification_ms	support_only	weak	medium	high_throughput_screen;cell_line_specific;complex_member_not_direct_binding;HSP90B_shorthand_is_HSP90AB1_not_HSP90B1	paper_default	reviewed_source_support_flow_later	yes	no		Physical-association or co-complex evidence only unless the exception state says otherwise; no client status is inferred.	true	false	SRCREV-2026-07-15-V6_108-PMID32707033-HSP90AA1-040
DBROUTE-v6_108-32707033-HSP90AA1-RAF1	DBSRC-HSP90AA1-RAF1-3af7dc9e	32707033	PMC7427327	Kinase Interaction Network Expands Functional and Disease Roles of Human Kinases	HSP90AA1::RAF1	HSP90AA1	RAF1	true	kinase_bait_apms	exact_pair_found_in_inspected_supplement	xlsx:mmc4.xlsx:Table_S3_Sign_co-purified_pairs:row_10:sheet_header_gene_row;xlsx:mmc4.xlsx:Table_S3_Sign_co-purified_pairs:row_14:sheet_header_gene_row;xlsx:mmc4.xlsx:Table_S3_Sign_co-purified_pairs:row_17:sheet_header_gene_row;xlsx:mmc4.xlsx:Table_S3_Sign_co-purified_pairs:row_21:sheet_header_gene_row;xlsx:mmc4.xlsx:Table_S3_Sign_co-purified_pairs:row_24:sheet_header_gene_row;xlsx:mmc4.xlsx:Table_S3_Sign_co-purified_pairs:row_28:sheet_header_gene_row;xlsx:mmc4.xlsx:Table_S3_Sign_co-purified_pairs:row_30:sheet_header_gene_row;xlsx:mmc4.xlsx:Table_S3_Sign_co-purified_pairs:row_35:sheet_header_gene_row;xlsx:mmc4.xlsx:Table_S3_Sign_co-purified_pairs:row_36:sheet_header_gene_row;xlsx:mmc4.xlsx:Table_S3_Sign_co-purified_pairs:row_39:sheet_header_gene_row;xlsx:mmc4.xlsx:Table_S3_Sign_co-purified_pairs:row_42:sheet_header_gene_row;xlsx:mmc4.xlsx:Table_S3_Sign_co-purified_pairs:row_48:sheet_header_gene_row;xlsx:mmc4.xlsx:Table_S3_Sign_co-purified_pairs:row_49:sheet_header_gene_row;xlsx:mmc4.xlsx:Table_S3_Sign_co-purified_pairs:row_4:same_row;xlsx:mmc4.xlsx:Table_S3_Sign_co-purified_pairs:row_50:sheet_header_gene_row;xlsx:mmc4.xlsx:Table_S3_Sign_co-purified_pairs:row_52:sheet_header_gene_row;xlsx:mmc4.xlsx:Table_S3_Sign_co-purified_pairs:row_55:sheet_header_gene_row;xlsx:mmc4.xlsx:Table_S3_Sign_co-purified_pairs:row_79:sheet_header_gene_row;xlsx:mmc4.xlsx:Table_S3_Sign_co-purified_pairs:row_9:same_row;xlsx:mmc5.xlsx:Table_S4_Hsp_binding:row_13:sheet_header_gene_row	retrieved_valid	complex_comember	affinity_purification_ms	support_only	weak	medium	high_throughput_screen;cell_line_specific;complex_member_not_direct_binding;HSP90B_shorthand_is_HSP90AB1_not_HSP90B1	paper_default	reviewed_source_support_flow_later	yes	no		Physical-association or co-complex evidence only unless the exception state says otherwise; no client status is inferred.	true	false	SRCREV-2026-07-15-V6_108-PMID32707033-HSP90AA1-040
DBROUTE-v6_108-32707033-HSP90AA1-RPS6KA4	DBSRC-HSP90AA1-RPS6KA4-3af7dc9e	32707033	PMC7427327	Kinase Interaction Network Expands Functional and Disease Roles of Human Kinases	HSP90AA1::RPS6KA4	HSP90AA1	RPS6KA4	true	kinase_bait_apms	exact_pair_found_in_inspected_supplement	xlsx:mmc5.xlsx:Table_S4_Hsp_binding:row_148:sheet_header_gene_row	retrieved_valid	complex_comember	affinity_purification_ms	support_only	weak	medium	high_throughput_screen;cell_line_specific;complex_member_not_direct_binding;HSP90B_shorthand_is_HSP90AB1_not_HSP90B1	paper_default	reviewed_source_support_flow_later	yes	no		Physical-association or co-complex evidence only unless the exception state says otherwise; no client status is inferred.	true	false	SRCREV-2026-07-15-V6_108-PMID32707033-HSP90AA1-040
DBROUTE-v6_108-32707033-HSP90AA1-SGK2	DBSRC-HSP90AA1-SGK2-3af7dc9e	32707033	PMC7427327	Kinase Interaction Network Expands Functional and Disease Roles of Human Kinases	HSP90AA1::SGK2	HSP90AA1	SGK2	true	kinase_bait_apms	exact_pair_found_in_inspected_supplement	xlsx:mmc4.xlsx:Table_S3_Sign_co-purified_pairs:row_10:sheet_header_gene_row;xlsx:mmc4.xlsx:Table_S3_Sign_co-purified_pairs:row_23:same_row;xlsx:mmc4.xlsx:Table_S3_Sign_co-purified_pairs:row_25:sheet_header_gene_row;xlsx:mmc4.xlsx:Table_S3_Sign_co-purified_pairs:row_4:same_row;xlsx:mmc4.xlsx:Table_S3_Sign_co-purified_pairs:row_51:sheet_header_gene_row;xlsx:mmc4.xlsx:Table_S3_Sign_co-purified_pairs:row_79:sheet_header_gene_row;xlsx:mmc4.xlsx:Table_S3_Sign_co-purified_pairs:row_9:same_row;xlsx:mmc5.xlsx:Table_S4_Hsp_binding:row_34:sheet_header_gene_row	retrieved_valid	complex_comember	affinity_purification_ms	support_only	weak	medium	high_throughput_screen;cell_line_specific;complex_member_not_direct_binding;HSP90B_shorthand_is_HSP90AB1_not_HSP90B1	paper_default	reviewed_source_support_flow_later	yes	no		Physical-association or co-complex evidence only unless the exception state says otherwise; no client status is inferred.	true	false	SRCREV-2026-07-15-V6_108-PMID32707033-HSP90AA1-040
DBROUTE-v6_108-32707033-HSP90AA1-SRC	DBSRC-HSP90AA1-SRC-3af7dc9e	32707033	PMC7427327	Kinase Interaction Network Expands Functional and Disease Roles of Human Kinases	HSP90AA1::SRC	HSP90AA1	SRC	true	kinase_bait_apms	exact_pair_found_in_inspected_supplement	xlsx:mmc4.xlsx:Table_S3_Sign_co-purified_pairs:row_10:sheet_header_gene_row;xlsx:mmc4.xlsx:Table_S3_Sign_co-purified_pairs:row_4:same_row;xlsx:mmc4.xlsx:Table_S3_Sign_co-purified_pairs:row_79:sheet_header_gene_row;xlsx:mmc4.xlsx:Table_S3_Sign_co-purified_pairs:row_9:same_row;xlsx:mmc5.xlsx:Table_S4_Hsp_binding:row_203:sheet_header_gene_row;xlsx:mmc7.xlsx:Table_S6_Phosphosites:row_202:same_row;xlsx:mmc7.xlsx:Table_S6_Phosphosites:row_253:same_row;xlsx:mmc7.xlsx:Table_S6_Phosphosites:row_266:same_row;xlsx:mmc7.xlsx:Table_S6_Phosphosites:row_293:same_row;xlsx:mmc7.xlsx:Table_S6_Phosphosites:row_294:same_row	retrieved_valid	complex_comember	affinity_purification_ms	support_only	weak	medium	high_throughput_screen;cell_line_specific;complex_member_not_direct_binding;HSP90B_shorthand_is_HSP90AB1_not_HSP90B1	paper_default	reviewed_source_support_flow_later	yes	no		Physical-association or co-complex evidence only unless the exception state says otherwise; no client status is inferred.	true	false	SRCREV-2026-07-15-V6_108-PMID32707033-HSP90AA1-040
DBROUTE-v6_108-32707033-HSP90AA1-SRMS	DBSRC-HSP90AA1-SRMS-3af7dc9e	32707033	PMC7427327	Kinase Interaction Network Expands Functional and Disease Roles of Human Kinases	HSP90AA1::SRMS	HSP90AA1	SRMS	true	kinase_bait_apms	exact_pair_found_in_inspected_supplement	xlsx:mmc4.xlsx:Table_S3_Sign_co-purified_pairs:row_10:sheet_header_gene_row;xlsx:mmc4.xlsx:Table_S3_Sign_co-purified_pairs:row_23:same_row;xlsx:mmc4.xlsx:Table_S3_Sign_co-purified_pairs:row_25:sheet_header_gene_row;xlsx:mmc4.xlsx:Table_S3_Sign_co-purified_pairs:row_4:same_row;xlsx:mmc4.xlsx:Table_S3_Sign_co-purified_pairs:row_51:sheet_header_gene_row;xlsx:mmc4.xlsx:Table_S3_Sign_co-purified_pairs:row_9:same_row;xlsx:mmc7.xlsx:Table_S6_Phosphosites:row_294:same_row	retrieved_valid	complex_comember	affinity_purification_ms	support_only	weak	medium	high_throughput_screen;cell_line_specific;complex_member_not_direct_binding;HSP90B_shorthand_is_HSP90AB1_not_HSP90B1	paper_default	reviewed_source_support_flow_later	yes	no		Physical-association or co-complex evidence only unless the exception state says otherwise; no client status is inferred.	true	false	SRCREV-2026-07-15-V6_108-PMID32707033-HSP90AA1-040
DBROUTE-v6_108-32707033-HSP90AA1-STK11	DBSRC-HSP90AA1-STK11-3af7dc9e	32707033	PMC7427327	Kinase Interaction Network Expands Functional and Disease Roles of Human Kinases	HSP90AA1::STK11	HSP90AA1	STK11	true	kinase_bait_apms	exact_pair_found_in_inspected_supplement	xlsx:mmc5.xlsx:Table_S4_Hsp_binding:row_47:sheet_header_gene_row	retrieved_valid	complex_comember	affinity_purification_ms	support_only	weak	medium	high_throughput_screen;cell_line_specific;complex_member_not_direct_binding;HSP90B_shorthand_is_HSP90AB1_not_HSP90B1	paper_default	reviewed_source_support_flow_later	yes	no		Physical-association or co-complex evidence only unless the exception state says otherwise; no client status is inferred.	true	false	SRCREV-2026-07-15-V6_108-PMID32707033-HSP90AA1-040
DBROUTE-v6_108-32707033-HSP90AA1-STK33	DBSRC-HSP90AA1-STK33-3af7dc9e	32707033	PMC7427327	Kinase Interaction Network Expands Functional and Disease Roles of Human Kinases	HSP90AA1::STK33	HSP90AA1	STK33	true	kinase_bait_apms	exact_pair_found_in_inspected_supplement	xlsx:mmc4.xlsx:Table_S3_Sign_co-purified_pairs:row_10:sheet_header_gene_row;xlsx:mmc4.xlsx:Table_S3_Sign_co-purified_pairs:row_23:same_row;xlsx:mmc4.xlsx:Table_S3_Sign_co-purified_pairs:row_25:sheet_header_gene_row;xlsx:mmc4.xlsx:Table_S3_Sign_co-purified_pairs:row_4:same_row;xlsx:mmc4.xlsx:Table_S3_Sign_co-purified_pairs:row_51:sheet_header_gene_row;xlsx:mmc4.xlsx:Table_S3_Sign_co-purified_pairs:row_9:same_row;xlsx:mmc5.xlsx:Table_S4_Hsp_binding:row_138:sheet_header_gene_row	retrieved_valid	complex_comember	affinity_purification_ms	support_only	weak	medium	high_throughput_screen;cell_line_specific;complex_member_not_direct_binding;HSP90B_shorthand_is_HSP90AB1_not_HSP90B1	paper_default	reviewed_source_support_flow_later	yes	no		Physical-association or co-complex evidence only unless the exception state says otherwise; no client status is inferred.	true	false	SRCREV-2026-07-15-V6_108-PMID32707033-HSP90AA1-040
DBROUTE-v6_108-32707033-HSP90AA1-STK35	DBSRC-HSP90AA1-STK35-3af7dc9e	32707033	PMC7427327	Kinase Interaction Network Expands Functional and Disease Roles of Human Kinases	HSP90AA1::STK35	HSP90AA1	STK35	true	kinase_bait_apms	exact_pair_found_in_inspected_supplement	xlsx:mmc4.xlsx:Table_S3_Sign_co-purified_pairs:row_10:sheet_header_gene_row;xlsx:mmc4.xlsx:Table_S3_Sign_co-purified_pairs:row_4:same_row;xlsx:mmc4.xlsx:Table_S3_Sign_co-purified_pairs:row_9:same_row	retrieved_valid	complex_comember	affinity_purification_ms	support_only	weak	medium	high_throughput_screen;cell_line_specific;complex_member_not_direct_binding;HSP90B_shorthand_is_HSP90AB1_not_HSP90B1	paper_default	reviewed_source_support_flow_later	yes	no		Physical-association or co-complex evidence only unless the exception state says otherwise; no client status is inferred.	true	false	SRCREV-2026-07-15-V6_108-PMID32707033-HSP90AA1-040
DBROUTE-v6_108-32707033-HSP90AA1-TSSK2	DBSRC-HSP90AA1-TSSK2-3af7dc9e	32707033	PMC7427327	Kinase Interaction Network Expands Functional and Disease Roles of Human Kinases	HSP90AA1::TSSK2	HSP90AA1	TSSK2	true	kinase_bait_apms	exact_pair_found_in_inspected_supplement	xlsx:mmc4.xlsx:Table_S3_Sign_co-purified_pairs:row_23:same_row;xlsx:mmc4.xlsx:Table_S3_Sign_co-purified_pairs:row_25:sheet_header_gene_row;xlsx:mmc4.xlsx:Table_S3_Sign_co-purified_pairs:row_4:same_row;xlsx:mmc5.xlsx:Table_S4_Hsp_binding:row_38:sheet_header_gene_row	retrieved_valid	complex_comember	affinity_purification_ms	support_only	weak	medium	high_throughput_screen;cell_line_specific;complex_member_not_direct_binding;HSP90B_shorthand_is_HSP90AB1_not_HSP90B1	paper_default	reviewed_source_support_flow_later	yes	no		Physical-association or co-complex evidence only unless the exception state says otherwise; no client status is inferred.	true	false	SRCREV-2026-07-15-V6_108-PMID32707033-HSP90AA1-040
DBROUTE-v6_108-32707033-HSP90AA1-TSSK6	DBSRC-HSP90AA1-TSSK6-3af7dc9e	32707033	PMC7427327	Kinase Interaction Network Expands Functional and Disease Roles of Human Kinases	HSP90AA1::TSSK6	HSP90AA1	TSSK6	true	kinase_bait_apms	exact_pair_found_in_inspected_supplement	xlsx:mmc5.xlsx:Table_S4_Hsp_binding:row_31:sheet_header_gene_row	retrieved_valid	complex_comember	affinity_purification_ms	support_only	weak	medium	high_throughput_screen;cell_line_specific;complex_member_not_direct_binding;HSP90B_shorthand_is_HSP90AB1_not_HSP90B1	paper_default	reviewed_source_support_flow_later	yes	no		Physical-association or co-complex evidence only unless the exception state says otherwise; no client status is inferred.	true	false	SRCREV-2026-07-15-V6_108-PMID32707033-HSP90AA1-040
DBROUTE-v6_108-32707033-HSP90AB1-ANKK1	DBSRC-HSP90AB1-ANKK1-3af7dc9e	32707033	PMC7427327	Kinase Interaction Network Expands Functional and Disease Roles of Human Kinases	HSP90AB1::ANKK1	HSP90AB1	ANKK1	true	kinase_bait_apms	exact_pair_not_found_by_automated_package_scan		retrieved_valid	complex_comember	affinity_purification_ms	context_only	weak	low	high_throughput_screen;cell_line_specific;complex_member_not_direct_binding;HSP90B_shorthand_is_HSP90AB1_not_HSP90B1	paper_default	retrieved_article_pair_result_not_locally_confirmed_recheck	no	yes		Physical-association or co-complex evidence only unless the exception state says otherwise; no client status is inferred.	true	false	SRCREV-2026-07-15-V6_108-PMID32707033-HSP90AB1-041
DBROUTE-v6_108-32707033-HSP90AB1-ARAF	DBSRC-HSP90AB1-ARAF-3af7dc9e	32707033	PMC7427327	Kinase Interaction Network Expands Functional and Disease Roles of Human Kinases	HSP90AB1::ARAF	HSP90AB1	ARAF	true	kinase_bait_apms	exact_pair_found_in_inspected_supplement	xlsx:mmc4.xlsx:Table_S3_Sign_co-purified_pairs:row_10:same_row;xlsx:mmc4.xlsx:Table_S3_Sign_co-purified_pairs:row_14:sheet_header_gene_row;xlsx:mmc4.xlsx:Table_S3_Sign_co-purified_pairs:row_17:sheet_header_gene_row;xlsx:mmc4.xlsx:Table_S3_Sign_co-purified_pairs:row_21:sheet_header_gene_row;xlsx:mmc4.xlsx:Table_S3_Sign_co-purified_pairs:row_23:sheet_header_gene_row;xlsx:mmc4.xlsx:Table_S3_Sign_co-purified_pairs:row_24:sheet_header_gene_row;xlsx:mmc4.xlsx:Table_S3_Sign_co-purified_pairs:row_25:same_row;xlsx:mmc4.xlsx:Table_S3_Sign_co-purified_pairs:row_28:sheet_header_gene_row;xlsx:mmc4.xlsx:Table_S3_Sign_co-purified_pairs:row_30:sheet_header_gene_row;xlsx:mmc4.xlsx:Table_S3_Sign_co-purified_pairs:row_35:sheet_header_gene_row;xlsx:mmc4.xlsx:Table_S3_Sign_co-purified_pairs:row_36:sheet_header_gene_row;xlsx:mmc4.xlsx:Table_S3_Sign_co-purified_pairs:row_39:sheet_header_gene_row;xlsx:mmc4.xlsx:Table_S3_Sign_co-purified_pairs:row_42:sheet_header_gene_row;xlsx:mmc4.xlsx:Table_S3_Sign_co-purified_pairs:row_47:sheet_header_gene_row;xlsx:mmc4.xlsx:Table_S3_Sign_co-purified_pairs:row_48:sheet_header_gene_row;xlsx:mmc4.xlsx:Table_S3_Sign_co-purified_pairs:row_49:sheet_header_gene_row;xlsx:mmc4.xlsx:Table_S3_Sign_co-purified_pairs:row_4:same_row;xlsx:mmc4.xlsx:Table_S3_Sign_co-purified_pairs:row_50:sheet_header_gene_row;xlsx:mmc4.xlsx:Table_S3_Sign_co-purified_pairs:row_51:sheet_header_gene_row;xlsx:mmc4.xlsx:Table_S3_Sign_co-purified_pairs:row_52:sheet_header_gene_row	retrieved_valid	complex_comember	affinity_purification_ms	support_only	weak	medium	high_throughput_screen;cell_line_specific;complex_member_not_direct_binding;HSP90B_shorthand_is_HSP90AB1_not_HSP90B1	paper_default	reviewed_source_support_flow_later	yes	no		Physical-association or co-complex evidence only unless the exception state says otherwise; no client status is inferred.	true	false	SRCREV-2026-07-15-V6_108-PMID32707033-HSP90AB1-042
DBROUTE-v6_108-32707033-HSP90AB1-AURKB	DBSRC-HSP90AB1-AURKB-3af7dc9e	32707033	PMC7427327	Kinase Interaction Network Expands Functional and Disease Roles of Human Kinases	HSP90AB1::AURKB	HSP90AB1	AURKB	true	kinase_bait_apms	exact_pair_found_in_inspected_supplement	xlsx:mmc4.xlsx:Table_S3_Sign_co-purified_pairs:row_10:same_row;xlsx:mmc4.xlsx:Table_S3_Sign_co-purified_pairs:row_23:sheet_header_gene_row;xlsx:mmc4.xlsx:Table_S3_Sign_co-purified_pairs:row_25:same_row;xlsx:mmc4.xlsx:Table_S3_Sign_co-purified_pairs:row_4:same_row;xlsx:mmc4.xlsx:Table_S3_Sign_co-purified_pairs:row_51:sheet_header_gene_row;xlsx:mmc4.xlsx:Table_S3_Sign_co-purified_pairs:row_74:sheet_header_gene_row;xlsx:mmc4.xlsx:Table_S3_Sign_co-purified_pairs:row_76:sheet_header_gene_row;xlsx:mmc4.xlsx:Table_S3_Sign_co-purified_pairs:row_79:same_row;xlsx:mmc4.xlsx:Table_S3_Sign_co-purified_pairs:row_9:sheet_header_gene_row;xlsx:mmc5.xlsx:Table_S4_Hsp_binding:row_116:sheet_header_gene_row	retrieved_valid	complex_comember	affinity_purification_ms	support_only	weak	medium	high_throughput_screen;cell_line_specific;complex_member_not_direct_binding;HSP90B_shorthand_is_HSP90AB1_not_HSP90B1	paper_default	reviewed_source_support_flow_later	yes	no		Physical-association or co-complex evidence only unless the exception state says otherwise; no client status is inferred.	true	false	SRCREV-2026-07-15-V6_108-PMID32707033-HSP90AB1-042
DBROUTE-v6_108-32707033-HSP90AB1-BLK	DBSRC-HSP90AB1-BLK-3af7dc9e	32707033	PMC7427327	Kinase Interaction Network Expands Functional and Disease Roles of Human Kinases	HSP90AB1::BLK	HSP90AB1	BLK	true	kinase_bait_apms	exact_pair_found_in_inspected_supplement	xlsx:mmc4.xlsx:Table_S3_Sign_co-purified_pairs:row_10:same_row;xlsx:mmc4.xlsx:Table_S3_Sign_co-purified_pairs:row_11:sheet_header_gene_row;xlsx:mmc4.xlsx:Table_S3_Sign_co-purified_pairs:row_12:sheet_header_gene_row;xlsx:mmc4.xlsx:Table_S3_Sign_co-purified_pairs:row_15:sheet_header_gene_row;xlsx:mmc4.xlsx:Table_S3_Sign_co-purified_pairs:row_16:sheet_header_gene_row;xlsx:mmc4.xlsx:Table_S3_Sign_co-purified_pairs:row_20:sheet_header_gene_row;xlsx:mmc4.xlsx:Table_S3_Sign_co-purified_pairs:row_22:sheet_header_gene_row;xlsx:mmc4.xlsx:Table_S3_Sign_co-purified_pairs:row_23:sheet_header_gene_row;xlsx:mmc4.xlsx:Table_S3_Sign_co-purified_pairs:row_25:same_row;xlsx:mmc4.xlsx:Table_S3_Sign_co-purified_pairs:row_26:sheet_header_gene_row;xlsx:mmc4.xlsx:Table_S3_Sign_co-purified_pairs:row_27:sheet_header_gene_row;xlsx:mmc4.xlsx:Table_S3_Sign_co-purified_pairs:row_31:sheet_header_gene_row;xlsx:mmc4.xlsx:Table_S3_Sign_co-purified_pairs:row_32:sheet_header_gene_row;xlsx:mmc4.xlsx:Table_S3_Sign_co-purified_pairs:row_33:sheet_header_gene_row;xlsx:mmc4.xlsx:Table_S3_Sign_co-purified_pairs:row_34:sheet_header_gene_row;xlsx:mmc4.xlsx:Table_S3_Sign_co-purified_pairs:row_37:sheet_header_gene_row;xlsx:mmc4.xlsx:Table_S3_Sign_co-purified_pairs:row_38:sheet_header_gene_row;xlsx:mmc4.xlsx:Table_S3_Sign_co-purified_pairs:row_41:sheet_header_gene_row;xlsx:mmc4.xlsx:Table_S3_Sign_co-purified_pairs:row_43:sheet_header_gene_row;xlsx:mmc4.xlsx:Table_S3_Sign_co-purified_pairs:row_44:sheet_header_gene_row	retrieved_valid	complex_comember	affinity_purification_ms	support_only	weak	medium	high_throughput_screen;cell_line_specific;complex_member_not_direct_binding;HSP90B_shorthand_is_HSP90AB1_not_HSP90B1	paper_default	reviewed_source_support_flow_later	yes	no		Physical-association or co-complex evidence only unless the exception state says otherwise; no client status is inferred.	true	false	SRCREV-2026-07-15-V6_108-PMID32707033-HSP90AB1-042
DBROUTE-v6_108-32707033-HSP90AB1-CDK13	DBSRC-HSP90AB1-CDK13-3af7dc9e	32707033	PMC7427327	Kinase Interaction Network Expands Functional and Disease Roles of Human Kinases	HSP90AB1::CDK13	HSP90AB1	CDK13	true	kinase_bait_apms	exact_pair_not_found_by_automated_package_scan		retrieved_valid	complex_comember	affinity_purification_ms	context_only	weak	low	high_throughput_screen;cell_line_specific;complex_member_not_direct_binding;HSP90B_shorthand_is_HSP90AB1_not_HSP90B1	paper_default	retrieved_article_pair_result_not_locally_confirmed_recheck	no	yes		Physical-association or co-complex evidence only unless the exception state says otherwise; no client status is inferred.	true	false	SRCREV-2026-07-15-V6_108-PMID32707033-HSP90AB1-041
DBROUTE-v6_108-32707033-HSP90AB1-CDK4	DBSRC-HSP90AB1-CDK4-3af7dc9e	32707033	PMC7427327	Kinase Interaction Network Expands Functional and Disease Roles of Human Kinases	HSP90AB1::CDK4	HSP90AB1	CDK4	true	kinase_bait_apms	exact_pair_found_in_inspected_supplement	xlsx:mmc4.xlsx:Table_S3_Sign_co-purified_pairs:row_10:same_row;xlsx:mmc4.xlsx:Table_S3_Sign_co-purified_pairs:row_23:sheet_header_gene_row;xlsx:mmc4.xlsx:Table_S3_Sign_co-purified_pairs:row_25:same_row;xlsx:mmc4.xlsx:Table_S3_Sign_co-purified_pairs:row_4:same_row;xlsx:mmc4.xlsx:Table_S3_Sign_co-purified_pairs:row_51:sheet_header_gene_row;xlsx:mmc4.xlsx:Table_S3_Sign_co-purified_pairs:row_9:sheet_header_gene_row;xlsx:mmc5.xlsx:Table_S4_Hsp_binding:row_60:sheet_header_gene_row	retrieved_valid	complex_comember	affinity_purification_ms	support_only	weak	medium	high_throughput_screen;cell_line_specific;complex_member_not_direct_binding;HSP90B_shorthand_is_HSP90AB1_not_HSP90B1	paper_default	reviewed_source_support_flow_later	yes	no		Physical-association or co-complex evidence only unless the exception state says otherwise; no client status is inferred.	true	false	SRCREV-2026-07-15-V6_108-PMID32707033-HSP90AB1-042
DBROUTE-v6_108-32707033-HSP90AB1-CDK9	DBSRC-HSP90AB1-CDK9-3af7dc9e	32707033	PMC7427327	Kinase Interaction Network Expands Functional and Disease Roles of Human Kinases	HSP90AB1::CDK9	HSP90AB1	CDK9	true	kinase_bait_apms	exact_pair_found_in_inspected_supplement	xlsx:mmc4.xlsx:Table_S3_Sign_co-purified_pairs:row_10:same_row;xlsx:mmc4.xlsx:Table_S3_Sign_co-purified_pairs:row_23:sheet_header_gene_row;xlsx:mmc4.xlsx:Table_S3_Sign_co-purified_pairs:row_25:same_row;xlsx:mmc4.xlsx:Table_S3_Sign_co-purified_pairs:row_4:same_row;xlsx:mmc4.xlsx:Table_S3_Sign_co-purified_pairs:row_51:sheet_header_gene_row;xlsx:mmc4.xlsx:Table_S3_Sign_co-purified_pairs:row_79:same_row;xlsx:mmc4.xlsx:Table_S3_Sign_co-purified_pairs:row_9:sheet_header_gene_row;xlsx:mmc5.xlsx:Table_S4_Hsp_binding:row_19:sheet_header_gene_row	retrieved_valid	complex_comember	affinity_purification_ms	support_only	weak	medium	high_throughput_screen;cell_line_specific;complex_member_not_direct_binding;HSP90B_shorthand_is_HSP90AB1_not_HSP90B1	paper_default	reviewed_source_support_flow_later	yes	no		Physical-association or co-complex evidence only unless the exception state says otherwise; no client status is inferred.	true	false	SRCREV-2026-07-15-V6_108-PMID32707033-HSP90AB1-042
DBROUTE-v6_108-32707033-HSP90AB1-CLK3	DBSRC-HSP90AB1-CLK3-3af7dc9e	32707033	PMC7427327	Kinase Interaction Network Expands Functional and Disease Roles of Human Kinases	HSP90AB1::CLK3	HSP90AB1	CLK3	true	kinase_bait_apms	exact_pair_found_in_inspected_supplement	xlsx:mmc4.xlsx:Table_S3_Sign_co-purified_pairs:row_10:same_row;xlsx:mmc4.xlsx:Table_S3_Sign_co-purified_pairs:row_14:sheet_header_gene_row;xlsx:mmc4.xlsx:Table_S3_Sign_co-purified_pairs:row_23:sheet_header_gene_row;xlsx:mmc4.xlsx:Table_S3_Sign_co-purified_pairs:row_25:same_row;xlsx:mmc4.xlsx:Table_S3_Sign_co-purified_pairs:row_4:same_row;xlsx:mmc4.xlsx:Table_S3_Sign_co-purified_pairs:row_51:sheet_header_gene_row;xlsx:mmc4.xlsx:Table_S3_Sign_co-purified_pairs:row_79:same_row;xlsx:mmc4.xlsx:Table_S3_Sign_co-purified_pairs:row_9:sheet_header_gene_row;xlsx:mmc5.xlsx:Table_S4_Hsp_binding:row_42:sheet_header_gene_row;xlsx:mmc7.xlsx:Table_S6_Phosphosites:row_330:same_row	retrieved_valid	complex_comember	affinity_purification_ms	support_only	weak	medium	high_throughput_screen;cell_line_specific;complex_member_not_direct_binding;HSP90B_shorthand_is_HSP90AB1_not_HSP90B1	paper_default	reviewed_source_support_flow_later	yes	no		Physical-association or co-complex evidence only unless the exception state says otherwise; no client status is inferred.	true	false	SRCREV-2026-07-15-V6_108-PMID32707033-HSP90AB1-042
DBROUTE-v6_108-32707033-HSP90AB1-CSNK1A1	DBSRC-HSP90AB1-CSNK1A1-3af7dc9e	32707033	PMC7427327	Kinase Interaction Network Expands Functional and Disease Roles of Human Kinases	HSP90AB1::CSNK1A1	HSP90AB1	CSNK1A1	true	kinase_bait_apms	exact_pair_found_in_inspected_supplement	xlsx:mmc4.xlsx:Table_S3_Sign_co-purified_pairs:row_23:sheet_header_gene_row;xlsx:mmc4.xlsx:Table_S3_Sign_co-purified_pairs:row_25:same_row;xlsx:mmc4.xlsx:Table_S3_Sign_co-purified_pairs:row_4:same_row;xlsx:mmc5.xlsx:Table_S4_Hsp_binding:row_45:sheet_header_gene_row;xlsx:mmc7.xlsx:Table_S6_Phosphosites:row_111:same_row	retrieved_valid	complex_comember	affinity_purification_ms	support_only	weak	medium	high_throughput_screen;cell_line_specific;complex_member_not_direct_binding;HSP90B_shorthand_is_HSP90AB1_not_HSP90B1	paper_default	reviewed_source_support_flow_later	yes	no		Physical-association or co-complex evidence only unless the exception state says otherwise; no client status is inferred.	true	false	SRCREV-2026-07-15-V6_108-PMID32707033-HSP90AB1-042
DBROUTE-v6_108-32707033-HSP90AB1-DYRK1B	DBSRC-HSP90AB1-DYRK1B-3af7dc9e	32707033	PMC7427327	Kinase Interaction Network Expands Functional and Disease Roles of Human Kinases	HSP90AB1::DYRK1B	HSP90AB1	DYRK1B	true	kinase_bait_apms	exact_pair_found_in_inspected_supplement	xlsx:mmc4.xlsx:Table_S3_Sign_co-purified_pairs:row_23:sheet_header_gene_row;xlsx:mmc4.xlsx:Table_S3_Sign_co-purified_pairs:row_25:same_row;xlsx:mmc4.xlsx:Table_S3_Sign_co-purified_pairs:row_4:same_row;xlsx:mmc5.xlsx:Table_S4_Hsp_binding:row_79:sheet_header_gene_row	retrieved_valid	complex_comember	affinity_purification_ms	support_only	weak	medium	high_throughput_screen;cell_line_specific;complex_member_not_direct_binding;HSP90B_shorthand_is_HSP90AB1_not_HSP90B1	paper_default	reviewed_source_support_flow_later	yes	no		Physical-association or co-complex evidence only unless the exception state says otherwise; no client status is inferred.	true	false	SRCREV-2026-07-15-V6_108-PMID32707033-HSP90AB1-042
DBROUTE-v6_108-32707033-HSP90AB1-DYRK4	DBSRC-HSP90AB1-DYRK4-3af7dc9e	32707033	PMC7427327	Kinase Interaction Network Expands Functional and Disease Roles of Human Kinases	HSP90AB1::DYRK4	HSP90AB1	DYRK4	true	kinase_bait_apms	exact_pair_found_in_inspected_supplement	xlsx:mmc4.xlsx:Table_S3_Sign_co-purified_pairs:row_10:same_row;xlsx:mmc4.xlsx:Table_S3_Sign_co-purified_pairs:row_23:sheet_header_gene_row;xlsx:mmc4.xlsx:Table_S3_Sign_co-purified_pairs:row_25:same_row;xlsx:mmc4.xlsx:Table_S3_Sign_co-purified_pairs:row_4:same_row;xlsx:mmc4.xlsx:Table_S3_Sign_co-purified_pairs:row_51:sheet_header_gene_row;xlsx:mmc4.xlsx:Table_S3_Sign_co-purified_pairs:row_79:same_row;xlsx:mmc4.xlsx:Table_S3_Sign_co-purified_pairs:row_9:sheet_header_gene_row;xlsx:mmc5.xlsx:Table_S4_Hsp_binding:row_17:sheet_header_gene_row	retrieved_valid	complex_comember	affinity_purification_ms	support_only	weak	medium	high_throughput_screen;cell_line_specific;complex_member_not_direct_binding;HSP90B_shorthand_is_HSP90AB1_not_HSP90B1	paper_default	reviewed_source_support_flow_later	yes	no		Physical-association or co-complex evidence only unless the exception state says otherwise; no client status is inferred.	true	false	SRCREV-2026-07-15-V6_108-PMID32707033-HSP90AB1-042
DBROUTE-v6_108-32707033-HSP90AB1-EIF2AK1	DBSRC-HSP90AB1-EIF2AK1-3af7dc9e	32707033	PMC7427327	Kinase Interaction Network Expands Functional and Disease Roles of Human Kinases	HSP90AB1::EIF2AK1	HSP90AB1	EIF2AK1	true	kinase_bait_apms	exact_pair_found_in_inspected_supplement	xlsx:mmc5.xlsx:Table_S4_Hsp_binding:row_44:sheet_header_gene_row	retrieved_valid	complex_comember	affinity_purification_ms	support_only	weak	medium	high_throughput_screen;cell_line_specific;complex_member_not_direct_binding;HSP90B_shorthand_is_HSP90AB1_not_HSP90B1	paper_default	reviewed_source_support_flow_later	yes	no		Physical-association or co-complex evidence only unless the exception state says otherwise; no client status is inferred.	true	false	SRCREV-2026-07-15-V6_108-PMID32707033-HSP90AB1-042
DBROUTE-v6_108-32707033-HSP90AB1-FER	DBSRC-HSP90AB1-FER-3af7dc9e	32707033	PMC7427327	Kinase Interaction Network Expands Functional and Disease Roles of Human Kinases	HSP90AB1::FER	HSP90AB1	FER	true	kinase_bait_apms	exact_pair_found_in_inspected_supplement	xlsx:mmc4.xlsx:Table_S3_Sign_co-purified_pairs:row_10:same_row;xlsx:mmc4.xlsx:Table_S3_Sign_co-purified_pairs:row_4:same_row;xlsx:mmc4.xlsx:Table_S3_Sign_co-purified_pairs:row_79:same_row;xlsx:mmc4.xlsx:Table_S3_Sign_co-purified_pairs:row_9:sheet_header_gene_row;xlsx:mmc5.xlsx:Table_S4_Hsp_binding:row_9:sheet_header_gene_row	retrieved_valid	complex_comember	affinity_purification_ms	support_only	weak	medium	high_throughput_screen;cell_line_specific;complex_member_not_direct_binding;HSP90B_shorthand_is_HSP90AB1_not_HSP90B1	paper_default	reviewed_source_support_flow_later	yes	no		Physical-association or co-complex evidence only unless the exception state says otherwise; no client status is inferred.	true	false	SRCREV-2026-07-15-V6_108-PMID32707033-HSP90AB1-042
DBROUTE-v6_108-32707033-HSP90AB1-FYN	DBSRC-HSP90AB1-FYN-3af7dc9e	32707033	PMC7427327	Kinase Interaction Network Expands Functional and Disease Roles of Human Kinases	HSP90AB1::FYN	HSP90AB1	FYN	true	kinase_bait_apms	exact_pair_found_in_inspected_supplement	xlsx:mmc4.xlsx:Table_S3_Sign_co-purified_pairs:row_10:same_row;xlsx:mmc4.xlsx:Table_S3_Sign_co-purified_pairs:row_11:sheet_header_gene_row;xlsx:mmc4.xlsx:Table_S3_Sign_co-purified_pairs:row_12:sheet_header_gene_row;xlsx:mmc4.xlsx:Table_S3_Sign_co-purified_pairs:row_13:sheet_header_gene_row;xlsx:mmc4.xlsx:Table_S3_Sign_co-purified_pairs:row_15:sheet_header_gene_row;xlsx:mmc4.xlsx:Table_S3_Sign_co-purified_pairs:row_16:sheet_header_gene_row;xlsx:mmc4.xlsx:Table_S3_Sign_co-purified_pairs:row_18:sheet_header_gene_row;xlsx:mmc4.xlsx:Table_S3_Sign_co-purified_pairs:row_19:sheet_header_gene_row;xlsx:mmc4.xlsx:Table_S3_Sign_co-purified_pairs:row_20:sheet_header_gene_row;xlsx:mmc4.xlsx:Table_S3_Sign_co-purified_pairs:row_22:sheet_header_gene_row;xlsx:mmc4.xlsx:Table_S3_Sign_co-purified_pairs:row_26:sheet_header_gene_row;xlsx:mmc4.xlsx:Table_S3_Sign_co-purified_pairs:row_27:sheet_header_gene_row;xlsx:mmc4.xlsx:Table_S3_Sign_co-purified_pairs:row_29:sheet_header_gene_row;xlsx:mmc4.xlsx:Table_S3_Sign_co-purified_pairs:row_31:sheet_header_gene_row;xlsx:mmc4.xlsx:Table_S3_Sign_co-purified_pairs:row_32:sheet_header_gene_row;xlsx:mmc4.xlsx:Table_S3_Sign_co-purified_pairs:row_33:sheet_header_gene_row;xlsx:mmc4.xlsx:Table_S3_Sign_co-purified_pairs:row_34:sheet_header_gene_row;xlsx:mmc4.xlsx:Table_S3_Sign_co-purified_pairs:row_37:sheet_header_gene_row;xlsx:mmc4.xlsx:Table_S3_Sign_co-purified_pairs:row_38:sheet_header_gene_row;xlsx:mmc4.xlsx:Table_S3_Sign_co-purified_pairs:row_40:sheet_header_gene_row	retrieved_valid	complex_comember	affinity_purification_ms	support_only	weak	medium	high_throughput_screen;cell_line_specific;complex_member_not_direct_binding;HSP90B_shorthand_is_HSP90AB1_not_HSP90B1	paper_default	reviewed_source_support_flow_later	yes	no		Physical-association or co-complex evidence only unless the exception state says otherwise; no client status is inferred.	true	false	SRCREV-2026-07-15-V6_108-PMID32707033-HSP90AB1-042
DBROUTE-v6_108-32707033-HSP90AB1-GRK6	DBSRC-HSP90AB1-GRK6-3af7dc9e	32707033	PMC7427327	Kinase Interaction Network Expands Functional and Disease Roles of Human Kinases	HSP90AB1::GRK6	HSP90AB1	GRK6	true	kinase_bait_apms	exact_pair_found_in_inspected_supplement	xlsx:mmc5.xlsx:Table_S4_Hsp_binding:row_181:sheet_header_gene_row;xlsx:mmc5.xlsx:Table_S4_Hsp_binding:row_89:sheet_header_gene_row;xlsx:mmc7.xlsx:Table_S6_Phosphosites:row_53:same_row	retrieved_valid	complex_comember	affinity_purification_ms	support_only	weak	medium	high_throughput_screen;cell_line_specific;complex_member_not_direct_binding;HSP90B_shorthand_is_HSP90AB1_not_HSP90B1	paper_default	reviewed_source_support_flow_later	yes	no		Physical-association or co-complex evidence only unless the exception state says otherwise; no client status is inferred.	true	false	SRCREV-2026-07-15-V6_108-PMID32707033-HSP90AB1-042
DBROUTE-v6_108-32707033-HSP90AB1-GRK7	DBSRC-HSP90AB1-GRK7-3af7dc9e	32707033	PMC7427327	Kinase Interaction Network Expands Functional and Disease Roles of Human Kinases	HSP90AB1::GRK7	HSP90AB1	GRK7	true	kinase_bait_apms	exact_pair_found_in_inspected_supplement	xlsx:mmc5.xlsx:Table_S4_Hsp_binding:row_85:sheet_header_gene_row;xlsx:mmc7.xlsx:Table_S6_Phosphosites:row_55:same_row	retrieved_valid	complex_comember	affinity_purification_ms	support_only	weak	medium	high_throughput_screen;cell_line_specific;complex_member_not_direct_binding;HSP90B_shorthand_is_HSP90AB1_not_HSP90B1	paper_default	reviewed_source_support_flow_later	yes	no		Physical-association or co-complex evidence only unless the exception state says otherwise; no client status is inferred.	true	false	SRCREV-2026-07-15-V6_108-PMID32707033-HSP90AB1-042
DBROUTE-v6_108-32707033-HSP90AB1-HCK	DBSRC-HSP90AB1-HCK-3af7dc9e	32707033	PMC7427327	Kinase Interaction Network Expands Functional and Disease Roles of Human Kinases	HSP90AB1::HCK	HSP90AB1	HCK	true	kinase_bait_apms	exact_pair_found_in_inspected_supplement	xlsx:mmc4.xlsx:Table_S3_Sign_co-purified_pairs:row_10:same_row;xlsx:mmc4.xlsx:Table_S3_Sign_co-purified_pairs:row_4:same_row;xlsx:mmc4.xlsx:Table_S3_Sign_co-purified_pairs:row_9:sheet_header_gene_row;xlsx:mmc5.xlsx:Table_S4_Hsp_binding:row_57:sheet_header_gene_row;xlsx:mmc7.xlsx:Table_S6_Phosphosites:row_454:same_row	retrieved_valid	complex_comember	affinity_purification_ms	support_only	weak	medium	high_throughput_screen;cell_line_specific;complex_member_not_direct_binding;HSP90B_shorthand_is_HSP90AB1_not_HSP90B1	paper_default	reviewed_source_support_flow_later	yes	no		Physical-association or co-complex evidence only unless the exception state says otherwise; no client status is inferred.	true	false	SRCREV-2026-07-15-V6_108-PMID32707033-HSP90AB1-042
DBROUTE-v6_108-32707033-HSP90AB1-HIPK4	DBSRC-HSP90AB1-HIPK4-3af7dc9e	32707033	PMC7427327	Kinase Interaction Network Expands Functional and Disease Roles of Human Kinases	HSP90AB1::HIPK4	HSP90AB1	HIPK4	true	kinase_bait_apms	exact_pair_found_in_inspected_supplement	xlsx:mmc4.xlsx:Table_S3_Sign_co-purified_pairs:row_10:same_row;xlsx:mmc4.xlsx:Table_S3_Sign_co-purified_pairs:row_15:sheet_header_gene_row;xlsx:mmc4.xlsx:Table_S3_Sign_co-purified_pairs:row_23:sheet_header_gene_row;xlsx:mmc4.xlsx:Table_S3_Sign_co-purified_pairs:row_25:same_row;xlsx:mmc4.xlsx:Table_S3_Sign_co-purified_pairs:row_4:same_row;xlsx:mmc4.xlsx:Table_S3_Sign_co-purified_pairs:row_51:sheet_header_gene_row;xlsx:mmc4.xlsx:Table_S3_Sign_co-purified_pairs:row_9:sheet_header_gene_row;xlsx:mmc5.xlsx:Table_S4_Hsp_binding:row_68:sheet_header_gene_row	retrieved_valid	complex_comember	affinity_purification_ms	support_only	weak	medium	high_throughput_screen;cell_line_specific;complex_member_not_direct_binding;HSP90B_shorthand_is_HSP90AB1_not_HSP90B1	paper_default	reviewed_source_support_flow_later	yes	no		Physical-association or co-complex evidence only unless the exception state says otherwise; no client status is inferred.	true	false	SRCREV-2026-07-15-V6_108-PMID32707033-HSP90AB1-042
DBROUTE-v6_108-32707033-HSP90AB1-ILK	DBSRC-HSP90AB1-ILK-3af7dc9e	32707033	PMC7427327	Kinase Interaction Network Expands Functional and Disease Roles of Human Kinases	HSP90AB1::ILK	HSP90AB1	ILK	true	kinase_bait_apms	exact_pair_found_in_inspected_supplement	xlsx:mmc4.xlsx:Table_S3_Sign_co-purified_pairs:row_10:same_row;xlsx:mmc4.xlsx:Table_S3_Sign_co-purified_pairs:row_11:sheet_header_gene_row;xlsx:mmc4.xlsx:Table_S3_Sign_co-purified_pairs:row_12:sheet_header_gene_row;xlsx:mmc4.xlsx:Table_S3_Sign_co-purified_pairs:row_13:sheet_header_gene_row;xlsx:mmc4.xlsx:Table_S3_Sign_co-purified_pairs:row_15:sheet_header_gene_row;xlsx:mmc4.xlsx:Table_S3_Sign_co-purified_pairs:row_16:sheet_header_gene_row;xlsx:mmc4.xlsx:Table_S3_Sign_co-purified_pairs:row_18:sheet_header_gene_row;xlsx:mmc4.xlsx:Table_S3_Sign_co-purified_pairs:row_19:sheet_header_gene_row;xlsx:mmc4.xlsx:Table_S3_Sign_co-purified_pairs:row_20:sheet_header_gene_row;xlsx:mmc4.xlsx:Table_S3_Sign_co-purified_pairs:row_22:sheet_header_gene_row;xlsx:mmc4.xlsx:Table_S3_Sign_co-purified_pairs:row_23:sheet_header_gene_row;xlsx:mmc4.xlsx:Table_S3_Sign_co-purified_pairs:row_25:same_row;xlsx:mmc4.xlsx:Table_S3_Sign_co-purified_pairs:row_26:sheet_header_gene_row;xlsx:mmc4.xlsx:Table_S3_Sign_co-purified_pairs:row_27:sheet_header_gene_row;xlsx:mmc4.xlsx:Table_S3_Sign_co-purified_pairs:row_29:sheet_header_gene_row;xlsx:mmc4.xlsx:Table_S3_Sign_co-purified_pairs:row_31:sheet_header_gene_row;xlsx:mmc4.xlsx:Table_S3_Sign_co-purified_pairs:row_32:sheet_header_gene_row;xlsx:mmc4.xlsx:Table_S3_Sign_co-purified_pairs:row_33:sheet_header_gene_row;xlsx:mmc4.xlsx:Table_S3_Sign_co-purified_pairs:row_34:sheet_header_gene_row;xlsx:mmc4.xlsx:Table_S3_Sign_co-purified_pairs:row_37:sheet_header_gene_row	retrieved_valid	complex_comember	affinity_purification_ms	support_only	weak	medium	high_throughput_screen;cell_line_specific;complex_member_not_direct_binding;HSP90B_shorthand_is_HSP90AB1_not_HSP90B1	paper_default	reviewed_source_support_flow_later	yes	no		Physical-association or co-complex evidence only unless the exception state says otherwise; no client status is inferred.	true	false	SRCREV-2026-07-15-V6_108-PMID32707033-HSP90AB1-042
DBROUTE-v6_108-32707033-HSP90AB1-ITK	DBSRC-HSP90AB1-ITK-3af7dc9e	32707033	PMC7427327	Kinase Interaction Network Expands Functional and Disease Roles of Human Kinases	HSP90AB1::ITK	HSP90AB1	ITK	true	kinase_bait_apms	exact_pair_found_in_inspected_supplement	xlsx:mmc4.xlsx:Table_S3_Sign_co-purified_pairs:row_10:same_row;xlsx:mmc4.xlsx:Table_S3_Sign_co-purified_pairs:row_4:same_row;xlsx:mmc4.xlsx:Table_S3_Sign_co-purified_pairs:row_9:sheet_header_gene_row;xlsx:mmc5.xlsx:Table_S4_Hsp_binding:row_41:sheet_header_gene_row	retrieved_valid	complex_comember	affinity_purification_ms	support_only	weak	medium	high_throughput_screen;cell_line_specific;complex_member_not_direct_binding;HSP90B_shorthand_is_HSP90AB1_not_HSP90B1	paper_default	reviewed_source_support_flow_later	yes	no		Physical-association or co-complex evidence only unless the exception state says otherwise; no client status is inferred.	true	false	SRCREV-2026-07-15-V6_108-PMID32707033-HSP90AB1-042
DBROUTE-v6_108-32707033-HSP90AB1-LATS2	DBSRC-HSP90AB1-LATS2-3af7dc9e	32707033	PMC7427327	Kinase Interaction Network Expands Functional and Disease Roles of Human Kinases	HSP90AB1::LATS2	HSP90AB1	LATS2	true	kinase_bait_apms	exact_pair_found_in_inspected_supplement	xlsx:mmc4.xlsx:Table_S3_Sign_co-purified_pairs:row_10:same_row;xlsx:mmc4.xlsx:Table_S3_Sign_co-purified_pairs:row_23:sheet_header_gene_row;xlsx:mmc4.xlsx:Table_S3_Sign_co-purified_pairs:row_25:same_row;xlsx:mmc4.xlsx:Table_S3_Sign_co-purified_pairs:row_4:same_row;xlsx:mmc4.xlsx:Table_S3_Sign_co-purified_pairs:row_51:sheet_header_gene_row;xlsx:mmc4.xlsx:Table_S3_Sign_co-purified_pairs:row_76:sheet_header_gene_row;xlsx:mmc4.xlsx:Table_S3_Sign_co-purified_pairs:row_9:sheet_header_gene_row	retrieved_valid	complex_comember	affinity_purification_ms	support_only	weak	medium	high_throughput_screen;cell_line_specific;complex_member_not_direct_binding;HSP90B_shorthand_is_HSP90AB1_not_HSP90B1	paper_default	reviewed_source_support_flow_later	yes	no		Physical-association or co-complex evidence only unless the exception state says otherwise; no client status is inferred.	true	false	SRCREV-2026-07-15-V6_108-PMID32707033-HSP90AB1-042
DBROUTE-v6_108-32707033-HSP90AB1-LIMK2	DBSRC-HSP90AB1-LIMK2-3af7dc9e	32707033	PMC7427327	Kinase Interaction Network Expands Functional and Disease Roles of Human Kinases	HSP90AB1::LIMK2	HSP90AB1	LIMK2	true	kinase_bait_apms	exact_pair_found_in_inspected_supplement	xlsx:mmc4.xlsx:Table_S3_Sign_co-purified_pairs:row_10:same_row;xlsx:mmc4.xlsx:Table_S3_Sign_co-purified_pairs:row_23:sheet_header_gene_row;xlsx:mmc4.xlsx:Table_S3_Sign_co-purified_pairs:row_25:same_row;xlsx:mmc4.xlsx:Table_S3_Sign_co-purified_pairs:row_4:same_row;xlsx:mmc4.xlsx:Table_S3_Sign_co-purified_pairs:row_51:sheet_header_gene_row;xlsx:mmc4.xlsx:Table_S3_Sign_co-purified_pairs:row_76:sheet_header_gene_row;xlsx:mmc4.xlsx:Table_S3_Sign_co-purified_pairs:row_9:sheet_header_gene_row;xlsx:mmc5.xlsx:Table_S4_Hsp_binding:row_15:sheet_header_gene_row	retrieved_valid	complex_comember	affinity_purification_ms	support_only	weak	medium	high_throughput_screen;cell_line_specific;complex_member_not_direct_binding;HSP90B_shorthand_is_HSP90AB1_not_HSP90B1	paper_default	reviewed_source_support_flow_later	yes	no		Physical-association or co-complex evidence only unless the exception state says otherwise; no client status is inferred.	true	false	SRCREV-2026-07-15-V6_108-PMID32707033-HSP90AB1-042
DBROUTE-v6_108-32707033-HSP90AB1-MAP2K5	DBSRC-HSP90AB1-MAP2K5-3af7dc9e	32707033	PMC7427327	Kinase Interaction Network Expands Functional and Disease Roles of Human Kinases	HSP90AB1::MAP2K5	HSP90AB1	MAP2K5	true	kinase_bait_apms	exact_pair_found_in_inspected_supplement	xlsx:mmc4.xlsx:Table_S3_Sign_co-purified_pairs:row_10:same_row;xlsx:mmc4.xlsx:Table_S3_Sign_co-purified_pairs:row_47:sheet_header_gene_row;xlsx:mmc4.xlsx:Table_S3_Sign_co-purified_pairs:row_4:same_row;xlsx:mmc4.xlsx:Table_S3_Sign_co-purified_pairs:row_9:sheet_header_gene_row;xlsx:mmc5.xlsx:Table_S4_Hsp_binding:row_33:sheet_header_gene_row;xlsx:mmc7.xlsx:Table_S6_Phosphosites:row_272:same_row	retrieved_valid	complex_comember	affinity_purification_ms	support_only	weak	medium	high_throughput_screen;cell_line_specific;complex_member_not_direct_binding;HSP90B_shorthand_is_HSP90AB1_not_HSP90B1	paper_default	reviewed_source_support_flow_later	yes	no		Physical-association or co-complex evidence only unless the exception state says otherwise; no client status is inferred.	true	false	SRCREV-2026-07-15-V6_108-PMID32707033-HSP90AB1-042
DBROUTE-v6_108-32707033-HSP90AB1-MAP2K7	DBSRC-HSP90AB1-MAP2K7-3af7dc9e	32707033	PMC7427327	Kinase Interaction Network Expands Functional and Disease Roles of Human Kinases	HSP90AB1::MAP2K7	HSP90AB1	MAP2K7	true	kinase_bait_apms	exact_pair_found_in_inspected_supplement	xlsx:mmc4.xlsx:Table_S3_Sign_co-purified_pairs:row_23:sheet_header_gene_row;xlsx:mmc4.xlsx:Table_S3_Sign_co-purified_pairs:row_25:same_row;xlsx:mmc4.xlsx:Table_S3_Sign_co-purified_pairs:row_4:same_row;xlsx:mmc4.xlsx:Table_S3_Sign_co-purified_pairs:row_76:sheet_header_gene_row;xlsx:mmc4.xlsx:Table_S3_Sign_co-purified_pairs:row_79:same_row;xlsx:mmc5.xlsx:Table_S4_Hsp_binding:row_61:sheet_header_gene_row;xlsx:mmc7.xlsx:Table_S6_Phosphosites:row_275:same_row	retrieved_valid	complex_comember	affinity_purification_ms	support_only	weak	medium	high_throughput_screen;cell_line_specific;complex_member_not_direct_binding;HSP90B_shorthand_is_HSP90AB1_not_HSP90B1	paper_default	reviewed_source_support_flow_later	yes	no		Physical-association or co-complex evidence only unless the exception state says otherwise; no client status is inferred.	true	false	SRCREV-2026-07-15-V6_108-PMID32707033-HSP90AB1-042
DBROUTE-v6_108-32707033-HSP90AB1-MAP3K14	DBSRC-HSP90AB1-MAP3K14-3af7dc9e	32707033	PMC7427327	Kinase Interaction Network Expands Functional and Disease Roles of Human Kinases	HSP90AB1::MAP3K14	HSP90AB1	MAP3K14	true	kinase_bait_apms	exact_pair_found_in_inspected_supplement	xlsx:mmc5.xlsx:Table_S4_Hsp_binding:row_16:sheet_header_gene_row	retrieved_valid	complex_comember	affinity_purification_ms	support_only	weak	medium	high_throughput_screen;cell_line_specific;complex_member_not_direct_binding;HSP90B_shorthand_is_HSP90AB1_not_HSP90B1	paper_default	reviewed_source_support_flow_later	yes	no		Physical-association or co-complex evidence only unless the exception state says otherwise; no client status is inferred.	true	false	SRCREV-2026-07-15-V6_108-PMID32707033-HSP90AB1-042
DBROUTE-v6_108-32707033-HSP90AB1-MAP4K1	DBSRC-HSP90AB1-MAP4K1-3af7dc9e	32707033	PMC7427327	Kinase Interaction Network Expands Functional and Disease Roles of Human Kinases	HSP90AB1::MAP4K1	HSP90AB1	MAP4K1	true	kinase_bait_apms	exact_pair_found_in_inspected_supplement	xlsx:mmc5.xlsx:Table_S4_Hsp_binding:row_96:sheet_header_gene_row	retrieved_valid	complex_comember	affinity_purification_ms	support_only	weak	medium	high_throughput_screen;cell_line_specific;complex_member_not_direct_binding;HSP90B_shorthand_is_HSP90AB1_not_HSP90B1	paper_default	reviewed_source_support_flow_later	yes	no		Physical-association or co-complex evidence only unless the exception state says otherwise; no client status is inferred.	true	false	SRCREV-2026-07-15-V6_108-PMID32707033-HSP90AB1-042
DBROUTE-v6_108-32707033-HSP90AB1-MAPK15	DBSRC-HSP90AB1-MAPK15-3af7dc9e	32707033	PMC7427327	Kinase Interaction Network Expands Functional and Disease Roles of Human Kinases	HSP90AB1::MAPK15	HSP90AB1	MAPK15	true	kinase_bait_apms	exact_pair_found_in_inspected_supplement	xlsx:mmc5.xlsx:Table_S4_Hsp_binding:row_62:sheet_header_gene_row	retrieved_valid	complex_comember	affinity_purification_ms	support_only	weak	medium	high_throughput_screen;cell_line_specific;complex_member_not_direct_binding;HSP90B_shorthand_is_HSP90AB1_not_HSP90B1	paper_default	reviewed_source_support_flow_later	yes	no		Physical-association or co-complex evidence only unless the exception state says otherwise; no client status is inferred.	true	false	SRCREV-2026-07-15-V6_108-PMID32707033-HSP90AB1-042
DBROUTE-v6_108-32707033-HSP90AB1-MAPK4	DBSRC-HSP90AB1-MAPK4-3af7dc9e	32707033	PMC7427327	Kinase Interaction Network Expands Functional and Disease Roles of Human Kinases	HSP90AB1::MAPK4	HSP90AB1	MAPK4	true	kinase_bait_apms	exact_pair_found_in_inspected_supplement	xlsx:mmc5.xlsx:Table_S4_Hsp_binding:row_69:sheet_header_gene_row	retrieved_valid	complex_comember	affinity_purification_ms	support_only	weak	medium	high_throughput_screen;cell_line_specific;complex_member_not_direct_binding;HSP90B_shorthand_is_HSP90AB1_not_HSP90B1	paper_default	reviewed_source_support_flow_later	yes	no		Physical-association or co-complex evidence only unless the exception state says otherwise; no client status is inferred.	true	false	SRCREV-2026-07-15-V6_108-PMID32707033-HSP90AB1-042
DBROUTE-v6_108-32707033-HSP90AB1-MOS	DBSRC-HSP90AB1-MOS-3af7dc9e	32707033	PMC7427327	Kinase Interaction Network Expands Functional and Disease Roles of Human Kinases	HSP90AB1::MOS	HSP90AB1	MOS	true	kinase_bait_apms	exact_pair_found_in_inspected_supplement	xlsx:mmc4.xlsx:Table_S3_Sign_co-purified_pairs:row_10:same_row;xlsx:mmc4.xlsx:Table_S3_Sign_co-purified_pairs:row_23:sheet_header_gene_row;xlsx:mmc4.xlsx:Table_S3_Sign_co-purified_pairs:row_25:same_row;xlsx:mmc4.xlsx:Table_S3_Sign_co-purified_pairs:row_4:same_row;xlsx:mmc4.xlsx:Table_S3_Sign_co-purified_pairs:row_51:sheet_header_gene_row;xlsx:mmc4.xlsx:Table_S3_Sign_co-purified_pairs:row_9:sheet_header_gene_row;xlsx:mmc5.xlsx:Table_S4_Hsp_binding:row_30:sheet_header_gene_row	retrieved_valid	complex_comember	affinity_purification_ms	support_only	weak	medium	high_throughput_screen;cell_line_specific;complex_member_not_direct_binding;HSP90B_shorthand_is_HSP90AB1_not_HSP90B1	paper_default	reviewed_source_support_flow_later	yes	no		Physical-association or co-complex evidence only unless the exception state says otherwise; no client status is inferred.	true	false	SRCREV-2026-07-15-V6_108-PMID32707033-HSP90AB1-042
DBROUTE-v6_108-32707033-HSP90AB1-MYLK4	DBSRC-HSP90AB1-MYLK4-3af7dc9e	32707033	PMC7427327	Kinase Interaction Network Expands Functional and Disease Roles of Human Kinases	HSP90AB1::MYLK4	HSP90AB1	MYLK4	true	kinase_bait_apms	exact_pair_found_in_inspected_supplement	xlsx:mmc5.xlsx:Table_S4_Hsp_binding:row_27:sheet_header_gene_row	retrieved_valid	complex_comember	affinity_purification_ms	support_only	weak	medium	high_throughput_screen;cell_line_specific;complex_member_not_direct_binding;HSP90B_shorthand_is_HSP90AB1_not_HSP90B1	paper_default	reviewed_source_support_flow_later	yes	no		Physical-association or co-complex evidence only unless the exception state says otherwise; no client status is inferred.	true	false	SRCREV-2026-07-15-V6_108-PMID32707033-HSP90AB1-042
DBROUTE-v6_108-32707033-HSP90AB1-MYO3B	DBSRC-HSP90AB1-MYO3B-3af7dc9e	32707033	PMC7427327	Kinase Interaction Network Expands Functional and Disease Roles of Human Kinases	HSP90AB1::MYO3B	HSP90AB1	MYO3B	true	kinase_bait_apms	exact_pair_found_in_inspected_supplement	xlsx:mmc4.xlsx:Table_S3_Sign_co-purified_pairs:row_4:same_row;xlsx:mmc4.xlsx:Table_S3_Sign_co-purified_pairs:row_53:sheet_header_gene_row;xlsx:mmc4.xlsx:Table_S3_Sign_co-purified_pairs:row_72:sheet_header_gene_row;xlsx:mmc4.xlsx:Table_S3_Sign_co-purified_pairs:row_73:sheet_header_gene_row;xlsx:mmc5.xlsx:Table_S4_Hsp_binding:row_32:sheet_header_gene_row	retrieved_valid	complex_comember	affinity_purification_ms	support_only	weak	medium	high_throughput_screen;cell_line_specific;complex_member_not_direct_binding;HSP90B_shorthand_is_HSP90AB1_not_HSP90B1	paper_default	reviewed_source_support_flow_later	yes	no		Physical-association or co-complex evidence only unless the exception state says otherwise; no client status is inferred.	true	false	SRCREV-2026-07-15-V6_108-PMID32707033-HSP90AB1-042
DBROUTE-v6_108-32707033-HSP90AB1-NEK11	DBSRC-HSP90AB1-NEK11-3af7dc9e	32707033	PMC7427327	Kinase Interaction Network Expands Functional and Disease Roles of Human Kinases	HSP90AB1::NEK11	HSP90AB1	NEK11	true	kinase_bait_apms	exact_pair_found_in_inspected_supplement	xlsx:mmc4.xlsx:Table_S3_Sign_co-purified_pairs:row_10:same_row;xlsx:mmc4.xlsx:Table_S3_Sign_co-purified_pairs:row_4:same_row;xlsx:mmc4.xlsx:Table_S3_Sign_co-purified_pairs:row_9:sheet_header_gene_row;xlsx:mmc5.xlsx:Table_S4_Hsp_binding:row_52:sheet_header_gene_row;xlsx:mmc7.xlsx:Table_S6_Phosphosites:row_505:same_row;xlsx:mmc7.xlsx:Table_S6_Phosphosites:row_510:same_row	retrieved_valid	complex_comember	affinity_purification_ms	support_only	weak	medium	high_throughput_screen;cell_line_specific;complex_member_not_direct_binding;HSP90B_shorthand_is_HSP90AB1_not_HSP90B1	paper_default	reviewed_source_support_flow_later	yes	no		Physical-association or co-complex evidence only unless the exception state says otherwise; no client status is inferred.	true	false	SRCREV-2026-07-15-V6_108-PMID32707033-HSP90AB1-042
DBROUTE-v6_108-32707033-HSP90AB1-NEK8	DBSRC-HSP90AB1-NEK8-3af7dc9e	32707033	PMC7427327	Kinase Interaction Network Expands Functional and Disease Roles of Human Kinases	HSP90AB1::NEK8	HSP90AB1	NEK8	true	kinase_bait_apms	exact_pair_found_in_inspected_supplement	xlsx:mmc4.xlsx:Table_S3_Sign_co-purified_pairs:row_4:same_row;xlsx:mmc5.xlsx:Table_S4_Hsp_binding:row_77:sheet_header_gene_row	retrieved_valid	complex_comember	affinity_purification_ms	support_only	weak	medium	high_throughput_screen;cell_line_specific;complex_member_not_direct_binding;HSP90B_shorthand_is_HSP90AB1_not_HSP90B1	paper_default	reviewed_source_support_flow_later	yes	no		Physical-association or co-complex evidence only unless the exception state says otherwise; no client status is inferred.	true	false	SRCREV-2026-07-15-V6_108-PMID32707033-HSP90AB1-042
DBROUTE-v6_108-32707033-HSP90AB1-PDIK1L	DBSRC-HSP90AB1-PDIK1L-3af7dc9e	32707033	PMC7427327	Kinase Interaction Network Expands Functional and Disease Roles of Human Kinases	HSP90AB1::PDIK1L	HSP90AB1	PDIK1L	true	kinase_bait_apms	exact_pair_found_in_inspected_supplement	xlsx:mmc4.xlsx:Table_S3_Sign_co-purified_pairs:row_10:same_row;xlsx:mmc4.xlsx:Table_S3_Sign_co-purified_pairs:row_4:same_row;xlsx:mmc4.xlsx:Table_S3_Sign_co-purified_pairs:row_9:sheet_header_gene_row;xlsx:mmc5.xlsx:Table_S4_Hsp_binding:row_80:sheet_header_gene_row	retrieved_valid	complex_comember	affinity_purification_ms	support_only	weak	medium	high_throughput_screen;cell_line_specific;complex_member_not_direct_binding;HSP90B_shorthand_is_HSP90AB1_not_HSP90B1	paper_default	reviewed_source_support_flow_later	yes	no		Physical-association or co-complex evidence only unless the exception state says otherwise; no client status is inferred.	true	false	SRCREV-2026-07-15-V6_108-PMID32707033-HSP90AB1-042
DBROUTE-v6_108-32707033-HSP90AB1-PDK2	DBSRC-HSP90AB1-PDK2-3af7dc9e	32707033	PMC7427327	Kinase Interaction Network Expands Functional and Disease Roles of Human Kinases	HSP90AB1::PDK2	HSP90AB1	PDK2	true	kinase_bait_apms	exact_pair_not_found_by_automated_package_scan		retrieved_valid	complex_comember	affinity_purification_ms	context_only	weak	low	high_throughput_screen;cell_line_specific;complex_member_not_direct_binding;HSP90B_shorthand_is_HSP90AB1_not_HSP90B1	paper_default	retrieved_article_pair_result_not_locally_confirmed_recheck	no	yes		Physical-association or co-complex evidence only unless the exception state says otherwise; no client status is inferred.	true	false	SRCREV-2026-07-15-V6_108-PMID32707033-HSP90AB1-041
DBROUTE-v6_108-32707033-HSP90AB1-PRKX	DBSRC-HSP90AB1-PRKX-3af7dc9e	32707033	PMC7427327	Kinase Interaction Network Expands Functional and Disease Roles of Human Kinases	HSP90AB1::PRKX	HSP90AB1	PRKX	true	kinase_bait_apms	exact_pair_found_in_inspected_supplement	xlsx:mmc4.xlsx:Table_S3_Sign_co-purified_pairs:row_10:same_row;xlsx:mmc4.xlsx:Table_S3_Sign_co-purified_pairs:row_23:sheet_header_gene_row;xlsx:mmc4.xlsx:Table_S3_Sign_co-purified_pairs:row_25:same_row;xlsx:mmc4.xlsx:Table_S3_Sign_co-purified_pairs:row_4:same_row;xlsx:mmc4.xlsx:Table_S3_Sign_co-purified_pairs:row_51:sheet_header_gene_row;xlsx:mmc4.xlsx:Table_S3_Sign_co-purified_pairs:row_79:same_row;xlsx:mmc4.xlsx:Table_S3_Sign_co-purified_pairs:row_9:sheet_header_gene_row;xlsx:mmc5.xlsx:Table_S4_Hsp_binding:row_64:sheet_header_gene_row	retrieved_valid	complex_comember	affinity_purification_ms	support_only	weak	medium	high_throughput_screen;cell_line_specific;complex_member_not_direct_binding;HSP90B_shorthand_is_HSP90AB1_not_HSP90B1	paper_default	reviewed_source_support_flow_later	yes	no		Physical-association or co-complex evidence only unless the exception state says otherwise; no client status is inferred.	true	false	SRCREV-2026-07-15-V6_108-PMID32707033-HSP90AB1-042
DBROUTE-v6_108-32707033-HSP90AB1-PSKH1	DBSRC-HSP90AB1-PSKH1-3af7dc9e	32707033	PMC7427327	Kinase Interaction Network Expands Functional and Disease Roles of Human Kinases	HSP90AB1::PSKH1	HSP90AB1	PSKH1	true	kinase_bait_apms	exact_pair_found_in_inspected_supplement	xlsx:mmc4.xlsx:Table_S3_Sign_co-purified_pairs:row_10:same_row;xlsx:mmc4.xlsx:Table_S3_Sign_co-purified_pairs:row_23:sheet_header_gene_row;xlsx:mmc4.xlsx:Table_S3_Sign_co-purified_pairs:row_25:same_row;xlsx:mmc4.xlsx:Table_S3_Sign_co-purified_pairs:row_4:same_row;xlsx:mmc4.xlsx:Table_S3_Sign_co-purified_pairs:row_51:sheet_header_gene_row;xlsx:mmc4.xlsx:Table_S3_Sign_co-purified_pairs:row_53:sheet_header_gene_row;xlsx:mmc4.xlsx:Table_S3_Sign_co-purified_pairs:row_63:sheet_header_gene_row;xlsx:mmc4.xlsx:Table_S3_Sign_co-purified_pairs:row_70:sheet_header_gene_row;xlsx:mmc4.xlsx:Table_S3_Sign_co-purified_pairs:row_71:sheet_header_gene_row;xlsx:mmc4.xlsx:Table_S3_Sign_co-purified_pairs:row_73:sheet_header_gene_row;xlsx:mmc4.xlsx:Table_S3_Sign_co-purified_pairs:row_74:sheet_header_gene_row;xlsx:mmc4.xlsx:Table_S3_Sign_co-purified_pairs:row_77:sheet_header_gene_row;xlsx:mmc4.xlsx:Table_S3_Sign_co-purified_pairs:row_79:same_row;xlsx:mmc4.xlsx:Table_S3_Sign_co-purified_pairs:row_9:sheet_header_gene_row;xlsx:mmc5.xlsx:Table_S4_Hsp_binding:row_5:sheet_header_gene_row	retrieved_valid	complex_comember	affinity_purification_ms	support_only	weak	medium	high_throughput_screen;cell_line_specific;complex_member_not_direct_binding;HSP90B_shorthand_is_HSP90AB1_not_HSP90B1	paper_default	reviewed_source_support_flow_later	yes	no		Physical-association or co-complex evidence only unless the exception state says otherwise; no client status is inferred.	true	false	SRCREV-2026-07-15-V6_108-PMID32707033-HSP90AB1-042
DBROUTE-v6_108-32707033-HSP90AB1-PSKH2	DBSRC-HSP90AB1-PSKH2-3af7dc9e	32707033	PMC7427327	Kinase Interaction Network Expands Functional and Disease Roles of Human Kinases	HSP90AB1::PSKH2	HSP90AB1	PSKH2	true	kinase_bait_apms	exact_pair_found_in_inspected_supplement	xlsx:mmc4.xlsx:Table_S3_Sign_co-purified_pairs:row_10:same_row;xlsx:mmc4.xlsx:Table_S3_Sign_co-purified_pairs:row_23:sheet_header_gene_row;xlsx:mmc4.xlsx:Table_S3_Sign_co-purified_pairs:row_25:same_row;xlsx:mmc4.xlsx:Table_S3_Sign_co-purified_pairs:row_4:same_row;xlsx:mmc4.xlsx:Table_S3_Sign_co-purified_pairs:row_51:sheet_header_gene_row;xlsx:mmc4.xlsx:Table_S3_Sign_co-purified_pairs:row_62:sheet_header_gene_row;xlsx:mmc4.xlsx:Table_S3_Sign_co-purified_pairs:row_76:sheet_header_gene_row;xlsx:mmc4.xlsx:Table_S3_Sign_co-purified_pairs:row_79:same_row;xlsx:mmc4.xlsx:Table_S3_Sign_co-purified_pairs:row_9:sheet_header_gene_row;xlsx:mmc5.xlsx:Table_S4_Hsp_binding:row_10:sheet_header_gene_row	retrieved_valid	complex_comember	affinity_purification_ms	support_only	weak	medium	high_throughput_screen;cell_line_specific;complex_member_not_direct_binding;HSP90B_shorthand_is_HSP90AB1_not_HSP90B1	paper_default	reviewed_source_support_flow_later	yes	no		Physical-association or co-complex evidence only unless the exception state says otherwise; no client status is inferred.	true	false	SRCREV-2026-07-15-V6_108-PMID32707033-HSP90AB1-042
DBROUTE-v6_108-32707033-HSP90AB1-RAF1	DBSRC-HSP90AB1-RAF1-3af7dc9e	32707033	PMC7427327	Kinase Interaction Network Expands Functional and Disease Roles of Human Kinases	HSP90AB1::RAF1	HSP90AB1	RAF1	true	kinase_bait_apms	exact_pair_found_in_inspected_supplement	xlsx:mmc4.xlsx:Table_S3_Sign_co-purified_pairs:row_10:same_row;xlsx:mmc4.xlsx:Table_S3_Sign_co-purified_pairs:row_14:sheet_header_gene_row;xlsx:mmc4.xlsx:Table_S3_Sign_co-purified_pairs:row_17:sheet_header_gene_row;xlsx:mmc4.xlsx:Table_S3_Sign_co-purified_pairs:row_21:sheet_header_gene_row;xlsx:mmc4.xlsx:Table_S3_Sign_co-purified_pairs:row_24:sheet_header_gene_row;xlsx:mmc4.xlsx:Table_S3_Sign_co-purified_pairs:row_28:sheet_header_gene_row;xlsx:mmc4.xlsx:Table_S3_Sign_co-purified_pairs:row_30:sheet_header_gene_row;xlsx:mmc4.xlsx:Table_S3_Sign_co-purified_pairs:row_35:sheet_header_gene_row;xlsx:mmc4.xlsx:Table_S3_Sign_co-purified_pairs:row_36:sheet_header_gene_row;xlsx:mmc4.xlsx:Table_S3_Sign_co-purified_pairs:row_39:sheet_header_gene_row;xlsx:mmc4.xlsx:Table_S3_Sign_co-purified_pairs:row_42:sheet_header_gene_row;xlsx:mmc4.xlsx:Table_S3_Sign_co-purified_pairs:row_48:sheet_header_gene_row;xlsx:mmc4.xlsx:Table_S3_Sign_co-purified_pairs:row_49:sheet_header_gene_row;xlsx:mmc4.xlsx:Table_S3_Sign_co-purified_pairs:row_4:same_row;xlsx:mmc4.xlsx:Table_S3_Sign_co-purified_pairs:row_50:sheet_header_gene_row;xlsx:mmc4.xlsx:Table_S3_Sign_co-purified_pairs:row_52:sheet_header_gene_row;xlsx:mmc4.xlsx:Table_S3_Sign_co-purified_pairs:row_55:sheet_header_gene_row;xlsx:mmc4.xlsx:Table_S3_Sign_co-purified_pairs:row_79:same_row;xlsx:mmc4.xlsx:Table_S3_Sign_co-purified_pairs:row_9:sheet_header_gene_row;xlsx:mmc5.xlsx:Table_S4_Hsp_binding:row_13:sheet_header_gene_row	retrieved_valid	complex_comember	affinity_purification_ms	support_only	weak	medium	high_throughput_screen;cell_line_specific;complex_member_not_direct_binding;HSP90B_shorthand_is_HSP90AB1_not_HSP90B1	paper_default	reviewed_source_support_flow_later	yes	no		Physical-association or co-complex evidence only unless the exception state says otherwise; no client status is inferred.	true	false	SRCREV-2026-07-15-V6_108-PMID32707033-HSP90AB1-042
DBROUTE-v6_108-32707033-HSP90AB1-RPS6KA4	DBSRC-HSP90AB1-RPS6KA4-3af7dc9e	32707033	PMC7427327	Kinase Interaction Network Expands Functional and Disease Roles of Human Kinases	HSP90AB1::RPS6KA4	HSP90AB1	RPS6KA4	true	kinase_bait_apms	exact_pair_found_in_inspected_supplement	xlsx:mmc5.xlsx:Table_S4_Hsp_binding:row_148:sheet_header_gene_row	retrieved_valid	complex_comember	affinity_purification_ms	support_only	weak	medium	high_throughput_screen;cell_line_specific;complex_member_not_direct_binding;HSP90B_shorthand_is_HSP90AB1_not_HSP90B1	paper_default	reviewed_source_support_flow_later	yes	no		Physical-association or co-complex evidence only unless the exception state says otherwise; no client status is inferred.	true	false	SRCREV-2026-07-15-V6_108-PMID32707033-HSP90AB1-042
DBROUTE-v6_108-32707033-HSP90AB1-SGK2	DBSRC-HSP90AB1-SGK2-3af7dc9e	32707033	PMC7427327	Kinase Interaction Network Expands Functional and Disease Roles of Human Kinases	HSP90AB1::SGK2	HSP90AB1	SGK2	true	kinase_bait_apms	exact_pair_found_in_inspected_supplement	xlsx:mmc4.xlsx:Table_S3_Sign_co-purified_pairs:row_10:same_row;xlsx:mmc4.xlsx:Table_S3_Sign_co-purified_pairs:row_23:sheet_header_gene_row;xlsx:mmc4.xlsx:Table_S3_Sign_co-purified_pairs:row_25:same_row;xlsx:mmc4.xlsx:Table_S3_Sign_co-purified_pairs:row_4:same_row;xlsx:mmc4.xlsx:Table_S3_Sign_co-purified_pairs:row_51:sheet_header_gene_row;xlsx:mmc4.xlsx:Table_S3_Sign_co-purified_pairs:row_79:same_row;xlsx:mmc4.xlsx:Table_S3_Sign_co-purified_pairs:row_9:sheet_header_gene_row;xlsx:mmc5.xlsx:Table_S4_Hsp_binding:row_34:sheet_header_gene_row	retrieved_valid	complex_comember	affinity_purification_ms	support_only	weak	medium	high_throughput_screen;cell_line_specific;complex_member_not_direct_binding;HSP90B_shorthand_is_HSP90AB1_not_HSP90B1	paper_default	reviewed_source_support_flow_later	yes	no		Physical-association or co-complex evidence only unless the exception state says otherwise; no client status is inferred.	true	false	SRCREV-2026-07-15-V6_108-PMID32707033-HSP90AB1-042
DBROUTE-v6_108-32707033-HSP90AB1-SRC	DBSRC-HSP90AB1-SRC-3af7dc9e	32707033	PMC7427327	Kinase Interaction Network Expands Functional and Disease Roles of Human Kinases	HSP90AB1::SRC	HSP90AB1	SRC	true	kinase_bait_apms	exact_pair_found_in_inspected_supplement	xlsx:mmc4.xlsx:Table_S3_Sign_co-purified_pairs:row_10:same_row;xlsx:mmc4.xlsx:Table_S3_Sign_co-purified_pairs:row_4:same_row;xlsx:mmc4.xlsx:Table_S3_Sign_co-purified_pairs:row_79:same_row;xlsx:mmc4.xlsx:Table_S3_Sign_co-purified_pairs:row_9:sheet_header_gene_row;xlsx:mmc5.xlsx:Table_S4_Hsp_binding:row_203:sheet_header_gene_row;xlsx:mmc7.xlsx:Table_S6_Phosphosites:row_303:same_row;xlsx:mmc7.xlsx:Table_S6_Phosphosites:row_429:same_row;xlsx:mmc7.xlsx:Table_S6_Phosphosites:row_454:same_row;xlsx:mmc7.xlsx:Table_S6_Phosphosites:row_539:same_row;xlsx:mmc7.xlsx:Table_S6_Phosphosites:row_543:same_row	retrieved_valid	complex_comember	affinity_purification_ms	support_only	weak	medium	high_throughput_screen;cell_line_specific;complex_member_not_direct_binding;HSP90B_shorthand_is_HSP90AB1_not_HSP90B1	paper_default	reviewed_source_support_flow_later	yes	no		Physical-association or co-complex evidence only unless the exception state says otherwise; no client status is inferred.	true	false	SRCREV-2026-07-15-V6_108-PMID32707033-HSP90AB1-042
DBROUTE-v6_108-32707033-HSP90AB1-SRMS	DBSRC-HSP90AB1-SRMS-3af7dc9e	32707033	PMC7427327	Kinase Interaction Network Expands Functional and Disease Roles of Human Kinases	HSP90AB1::SRMS	HSP90AB1	SRMS	true	kinase_bait_apms	exact_pair_found_in_inspected_supplement	xlsx:mmc4.xlsx:Table_S3_Sign_co-purified_pairs:row_10:same_row;xlsx:mmc4.xlsx:Table_S3_Sign_co-purified_pairs:row_23:sheet_header_gene_row;xlsx:mmc4.xlsx:Table_S3_Sign_co-purified_pairs:row_25:same_row;xlsx:mmc4.xlsx:Table_S3_Sign_co-purified_pairs:row_4:same_row;xlsx:mmc4.xlsx:Table_S3_Sign_co-purified_pairs:row_51:sheet_header_gene_row;xlsx:mmc4.xlsx:Table_S3_Sign_co-purified_pairs:row_9:sheet_header_gene_row;xlsx:mmc7.xlsx:Table_S6_Phosphosites:row_543:same_row	retrieved_valid	complex_comember	affinity_purification_ms	support_only	weak	medium	high_throughput_screen;cell_line_specific;complex_member_not_direct_binding;HSP90B_shorthand_is_HSP90AB1_not_HSP90B1	paper_default	reviewed_source_support_flow_later	yes	no		Physical-association or co-complex evidence only unless the exception state says otherwise; no client status is inferred.	true	false	SRCREV-2026-07-15-V6_108-PMID32707033-HSP90AB1-042
DBROUTE-v6_108-32707033-HSP90AB1-STK11	DBSRC-HSP90AB1-STK11-3af7dc9e	32707033	PMC7427327	Kinase Interaction Network Expands Functional and Disease Roles of Human Kinases	HSP90AB1::STK11	HSP90AB1	STK11	true	kinase_bait_apms	exact_pair_found_in_inspected_supplement	xlsx:mmc5.xlsx:Table_S4_Hsp_binding:row_47:sheet_header_gene_row	retrieved_valid	complex_comember	affinity_purification_ms	support_only	weak	medium	high_throughput_screen;cell_line_specific;complex_member_not_direct_binding;HSP90B_shorthand_is_HSP90AB1_not_HSP90B1	paper_default	reviewed_source_support_flow_later	yes	no		Physical-association or co-complex evidence only unless the exception state says otherwise; no client status is inferred.	true	false	SRCREV-2026-07-15-V6_108-PMID32707033-HSP90AB1-042
DBROUTE-v6_108-32707033-HSP90AB1-STK32C	DBSRC-HSP90AB1-STK32C-3af7dc9e	32707033	PMC7427327	Kinase Interaction Network Expands Functional and Disease Roles of Human Kinases	HSP90AB1::STK32C	HSP90AB1	STK32C	true	kinase_bait_apms	exact_pair_found_in_inspected_supplement	xlsx:mmc5.xlsx:Table_S4_Hsp_binding:row_114:sheet_header_gene_row	retrieved_valid	complex_comember	affinity_purification_ms	support_only	weak	medium	high_throughput_screen;cell_line_specific;complex_member_not_direct_binding;HSP90B_shorthand_is_HSP90AB1_not_HSP90B1	paper_default	reviewed_source_support_flow_later	yes	no		Physical-association or co-complex evidence only unless the exception state says otherwise; no client status is inferred.	true	false	SRCREV-2026-07-15-V6_108-PMID32707033-HSP90AB1-042
DBROUTE-v6_108-32707033-HSP90AB1-STK33	DBSRC-HSP90AB1-STK33-3af7dc9e	32707033	PMC7427327	Kinase Interaction Network Expands Functional and Disease Roles of Human Kinases	HSP90AB1::STK33	HSP90AB1	STK33	true	kinase_bait_apms	exact_pair_found_in_inspected_supplement	xlsx:mmc4.xlsx:Table_S3_Sign_co-purified_pairs:row_10:same_row;xlsx:mmc4.xlsx:Table_S3_Sign_co-purified_pairs:row_23:sheet_header_gene_row;xlsx:mmc4.xlsx:Table_S3_Sign_co-purified_pairs:row_25:same_row;xlsx:mmc4.xlsx:Table_S3_Sign_co-purified_pairs:row_4:same_row;xlsx:mmc4.xlsx:Table_S3_Sign_co-purified_pairs:row_51:sheet_header_gene_row;xlsx:mmc4.xlsx:Table_S3_Sign_co-purified_pairs:row_9:sheet_header_gene_row;xlsx:mmc5.xlsx:Table_S4_Hsp_binding:row_138:sheet_header_gene_row	retrieved_valid	complex_comember	affinity_purification_ms	support_only	weak	medium	high_throughput_screen;cell_line_specific;complex_member_not_direct_binding;HSP90B_shorthand_is_HSP90AB1_not_HSP90B1	paper_default	reviewed_source_support_flow_later	yes	no		Physical-association or co-complex evidence only unless the exception state says otherwise; no client status is inferred.	true	false	SRCREV-2026-07-15-V6_108-PMID32707033-HSP90AB1-042
DBROUTE-v6_108-32707033-HSP90AB1-STK35	DBSRC-HSP90AB1-STK35-3af7dc9e	32707033	PMC7427327	Kinase Interaction Network Expands Functional and Disease Roles of Human Kinases	HSP90AB1::STK35	HSP90AB1	STK35	true	kinase_bait_apms	exact_pair_found_in_inspected_supplement	xlsx:mmc4.xlsx:Table_S3_Sign_co-purified_pairs:row_10:same_row;xlsx:mmc4.xlsx:Table_S3_Sign_co-purified_pairs:row_4:same_row;xlsx:mmc4.xlsx:Table_S3_Sign_co-purified_pairs:row_9:sheet_header_gene_row	retrieved_valid	complex_comember	affinity_purification_ms	support_only	weak	medium	high_throughput_screen;cell_line_specific;complex_member_not_direct_binding;HSP90B_shorthand_is_HSP90AB1_not_HSP90B1	paper_default	reviewed_source_support_flow_later	yes	no		Physical-association or co-complex evidence only unless the exception state says otherwise; no client status is inferred.	true	false	SRCREV-2026-07-15-V6_108-PMID32707033-HSP90AB1-042
DBROUTE-v6_108-32707033-HSP90AB1-STYK1	DBSRC-HSP90AB1-STYK1-3af7dc9e	32707033	PMC7427327	Kinase Interaction Network Expands Functional and Disease Roles of Human Kinases	HSP90AB1::STYK1	HSP90AB1	STYK1	true	kinase_bait_apms	exact_pair_found_in_inspected_supplement	xlsx:mmc4.xlsx:Table_S3_Sign_co-purified_pairs:row_10:same_row;xlsx:mmc4.xlsx:Table_S3_Sign_co-purified_pairs:row_4:same_row;xlsx:mmc4.xlsx:Table_S3_Sign_co-purified_pairs:row_9:sheet_header_gene_row;xlsx:mmc5.xlsx:Table_S4_Hsp_binding:row_56:sheet_header_gene_row	retrieved_valid	complex_comember	affinity_purification_ms	support_only	weak	medium	high_throughput_screen;cell_line_specific;complex_member_not_direct_binding;HSP90B_shorthand_is_HSP90AB1_not_HSP90B1	paper_default	reviewed_source_support_flow_later	yes	no		Physical-association or co-complex evidence only unless the exception state says otherwise; no client status is inferred.	true	false	SRCREV-2026-07-15-V6_108-PMID32707033-HSP90AB1-042
DBROUTE-v6_108-32707033-HSP90AB1-TESK2	DBSRC-HSP90AB1-TESK2-3af7dc9e	32707033	PMC7427327	Kinase Interaction Network Expands Functional and Disease Roles of Human Kinases	HSP90AB1::TESK2	HSP90AB1	TESK2	true	kinase_bait_apms	exact_pair_found_in_inspected_supplement	xlsx:mmc4.xlsx:Table_S3_Sign_co-purified_pairs:row_10:same_row;xlsx:mmc4.xlsx:Table_S3_Sign_co-purified_pairs:row_14:sheet_header_gene_row;xlsx:mmc4.xlsx:Table_S3_Sign_co-purified_pairs:row_17:sheet_header_gene_row;xlsx:mmc4.xlsx:Table_S3_Sign_co-purified_pairs:row_21:sheet_header_gene_row;xlsx:mmc4.xlsx:Table_S3_Sign_co-purified_pairs:row_23:sheet_header_gene_row;xlsx:mmc4.xlsx:Table_S3_Sign_co-purified_pairs:row_24:sheet_header_gene_row;xlsx:mmc4.xlsx:Table_S3_Sign_co-purified_pairs:row_25:same_row;xlsx:mmc4.xlsx:Table_S3_Sign_co-purified_pairs:row_28:sheet_header_gene_row;xlsx:mmc4.xlsx:Table_S3_Sign_co-purified_pairs:row_30:sheet_header_gene_row;xlsx:mmc4.xlsx:Table_S3_Sign_co-purified_pairs:row_35:sheet_header_gene_row;xlsx:mmc4.xlsx:Table_S3_Sign_co-purified_pairs:row_36:sheet_header_gene_row;xlsx:mmc4.xlsx:Table_S3_Sign_co-purified_pairs:row_39:sheet_header_gene_row;xlsx:mmc4.xlsx:Table_S3_Sign_co-purified_pairs:row_42:sheet_header_gene_row;xlsx:mmc4.xlsx:Table_S3_Sign_co-purified_pairs:row_48:sheet_header_gene_row;xlsx:mmc4.xlsx:Table_S3_Sign_co-purified_pairs:row_49:sheet_header_gene_row;xlsx:mmc4.xlsx:Table_S3_Sign_co-purified_pairs:row_4:same_row;xlsx:mmc4.xlsx:Table_S3_Sign_co-purified_pairs:row_50:sheet_header_gene_row;xlsx:mmc4.xlsx:Table_S3_Sign_co-purified_pairs:row_51:sheet_header_gene_row;xlsx:mmc4.xlsx:Table_S3_Sign_co-purified_pairs:row_52:sheet_header_gene_row;xlsx:mmc4.xlsx:Table_S3_Sign_co-purified_pairs:row_55:sheet_header_gene_row	retrieved_valid	complex_comember	affinity_purification_ms	support_only	weak	medium	high_throughput_screen;cell_line_specific;complex_member_not_direct_binding;HSP90B_shorthand_is_HSP90AB1_not_HSP90B1	paper_default	reviewed_source_support_flow_later	yes	no		Physical-association or co-complex evidence only unless the exception state says otherwise; no client status is inferred.	true	false	SRCREV-2026-07-15-V6_108-PMID32707033-HSP90AB1-042
DBROUTE-v6_108-32707033-HSP90AB1-TNNI3K	DBSRC-HSP90AB1-TNNI3K-3af7dc9e	32707033	PMC7427327	Kinase Interaction Network Expands Functional and Disease Roles of Human Kinases	HSP90AB1::TNNI3K	HSP90AB1	TNNI3K	true	kinase_bait_apms	exact_pair_found_in_inspected_supplement	xlsx:mmc4.xlsx:Table_S3_Sign_co-purified_pairs:row_10:same_row;xlsx:mmc4.xlsx:Table_S3_Sign_co-purified_pairs:row_4:same_row;xlsx:mmc4.xlsx:Table_S3_Sign_co-purified_pairs:row_9:sheet_header_gene_row;xlsx:mmc5.xlsx:Table_S4_Hsp_binding:row_37:sheet_header_gene_row	retrieved_valid	complex_comember	affinity_purification_ms	support_only	weak	medium	high_throughput_screen;cell_line_specific;complex_member_not_direct_binding;HSP90B_shorthand_is_HSP90AB1_not_HSP90B1	paper_default	reviewed_source_support_flow_later	yes	no		Physical-association or co-complex evidence only unless the exception state says otherwise; no client status is inferred.	true	false	SRCREV-2026-07-15-V6_108-PMID32707033-HSP90AB1-042
DBROUTE-v6_108-32707033-HSP90AB1-TSSK1B	DBSRC-HSP90AB1-TSSK1B-3af7dc9e	32707033	PMC7427327	Kinase Interaction Network Expands Functional and Disease Roles of Human Kinases	HSP90AB1::TSSK1B	HSP90AB1	TSSK1B	true	kinase_bait_apms	exact_pair_found_in_inspected_supplement	xlsx:mmc5.xlsx:Table_S4_Hsp_binding:row_75:sheet_header_gene_row	retrieved_valid	complex_comember	affinity_purification_ms	support_only	weak	medium	high_throughput_screen;cell_line_specific;complex_member_not_direct_binding;HSP90B_shorthand_is_HSP90AB1_not_HSP90B1	paper_default	reviewed_source_support_flow_later	yes	no		Physical-association or co-complex evidence only unless the exception state says otherwise; no client status is inferred.	true	false	SRCREV-2026-07-15-V6_108-PMID32707033-HSP90AB1-042
DBROUTE-v6_108-32707033-HSP90AB1-TSSK2	DBSRC-HSP90AB1-TSSK2-3af7dc9e	32707033	PMC7427327	Kinase Interaction Network Expands Functional and Disease Roles of Human Kinases	HSP90AB1::TSSK2	HSP90AB1	TSSK2	true	kinase_bait_apms	exact_pair_found_in_inspected_supplement	xlsx:mmc4.xlsx:Table_S3_Sign_co-purified_pairs:row_23:sheet_header_gene_row;xlsx:mmc4.xlsx:Table_S3_Sign_co-purified_pairs:row_25:same_row;xlsx:mmc4.xlsx:Table_S3_Sign_co-purified_pairs:row_4:same_row;xlsx:mmc5.xlsx:Table_S4_Hsp_binding:row_38:sheet_header_gene_row	retrieved_valid	complex_comember	affinity_purification_ms	support_only	weak	medium	high_throughput_screen;cell_line_specific;complex_member_not_direct_binding;HSP90B_shorthand_is_HSP90AB1_not_HSP90B1	paper_default	reviewed_source_support_flow_later	yes	no		Physical-association or co-complex evidence only unless the exception state says otherwise; no client status is inferred.	true	false	SRCREV-2026-07-15-V6_108-PMID32707033-HSP90AB1-042
DBROUTE-v6_108-32707033-HSP90AB1-TSSK6	DBSRC-HSP90AB1-TSSK6-3af7dc9e	32707033	PMC7427327	Kinase Interaction Network Expands Functional and Disease Roles of Human Kinases	HSP90AB1::TSSK6	HSP90AB1	TSSK6	true	kinase_bait_apms	exact_pair_found_in_inspected_supplement	xlsx:mmc5.xlsx:Table_S4_Hsp_binding:row_31:sheet_header_gene_row	retrieved_valid	complex_comember	affinity_purification_ms	support_only	weak	medium	high_throughput_screen;cell_line_specific;complex_member_not_direct_binding;HSP90B_shorthand_is_HSP90AB1_not_HSP90B1	paper_default	reviewed_source_support_flow_later	yes	no		Physical-association or co-complex evidence only unless the exception state says otherwise; no client status is inferred.	true	false	SRCREV-2026-07-15-V6_108-PMID32707033-HSP90AB1-042
DBROUTE-v6_108-32707033-HSP90B1-MAP2K2	DBSRC-HSP90B1-MAP2K2-3af7dc9e	32707033	PMC7427327	Kinase Interaction Network Expands Functional and Disease Roles of Human Kinases	HSP90B1::MAP2K2	HSP90B1	MAP2K2	true	kinase_bait_apms	exact_pair_found_in_inspected_supplement	xlsx:mmc7.xlsx:Table_S6_Phosphosites:row_465:same_row	retrieved_valid	complex_comember	affinity_purification_ms	support_only	weak	medium	high_throughput_screen;cell_line_specific;complex_member_not_direct_binding;HSP90B_shorthand_is_HSP90AB1_not_HSP90B1	paper_default	reviewed_source_support_flow_later	yes	no		Physical-association or co-complex evidence only unless the exception state says otherwise; no client status is inferred.	true	false	SRCREV-2026-07-15-V6_108-PMID32707033-HSP90B1-043
DBROUTE-v6_108-33961781-HSP90AA1-AGO1	DBSRC-HSP90AA1-AGO1-fe234f51	33961781	PMC8165030	Dual Proteome-scale Networks Reveal Cell-specific Remodeling of the Human Interactome	HSP90AA1::AGO1	HSP90AA1	AGO1	true	proteome_scale_apms	exact_pair_not_found_by_automated_package_scan		retrieval_blocked_or_unavailable	assay_association_only	affinity_purification_ms	context_only	weak	low	high_throughput_screen;cell_line_specific;complex_member_not_direct_binding	paper_default	retrieved_article_pair_result_not_locally_confirmed_recheck	no	yes		Physical-association or co-complex evidence only unless the exception state says otherwise; no client status is inferred.	true	false	SRCREV-2026-07-15-V6_108-PMID33961781-HSP90AA1-044
DBROUTE-v6_108-33961781-HSP90AA1-AGO3	DBSRC-HSP90AA1-AGO3-fe234f51	33961781	PMC8165030	Dual Proteome-scale Networks Reveal Cell-specific Remodeling of the Human Interactome	HSP90AA1::AGO3	HSP90AA1	AGO3	true	proteome_scale_apms	exact_pair_not_found_by_automated_package_scan		retrieval_blocked_or_unavailable	assay_association_only	affinity_purification_ms	context_only	weak	low	high_throughput_screen;cell_line_specific;complex_member_not_direct_binding	paper_default	retrieved_article_pair_result_not_locally_confirmed_recheck	no	yes		Physical-association or co-complex evidence only unless the exception state says otherwise; no client status is inferred.	true	false	SRCREV-2026-07-15-V6_108-PMID33961781-HSP90AA1-044
DBROUTE-v6_108-33961781-HSP90AA1-AKT3	DBSRC-HSP90AA1-AKT3-fe234f51	33961781	PMC8165030	Dual Proteome-scale Networks Reveal Cell-specific Remodeling of the Human Interactome	HSP90AA1::AKT3	HSP90AA1	AKT3	true	proteome_scale_apms	exact_pair_not_found_by_automated_package_scan		retrieval_blocked_or_unavailable	assay_association_only	affinity_purification_ms	context_only	weak	low	high_throughput_screen;cell_line_specific;complex_member_not_direct_binding	paper_default	retrieved_article_pair_result_not_locally_confirmed_recheck	no	yes		Physical-association or co-complex evidence only unless the exception state says otherwise; no client status is inferred.	true	false	SRCREV-2026-07-15-V6_108-PMID33961781-HSP90AA1-044
DBROUTE-v6_108-33961781-HSP90AA1-AMHR2	DBSRC-HSP90AA1-AMHR2-fe234f51	33961781	PMC8165030	Dual Proteome-scale Networks Reveal Cell-specific Remodeling of the Human Interactome	HSP90AA1::AMHR2	HSP90AA1	AMHR2	true	proteome_scale_apms	exact_pair_not_found_by_automated_package_scan		retrieval_blocked_or_unavailable	assay_association_only	affinity_purification_ms	context_only	weak	low	high_throughput_screen;cell_line_specific;complex_member_not_direct_binding	paper_default	retrieved_article_pair_result_not_locally_confirmed_recheck	no	yes		Physical-association or co-complex evidence only unless the exception state says otherwise; no client status is inferred.	true	false	SRCREV-2026-07-15-V6_108-PMID33961781-HSP90AA1-044
DBROUTE-v6_108-33961781-HSP90AA1-ANKK1	DBSRC-HSP90AA1-ANKK1-fe234f51	33961781	PMC8165030	Dual Proteome-scale Networks Reveal Cell-specific Remodeling of the Human Interactome	HSP90AA1::ANKK1	HSP90AA1	ANKK1	true	proteome_scale_apms	exact_pair_not_found_by_automated_package_scan		retrieval_blocked_or_unavailable	assay_association_only	affinity_purification_ms	context_only	weak	low	high_throughput_screen;cell_line_specific;complex_member_not_direct_binding	paper_default	retrieved_article_pair_result_not_locally_confirmed_recheck	no	yes		Physical-association or co-complex evidence only unless the exception state says otherwise; no client status is inferred.	true	false	SRCREV-2026-07-15-V6_108-PMID33961781-HSP90AA1-044
DBROUTE-v6_108-33961781-HSP90AA1-ANKMY2	DBSRC-HSP90AA1-ANKMY2-fe234f51	33961781	PMC8165030	Dual Proteome-scale Networks Reveal Cell-specific Remodeling of the Human Interactome	HSP90AA1::ANKMY2	HSP90AA1	ANKMY2	true	proteome_scale_apms	exact_pair_not_found_by_automated_package_scan		retrieval_blocked_or_unavailable	assay_association_only	affinity_purification_ms	context_only	weak	low	high_throughput_screen;cell_line_specific;complex_member_not_direct_binding	paper_default	retrieved_article_pair_result_not_locally_confirmed_recheck	no	yes		Physical-association or co-complex evidence only unless the exception state says otherwise; no client status is inferred.	true	false	SRCREV-2026-07-15-V6_108-PMID33961781-HSP90AA1-044
DBROUTE-v6_108-33961781-HSP90AA1-AURKC	DBSRC-HSP90AA1-AURKC-fe234f51	33961781	PMC8165030	Dual Proteome-scale Networks Reveal Cell-specific Remodeling of the Human Interactome	HSP90AA1::AURKC	HSP90AA1	AURKC	true	proteome_scale_apms	exact_pair_not_found_by_automated_package_scan		retrieval_blocked_or_unavailable	assay_association_only	affinity_purification_ms	context_only	weak	low	high_throughput_screen;cell_line_specific;complex_member_not_direct_binding	paper_default	retrieved_article_pair_result_not_locally_confirmed_recheck	no	yes		Physical-association or co-complex evidence only unless the exception state says otherwise; no client status is inferred.	true	false	SRCREV-2026-07-15-V6_108-PMID33961781-HSP90AA1-044
DBROUTE-v6_108-33961781-HSP90AA1-BTK	DBSRC-HSP90AA1-BTK-fe234f51	33961781	PMC8165030	Dual Proteome-scale Networks Reveal Cell-specific Remodeling of the Human Interactome	HSP90AA1::BTK	HSP90AA1	BTK	true	proteome_scale_apms	exact_pair_not_found_by_automated_package_scan		retrieval_blocked_or_unavailable	assay_association_only	affinity_purification_ms	context_only	weak	low	high_throughput_screen;cell_line_specific;complex_member_not_direct_binding	paper_default	retrieved_article_pair_result_not_locally_confirmed_recheck	no	yes		Physical-association or co-complex evidence only unless the exception state says otherwise; no client status is inferred.	true	false	SRCREV-2026-07-15-V6_108-PMID33961781-HSP90AA1-044
DBROUTE-v6_108-33961781-HSP90AA1-CACTIN	DBSRC-HSP90AA1-CACTIN-fe234f51	33961781	PMC8165030	Dual Proteome-scale Networks Reveal Cell-specific Remodeling of the Human Interactome	HSP90AA1::CACTIN	HSP90AA1	CACTIN	true	proteome_scale_apms	exact_pair_not_found_by_automated_package_scan		retrieval_blocked_or_unavailable	assay_association_only	affinity_purification_ms	context_only	weak	low	high_throughput_screen;cell_line_specific;complex_member_not_direct_binding	paper_default	retrieved_article_pair_result_not_locally_confirmed_recheck	no	yes		Physical-association or co-complex evidence only unless the exception state says otherwise; no client status is inferred.	true	false	SRCREV-2026-07-15-V6_108-PMID33961781-HSP90AA1-044
DBROUTE-v6_108-33961781-HSP90AA1-CCDC117	DBSRC-HSP90AA1-CCDC117-fe234f51	33961781	PMC8165030	Dual Proteome-scale Networks Reveal Cell-specific Remodeling of the Human Interactome	HSP90AA1::CCDC117	HSP90AA1	CCDC117	true	proteome_scale_apms	exact_pair_not_found_by_automated_package_scan		retrieval_blocked_or_unavailable	assay_association_only	affinity_purification_ms	context_only	weak	low	high_throughput_screen;cell_line_specific;complex_member_not_direct_binding	paper_default	retrieved_article_pair_result_not_locally_confirmed_recheck	no	yes		Physical-association or co-complex evidence only unless the exception state says otherwise; no client status is inferred.	true	false	SRCREV-2026-07-15-V6_108-PMID33961781-HSP90AA1-044
DBROUTE-v6_108-33961781-HSP90AA1-CCIN	DBSRC-HSP90AA1-CCIN-fe234f51	33961781	PMC8165030	Dual Proteome-scale Networks Reveal Cell-specific Remodeling of the Human Interactome	HSP90AA1::CCIN	HSP90AA1	CCIN	true	proteome_scale_apms	exact_pair_not_found_by_automated_package_scan		retrieval_blocked_or_unavailable	assay_association_only	affinity_purification_ms	context_only	weak	low	high_throughput_screen;cell_line_specific;complex_member_not_direct_binding	paper_default	retrieved_article_pair_result_not_locally_confirmed_recheck	no	yes		Physical-association or co-complex evidence only unless the exception state says otherwise; no client status is inferred.	true	false	SRCREV-2026-07-15-V6_108-PMID33961781-HSP90AA1-044
DBROUTE-v6_108-33961781-HSP90AA1-CDC37	DBSRC-HSP90AA1-CDC37-fe234f51	33961781	PMC8165030	Dual Proteome-scale Networks Reveal Cell-specific Remodeling of the Human Interactome	HSP90AA1::CDC37	HSP90AA1	CDC37	true	proteome_scale_apms	exact_pair_not_found_by_automated_package_scan		retrieval_blocked_or_unavailable	assay_association_only	affinity_purification_ms	context_only	weak	low	high_throughput_screen;cell_line_specific;complex_member_not_direct_binding	paper_default	retrieved_article_pair_result_not_locally_confirmed_recheck	no	yes		Physical-association or co-complex evidence only unless the exception state says otherwise; no client status is inferred.	true	false	SRCREV-2026-07-15-V6_108-PMID33961781-HSP90AA1-044
DBROUTE-v6_108-33961781-HSP90AA1-CDC37L1	DBSRC-HSP90AA1-CDC37L1-fe234f51	33961781	PMC8165030	Dual Proteome-scale Networks Reveal Cell-specific Remodeling of the Human Interactome	HSP90AA1::CDC37L1	HSP90AA1	CDC37L1	true	proteome_scale_apms	exact_pair_not_found_by_automated_package_scan		retrieval_blocked_or_unavailable	assay_association_only	affinity_purification_ms	context_only	weak	low	high_throughput_screen;cell_line_specific;complex_member_not_direct_binding	paper_default	retrieved_article_pair_result_not_locally_confirmed_recheck	no	yes		Physical-association or co-complex evidence only unless the exception state says otherwise; no client status is inferred.	true	false	SRCREV-2026-07-15-V6_108-PMID33961781-HSP90AA1-044
DBROUTE-v6_108-33961781-HSP90AA1-CDK11A	DBSRC-HSP90AA1-CDK11A-fe234f51	33961781	PMC8165030	Dual Proteome-scale Networks Reveal Cell-specific Remodeling of the Human Interactome	HSP90AA1::CDK11A	HSP90AA1	CDK11A	true	proteome_scale_apms	exact_pair_not_found_by_automated_package_scan		retrieval_blocked_or_unavailable	assay_association_only	affinity_purification_ms	context_only	weak	low	high_throughput_screen;cell_line_specific;complex_member_not_direct_binding	paper_default	retrieved_article_pair_result_not_locally_confirmed_recheck	no	yes		Physical-association or co-complex evidence only unless the exception state says otherwise; no client status is inferred.	true	false	SRCREV-2026-07-15-V6_108-PMID33961781-HSP90AA1-044
DBROUTE-v6_108-33961781-HSP90AA1-CDK13	DBSRC-HSP90AA1-CDK13-fe234f51	33961781	PMC8165030	Dual Proteome-scale Networks Reveal Cell-specific Remodeling of the Human Interactome	HSP90AA1::CDK13	HSP90AA1	CDK13	true	proteome_scale_apms	exact_pair_not_found_by_automated_package_scan		retrieval_blocked_or_unavailable	assay_association_only	affinity_purification_ms	context_only	weak	low	high_throughput_screen;cell_line_specific;complex_member_not_direct_binding	paper_default	retrieved_article_pair_result_not_locally_confirmed_recheck	no	yes		Physical-association or co-complex evidence only unless the exception state says otherwise; no client status is inferred.	true	false	SRCREV-2026-07-15-V6_108-PMID33961781-HSP90AA1-044
DBROUTE-v6_108-33961781-HSP90AA1-CDK15	DBSRC-HSP90AA1-CDK15-fe234f51	33961781	PMC8165030	Dual Proteome-scale Networks Reveal Cell-specific Remodeling of the Human Interactome	HSP90AA1::CDK15	HSP90AA1	CDK15	true	proteome_scale_apms	exact_pair_not_found_by_automated_package_scan		retrieval_blocked_or_unavailable	assay_association_only	affinity_purification_ms	context_only	weak	low	high_throughput_screen;cell_line_specific;complex_member_not_direct_binding	paper_default	retrieved_article_pair_result_not_locally_confirmed_recheck	no	yes		Physical-association or co-complex evidence only unless the exception state says otherwise; no client status is inferred.	true	false	SRCREV-2026-07-15-V6_108-PMID33961781-HSP90AA1-044
DBROUTE-v6_108-33961781-HSP90AA1-CDK18	DBSRC-HSP90AA1-CDK18-fe234f51	33961781	PMC8165030	Dual Proteome-scale Networks Reveal Cell-specific Remodeling of the Human Interactome	HSP90AA1::CDK18	HSP90AA1	CDK18	true	proteome_scale_apms	exact_pair_not_found_by_automated_package_scan		retrieval_blocked_or_unavailable	assay_association_only	affinity_purification_ms	context_only	weak	low	high_throughput_screen;cell_line_specific;complex_member_not_direct_binding	paper_default	retrieved_article_pair_result_not_locally_confirmed_recheck	no	yes		Physical-association or co-complex evidence only unless the exception state says otherwise; no client status is inferred.	true	false	SRCREV-2026-07-15-V6_108-PMID33961781-HSP90AA1-044
DBROUTE-v6_108-33961781-HSP90AA1-CDK3	DBSRC-HSP90AA1-CDK3-fe234f51	33961781	PMC8165030	Dual Proteome-scale Networks Reveal Cell-specific Remodeling of the Human Interactome	HSP90AA1::CDK3	HSP90AA1	CDK3	true	proteome_scale_apms	exact_pair_not_found_by_automated_package_scan		retrieval_blocked_or_unavailable	assay_association_only	affinity_purification_ms	context_only	weak	low	high_throughput_screen;cell_line_specific;complex_member_not_direct_binding	paper_default	retrieved_article_pair_result_not_locally_confirmed_recheck	no	yes		Physical-association or co-complex evidence only unless the exception state says otherwise; no client status is inferred.	true	false	SRCREV-2026-07-15-V6_108-PMID33961781-HSP90AA1-044
DBROUTE-v6_108-33961781-HSP90AA1-CDK4	DBSRC-HSP90AA1-CDK4-fe234f51	33961781	PMC8165030	Dual Proteome-scale Networks Reveal Cell-specific Remodeling of the Human Interactome	HSP90AA1::CDK4	HSP90AA1	CDK4	true	proteome_scale_apms	exact_pair_not_found_by_automated_package_scan		retrieval_blocked_or_unavailable	assay_association_only	affinity_purification_ms	context_only	weak	low	high_throughput_screen;cell_line_specific;complex_member_not_direct_binding	paper_default	retrieved_article_pair_result_not_locally_confirmed_recheck	no	yes		Physical-association or co-complex evidence only unless the exception state says otherwise; no client status is inferred.	true	false	SRCREV-2026-07-15-V6_108-PMID33961781-HSP90AA1-044
DBROUTE-v6_108-33961781-HSP90AA1-CDK7	DBSRC-HSP90AA1-CDK7-fe234f51	33961781	PMC8165030	Dual Proteome-scale Networks Reveal Cell-specific Remodeling of the Human Interactome	HSP90AA1::CDK7	HSP90AA1	CDK7	true	proteome_scale_apms	exact_pair_not_found_by_automated_package_scan		retrieval_blocked_or_unavailable	assay_association_only	affinity_purification_ms	context_only	weak	low	high_throughput_screen;cell_line_specific;complex_member_not_direct_binding	paper_default	retrieved_article_pair_result_not_locally_confirmed_recheck	no	yes		Physical-association or co-complex evidence only unless the exception state says otherwise; no client status is inferred.	true	false	SRCREV-2026-07-15-V6_108-PMID33961781-HSP90AA1-044
DBROUTE-v6_108-33961781-HSP90AA1-CDK9	DBSRC-HSP90AA1-CDK9-fe234f51	33961781	PMC8165030	Dual Proteome-scale Networks Reveal Cell-specific Remodeling of the Human Interactome	HSP90AA1::CDK9	HSP90AA1	CDK9	true	proteome_scale_apms	exact_pair_not_found_by_automated_package_scan		retrieval_blocked_or_unavailable	assay_association_only	affinity_purification_ms	context_only	weak	low	high_throughput_screen;cell_line_specific;complex_member_not_direct_binding	paper_default	retrieved_article_pair_result_not_locally_confirmed_recheck	no	yes		Physical-association or co-complex evidence only unless the exception state says otherwise; no client status is inferred.	true	false	SRCREV-2026-07-15-V6_108-PMID33961781-HSP90AA1-044
DBROUTE-v6_108-33961781-HSP90AA1-CDKL4	DBSRC-HSP90AA1-CDKL4-fe234f51	33961781	PMC8165030	Dual Proteome-scale Networks Reveal Cell-specific Remodeling of the Human Interactome	HSP90AA1::CDKL4	HSP90AA1	CDKL4	true	proteome_scale_apms	exact_pair_not_found_by_automated_package_scan		retrieval_blocked_or_unavailable	assay_association_only	affinity_purification_ms	context_only	weak	low	high_throughput_screen;cell_line_specific;complex_member_not_direct_binding	paper_default	retrieved_article_pair_result_not_locally_confirmed_recheck	no	yes		Physical-association or co-complex evidence only unless the exception state says otherwise; no client status is inferred.	true	false	SRCREV-2026-07-15-V6_108-PMID33961781-HSP90AA1-044
DBROUTE-v6_108-33961781-HSP90AA1-CHUK	DBSRC-HSP90AA1-CHUK-fe234f51	33961781	PMC8165030	Dual Proteome-scale Networks Reveal Cell-specific Remodeling of the Human Interactome	HSP90AA1::CHUK	HSP90AA1	CHUK	true	proteome_scale_apms	exact_pair_not_found_by_automated_package_scan		retrieval_blocked_or_unavailable	assay_association_only	affinity_purification_ms	context_only	weak	low	high_throughput_screen;cell_line_specific;complex_member_not_direct_binding	paper_default	retrieved_article_pair_result_not_locally_confirmed_recheck	no	yes		Physical-association or co-complex evidence only unless the exception state says otherwise; no client status is inferred.	true	false	SRCREV-2026-07-15-V6_108-PMID33961781-HSP90AA1-044
DBROUTE-v6_108-33961781-HSP90AA1-CLK3	DBSRC-HSP90AA1-CLK3-fe234f51	33961781	PMC8165030	Dual Proteome-scale Networks Reveal Cell-specific Remodeling of the Human Interactome	HSP90AA1::CLK3	HSP90AA1	CLK3	true	proteome_scale_apms	exact_pair_not_found_by_automated_package_scan		retrieval_blocked_or_unavailable	assay_association_only	affinity_purification_ms	context_only	weak	low	high_throughput_screen;cell_line_specific;complex_member_not_direct_binding	paper_default	retrieved_article_pair_result_not_locally_confirmed_recheck	no	yes		Physical-association or co-complex evidence only unless the exception state says otherwise; no client status is inferred.	true	false	SRCREV-2026-07-15-V6_108-PMID33961781-HSP90AA1-044
DBROUTE-v6_108-33961781-HSP90AA1-DCAF13	DBSRC-HSP90AA1-DCAF13-fe234f51	33961781	PMC8165030	Dual Proteome-scale Networks Reveal Cell-specific Remodeling of the Human Interactome	HSP90AA1::DCAF13	HSP90AA1	DCAF13	true	proteome_scale_apms	exact_pair_not_found_by_automated_package_scan		retrieval_blocked_or_unavailable	assay_association_only	affinity_purification_ms	context_only	weak	low	high_throughput_screen;cell_line_specific;complex_member_not_direct_binding	paper_default	retrieved_article_pair_result_not_locally_confirmed_recheck	no	yes		Physical-association or co-complex evidence only unless the exception state says otherwise; no client status is inferred.	true	false	SRCREV-2026-07-15-V6_108-PMID33961781-HSP90AA1-044
DBROUTE-v6_108-33961781-HSP90AA1-EPHA2	DBSRC-HSP90AA1-EPHA2-fe234f51	33961781	PMC8165030	Dual Proteome-scale Networks Reveal Cell-specific Remodeling of the Human Interactome	HSP90AA1::EPHA2	HSP90AA1	EPHA2	true	proteome_scale_apms	exact_pair_not_found_by_automated_package_scan		retrieval_blocked_or_unavailable	assay_association_only	affinity_purification_ms	context_only	weak	low	high_throughput_screen;cell_line_specific;complex_member_not_direct_binding	paper_default	retrieved_article_pair_result_not_locally_confirmed_recheck	no	yes		Physical-association or co-complex evidence only unless the exception state says otherwise; no client status is inferred.	true	false	SRCREV-2026-07-15-V6_108-PMID33961781-HSP90AA1-044
DBROUTE-v6_108-33961781-HSP90AA1-FKBP4	DBSRC-HSP90AA1-FKBP4-fe234f51	33961781	PMC8165030	Dual Proteome-scale Networks Reveal Cell-specific Remodeling of the Human Interactome	HSP90AA1::FKBP4	HSP90AA1	FKBP4	true	proteome_scale_apms	exact_pair_not_found_by_automated_package_scan		retrieval_blocked_or_unavailable	assay_association_only	affinity_purification_ms	context_only	weak	low	high_throughput_screen;cell_line_specific;complex_member_not_direct_binding	paper_default	retrieved_article_pair_result_not_locally_confirmed_recheck	no	yes		Physical-association or co-complex evidence only unless the exception state says otherwise; no client status is inferred.	true	false	SRCREV-2026-07-15-V6_108-PMID33961781-HSP90AA1-044
DBROUTE-v6_108-33961781-HSP90AA1-FYN	DBSRC-HSP90AA1-FYN-fe234f51	33961781	PMC8165030	Dual Proteome-scale Networks Reveal Cell-specific Remodeling of the Human Interactome	HSP90AA1::FYN	HSP90AA1	FYN	true	proteome_scale_apms	exact_pair_not_found_by_automated_package_scan		retrieval_blocked_or_unavailable	assay_association_only	affinity_purification_ms	context_only	weak	low	high_throughput_screen;cell_line_specific;complex_member_not_direct_binding	paper_default	retrieved_article_pair_result_not_locally_confirmed_recheck	no	yes		Physical-association or co-complex evidence only unless the exception state says otherwise; no client status is inferred.	true	false	SRCREV-2026-07-15-V6_108-PMID33961781-HSP90AA1-044
DBROUTE-v6_108-33961781-HSP90AA1-GBP2	DBSRC-HSP90AA1-GBP2-fe234f51	33961781	PMC8165030	Dual Proteome-scale Networks Reveal Cell-specific Remodeling of the Human Interactome	HSP90AA1::GBP2	HSP90AA1	GBP2	true	proteome_scale_apms	exact_pair_not_found_by_automated_package_scan		retrieval_blocked_or_unavailable	assay_association_only	affinity_purification_ms	context_only	weak	low	high_throughput_screen;cell_line_specific;complex_member_not_direct_binding	paper_default	retrieved_article_pair_result_not_locally_confirmed_recheck	no	yes		Physical-association or co-complex evidence only unless the exception state says otherwise; no client status is inferred.	true	false	SRCREV-2026-07-15-V6_108-PMID33961781-HSP90AA1-044
DBROUTE-v6_108-33961781-HSP90AA1-GRK7	DBSRC-HSP90AA1-GRK7-fe234f51	33961781	PMC8165030	Dual Proteome-scale Networks Reveal Cell-specific Remodeling of the Human Interactome	HSP90AA1::GRK7	HSP90AA1	GRK7	true	proteome_scale_apms	exact_pair_not_found_by_automated_package_scan		retrieval_blocked_or_unavailable	assay_association_only	affinity_purification_ms	context_only	weak	low	high_throughput_screen;cell_line_specific;complex_member_not_direct_binding	paper_default	retrieved_article_pair_result_not_locally_confirmed_recheck	no	yes		Physical-association or co-complex evidence only unless the exception state says otherwise; no client status is inferred.	true	false	SRCREV-2026-07-15-V6_108-PMID33961781-HSP90AA1-044
DBROUTE-v6_108-33961781-HSP90AA1-GUCY2D	DBSRC-HSP90AA1-GUCY2D-fe234f51	33961781	PMC8165030	Dual Proteome-scale Networks Reveal Cell-specific Remodeling of the Human Interactome	HSP90AA1::GUCY2D	HSP90AA1	GUCY2D	true	proteome_scale_apms	exact_pair_not_found_by_automated_package_scan		retrieval_blocked_or_unavailable	assay_association_only	affinity_purification_ms	context_only	weak	low	high_throughput_screen;cell_line_specific;complex_member_not_direct_binding	paper_default	retrieved_article_pair_result_not_locally_confirmed_recheck	no	yes		Physical-association or co-complex evidence only unless the exception state says otherwise; no client status is inferred.	true	false	SRCREV-2026-07-15-V6_108-PMID33961781-HSP90AA1-044
DBROUTE-v6_108-33961781-HSP90AA1-IKBKG	DBSRC-HSP90AA1-IKBKG-fe234f51	33961781	PMC8165030	Dual Proteome-scale Networks Reveal Cell-specific Remodeling of the Human Interactome	HSP90AA1::IKBKG	HSP90AA1	IKBKG	true	proteome_scale_apms	exact_pair_not_found_by_automated_package_scan		retrieval_blocked_or_unavailable	assay_association_only	affinity_purification_ms	context_only	weak	low	high_throughput_screen;cell_line_specific;complex_member_not_direct_binding	paper_default	retrieved_article_pair_result_not_locally_confirmed_recheck	no	yes		Physical-association or co-complex evidence only unless the exception state says otherwise; no client status is inferred.	true	false	SRCREV-2026-07-15-V6_108-PMID33961781-HSP90AA1-044
DBROUTE-v6_108-33961781-HSP90AA1-INSRR	DBSRC-HSP90AA1-INSRR-fe234f51	33961781	PMC8165030	Dual Proteome-scale Networks Reveal Cell-specific Remodeling of the Human Interactome	HSP90AA1::INSRR	HSP90AA1	INSRR	true	proteome_scale_apms	exact_pair_not_found_by_automated_package_scan		retrieval_blocked_or_unavailable	assay_association_only	affinity_purification_ms	context_only	weak	low	high_throughput_screen;cell_line_specific;complex_member_not_direct_binding	paper_default	retrieved_article_pair_result_not_locally_confirmed_recheck	no	yes		Physical-association or co-complex evidence only unless the exception state says otherwise; no client status is inferred.	true	false	SRCREV-2026-07-15-V6_108-PMID33961781-HSP90AA1-044
DBROUTE-v6_108-33961781-HSP90AA1-ITK	DBSRC-HSP90AA1-ITK-fe234f51	33961781	PMC8165030	Dual Proteome-scale Networks Reveal Cell-specific Remodeling of the Human Interactome	HSP90AA1::ITK	HSP90AA1	ITK	true	proteome_scale_apms	exact_pair_not_found_by_automated_package_scan		retrieval_blocked_or_unavailable	assay_association_only	affinity_purification_ms	context_only	weak	low	high_throughput_screen;cell_line_specific;complex_member_not_direct_binding	paper_default	retrieved_article_pair_result_not_locally_confirmed_recheck	no	yes		Physical-association or co-complex evidence only unless the exception state says otherwise; no client status is inferred.	true	false	SRCREV-2026-07-15-V6_108-PMID33961781-HSP90AA1-044
DBROUTE-v6_108-33961781-HSP90AA1-MAP2K2	DBSRC-HSP90AA1-MAP2K2-fe234f51	33961781	PMC8165030	Dual Proteome-scale Networks Reveal Cell-specific Remodeling of the Human Interactome	HSP90AA1::MAP2K2	HSP90AA1	MAP2K2	true	proteome_scale_apms	exact_pair_not_found_by_automated_package_scan		retrieval_blocked_or_unavailable	assay_association_only	affinity_purification_ms	context_only	weak	low	high_throughput_screen;cell_line_specific;complex_member_not_direct_binding	paper_default	retrieved_article_pair_result_not_locally_confirmed_recheck	no	yes		Physical-association or co-complex evidence only unless the exception state says otherwise; no client status is inferred.	true	false	SRCREV-2026-07-15-V6_108-PMID33961781-HSP90AA1-044
DBROUTE-v6_108-33961781-HSP90AA1-MYLK4	DBSRC-HSP90AA1-MYLK4-fe234f51	33961781	PMC8165030	Dual Proteome-scale Networks Reveal Cell-specific Remodeling of the Human Interactome	HSP90AA1::MYLK4	HSP90AA1	MYLK4	true	proteome_scale_apms	exact_pair_not_found_by_automated_package_scan		retrieval_blocked_or_unavailable	assay_association_only	affinity_purification_ms	context_only	weak	low	high_throughput_screen;cell_line_specific;complex_member_not_direct_binding	paper_default	retrieved_article_pair_result_not_locally_confirmed_recheck	no	yes		Physical-association or co-complex evidence only unless the exception state says otherwise; no client status is inferred.	true	false	SRCREV-2026-07-15-V6_108-PMID33961781-HSP90AA1-044
DBROUTE-v6_108-33961781-HSP90AA1-NDUFAF2	DBSRC-HSP90AA1-NDUFAF2-fe234f51	33961781	PMC8165030	Dual Proteome-scale Networks Reveal Cell-specific Remodeling of the Human Interactome	HSP90AA1::NDUFAF2	HSP90AA1	NDUFAF2	true	proteome_scale_apms	exact_pair_not_found_by_automated_package_scan		retrieval_blocked_or_unavailable	assay_association_only	affinity_purification_ms	context_only	weak	low	high_throughput_screen;cell_line_specific;complex_member_not_direct_binding	paper_default	retrieved_article_pair_result_not_locally_confirmed_recheck	no	yes		Physical-association or co-complex evidence only unless the exception state says otherwise; no client status is inferred.	true	false	SRCREV-2026-07-15-V6_108-PMID33961781-HSP90AA1-044
DBROUTE-v6_108-33961781-HSP90AA1-PCBP1	DBSRC-HSP90AA1-PCBP1-fe234f51	33961781	PMC8165030	Dual Proteome-scale Networks Reveal Cell-specific Remodeling of the Human Interactome	HSP90AA1::PCBP1	HSP90AA1	PCBP1	true	proteome_scale_apms	exact_pair_not_found_by_automated_package_scan		retrieval_blocked_or_unavailable	assay_association_only	affinity_purification_ms	context_only	weak	low	high_throughput_screen;cell_line_specific;complex_member_not_direct_binding	paper_default	retrieved_article_pair_result_not_locally_confirmed_recheck	no	yes		Physical-association or co-complex evidence only unless the exception state says otherwise; no client status is inferred.	true	false	SRCREV-2026-07-15-V6_108-PMID33961781-HSP90AA1-044
DBROUTE-v6_108-33961781-HSP90AA1-PDGFRB	DBSRC-HSP90AA1-PDGFRB-fe234f51	33961781	PMC8165030	Dual Proteome-scale Networks Reveal Cell-specific Remodeling of the Human Interactome	HSP90AA1::PDGFRB	HSP90AA1	PDGFRB	true	proteome_scale_apms	exact_pair_not_found_by_automated_package_scan		retrieval_blocked_or_unavailable	assay_association_only	affinity_purification_ms	context_only	weak	low	high_throughput_screen;cell_line_specific;complex_member_not_direct_binding	paper_default	retrieved_article_pair_result_not_locally_confirmed_recheck	no	yes		Physical-association or co-complex evidence only unless the exception state says otherwise; no client status is inferred.	true	false	SRCREV-2026-07-15-V6_108-PMID33961781-HSP90AA1-044
DBROUTE-v6_108-33961781-HSP90AA1-PDIK1L	DBSRC-HSP90AA1-PDIK1L-fe234f51	33961781	PMC8165030	Dual Proteome-scale Networks Reveal Cell-specific Remodeling of the Human Interactome	HSP90AA1::PDIK1L	HSP90AA1	PDIK1L	true	proteome_scale_apms	exact_pair_not_found_by_automated_package_scan		retrieval_blocked_or_unavailable	assay_association_only	affinity_purification_ms	context_only	weak	low	high_throughput_screen;cell_line_specific;complex_member_not_direct_binding	paper_default	retrieved_article_pair_result_not_locally_confirmed_recheck	no	yes		Physical-association or co-complex evidence only unless the exception state says otherwise; no client status is inferred.	true	false	SRCREV-2026-07-15-V6_108-PMID33961781-HSP90AA1-044
DBROUTE-v6_108-33961781-HSP90AA1-PINK1	DBSRC-HSP90AA1-PINK1-fe234f51	33961781	PMC8165030	Dual Proteome-scale Networks Reveal Cell-specific Remodeling of the Human Interactome	HSP90AA1::PINK1	HSP90AA1	PINK1	true	proteome_scale_apms	exact_pair_not_found_by_automated_package_scan		retrieval_blocked_or_unavailable	assay_association_only	affinity_purification_ms	context_only	weak	low	high_throughput_screen;cell_line_specific;complex_member_not_direct_binding	paper_default	retrieved_article_pair_result_not_locally_confirmed_recheck	no	yes		Physical-association or co-complex evidence only unless the exception state says otherwise; no client status is inferred.	true	false	SRCREV-2026-07-15-V6_108-PMID33961781-HSP90AA1-044
DBROUTE-v6_108-33961781-HSP90AA1-PSKH2	DBSRC-HSP90AA1-PSKH2-fe234f51	33961781	PMC8165030	Dual Proteome-scale Networks Reveal Cell-specific Remodeling of the Human Interactome	HSP90AA1::PSKH2	HSP90AA1	PSKH2	true	proteome_scale_apms	exact_pair_not_found_by_automated_package_scan		retrieval_blocked_or_unavailable	assay_association_only	affinity_purification_ms	context_only	weak	low	high_throughput_screen;cell_line_specific;complex_member_not_direct_binding	paper_default	retrieved_article_pair_result_not_locally_confirmed_recheck	no	yes		Physical-association or co-complex evidence only unless the exception state says otherwise; no client status is inferred.	true	false	SRCREV-2026-07-15-V6_108-PMID33961781-HSP90AA1-044
DBROUTE-v6_108-33961781-HSP90AA1-PTGES3	DBSRC-HSP90AA1-PTGES3-fe234f51	33961781	PMC8165030	Dual Proteome-scale Networks Reveal Cell-specific Remodeling of the Human Interactome	HSP90AA1::PTGES3	HSP90AA1	PTGES3	true	proteome_scale_apms	exact_pair_not_found_by_automated_package_scan		retrieval_blocked_or_unavailable	assay_association_only	affinity_purification_ms	context_only	weak	low	high_throughput_screen;cell_line_specific;complex_member_not_direct_binding	paper_default	retrieved_article_pair_result_not_locally_confirmed_recheck	no	yes		Physical-association or co-complex evidence only unless the exception state says otherwise; no client status is inferred.	true	false	SRCREV-2026-07-15-V6_108-PMID33961781-HSP90AA1-044
DBROUTE-v6_108-33961781-HSP90AA1-RPS6KA4	DBSRC-HSP90AA1-RPS6KA4-fe234f51	33961781	PMC8165030	Dual Proteome-scale Networks Reveal Cell-specific Remodeling of the Human Interactome	HSP90AA1::RPS6KA4	HSP90AA1	RPS6KA4	true	proteome_scale_apms	exact_pair_not_found_by_automated_package_scan		retrieval_blocked_or_unavailable	assay_association_only	affinity_purification_ms	context_only	weak	low	high_throughput_screen;cell_line_specific;complex_member_not_direct_binding	paper_default	retrieved_article_pair_result_not_locally_confirmed_recheck	no	yes		Physical-association or co-complex evidence only unless the exception state says otherwise; no client status is inferred.	true	false	SRCREV-2026-07-15-V6_108-PMID33961781-HSP90AA1-044
DBROUTE-v6_108-33961781-HSP90AA1-RPS6KB2	DBSRC-HSP90AA1-RPS6KB2-fe234f51	33961781	PMC8165030	Dual Proteome-scale Networks Reveal Cell-specific Remodeling of the Human Interactome	HSP90AA1::RPS6KB2	HSP90AA1	RPS6KB2	true	proteome_scale_apms	exact_pair_not_found_by_automated_package_scan		retrieval_blocked_or_unavailable	assay_association_only	affinity_purification_ms	context_only	weak	low	high_throughput_screen;cell_line_specific;complex_member_not_direct_binding	paper_default	retrieved_article_pair_result_not_locally_confirmed_recheck	no	yes		Physical-association or co-complex evidence only unless the exception state says otherwise; no client status is inferred.	true	false	SRCREV-2026-07-15-V6_108-PMID33961781-HSP90AA1-044
DBROUTE-v6_108-33961781-HSP90AA1-SGK2	DBSRC-HSP90AA1-SGK2-fe234f51	33961781	PMC8165030	Dual Proteome-scale Networks Reveal Cell-specific Remodeling of the Human Interactome	HSP90AA1::SGK2	HSP90AA1	SGK2	true	proteome_scale_apms	exact_pair_not_found_by_automated_package_scan		retrieval_blocked_or_unavailable	assay_association_only	affinity_purification_ms	context_only	weak	low	high_throughput_screen;cell_line_specific;complex_member_not_direct_binding	paper_default	retrieved_article_pair_result_not_locally_confirmed_recheck	no	yes		Physical-association or co-complex evidence only unless the exception state says otherwise; no client status is inferred.	true	false	SRCREV-2026-07-15-V6_108-PMID33961781-HSP90AA1-044
DBROUTE-v6_108-33961781-HSP90AA1-SMYD3	DBSRC-HSP90AA1-SMYD3-fe234f51	33961781	PMC8165030	Dual Proteome-scale Networks Reveal Cell-specific Remodeling of the Human Interactome	HSP90AA1::SMYD3	HSP90AA1	SMYD3	true	proteome_scale_apms	exact_pair_not_found_by_automated_package_scan		retrieval_blocked_or_unavailable	assay_association_only	affinity_purification_ms	context_only	weak	low	high_throughput_screen;cell_line_specific;complex_member_not_direct_binding	paper_default	retrieved_article_pair_result_not_locally_confirmed_recheck	no	yes		Physical-association or co-complex evidence only unless the exception state says otherwise; no client status is inferred.	true	false	SRCREV-2026-07-15-V6_108-PMID33961781-HSP90AA1-044
DBROUTE-v6_108-33961781-HSP90AA1-SRMS	DBSRC-HSP90AA1-SRMS-fe234f51	33961781	PMC8165030	Dual Proteome-scale Networks Reveal Cell-specific Remodeling of the Human Interactome	HSP90AA1::SRMS	HSP90AA1	SRMS	true	proteome_scale_apms	exact_pair_not_found_by_automated_package_scan		retrieval_blocked_or_unavailable	assay_association_only	affinity_purification_ms	context_only	weak	low	high_throughput_screen;cell_line_specific;complex_member_not_direct_binding	paper_default	retrieved_article_pair_result_not_locally_confirmed_recheck	no	yes		Physical-association or co-complex evidence only unless the exception state says otherwise; no client status is inferred.	true	false	SRCREV-2026-07-15-V6_108-PMID33961781-HSP90AA1-044
DBROUTE-v6_108-33961781-HSP90AA1-STIP1	DBSRC-HSP90AA1-STIP1-fe234f51	33961781	PMC8165030	Dual Proteome-scale Networks Reveal Cell-specific Remodeling of the Human Interactome	HSP90AA1::STIP1	HSP90AA1	STIP1	true	proteome_scale_apms	exact_pair_not_found_by_automated_package_scan		retrieval_blocked_or_unavailable	assay_association_only	affinity_purification_ms	context_only	weak	low	high_throughput_screen;cell_line_specific;complex_member_not_direct_binding	paper_default	retrieved_article_pair_result_not_locally_confirmed_recheck	no	yes		Physical-association or co-complex evidence only unless the exception state says otherwise; no client status is inferred.	true	false	SRCREV-2026-07-15-V6_108-PMID33961781-HSP90AA1-044
DBROUTE-v6_108-33961781-HSP90AA1-STK11	DBSRC-HSP90AA1-STK11-fe234f51	33961781	PMC8165030	Dual Proteome-scale Networks Reveal Cell-specific Remodeling of the Human Interactome	HSP90AA1::STK11	HSP90AA1	STK11	true	proteome_scale_apms	exact_pair_not_found_by_automated_package_scan		retrieval_blocked_or_unavailable	assay_association_only	affinity_purification_ms	context_only	weak	low	high_throughput_screen;cell_line_specific;complex_member_not_direct_binding	paper_default	retrieved_article_pair_result_not_locally_confirmed_recheck	no	yes		Physical-association or co-complex evidence only unless the exception state says otherwise; no client status is inferred.	true	false	SRCREV-2026-07-15-V6_108-PMID33961781-HSP90AA1-044
DBROUTE-v6_108-33961781-HSP90AA1-STK35	DBSRC-HSP90AA1-STK35-fe234f51	33961781	PMC8165030	Dual Proteome-scale Networks Reveal Cell-specific Remodeling of the Human Interactome	HSP90AA1::STK35	HSP90AA1	STK35	true	proteome_scale_apms	exact_pair_not_found_by_automated_package_scan		retrieval_blocked_or_unavailable	assay_association_only	affinity_purification_ms	context_only	weak	low	high_throughput_screen;cell_line_specific;complex_member_not_direct_binding	paper_default	retrieved_article_pair_result_not_locally_confirmed_recheck	no	yes		Physical-association or co-complex evidence only unless the exception state says otherwise; no client status is inferred.	true	false	SRCREV-2026-07-15-V6_108-PMID33961781-HSP90AA1-044
DBROUTE-v6_108-33961781-HSP90AA1-TSSK6	DBSRC-HSP90AA1-TSSK6-fe234f51	33961781	PMC8165030	Dual Proteome-scale Networks Reveal Cell-specific Remodeling of the Human Interactome	HSP90AA1::TSSK6	HSP90AA1	TSSK6	true	proteome_scale_apms	exact_pair_not_found_by_automated_package_scan		retrieval_blocked_or_unavailable	assay_association_only	affinity_purification_ms	context_only	weak	low	high_throughput_screen;cell_line_specific;complex_member_not_direct_binding	paper_default	retrieved_article_pair_result_not_locally_confirmed_recheck	no	yes		Physical-association or co-complex evidence only unless the exception state says otherwise; no client status is inferred.	true	false	SRCREV-2026-07-15-V6_108-PMID33961781-HSP90AA1-044
DBROUTE-v6_108-33961781-HSP90AA1-TTC9C	DBSRC-HSP90AA1-TTC9C-fe234f51	33961781	PMC8165030	Dual Proteome-scale Networks Reveal Cell-specific Remodeling of the Human Interactome	HSP90AA1::TTC9C	HSP90AA1	TTC9C	true	proteome_scale_apms	exact_pair_not_found_by_automated_package_scan		retrieval_blocked_or_unavailable	assay_association_only	affinity_purification_ms	context_only	weak	low	high_throughput_screen;cell_line_specific;complex_member_not_direct_binding	paper_default	retrieved_article_pair_result_not_locally_confirmed_recheck	no	yes		Physical-association or co-complex evidence only unless the exception state says otherwise; no client status is inferred.	true	false	SRCREV-2026-07-15-V6_108-PMID33961781-HSP90AA1-044
DBROUTE-v6_108-33961781-HSP90AA1-UNC45B	DBSRC-HSP90AA1-UNC45B-fe234f51	33961781	PMC8165030	Dual Proteome-scale Networks Reveal Cell-specific Remodeling of the Human Interactome	HSP90AA1::UNC45B	HSP90AA1	UNC45B	true	proteome_scale_apms	exact_pair_not_found_by_automated_package_scan		retrieval_blocked_or_unavailable	assay_association_only	affinity_purification_ms	context_only	weak	low	high_throughput_screen;cell_line_specific;complex_member_not_direct_binding	paper_default	retrieved_article_pair_result_not_locally_confirmed_recheck	no	yes		Physical-association or co-complex evidence only unless the exception state says otherwise; no client status is inferred.	true	false	SRCREV-2026-07-15-V6_108-PMID33961781-HSP90AA1-044
DBROUTE-v6_108-33961781-HSP90AB1-AGO1	DBSRC-HSP90AB1-AGO1-fe234f51	33961781	PMC8165030	Dual Proteome-scale Networks Reveal Cell-specific Remodeling of the Human Interactome	HSP90AB1::AGO1	HSP90AB1	AGO1	true	proteome_scale_apms	exact_pair_not_found_by_automated_package_scan		retrieval_blocked_or_unavailable	assay_association_only	affinity_purification_ms	context_only	weak	low	high_throughput_screen;cell_line_specific;complex_member_not_direct_binding	paper_default	retrieved_article_pair_result_not_locally_confirmed_recheck	no	yes		Physical-association or co-complex evidence only unless the exception state says otherwise; no client status is inferred.	true	false	SRCREV-2026-07-15-V6_108-PMID33961781-HSP90AB1-045
DBROUTE-v6_108-33961781-HSP90AB1-AKT3	DBSRC-HSP90AB1-AKT3-fe234f51	33961781	PMC8165030	Dual Proteome-scale Networks Reveal Cell-specific Remodeling of the Human Interactome	HSP90AB1::AKT3	HSP90AB1	AKT3	true	proteome_scale_apms	exact_pair_not_found_by_automated_package_scan		retrieval_blocked_or_unavailable	assay_association_only	affinity_purification_ms	context_only	weak	low	high_throughput_screen;cell_line_specific;complex_member_not_direct_binding	paper_default	retrieved_article_pair_result_not_locally_confirmed_recheck	no	yes		Physical-association or co-complex evidence only unless the exception state says otherwise; no client status is inferred.	true	false	SRCREV-2026-07-15-V6_108-PMID33961781-HSP90AB1-045
DBROUTE-v6_108-33961781-HSP90AB1-AMHR2	DBSRC-HSP90AB1-AMHR2-fe234f51	33961781	PMC8165030	Dual Proteome-scale Networks Reveal Cell-specific Remodeling of the Human Interactome	HSP90AB1::AMHR2	HSP90AB1	AMHR2	true	proteome_scale_apms	exact_pair_not_found_by_automated_package_scan		retrieval_blocked_or_unavailable	assay_association_only	affinity_purification_ms	context_only	weak	low	high_throughput_screen;cell_line_specific;complex_member_not_direct_binding	paper_default	retrieved_article_pair_result_not_locally_confirmed_recheck	no	yes		Physical-association or co-complex evidence only unless the exception state says otherwise; no client status is inferred.	true	false	SRCREV-2026-07-15-V6_108-PMID33961781-HSP90AB1-045
DBROUTE-v6_108-33961781-HSP90AB1-ANKK1	DBSRC-HSP90AB1-ANKK1-fe234f51	33961781	PMC8165030	Dual Proteome-scale Networks Reveal Cell-specific Remodeling of the Human Interactome	HSP90AB1::ANKK1	HSP90AB1	ANKK1	true	proteome_scale_apms	exact_pair_not_found_by_automated_package_scan		retrieval_blocked_or_unavailable	assay_association_only	affinity_purification_ms	context_only	weak	low	high_throughput_screen;cell_line_specific;complex_member_not_direct_binding	paper_default	retrieved_article_pair_result_not_locally_confirmed_recheck	no	yes		Physical-association or co-complex evidence only unless the exception state says otherwise; no client status is inferred.	true	false	SRCREV-2026-07-15-V6_108-PMID33961781-HSP90AB1-045
DBROUTE-v6_108-33961781-HSP90AB1-BTK	DBSRC-HSP90AB1-BTK-fe234f51	33961781	PMC8165030	Dual Proteome-scale Networks Reveal Cell-specific Remodeling of the Human Interactome	HSP90AB1::BTK	HSP90AB1	BTK	true	proteome_scale_apms	exact_pair_not_found_by_automated_package_scan		retrieval_blocked_or_unavailable	assay_association_only	affinity_purification_ms	context_only	weak	low	high_throughput_screen;cell_line_specific;complex_member_not_direct_binding	paper_default	retrieved_article_pair_result_not_locally_confirmed_recheck	no	yes		Physical-association or co-complex evidence only unless the exception state says otherwise; no client status is inferred.	true	false	SRCREV-2026-07-15-V6_108-PMID33961781-HSP90AB1-045
DBROUTE-v6_108-33961781-HSP90AB1-CCDC117	DBSRC-HSP90AB1-CCDC117-fe234f51	33961781	PMC8165030	Dual Proteome-scale Networks Reveal Cell-specific Remodeling of the Human Interactome	HSP90AB1::CCDC117	HSP90AB1	CCDC117	true	proteome_scale_apms	exact_pair_not_found_by_automated_package_scan		retrieval_blocked_or_unavailable	assay_association_only	affinity_purification_ms	context_only	weak	low	high_throughput_screen;cell_line_specific;complex_member_not_direct_binding	paper_default	retrieved_article_pair_result_not_locally_confirmed_recheck	no	yes		Physical-association or co-complex evidence only unless the exception state says otherwise; no client status is inferred.	true	false	SRCREV-2026-07-15-V6_108-PMID33961781-HSP90AB1-045
DBROUTE-v6_108-33961781-HSP90AB1-CDC37	DBSRC-HSP90AB1-CDC37-fe234f51	33961781	PMC8165030	Dual Proteome-scale Networks Reveal Cell-specific Remodeling of the Human Interactome	HSP90AB1::CDC37	HSP90AB1	CDC37	true	proteome_scale_apms	exact_pair_not_found_by_automated_package_scan		retrieval_blocked_or_unavailable	assay_association_only	affinity_purification_ms	context_only	weak	low	high_throughput_screen;cell_line_specific;complex_member_not_direct_binding	paper_default	retrieved_article_pair_result_not_locally_confirmed_recheck	no	yes		Physical-association or co-complex evidence only unless the exception state says otherwise; no client status is inferred.	true	false	SRCREV-2026-07-15-V6_108-PMID33961781-HSP90AB1-045
DBROUTE-v6_108-33961781-HSP90AB1-CDC37L1	DBSRC-HSP90AB1-CDC37L1-fe234f51	33961781	PMC8165030	Dual Proteome-scale Networks Reveal Cell-specific Remodeling of the Human Interactome	HSP90AB1::CDC37L1	HSP90AB1	CDC37L1	true	proteome_scale_apms	exact_pair_not_found_by_automated_package_scan		retrieval_blocked_or_unavailable	assay_association_only	affinity_purification_ms	context_only	weak	low	high_throughput_screen;cell_line_specific;complex_member_not_direct_binding	paper_default	retrieved_article_pair_result_not_locally_confirmed_recheck	no	yes		Physical-association or co-complex evidence only unless the exception state says otherwise; no client status is inferred.	true	false	SRCREV-2026-07-15-V6_108-PMID33961781-HSP90AB1-045
DBROUTE-v6_108-33961781-HSP90AB1-CDK11A	DBSRC-HSP90AB1-CDK11A-fe234f51	33961781	PMC8165030	Dual Proteome-scale Networks Reveal Cell-specific Remodeling of the Human Interactome	HSP90AB1::CDK11A	HSP90AB1	CDK11A	true	proteome_scale_apms	exact_pair_not_found_by_automated_package_scan		retrieval_blocked_or_unavailable	assay_association_only	affinity_purification_ms	context_only	weak	low	high_throughput_screen;cell_line_specific;complex_member_not_direct_binding	paper_default	retrieved_article_pair_result_not_locally_confirmed_recheck	no	yes		Physical-association or co-complex evidence only unless the exception state says otherwise; no client status is inferred.	true	false	SRCREV-2026-07-15-V6_108-PMID33961781-HSP90AB1-045
DBROUTE-v6_108-33961781-HSP90AB1-CDK13	DBSRC-HSP90AB1-CDK13-fe234f51	33961781	PMC8165030	Dual Proteome-scale Networks Reveal Cell-specific Remodeling of the Human Interactome	HSP90AB1::CDK13	HSP90AB1	CDK13	true	proteome_scale_apms	exact_pair_not_found_by_automated_package_scan		retrieval_blocked_or_unavailable	assay_association_only	affinity_purification_ms	context_only	weak	low	high_throughput_screen;cell_line_specific;complex_member_not_direct_binding	paper_default	retrieved_article_pair_result_not_locally_confirmed_recheck	no	yes		Physical-association or co-complex evidence only unless the exception state says otherwise; no client status is inferred.	true	false	SRCREV-2026-07-15-V6_108-PMID33961781-HSP90AB1-045
DBROUTE-v6_108-33961781-HSP90AB1-CDK3	DBSRC-HSP90AB1-CDK3-fe234f51	33961781	PMC8165030	Dual Proteome-scale Networks Reveal Cell-specific Remodeling of the Human Interactome	HSP90AB1::CDK3	HSP90AB1	CDK3	true	proteome_scale_apms	exact_pair_not_found_by_automated_package_scan		retrieval_blocked_or_unavailable	assay_association_only	affinity_purification_ms	context_only	weak	low	high_throughput_screen;cell_line_specific;complex_member_not_direct_binding	paper_default	retrieved_article_pair_result_not_locally_confirmed_recheck	no	yes		Physical-association or co-complex evidence only unless the exception state says otherwise; no client status is inferred.	true	false	SRCREV-2026-07-15-V6_108-PMID33961781-HSP90AB1-045
DBROUTE-v6_108-33961781-HSP90AB1-CDK4	DBSRC-HSP90AB1-CDK4-fe234f51	33961781	PMC8165030	Dual Proteome-scale Networks Reveal Cell-specific Remodeling of the Human Interactome	HSP90AB1::CDK4	HSP90AB1	CDK4	true	proteome_scale_apms	exact_pair_not_found_by_automated_package_scan		retrieval_blocked_or_unavailable	assay_association_only	affinity_purification_ms	context_only	weak	low	high_throughput_screen;cell_line_specific;complex_member_not_direct_binding	paper_default	retrieved_article_pair_result_not_locally_confirmed_recheck	no	yes		Physical-association or co-complex evidence only unless the exception state says otherwise; no client status is inferred.	true	false	SRCREV-2026-07-15-V6_108-PMID33961781-HSP90AB1-045
DBROUTE-v6_108-33961781-HSP90AB1-CDK6	DBSRC-HSP90AB1-CDK6-fe234f51	33961781	PMC8165030	Dual Proteome-scale Networks Reveal Cell-specific Remodeling of the Human Interactome	HSP90AB1::CDK6	HSP90AB1	CDK6	true	proteome_scale_apms	exact_pair_not_found_by_automated_package_scan		retrieval_blocked_or_unavailable	assay_association_only	affinity_purification_ms	context_only	weak	low	high_throughput_screen;cell_line_specific;complex_member_not_direct_binding	paper_default	retrieved_article_pair_result_not_locally_confirmed_recheck	no	yes		Physical-association or co-complex evidence only unless the exception state says otherwise; no client status is inferred.	true	false	SRCREV-2026-07-15-V6_108-PMID33961781-HSP90AB1-045
DBROUTE-v6_108-33961781-HSP90AB1-CDK7	DBSRC-HSP90AB1-CDK7-fe234f51	33961781	PMC8165030	Dual Proteome-scale Networks Reveal Cell-specific Remodeling of the Human Interactome	HSP90AB1::CDK7	HSP90AB1	CDK7	true	proteome_scale_apms	exact_pair_not_found_by_automated_package_scan		retrieval_blocked_or_unavailable	assay_association_only	affinity_purification_ms	context_only	weak	low	high_throughput_screen;cell_line_specific;complex_member_not_direct_binding	paper_default	retrieved_article_pair_result_not_locally_confirmed_recheck	no	yes		Physical-association or co-complex evidence only unless the exception state says otherwise; no client status is inferred.	true	false	SRCREV-2026-07-15-V6_108-PMID33961781-HSP90AB1-045
DBROUTE-v6_108-33961781-HSP90AB1-CDK9	DBSRC-HSP90AB1-CDK9-fe234f51	33961781	PMC8165030	Dual Proteome-scale Networks Reveal Cell-specific Remodeling of the Human Interactome	HSP90AB1::CDK9	HSP90AB1	CDK9	true	proteome_scale_apms	exact_pair_not_found_by_automated_package_scan		retrieval_blocked_or_unavailable	assay_association_only	affinity_purification_ms	context_only	weak	low	high_throughput_screen;cell_line_specific;complex_member_not_direct_binding	paper_default	retrieved_article_pair_result_not_locally_confirmed_recheck	no	yes		Physical-association or co-complex evidence only unless the exception state says otherwise; no client status is inferred.	true	false	SRCREV-2026-07-15-V6_108-PMID33961781-HSP90AB1-045
DBROUTE-v6_108-33961781-HSP90AB1-CHUK	DBSRC-HSP90AB1-CHUK-fe234f51	33961781	PMC8165030	Dual Proteome-scale Networks Reveal Cell-specific Remodeling of the Human Interactome	HSP90AB1::CHUK	HSP90AB1	CHUK	true	proteome_scale_apms	exact_pair_not_found_by_automated_package_scan		retrieval_blocked_or_unavailable	assay_association_only	affinity_purification_ms	context_only	weak	low	high_throughput_screen;cell_line_specific;complex_member_not_direct_binding	paper_default	retrieved_article_pair_result_not_locally_confirmed_recheck	no	yes		Physical-association or co-complex evidence only unless the exception state says otherwise; no client status is inferred.	true	false	SRCREV-2026-07-15-V6_108-PMID33961781-HSP90AB1-045
DBROUTE-v6_108-33961781-HSP90AB1-DERL2	DBSRC-HSP90AB1-DERL2-fe234f51	33961781	PMC8165030	Dual Proteome-scale Networks Reveal Cell-specific Remodeling of the Human Interactome	HSP90AB1::DERL2	HSP90AB1	DERL2	true	proteome_scale_apms	exact_pair_not_found_by_automated_package_scan		retrieval_blocked_or_unavailable	assay_association_only	affinity_purification_ms	context_only	weak	low	high_throughput_screen;cell_line_specific;complex_member_not_direct_binding	paper_default	retrieved_article_pair_result_not_locally_confirmed_recheck	no	yes		Physical-association or co-complex evidence only unless the exception state says otherwise; no client status is inferred.	true	false	SRCREV-2026-07-15-V6_108-PMID33961781-HSP90AB1-045
DBROUTE-v6_108-33961781-HSP90AB1-GBP2	DBSRC-HSP90AB1-GBP2-fe234f51	33961781	PMC8165030	Dual Proteome-scale Networks Reveal Cell-specific Remodeling of the Human Interactome	HSP90AB1::GBP2	HSP90AB1	GBP2	true	proteome_scale_apms	exact_pair_not_found_by_automated_package_scan		retrieval_blocked_or_unavailable	assay_association_only	affinity_purification_ms	context_only	weak	low	high_throughput_screen;cell_line_specific;complex_member_not_direct_binding	paper_default	retrieved_article_pair_result_not_locally_confirmed_recheck	no	yes		Physical-association or co-complex evidence only unless the exception state says otherwise; no client status is inferred.	true	false	SRCREV-2026-07-15-V6_108-PMID33961781-HSP90AB1-045
DBROUTE-v6_108-33961781-HSP90AB1-IKBKG	DBSRC-HSP90AB1-IKBKG-fe234f51	33961781	PMC8165030	Dual Proteome-scale Networks Reveal Cell-specific Remodeling of the Human Interactome	HSP90AB1::IKBKG	HSP90AB1	IKBKG	true	proteome_scale_apms	exact_pair_not_found_by_automated_package_scan		retrieval_blocked_or_unavailable	assay_association_only	affinity_purification_ms	context_only	weak	low	high_throughput_screen;cell_line_specific;complex_member_not_direct_binding	paper_default	retrieved_article_pair_result_not_locally_confirmed_recheck	no	yes		Physical-association or co-complex evidence only unless the exception state says otherwise; no client status is inferred.	true	false	SRCREV-2026-07-15-V6_108-PMID33961781-HSP90AB1-045
DBROUTE-v6_108-33961781-HSP90AB1-INSRR	DBSRC-HSP90AB1-INSRR-fe234f51	33961781	PMC8165030	Dual Proteome-scale Networks Reveal Cell-specific Remodeling of the Human Interactome	HSP90AB1::INSRR	HSP90AB1	INSRR	true	proteome_scale_apms	exact_pair_not_found_by_automated_package_scan		retrieval_blocked_or_unavailable	assay_association_only	affinity_purification_ms	context_only	weak	low	high_throughput_screen;cell_line_specific;complex_member_not_direct_binding	paper_default	retrieved_article_pair_result_not_locally_confirmed_recheck	no	yes		Physical-association or co-complex evidence only unless the exception state says otherwise; no client status is inferred.	true	false	SRCREV-2026-07-15-V6_108-PMID33961781-HSP90AB1-045
DBROUTE-v6_108-33961781-HSP90AB1-MAP2K2	DBSRC-HSP90AB1-MAP2K2-fe234f51	33961781	PMC8165030	Dual Proteome-scale Networks Reveal Cell-specific Remodeling of the Human Interactome	HSP90AB1::MAP2K2	HSP90AB1	MAP2K2	true	proteome_scale_apms	exact_pair_not_found_by_automated_package_scan		retrieval_blocked_or_unavailable	assay_association_only	affinity_purification_ms	context_only	weak	low	high_throughput_screen;cell_line_specific;complex_member_not_direct_binding	paper_default	retrieved_article_pair_result_not_locally_confirmed_recheck	no	yes		Physical-association or co-complex evidence only unless the exception state says otherwise; no client status is inferred.	true	false	SRCREV-2026-07-15-V6_108-PMID33961781-HSP90AB1-045
DBROUTE-v6_108-33961781-HSP90AB1-MYLK4	DBSRC-HSP90AB1-MYLK4-fe234f51	33961781	PMC8165030	Dual Proteome-scale Networks Reveal Cell-specific Remodeling of the Human Interactome	HSP90AB1::MYLK4	HSP90AB1	MYLK4	true	proteome_scale_apms	exact_pair_not_found_by_automated_package_scan		retrieval_blocked_or_unavailable	assay_association_only	affinity_purification_ms	context_only	weak	low	high_throughput_screen;cell_line_specific;complex_member_not_direct_binding	paper_default	retrieved_article_pair_result_not_locally_confirmed_recheck	no	yes		Physical-association or co-complex evidence only unless the exception state says otherwise; no client status is inferred.	true	false	SRCREV-2026-07-15-V6_108-PMID33961781-HSP90AB1-045
DBROUTE-v6_108-33961781-HSP90AB1-NPAS1	DBSRC-HSP90AB1-NPAS1-fe234f51	33961781	PMC8165030	Dual Proteome-scale Networks Reveal Cell-specific Remodeling of the Human Interactome	HSP90AB1::NPAS1	HSP90AB1	NPAS1	true	proteome_scale_apms	exact_pair_not_found_by_automated_package_scan		retrieval_blocked_or_unavailable	assay_association_only	affinity_purification_ms	context_only	weak	low	high_throughput_screen;cell_line_specific;complex_member_not_direct_binding	paper_default	retrieved_article_pair_result_not_locally_confirmed_recheck	no	yes		Physical-association or co-complex evidence only unless the exception state says otherwise; no client status is inferred.	true	false	SRCREV-2026-07-15-V6_108-PMID33961781-HSP90AB1-045
DBROUTE-v6_108-33961781-HSP90AB1-PDIK1L	DBSRC-HSP90AB1-PDIK1L-fe234f51	33961781	PMC8165030	Dual Proteome-scale Networks Reveal Cell-specific Remodeling of the Human Interactome	HSP90AB1::PDIK1L	HSP90AB1	PDIK1L	true	proteome_scale_apms	exact_pair_not_found_by_automated_package_scan		retrieval_blocked_or_unavailable	assay_association_only	affinity_purification_ms	context_only	weak	low	high_throughput_screen;cell_line_specific;complex_member_not_direct_binding	paper_default	retrieved_article_pair_result_not_locally_confirmed_recheck	no	yes		Physical-association or co-complex evidence only unless the exception state says otherwise; no client status is inferred.	true	false	SRCREV-2026-07-15-V6_108-PMID33961781-HSP90AB1-045
DBROUTE-v6_108-33961781-HSP90AB1-PINK1	DBSRC-HSP90AB1-PINK1-fe234f51	33961781	PMC8165030	Dual Proteome-scale Networks Reveal Cell-specific Remodeling of the Human Interactome	HSP90AB1::PINK1	HSP90AB1	PINK1	true	proteome_scale_apms	exact_pair_not_found_by_automated_package_scan		retrieval_blocked_or_unavailable	assay_association_only	affinity_purification_ms	context_only	weak	low	high_throughput_screen;cell_line_specific;complex_member_not_direct_binding	paper_default	retrieved_article_pair_result_not_locally_confirmed_recheck	no	yes		Physical-association or co-complex evidence only unless the exception state says otherwise; no client status is inferred.	true	false	SRCREV-2026-07-15-V6_108-PMID33961781-HSP90AB1-045
DBROUTE-v6_108-33961781-HSP90AB1-PNPLA5	DBSRC-HSP90AB1-PNPLA5-fe234f51	33961781	PMC8165030	Dual Proteome-scale Networks Reveal Cell-specific Remodeling of the Human Interactome	HSP90AB1::PNPLA5	HSP90AB1	PNPLA5	true	proteome_scale_apms	exact_pair_not_found_by_automated_package_scan		retrieval_blocked_or_unavailable	assay_association_only	affinity_purification_ms	context_only	weak	low	high_throughput_screen;cell_line_specific;complex_member_not_direct_binding	paper_default	retrieved_article_pair_result_not_locally_confirmed_recheck	no	yes		Physical-association or co-complex evidence only unless the exception state says otherwise; no client status is inferred.	true	false	SRCREV-2026-07-15-V6_108-PMID33961781-HSP90AB1-045
DBROUTE-v6_108-33961781-HSP90AB1-PSKH2	DBSRC-HSP90AB1-PSKH2-fe234f51	33961781	PMC8165030	Dual Proteome-scale Networks Reveal Cell-specific Remodeling of the Human Interactome	HSP90AB1::PSKH2	HSP90AB1	PSKH2	true	proteome_scale_apms	exact_pair_not_found_by_automated_package_scan		retrieval_blocked_or_unavailable	assay_association_only	affinity_purification_ms	context_only	weak	low	high_throughput_screen;cell_line_specific;complex_member_not_direct_binding	paper_default	retrieved_article_pair_result_not_locally_confirmed_recheck	no	yes		Physical-association or co-complex evidence only unless the exception state says otherwise; no client status is inferred.	true	false	SRCREV-2026-07-15-V6_108-PMID33961781-HSP90AB1-045
DBROUTE-v6_108-33961781-HSP90AB1-PTGES3	DBSRC-HSP90AB1-PTGES3-fe234f51	33961781	PMC8165030	Dual Proteome-scale Networks Reveal Cell-specific Remodeling of the Human Interactome	HSP90AB1::PTGES3	HSP90AB1	PTGES3	true	proteome_scale_apms	exact_pair_not_found_by_automated_package_scan		retrieval_blocked_or_unavailable	assay_association_only	affinity_purification_ms	context_only	weak	low	high_throughput_screen;cell_line_specific;complex_member_not_direct_binding	paper_default	retrieved_article_pair_result_not_locally_confirmed_recheck	no	yes		Physical-association or co-complex evidence only unless the exception state says otherwise; no client status is inferred.	true	false	SRCREV-2026-07-15-V6_108-PMID33961781-HSP90AB1-045
DBROUTE-v6_108-33961781-HSP90AB1-RPS6KA4	DBSRC-HSP90AB1-RPS6KA4-fe234f51	33961781	PMC8165030	Dual Proteome-scale Networks Reveal Cell-specific Remodeling of the Human Interactome	HSP90AB1::RPS6KA4	HSP90AB1	RPS6KA4	true	proteome_scale_apms	exact_pair_not_found_by_automated_package_scan		retrieval_blocked_or_unavailable	assay_association_only	affinity_purification_ms	context_only	weak	low	high_throughput_screen;cell_line_specific;complex_member_not_direct_binding	paper_default	retrieved_article_pair_result_not_locally_confirmed_recheck	no	yes		Physical-association or co-complex evidence only unless the exception state says otherwise; no client status is inferred.	true	false	SRCREV-2026-07-15-V6_108-PMID33961781-HSP90AB1-045
DBROUTE-v6_108-33961781-HSP90AB1-SGK2	DBSRC-HSP90AB1-SGK2-fe234f51	33961781	PMC8165030	Dual Proteome-scale Networks Reveal Cell-specific Remodeling of the Human Interactome	HSP90AB1::SGK2	HSP90AB1	SGK2	true	proteome_scale_apms	exact_pair_not_found_by_automated_package_scan		retrieval_blocked_or_unavailable	assay_association_only	affinity_purification_ms	context_only	weak	low	high_throughput_screen;cell_line_specific;complex_member_not_direct_binding	paper_default	retrieved_article_pair_result_not_locally_confirmed_recheck	no	yes		Physical-association or co-complex evidence only unless the exception state says otherwise; no client status is inferred.	true	false	SRCREV-2026-07-15-V6_108-PMID33961781-HSP90AB1-045
DBROUTE-v6_108-33961781-HSP90AB1-SMYD3	DBSRC-HSP90AB1-SMYD3-fe234f51	33961781	PMC8165030	Dual Proteome-scale Networks Reveal Cell-specific Remodeling of the Human Interactome	HSP90AB1::SMYD3	HSP90AB1	SMYD3	true	proteome_scale_apms	exact_pair_not_found_by_automated_package_scan		retrieval_blocked_or_unavailable	assay_association_only	affinity_purification_ms	context_only	weak	low	high_throughput_screen;cell_line_specific;complex_member_not_direct_binding	paper_default	retrieved_article_pair_result_not_locally_confirmed_recheck	no	yes		Physical-association or co-complex evidence only unless the exception state says otherwise; no client status is inferred.	true	false	SRCREV-2026-07-15-V6_108-PMID33961781-HSP90AB1-045
DBROUTE-v6_108-33961781-HSP90AB1-SRMS	DBSRC-HSP90AB1-SRMS-fe234f51	33961781	PMC8165030	Dual Proteome-scale Networks Reveal Cell-specific Remodeling of the Human Interactome	HSP90AB1::SRMS	HSP90AB1	SRMS	true	proteome_scale_apms	exact_pair_not_found_by_automated_package_scan		retrieval_blocked_or_unavailable	assay_association_only	affinity_purification_ms	context_only	weak	low	high_throughput_screen;cell_line_specific;complex_member_not_direct_binding	paper_default	retrieved_article_pair_result_not_locally_confirmed_recheck	no	yes		Physical-association or co-complex evidence only unless the exception state says otherwise; no client status is inferred.	true	false	SRCREV-2026-07-15-V6_108-PMID33961781-HSP90AB1-045
DBROUTE-v6_108-33961781-HSP90AB1-STK11	DBSRC-HSP90AB1-STK11-fe234f51	33961781	PMC8165030	Dual Proteome-scale Networks Reveal Cell-specific Remodeling of the Human Interactome	HSP90AB1::STK11	HSP90AB1	STK11	true	proteome_scale_apms	exact_pair_not_found_by_automated_package_scan		retrieval_blocked_or_unavailable	assay_association_only	affinity_purification_ms	context_only	weak	low	high_throughput_screen;cell_line_specific;complex_member_not_direct_binding	paper_default	retrieved_article_pair_result_not_locally_confirmed_recheck	no	yes		Physical-association or co-complex evidence only unless the exception state says otherwise; no client status is inferred.	true	false	SRCREV-2026-07-15-V6_108-PMID33961781-HSP90AB1-045
DBROUTE-v6_108-33961781-HSP90AB1-STK35	DBSRC-HSP90AB1-STK35-fe234f51	33961781	PMC8165030	Dual Proteome-scale Networks Reveal Cell-specific Remodeling of the Human Interactome	HSP90AB1::STK35	HSP90AB1	STK35	true	proteome_scale_apms	exact_pair_not_found_by_automated_package_scan		retrieval_blocked_or_unavailable	assay_association_only	affinity_purification_ms	context_only	weak	low	high_throughput_screen;cell_line_specific;complex_member_not_direct_binding	paper_default	retrieved_article_pair_result_not_locally_confirmed_recheck	no	yes		Physical-association or co-complex evidence only unless the exception state says otherwise; no client status is inferred.	true	false	SRCREV-2026-07-15-V6_108-PMID33961781-HSP90AB1-045
DBROUTE-v6_108-33961781-HSP90AB1-TSSK6	DBSRC-HSP90AB1-TSSK6-fe234f51	33961781	PMC8165030	Dual Proteome-scale Networks Reveal Cell-specific Remodeling of the Human Interactome	HSP90AB1::TSSK6	HSP90AB1	TSSK6	true	proteome_scale_apms	exact_pair_not_found_by_automated_package_scan		retrieval_blocked_or_unavailable	assay_association_only	affinity_purification_ms	context_only	weak	low	high_throughput_screen;cell_line_specific;complex_member_not_direct_binding	paper_default	retrieved_article_pair_result_not_locally_confirmed_recheck	no	yes		Physical-association or co-complex evidence only unless the exception state says otherwise; no client status is inferred.	true	false	SRCREV-2026-07-15-V6_108-PMID33961781-HSP90AB1-045
DBROUTE-v6_108-33961781-HSP90AB1-TTC9C	DBSRC-HSP90AB1-TTC9C-fe234f51	33961781	PMC8165030	Dual Proteome-scale Networks Reveal Cell-specific Remodeling of the Human Interactome	HSP90AB1::TTC9C	HSP90AB1	TTC9C	true	proteome_scale_apms	exact_pair_not_found_by_automated_package_scan		retrieval_blocked_or_unavailable	assay_association_only	affinity_purification_ms	context_only	weak	low	high_throughput_screen;cell_line_specific;complex_member_not_direct_binding	paper_default	retrieved_article_pair_result_not_locally_confirmed_recheck	no	yes		Physical-association or co-complex evidence only unless the exception state says otherwise; no client status is inferred.	true	false	SRCREV-2026-07-15-V6_108-PMID33961781-HSP90AB1-045
DBROUTE-v6_108-33961781-HSP90AB1-UNC45B	DBSRC-HSP90AB1-UNC45B-fe234f51	33961781	PMC8165030	Dual Proteome-scale Networks Reveal Cell-specific Remodeling of the Human Interactome	HSP90AB1::UNC45B	HSP90AB1	UNC45B	true	proteome_scale_apms	exact_pair_not_found_by_automated_package_scan		retrieval_blocked_or_unavailable	assay_association_only	affinity_purification_ms	context_only	weak	low	high_throughput_screen;cell_line_specific;complex_member_not_direct_binding	paper_default	retrieved_article_pair_result_not_locally_confirmed_recheck	no	yes		Physical-association or co-complex evidence only unless the exception state says otherwise; no client status is inferred.	true	false	SRCREV-2026-07-15-V6_108-PMID33961781-HSP90AB1-045
DBROUTE-v6_108-33961781-HSP90B1-ITIH3	DBSRC-HSP90B1-ITIH3-fe234f51	33961781	PMC8165030	Dual Proteome-scale Networks Reveal Cell-specific Remodeling of the Human Interactome	HSP90B1::ITIH3	HSP90B1	ITIH3	true	proteome_scale_apms	exact_pair_not_found_by_automated_package_scan		retrieval_blocked_or_unavailable	assay_association_only	affinity_purification_ms	context_only	weak	low	high_throughput_screen;cell_line_specific;complex_member_not_direct_binding	paper_default	retrieved_article_pair_result_not_locally_confirmed_recheck	no	yes		Physical-association or co-complex evidence only unless the exception state says otherwise; no client status is inferred.	true	false	SRCREV-2026-07-15-V6_108-PMID33961781-HSP90B1-046
DBROUTE-v6_108-33961781-HSP90B1-OS9	DBSRC-HSP90B1-OS9-fe234f51	33961781	PMC8165030	Dual Proteome-scale Networks Reveal Cell-specific Remodeling of the Human Interactome	HSP90B1::OS9	HSP90B1	OS9	true	proteome_scale_apms	exact_pair_not_found_by_automated_package_scan		retrieval_blocked_or_unavailable	assay_association_only	affinity_purification_ms	context_only	weak	low	high_throughput_screen;cell_line_specific;complex_member_not_direct_binding	paper_default	retrieved_article_pair_result_not_locally_confirmed_recheck	no	yes		Physical-association or co-complex evidence only unless the exception state says otherwise; no client status is inferred.	true	false	SRCREV-2026-07-15-V6_108-PMID33961781-HSP90B1-046
DBROUTE-v6_108-34349018-HSP90B1-CNPY2	DBSRC-HSP90B1-CNPY2-20919e7d	34349018	PMC8364181	Protein interaction landscapes revealed by advanced in vivo cross-linking–mass spectrometry	HSP90B1::CNPY2	HSP90B1	CNPY2	true	in_vivo_crosslinking_ms	exact_pair_not_found_by_automated_package_scan		retrieval_blocked_or_unavailable	assay_association_only	structural_complex	context_only	weak	low	crosslinking_ms;direct_binding_unclear;complex_member_not_direct_binding	paper_default	retrieved_article_pair_result_not_locally_confirmed_recheck	no	yes		Physical-association or co-complex evidence only unless the exception state says otherwise; no client status is inferred.	true	false	SRCREV-2026-07-15-V6_108-PMID34349018-HSP90B1-047
DBROUTE-v6_108-34349018-HSP90B1-DMXL2	DBSRC-HSP90B1-DMXL2-20919e7d	34349018	PMC8364181	Protein interaction landscapes revealed by advanced in vivo cross-linking–mass spectrometry	HSP90B1::DMXL2	HSP90B1	DMXL2	true	in_vivo_crosslinking_ms	exact_pair_not_found_by_automated_package_scan		retrieval_blocked_or_unavailable	assay_association_only	structural_complex	context_only	weak	low	crosslinking_ms;direct_binding_unclear;complex_member_not_direct_binding	paper_default	retrieved_article_pair_result_not_locally_confirmed_recheck	no	yes		Physical-association or co-complex evidence only unless the exception state says otherwise; no client status is inferred.	true	false	SRCREV-2026-07-15-V6_108-PMID34349018-HSP90B1-047
DBROUTE-v6_108-34349018-HSP90B1-HSPA1A	DBSRC-HSP90B1-HSPA1A-20919e7d	34349018	PMC8364181	Protein interaction landscapes revealed by advanced in vivo cross-linking–mass spectrometry	HSP90B1::HSPA1A	HSP90B1	HSPA1A	true	in_vivo_crosslinking_ms	exact_pair_not_found_by_automated_package_scan		retrieval_blocked_or_unavailable	assay_association_only	structural_complex	context_only	weak	low	crosslinking_ms;direct_binding_unclear;complex_member_not_direct_binding	paper_default	retrieved_article_pair_result_not_locally_confirmed_recheck	no	yes		Physical-association or co-complex evidence only unless the exception state says otherwise; no client status is inferred.	true	false	SRCREV-2026-07-15-V6_108-PMID34349018-HSP90B1-047
DBROUTE-v6_108-34349018-HSP90B1-HSPA5	DBSRC-HSP90B1-HSPA5-20919e7d	34349018	PMC8364181	Protein interaction landscapes revealed by advanced in vivo cross-linking–mass spectrometry	HSP90B1::HSPA5	HSP90B1	HSPA5	true	in_vivo_crosslinking_ms	exact_pair_not_found_by_automated_package_scan		retrieval_blocked_or_unavailable	assay_association_only	structural_complex	context_only	weak	low	crosslinking_ms;direct_binding_unclear;complex_member_not_direct_binding	paper_default	retrieved_article_pair_result_not_locally_confirmed_recheck	no	yes		Physical-association or co-complex evidence only unless the exception state says otherwise; no client status is inferred.	true	false	SRCREV-2026-07-15-V6_108-PMID34349018-HSP90B1-047
DBROUTE-v6_108-34428256-HSP90B1-BAG1	DBSRC-HSP90B1-BAG1-9634809d	34428256	PMC8384158	Interactome analysis of Bag-1 isoforms reveals novel interaction partners in endoplasmic reticulum-associated degradation	HSP90B1::BAG1	HSP90B1	BAG1	true	bag1_tap_broad_hsp90_wrong_organelle_route	exact_pair_found_in_inspected_supplement	xlsx:pone.0256640.s013.xlsx:Bag-1L (2):row_57:sheet_header_gene_row;xlsx:pone.0256640.s013.xlsx:Bag-1L (3):row_51:sheet_header_gene_row;xlsx:pone.0256640.s013.xlsx:Bag-1S (3):row_26:sheet_header_gene_row	retrieved_valid	not_hsp90_relevant_after_review	coimmunoprecipitation	exclude	not_supportive	high	broad_Hsp90_antibody;queued_organelle_isoform_not_supported;isoform_resolution_unclear	paper_default	reviewed_wrong_isoform_or_background_no_flow	no	no		Physical-association or co-complex evidence only unless the exception state says otherwise; no client status is inferred.	true	false	SRCREV-2026-07-15-V6_108-PMID34428256-HSP90B1-048
DBROUTE-v6_108-34428256-TRAP1-BAG1	DBSRC-TRAP1-BAG1-9634809d	34428256	PMC8384158	Interactome analysis of Bag-1 isoforms reveals novel interaction partners in endoplasmic reticulum-associated degradation	TRAP1::BAG1	TRAP1	BAG1	true	bag1_tap_broad_hsp90_wrong_organelle_route	exact_pair_not_found_by_automated_package_scan		retrieved_valid	not_hsp90_relevant_after_review	coimmunoprecipitation	exclude	not_supportive	high	broad_Hsp90_antibody;queued_organelle_isoform_not_supported;isoform_resolution_unclear	paper_default	reviewed_wrong_isoform_or_background_no_flow	no	no		Physical-association or co-complex evidence only unless the exception state says otherwise; no client status is inferred.	true	false	SRCREV-2026-07-15-V6_108-PMID34428256-TRAP1-049
DBROUTE-v6_108-35063084-HSP90AA1-MAPT	DBSRC-HSP90AA1-MAPT-c2114147	35063084	PMC8857049	Tau interactome maps synaptic and mitochondrial processes associated with neurodegeneration	HSP90AA1::MAPT	HSP90AA1	MAPT	true	tau_apex_proximity	exact_pair_not_found_by_automated_package_scan		retrieval_blocked_or_unavailable	assay_association_only	affinity_purification_ms	context_only	weak	low	proximity_or_complex_only;neuronal_context;not_client_evidence	paper_default	retrieved_article_pair_result_not_locally_confirmed_recheck	no	yes		Physical-association or co-complex evidence only unless the exception state says otherwise; no client status is inferred.	true	false	SRCREV-2026-07-15-V6_108-PMID35063084-HSP90AA1-050
DBROUTE-v6_108-35063084-HSP90AB1-MAPT	DBSRC-HSP90AB1-MAPT-c2114147	35063084	PMC8857049	Tau interactome maps synaptic and mitochondrial processes associated with neurodegeneration	HSP90AB1::MAPT	HSP90AB1	MAPT	true	tau_apex_proximity	exact_pair_not_found_by_automated_package_scan		retrieval_blocked_or_unavailable	assay_association_only	affinity_purification_ms	context_only	weak	low	proximity_or_complex_only;neuronal_context;not_client_evidence	paper_default	retrieved_article_pair_result_not_locally_confirmed_recheck	no	yes		Physical-association or co-complex evidence only unless the exception state says otherwise; no client status is inferred.	true	false	SRCREV-2026-07-15-V6_108-PMID35063084-HSP90AB1-051
DBROUTE-v6_108-35271311-HSP90B1-CANX	DBSRC-HSP90B1-CANX-68c8b043	35271311	PMC9119736	OpenCell: proteome-scale endogenous tagging enables the cartography of human cellular organization	HSP90B1::CANX	HSP90B1	CANX	true	endogenous_opencell_ipms	exact_pair_not_found_by_automated_package_scan		retrieval_blocked_or_unavailable	assay_association_only	affinity_purification_ms	context_only	weak	low	high_throughput_screen;endogenous_tagging;complex_member_not_direct_binding	paper_default	retrieved_article_pair_result_not_locally_confirmed_recheck	no	yes		Physical-association or co-complex evidence only unless the exception state says otherwise; no client status is inferred.	true	false	SRCREV-2026-07-15-V6_108-PMID35271311-HSP90B1-052
DBROUTE-v6_108-35271311-HSP90B1-DDOST	DBSRC-HSP90B1-DDOST-68c8b043	35271311	PMC9119736	OpenCell: proteome-scale endogenous tagging enables the cartography of human cellular organization	HSP90B1::DDOST	HSP90B1	DDOST	true	endogenous_opencell_ipms	exact_pair_not_found_by_automated_package_scan		retrieval_blocked_or_unavailable	assay_association_only	affinity_purification_ms	context_only	weak	low	high_throughput_screen;endogenous_tagging;complex_member_not_direct_binding	paper_default	retrieved_article_pair_result_not_locally_confirmed_recheck	no	yes		Physical-association or co-complex evidence only unless the exception state says otherwise; no client status is inferred.	true	false	SRCREV-2026-07-15-V6_108-PMID35271311-HSP90B1-052
DBROUTE-v6_108-35271311-HSP90B1-RER1	DBSRC-HSP90B1-RER1-68c8b043	35271311	PMC9119736	OpenCell: proteome-scale endogenous tagging enables the cartography of human cellular organization	HSP90B1::RER1	HSP90B1	RER1	true	endogenous_opencell_ipms	exact_pair_not_found_by_automated_package_scan		retrieval_blocked_or_unavailable	assay_association_only	affinity_purification_ms	context_only	weak	low	high_throughput_screen;endogenous_tagging;complex_member_not_direct_binding	paper_default	retrieved_article_pair_result_not_locally_confirmed_recheck	no	yes		Physical-association or co-complex evidence only unless the exception state says otherwise; no client status is inferred.	true	false	SRCREV-2026-07-15-V6_108-PMID35271311-HSP90B1-052
DBROUTE-v6_108-35271311-HSP90B1-RPN1	DBSRC-HSP90B1-RPN1-68c8b043	35271311	PMC9119736	OpenCell: proteome-scale endogenous tagging enables the cartography of human cellular organization	HSP90B1::RPN1	HSP90B1	RPN1	true	endogenous_opencell_ipms	exact_pair_not_found_by_automated_package_scan		retrieval_blocked_or_unavailable	assay_association_only	affinity_purification_ms	context_only	weak	low	high_throughput_screen;endogenous_tagging;complex_member_not_direct_binding	paper_default	retrieved_article_pair_result_not_locally_confirmed_recheck	no	yes		Physical-association or co-complex evidence only unless the exception state says otherwise; no client status is inferred.	true	false	SRCREV-2026-07-15-V6_108-PMID35271311-HSP90B1-052
DBROUTE-v6_108-35271311-HSP90B1-RPN2	DBSRC-HSP90B1-RPN2-68c8b043	35271311	PMC9119736	OpenCell: proteome-scale endogenous tagging enables the cartography of human cellular organization	HSP90B1::RPN2	HSP90B1	RPN2	true	endogenous_opencell_ipms	exact_pair_not_found_by_automated_package_scan		retrieval_blocked_or_unavailable	assay_association_only	affinity_purification_ms	context_only	weak	low	high_throughput_screen;endogenous_tagging;complex_member_not_direct_binding	paper_default	retrieved_article_pair_result_not_locally_confirmed_recheck	no	yes		Physical-association or co-complex evidence only unless the exception state says otherwise; no client status is inferred.	true	false	SRCREV-2026-07-15-V6_108-PMID35271311-HSP90B1-052
DBROUTE-v6_108-35271311-HSP90B1-STT3B	DBSRC-HSP90B1-STT3B-68c8b043	35271311	PMC9119736	OpenCell: proteome-scale endogenous tagging enables the cartography of human cellular organization	HSP90B1::STT3B	HSP90B1	STT3B	true	endogenous_opencell_ipms	exact_pair_not_found_by_automated_package_scan		retrieval_blocked_or_unavailable	assay_association_only	affinity_purification_ms	context_only	weak	low	high_throughput_screen;endogenous_tagging;complex_member_not_direct_binding	paper_default	retrieved_article_pair_result_not_locally_confirmed_recheck	no	yes		Physical-association or co-complex evidence only unless the exception state says otherwise; no client status is inferred.	true	false	SRCREV-2026-07-15-V6_108-PMID35271311-HSP90B1-052
DBROUTE-v6_108-35271311-TRAP1-FKBP5	DBSRC-TRAP1-FKBP5-68c8b043	35271311	PMC9119736	OpenCell: proteome-scale endogenous tagging enables the cartography of human cellular organization	TRAP1::FKBP5	TRAP1	FKBP5	true	endogenous_opencell_ipms	exact_pair_not_found_by_automated_package_scan		retrieval_blocked_or_unavailable	assay_association_only	affinity_purification_ms	context_only	weak	low	high_throughput_screen;endogenous_tagging;complex_member_not_direct_binding	paper_default	retrieved_article_pair_result_not_locally_confirmed_recheck	no	yes		Physical-association or co-complex evidence only unless the exception state says otherwise; no client status is inferred.	true	false	SRCREV-2026-07-15-V6_108-PMID35271311-TRAP1-053
DBROUTE-v6_108-35271311-TRAP1-LGALS1	DBSRC-TRAP1-LGALS1-68c8b043	35271311	PMC9119736	OpenCell: proteome-scale endogenous tagging enables the cartography of human cellular organization	TRAP1::LGALS1	TRAP1	LGALS1	true	endogenous_opencell_ipms	exact_pair_not_found_by_automated_package_scan		retrieval_blocked_or_unavailable	assay_association_only	affinity_purification_ms	context_only	weak	low	high_throughput_screen;endogenous_tagging;complex_member_not_direct_binding	paper_default	retrieved_article_pair_result_not_locally_confirmed_recheck	no	yes		Physical-association or co-complex evidence only unless the exception state says otherwise; no client status is inferred.	true	false	SRCREV-2026-07-15-V6_108-PMID35271311-TRAP1-053
DBROUTE-v6_108-35384245-HSP90AA1-ERBB2	DBSRC-HSP90AA1-ERBB2-993744b9	35384245	PMC9171411	Physical and functional interactome atlas of human receptor tyrosine kinases	HSP90AA1::ERBB2	HSP90AA1	ERBB2	true	rtk_apms_bioid_atlas	exact_pair_not_found_by_automated_package_scan		retrieved_valid	direct_binding_partner	coimmunoprecipitation	context_only	weak	low	high_throughput_screen;proximity_or_complex_only;cell_line_specific;not_client_evidence;orthogonal_coimmunoprecipitation	pair_specific_coip_support	retrieved_article_pair_result_not_locally_confirmed_recheck	no	yes		Physical-association or co-complex evidence only unless the exception state says otherwise; no client status is inferred.	true	false	SRCREV-2026-07-15-V6_108-PMID35384245-HSP90AA1-055
DBROUTE-v6_108-35384245-HSP90AA1-FGFR1	DBSRC-HSP90AA1-FGFR1-993744b9	35384245	PMC9171411	Physical and functional interactome atlas of human receptor tyrosine kinases	HSP90AA1::FGFR1	HSP90AA1	FGFR1	true	rtk_apms_bioid_atlas	exact_pair_not_found_by_automated_package_scan		retrieved_valid	direct_binding_partner	coimmunoprecipitation	context_only	weak	low	high_throughput_screen;proximity_or_complex_only;cell_line_specific;not_client_evidence;orthogonal_coimmunoprecipitation	pair_specific_coip_support	retrieved_article_pair_result_not_locally_confirmed_recheck	no	yes		Physical-association or co-complex evidence only unless the exception state says otherwise; no client status is inferred.	true	false	SRCREV-2026-07-15-V6_108-PMID35384245-HSP90AA1-055
DBROUTE-v6_108-35384245-HSP90AA1-FGFR3	DBSRC-HSP90AA1-FGFR3-993744b9	35384245	PMC9171411	Physical and functional interactome atlas of human receptor tyrosine kinases	HSP90AA1::FGFR3	HSP90AA1	FGFR3	true	rtk_apms_bioid_atlas	exact_pair_not_found_by_automated_package_scan		retrieved_valid	complex_comember	affinity_purification_ms	context_only	weak	low	high_throughput_screen;proximity_or_complex_only;cell_line_specific;not_client_evidence	paper_default	retrieved_article_pair_result_not_locally_confirmed_recheck	no	yes		Physical-association or co-complex evidence only unless the exception state says otherwise; no client status is inferred.	true	false	SRCREV-2026-07-15-V6_108-PMID35384245-HSP90AA1-054
DBROUTE-v6_108-35384245-HSP90AA1-FGFR4	DBSRC-HSP90AA1-FGFR4-993744b9	35384245	PMC9171411	Physical and functional interactome atlas of human receptor tyrosine kinases	HSP90AA1::FGFR4	HSP90AA1	FGFR4	true	rtk_apms_bioid_atlas	exact_pair_found_in_article_text	article_text	retrieved_valid	direct_binding_partner	coimmunoprecipitation	support_only	moderate	high	high_throughput_screen;proximity_or_complex_only;cell_line_specific;not_client_evidence;orthogonal_coimmunoprecipitation	pair_specific_coip_support	reviewed_source_support_flow_later	yes	no		Physical-association or co-complex evidence only unless the exception state says otherwise; no client status is inferred.	true	false	SRCREV-2026-07-15-V6_108-PMID35384245-HSP90AA1-056
DBROUTE-v6_108-35384245-HSP90AA1-INSRR	DBSRC-HSP90AA1-INSRR-993744b9	35384245	PMC9171411	Physical and functional interactome atlas of human receptor tyrosine kinases	HSP90AA1::INSRR	HSP90AA1	INSRR	true	rtk_apms_bioid_atlas	exact_pair_not_found_by_automated_package_scan		retrieved_valid	complex_comember	affinity_purification_ms	context_only	weak	low	high_throughput_screen;proximity_or_complex_only;cell_line_specific;not_client_evidence	paper_default	retrieved_article_pair_result_not_locally_confirmed_recheck	no	yes		Physical-association or co-complex evidence only unless the exception state says otherwise; no client status is inferred.	true	false	SRCREV-2026-07-15-V6_108-PMID35384245-HSP90AA1-054
DBROUTE-v6_108-35384245-HSP90AB1-DDR2	DBSRC-HSP90AB1-DDR2-993744b9	35384245	PMC9171411	Physical and functional interactome atlas of human receptor tyrosine kinases	HSP90AB1::DDR2	HSP90AB1	DDR2	true	rtk_apms_bioid_atlas	exact_pair_found_in_inspected_supplement	pdf:EMBR-23-e54041-s007.pdf:page_3	retrieved_valid	direct_binding_partner	coimmunoprecipitation	support_only	moderate	high	high_throughput_screen;proximity_or_complex_only;cell_line_specific;not_client_evidence;orthogonal_coimmunoprecipitation	pair_specific_coip_support	reviewed_source_support_flow_later	yes	no		Physical-association or co-complex evidence only unless the exception state says otherwise; no client status is inferred.	true	false	SRCREV-2026-07-15-V6_108-PMID35384245-HSP90AB1-058
DBROUTE-v6_108-35384245-HSP90AB1-EPHB6	DBSRC-HSP90AB1-EPHB6-993744b9	35384245	PMC9171411	Physical and functional interactome atlas of human receptor tyrosine kinases	HSP90AB1::EPHB6	HSP90AB1	EPHB6	true	rtk_apms_bioid_atlas	exact_pair_found_in_inspected_supplement	pdf:EMBR-23-e54041-s007.pdf:page_3	retrieved_valid	complex_comember	affinity_purification_ms	support_only	weak	medium	high_throughput_screen;proximity_or_complex_only;cell_line_specific;not_client_evidence	paper_default	reviewed_source_support_flow_later	yes	no		Physical-association or co-complex evidence only unless the exception state says otherwise; no client status is inferred.	true	false	SRCREV-2026-07-15-V6_108-PMID35384245-HSP90AB1-057
DBROUTE-v6_108-35384245-HSP90AB1-ERBB2	DBSRC-HSP90AB1-ERBB2-993744b9	35384245	PMC9171411	Physical and functional interactome atlas of human receptor tyrosine kinases	HSP90AB1::ERBB2	HSP90AB1	ERBB2	true	rtk_apms_bioid_atlas	exact_pair_found_in_inspected_supplement	pdf:EMBR-23-e54041-s007.pdf:page_3	retrieved_valid	direct_binding_partner	coimmunoprecipitation	support_only	moderate	high	high_throughput_screen;proximity_or_complex_only;cell_line_specific;not_client_evidence;orthogonal_coimmunoprecipitation	pair_specific_coip_support	reviewed_source_support_flow_later	yes	no		Physical-association or co-complex evidence only unless the exception state says otherwise; no client status is inferred.	true	false	SRCREV-2026-07-15-V6_108-PMID35384245-HSP90AB1-058
DBROUTE-v6_108-35384245-HSP90AB1-FGFR1	DBSRC-HSP90AB1-FGFR1-993744b9	35384245	PMC9171411	Physical and functional interactome atlas of human receptor tyrosine kinases	HSP90AB1::FGFR1	HSP90AB1	FGFR1	true	rtk_apms_bioid_atlas	exact_pair_found_in_inspected_supplement	pdf:EMBR-23-e54041-s007.pdf:page_3	retrieved_valid	direct_binding_partner	coimmunoprecipitation	support_only	moderate	high	high_throughput_screen;proximity_or_complex_only;cell_line_specific;not_client_evidence;orthogonal_coimmunoprecipitation	pair_specific_coip_support	reviewed_source_support_flow_later	yes	no		Physical-association or co-complex evidence only unless the exception state says otherwise; no client status is inferred.	true	false	SRCREV-2026-07-15-V6_108-PMID35384245-HSP90AB1-058
DBROUTE-v6_108-35384245-HSP90AB1-FGFR3	DBSRC-HSP90AB1-FGFR3-993744b9	35384245	PMC9171411	Physical and functional interactome atlas of human receptor tyrosine kinases	HSP90AB1::FGFR3	HSP90AB1	FGFR3	true	rtk_apms_bioid_atlas	exact_pair_found_in_inspected_supplement	pdf:EMBR-23-e54041-s007.pdf:page_3	retrieved_valid	complex_comember	affinity_purification_ms	support_only	weak	medium	high_throughput_screen;proximity_or_complex_only;cell_line_specific;not_client_evidence	paper_default	reviewed_source_support_flow_later	yes	no		Physical-association or co-complex evidence only unless the exception state says otherwise; no client status is inferred.	true	false	SRCREV-2026-07-15-V6_108-PMID35384245-HSP90AB1-057
DBROUTE-v6_108-35384245-HSP90AB1-FGFR4	DBSRC-HSP90AB1-FGFR4-993744b9	35384245	PMC9171411	Physical and functional interactome atlas of human receptor tyrosine kinases	HSP90AB1::FGFR4	HSP90AB1	FGFR4	true	rtk_apms_bioid_atlas	exact_pair_found_in_inspected_supplement	article_text;pdf:EMBR-23-e54041-s007.pdf:page_3	retrieved_valid	direct_binding_partner	coimmunoprecipitation	support_only	moderate	high	high_throughput_screen;proximity_or_complex_only;cell_line_specific;not_client_evidence;orthogonal_coimmunoprecipitation	pair_specific_coip_support	reviewed_source_support_flow_later	yes	no		Physical-association or co-complex evidence only unless the exception state says otherwise; no client status is inferred.	true	false	SRCREV-2026-07-15-V6_108-PMID35384245-HSP90AB1-058
DBROUTE-v6_108-35384245-HSP90AB1-FLT4	DBSRC-HSP90AB1-FLT4-993744b9	35384245	PMC9171411	Physical and functional interactome atlas of human receptor tyrosine kinases	HSP90AB1::FLT4	HSP90AB1	FLT4	true	rtk_apms_bioid_atlas	exact_pair_found_in_inspected_supplement	pdf:EMBR-23-e54041-s007.pdf:page_3	retrieved_valid	complex_comember	affinity_purification_ms	support_only	weak	medium	high_throughput_screen;proximity_or_complex_only;cell_line_specific;not_client_evidence	paper_default	reviewed_source_support_flow_later	yes	no		Physical-association or co-complex evidence only unless the exception state says otherwise; no client status is inferred.	true	false	SRCREV-2026-07-15-V6_108-PMID35384245-HSP90AB1-057
DBROUTE-v6_108-35384245-HSP90AB1-INSRR	DBSRC-HSP90AB1-INSRR-993744b9	35384245	PMC9171411	Physical and functional interactome atlas of human receptor tyrosine kinases	HSP90AB1::INSRR	HSP90AB1	INSRR	true	rtk_apms_bioid_atlas	exact_pair_found_in_inspected_supplement	pdf:EMBR-23-e54041-s007.pdf:page_3	retrieved_valid	complex_comember	affinity_purification_ms	support_only	weak	medium	high_throughput_screen;proximity_or_complex_only;cell_line_specific;not_client_evidence	paper_default	reviewed_source_support_flow_later	yes	no		Physical-association or co-complex evidence only unless the exception state says otherwise; no client status is inferred.	true	false	SRCREV-2026-07-15-V6_108-PMID35384245-HSP90AB1-057
DBROUTE-v6_108-35384245-HSP90AB1-NTRK1	DBSRC-HSP90AB1-NTRK1-993744b9	35384245	PMC9171411	Physical and functional interactome atlas of human receptor tyrosine kinases	HSP90AB1::NTRK1	HSP90AB1	NTRK1	true	rtk_apms_bioid_atlas	exact_pair_found_in_inspected_supplement	pdf:EMBR-23-e54041-s007.pdf:page_3	retrieved_valid	direct_binding_partner	coimmunoprecipitation	support_only	moderate	high	high_throughput_screen;proximity_or_complex_only;cell_line_specific;not_client_evidence;orthogonal_coimmunoprecipitation	pair_specific_coip_support	reviewed_source_support_flow_later	yes	no		Physical-association or co-complex evidence only unless the exception state says otherwise; no client status is inferred.	true	false	SRCREV-2026-07-15-V6_108-PMID35384245-HSP90AB1-058
DBROUTE-v6_108-35384245-HSP90AB1-STYK1	DBSRC-HSP90AB1-STYK1-993744b9	35384245	PMC9171411	Physical and functional interactome atlas of human receptor tyrosine kinases	HSP90AB1::STYK1	HSP90AB1	STYK1	true	rtk_apms_bioid_atlas	exact_pair_found_in_inspected_supplement	pdf:EMBR-23-e54041-s007.pdf:page_3	retrieved_valid	complex_comember	affinity_purification_ms	support_only	weak	medium	high_throughput_screen;proximity_or_complex_only;cell_line_specific;not_client_evidence	paper_default	reviewed_source_support_flow_later	yes	no		Physical-association or co-complex evidence only unless the exception state says otherwise; no client status is inferred.	true	false	SRCREV-2026-07-15-V6_108-PMID35384245-HSP90AB1-057
DBROUTE-v6_108-35384245-HSP90AB1-TYRO3	DBSRC-HSP90AB1-TYRO3-993744b9	35384245	PMC9171411	Physical and functional interactome atlas of human receptor tyrosine kinases	HSP90AB1::TYRO3	HSP90AB1	TYRO3	true	rtk_apms_bioid_atlas	exact_pair_found_in_inspected_supplement	article_text;pdf:EMBR-23-e54041-s007.pdf:page_3	retrieved_valid	complex_comember	affinity_purification_ms	support_only	weak	medium	high_throughput_screen;proximity_or_complex_only;cell_line_specific;not_client_evidence	paper_default	reviewed_source_support_flow_later	yes	no		Physical-association or co-complex evidence only unless the exception state says otherwise; no client status is inferred.	true	false	SRCREV-2026-07-15-V6_108-PMID35384245-HSP90AB1-057
DBROUTE-v6_108-35831314-HSP90B1-CDC37	DBSRC-HSP90B1-CDC37-e0e5753e	35831314	PMC9279285	Scalable multiplex co-fractionation/mass spectrometry platform for accelerated protein interactome discovery	HSP90B1::CDC37	HSP90B1	CDC37	true	multiplex_cofractionation_ms	exact_pair_found_in_inspected_supplement	pdf:41467_2022_31809_MOESM1_ESM.pdf:page_4;xlsx:41467_2022_31809_MOESM4_ESM.xlsx:EPIC PPI:row_8873:same_row	retrieved_valid	complex_comember	structural_complex	support_only	weak	medium	cofractionation_only;cell_line_specific;complex_member_not_direct_binding	paper_default	reviewed_source_support_flow_later	yes	no		Physical-association or co-complex evidence only unless the exception state says otherwise; no client status is inferred.	true	false	SRCREV-2026-07-15-V6_108-PMID35831314-HSP90B1-059
DBROUTE-v6_108-35831314-HSP90B1-HSPA5	DBSRC-HSP90B1-HSPA5-e0e5753e	35831314	PMC9279285	Scalable multiplex co-fractionation/mass spectrometry platform for accelerated protein interactome discovery	HSP90B1::HSPA5	HSP90B1	HSPA5	true	multiplex_cofractionation_ms	exact_pair_found_in_inspected_supplement	xlsx:41467_2022_31809_MOESM4_ESM.xlsx:EPIC PPI:row_9089:same_row	retrieved_valid	complex_comember	structural_complex	support_only	weak	medium	cofractionation_only;cell_line_specific;complex_member_not_direct_binding	paper_default	reviewed_source_support_flow_later	yes	no		Physical-association or co-complex evidence only unless the exception state says otherwise; no client status is inferred.	true	false	SRCREV-2026-07-15-V6_108-PMID35831314-HSP90B1-059
DBROUTE-v6_108-35831314-HSP90B1-SPTBN1	DBSRC-HSP90B1-SPTBN1-e0e5753e	35831314	PMC9279285	Scalable multiplex co-fractionation/mass spectrometry platform for accelerated protein interactome discovery	HSP90B1::SPTBN1	HSP90B1	SPTBN1	true	multiplex_cofractionation_ms	exact_pair_found_in_inspected_supplement	pdf:41467_2022_31809_MOESM1_ESM.pdf:page_4;xlsx:41467_2022_31809_MOESM4_ESM.xlsx:EPIC PPI:row_8869:same_row	retrieved_valid	complex_comember	structural_complex	support_only	weak	medium	cofractionation_only;cell_line_specific;complex_member_not_direct_binding	paper_default	reviewed_source_support_flow_later	yes	no		Physical-association or co-complex evidence only unless the exception state says otherwise; no client status is inferred.	true	false	SRCREV-2026-07-15-V6_108-PMID35831314-HSP90B1-059
DBROUTE-v6_108-35831314-HSP90B1-VPS35	DBSRC-HSP90B1-VPS35-e0e5753e	35831314	PMC9279285	Scalable multiplex co-fractionation/mass spectrometry platform for accelerated protein interactome discovery	HSP90B1::VPS35	HSP90B1	VPS35	true	multiplex_cofractionation_ms	exact_pair_found_in_inspected_supplement	pdf:41467_2022_31809_MOESM1_ESM.pdf:page_4;xlsx:41467_2022_31809_MOESM4_ESM.xlsx:EPIC PPI:row_8879:same_row	retrieved_valid	complex_comember	structural_complex	support_only	weak	medium	cofractionation_only;cell_line_specific;complex_member_not_direct_binding	paper_default	reviewed_source_support_flow_later	yes	no		Physical-association or co-complex evidence only unless the exception state says otherwise; no client status is inferred.	true	false	SRCREV-2026-07-15-V6_108-PMID35831314-HSP90B1-059
DBROUTE-v6_108-35831314-TRAP1-HSPD1	DBSRC-TRAP1-HSPD1-e0e5753e	35831314	PMC9279285	Scalable multiplex co-fractionation/mass spectrometry platform for accelerated protein interactome discovery	TRAP1::HSPD1	TRAP1	HSPD1	true	multiplex_cofractionation_ms	exact_pair_found_in_inspected_supplement	pdf:41467_2022_31809_MOESM1_ESM.pdf:page_4;xlsx:41467_2022_31809_MOESM4_ESM.xlsx:EPIC PPI:row_9568:same_row;xlsx:41467_2022_31809_MOESM5_ESM.xlsx:MCF10A complexes:row_5:same_row;xlsx:41467_2022_31809_MOESM5_ESM.xlsx:MCF10A complexes:row_75:sheet_header_gene_row;xlsx:41467_2022_31809_MOESM5_ESM.xlsx:MCF7 complexes:row_4:same_row;xlsx:41467_2022_31809_MOESM5_ESM.xlsx:MDA-MB-231 complexes:row_5:same_row;xlsx:41467_2022_31809_MOESM5_ESM.xlsx:Pairwise comparison:row_1007:same_row;xlsx:41467_2022_31809_MOESM5_ESM.xlsx:Pairwise comparison:row_502:same_row;xlsx:41467_2022_31809_MOESM5_ESM.xlsx:Pairwise comparison:row_6:same_row	retrieved_valid	complex_comember	structural_complex	support_only	weak	medium	cofractionation_only;cell_line_specific;complex_member_not_direct_binding	paper_default	reviewed_source_support_flow_later	yes	no		Physical-association or co-complex evidence only unless the exception state says otherwise; no client status is inferred.	true	false	SRCREV-2026-07-15-V6_108-PMID35831314-TRAP1-060
DBROUTE-v6_108-35831314-TRAP1-SF3A1	DBSRC-TRAP1-SF3A1-e0e5753e	35831314	PMC9279285	Scalable multiplex co-fractionation/mass spectrometry platform for accelerated protein interactome discovery	TRAP1::SF3A1	TRAP1	SF3A1	true	multiplex_cofractionation_ms	exact_pair_found_in_inspected_supplement	pdf:41467_2022_31809_MOESM1_ESM.pdf:page_4;xlsx:41467_2022_31809_MOESM4_ESM.xlsx:EPIC PPI:row_23228:same_row;xlsx:41467_2022_31809_MOESM5_ESM.xlsx:MCF10A complexes:row_5:same_row;xlsx:41467_2022_31809_MOESM5_ESM.xlsx:MCF7 complexes:row_4:same_row;xlsx:41467_2022_31809_MOESM5_ESM.xlsx:MDA-MB-231 complexes:row_5:same_row;xlsx:41467_2022_31809_MOESM5_ESM.xlsx:Pairwise comparison:row_1007:same_row;xlsx:41467_2022_31809_MOESM5_ESM.xlsx:Pairwise comparison:row_502:same_row;xlsx:41467_2022_31809_MOESM5_ESM.xlsx:Pairwise comparison:row_6:same_row	retrieved_valid	complex_comember	structural_complex	support_only	weak	medium	cofractionation_only;cell_line_specific;complex_member_not_direct_binding	paper_default	reviewed_source_support_flow_later	yes	no		Physical-association or co-complex evidence only unless the exception state says otherwise; no client status is inferred.	true	false	SRCREV-2026-07-15-V6_108-PMID35831314-TRAP1-060
DBROUTE-v6_108-35831314-TRAP1-SF3B2	DBSRC-TRAP1-SF3B2-e0e5753e	35831314	PMC9279285	Scalable multiplex co-fractionation/mass spectrometry platform for accelerated protein interactome discovery	TRAP1::SF3B2	TRAP1	SF3B2	true	multiplex_cofractionation_ms	exact_pair_found_in_inspected_supplement	pdf:41467_2022_31809_MOESM1_ESM.pdf:page_4;xlsx:41467_2022_31809_MOESM4_ESM.xlsx:EPIC PPI:row_23227:same_row;xlsx:41467_2022_31809_MOESM5_ESM.xlsx:MCF10A complexes:row_5:same_row;xlsx:41467_2022_31809_MOESM5_ESM.xlsx:MCF7 complexes:row_4:same_row;xlsx:41467_2022_31809_MOESM5_ESM.xlsx:MDA-MB-231 complexes:row_5:same_row;xlsx:41467_2022_31809_MOESM5_ESM.xlsx:Pairwise comparison:row_1007:same_row;xlsx:41467_2022_31809_MOESM5_ESM.xlsx:Pairwise comparison:row_502:same_row;xlsx:41467_2022_31809_MOESM5_ESM.xlsx:Pairwise comparison:row_6:same_row	retrieved_valid	complex_comember	structural_complex	support_only	weak	medium	cofractionation_only;cell_line_specific;complex_member_not_direct_binding	paper_default	reviewed_source_support_flow_later	yes	no		Physical-association or co-complex evidence only unless the exception state says otherwise; no client status is inferred.	true	false	SRCREV-2026-07-15-V6_108-PMID35831314-TRAP1-060
DBROUTE-v6_108-37071682-HSP90B1-CHID1	DBSRC-HSP90B1-CHID1-618538d3	37071682	PMC10151615	Cross-linking mass spectrometry discovers, evaluates, and corroborates structures and protein–protein interactions in the human cell	HSP90B1::CHID1	HSP90B1	CHID1	true	crosslinking_ms	exact_pair_found_in_inspected_supplement	xlsx:pnas.2219418120.sd01.xlsx:All URPs:row_26485:same_row;xlsx:pnas.2219418120.sd01.xlsx:DSSO CSMs:row_13837:same_row;xlsx:pnas.2219418120.sd05.xlsx:Annotated Cross-linked PPIs:row_1346:same_row	retrieved_valid	complex_comember	structural_complex	support_only	weak	medium	crosslinking_ms;direct_binding_unclear;complex_member_not_direct_binding	paper_default	reviewed_source_support_flow_later	yes	no		Physical-association or co-complex evidence only unless the exception state says otherwise; no client status is inferred.	true	false	SRCREV-2026-07-15-V6_108-PMID37071682-HSP90B1-061
DBROUTE-v6_108-37071682-HSP90B1-CKAP4	DBSRC-HSP90B1-CKAP4-618538d3	37071682	PMC10151615	Cross-linking mass spectrometry discovers, evaluates, and corroborates structures and protein–protein interactions in the human cell	HSP90B1::CKAP4	HSP90B1	CKAP4	true	crosslinking_ms	exact_pair_found_in_inspected_supplement	xlsx:pnas.2219418120.sd01.xlsx:All URPs:row_26482:same_row;xlsx:pnas.2219418120.sd01.xlsx:All URPs:row_26483:same_row;xlsx:pnas.2219418120.sd01.xlsx:DSSO CSMs:row_11165:same_row;xlsx:pnas.2219418120.sd01.xlsx:DSSO CSMs:row_14125:same_row;xlsx:pnas.2219418120.sd05.xlsx:Annotated Cross-linked PPIs:row_1344:same_row	retrieved_valid	complex_comember	structural_complex	support_only	weak	medium	crosslinking_ms;direct_binding_unclear;complex_member_not_direct_binding	paper_default	reviewed_source_support_flow_later	yes	no		Physical-association or co-complex evidence only unless the exception state says otherwise; no client status is inferred.	true	false	SRCREV-2026-07-15-V6_108-PMID37071682-HSP90B1-061
DBROUTE-v6_108-37071682-HSP90B1-CNPY2	DBSRC-HSP90B1-CNPY2-618538d3	37071682	PMC10151615	Cross-linking mass spectrometry discovers, evaluates, and corroborates structures and protein–protein interactions in the human cell	HSP90B1::CNPY2	HSP90B1	CNPY2	true	crosslinking_ms	exact_pair_found_in_inspected_supplement	xlsx:pnas.2219418120.sd01.xlsx:All URPs:row_26486:same_row;xlsx:pnas.2219418120.sd01.xlsx:All URPs:row_26487:same_row;xlsx:pnas.2219418120.sd01.xlsx:DHSO CSMs:row_800:same_row;xlsx:pnas.2219418120.sd01.xlsx:DSSO CSMs:row_14462:same_row;xlsx:pnas.2219418120.sd01.xlsx:DSSO CSMs:row_14663:same_row;xlsx:pnas.2219418120.sd01.xlsx:DSSO CSMs:row_9367:same_row;xlsx:pnas.2219418120.sd01.xlsx:DSSO CSMs:row_9523:same_row;xlsx:pnas.2219418120.sd05.xlsx:Annotated Cross-linked PPIs:row_1347:same_row	retrieved_valid	complex_comember	structural_complex	support_only	weak	medium	crosslinking_ms;direct_binding_unclear;complex_member_not_direct_binding	paper_default	reviewed_source_support_flow_later	yes	no		Physical-association or co-complex evidence only unless the exception state says otherwise; no client status is inferred.	true	false	SRCREV-2026-07-15-V6_108-PMID37071682-HSP90B1-061
DBROUTE-v6_108-37071682-HSP90B1-HSPA5	DBSRC-HSP90B1-HSPA5-618538d3	37071682	PMC10151615	Cross-linking mass spectrometry discovers, evaluates, and corroborates structures and protein–protein interactions in the human cell	HSP90B1::HSPA5	HSP90B1	HSPA5	true	crosslinking_ms	exact_pair_found_in_inspected_supplement	xlsx:pnas.2219418120.sd01.xlsx:DHSO CSMs:row_1241:same_row;xlsx:pnas.2219418120.sd01.xlsx:DSSO CSMs:row_15211:same_row;xlsx:pnas.2219418120.sd01.xlsx:DSSO CSMs:row_15533:same_row;xlsx:pnas.2219418120.sd01.xlsx:DSSO CSMs:row_9678:same_row	retrieved_valid	complex_comember	structural_complex	support_only	weak	medium	crosslinking_ms;direct_binding_unclear;complex_member_not_direct_binding	paper_default	reviewed_source_support_flow_later	yes	no		Physical-association or co-complex evidence only unless the exception state says otherwise; no client status is inferred.	true	false	SRCREV-2026-07-15-V6_108-PMID37071682-HSP90B1-061
DBROUTE-v6_108-37071682-HSP90B1-PDIA4	DBSRC-HSP90B1-PDIA4-618538d3	37071682	PMC10151615	Cross-linking mass spectrometry discovers, evaluates, and corroborates structures and protein–protein interactions in the human cell	HSP90B1::PDIA4	HSP90B1	PDIA4	true	crosslinking_ms	exact_pair_found_in_inspected_supplement	xlsx:pnas.2219418120.sd01.xlsx:All URPs:row_26469:same_row;xlsx:pnas.2219418120.sd01.xlsx:All URPs:row_26470:same_row;xlsx:pnas.2219418120.sd01.xlsx:All URPs:row_26471:same_row;xlsx:pnas.2219418120.sd01.xlsx:DSSO CSMs:row_10749:same_row;xlsx:pnas.2219418120.sd01.xlsx:DSSO CSMs:row_12487:same_row;xlsx:pnas.2219418120.sd01.xlsx:DSSO CSMs:row_15800:same_row;xlsx:pnas.2219418120.sd01.xlsx:DSSO CSMs:row_7830:same_row;xlsx:pnas.2219418120.sd01.xlsx:DSSO CSMs:row_8158:same_row;xlsx:pnas.2219418120.sd01.xlsx:DSSO CSMs:row_8298:same_row;xlsx:pnas.2219418120.sd05.xlsx:Annotated Cross-linked PPIs:row_1355:same_row	retrieved_valid	complex_comember	structural_complex	support_only	weak	medium	crosslinking_ms;direct_binding_unclear;complex_member_not_direct_binding	paper_default	reviewed_source_support_flow_later	yes	no		Physical-association or co-complex evidence only unless the exception state says otherwise; no client status is inferred.	true	false	SRCREV-2026-07-15-V6_108-PMID37071682-HSP90B1-061
DBROUTE-v6_108-37071682-TRAP1-HSPA9	DBSRC-TRAP1-HSPA9-618538d3	37071682	PMC10151615	Cross-linking mass spectrometry discovers, evaluates, and corroborates structures and protein–protein interactions in the human cell	TRAP1::HSPA9	TRAP1	HSPA9	true	crosslinking_ms	exact_pair_found_in_inspected_supplement	xlsx:pnas.2219418120.sd01.xlsx:DSSO CSMs:row_10712:same_row;xlsx:pnas.2219418120.sd01.xlsx:DSSO CSMs:row_13483:same_row;xlsx:pnas.2219418120.sd01.xlsx:DSSO CSMs:row_15657:same_row;xlsx:pnas.2219418120.sd01.xlsx:DSSO CSMs:row_7654:same_row;xlsx:pnas.2219418120.sd01.xlsx:DSSO CSMs:row_7881:same_row	retrieved_valid	complex_comember	structural_complex	support_only	weak	medium	crosslinking_ms;direct_binding_unclear;complex_member_not_direct_binding	paper_default	reviewed_source_support_flow_later	yes	no		Physical-association or co-complex evidence only unless the exception state says otherwise; no client status is inferred.	true	false	SRCREV-2026-07-15-V6_108-PMID37071682-TRAP1-062
DBROUTE-v6_108-40437099-HSP90B1-ARCN1	DBSRC-HSP90B1-ARCN1-b1cbb934	40437099	PMC12222028	EndoMAP.v1 charts the structural landscape of human early endosome complexes	HSP90B1::ARCN1	HSP90B1	ARCN1	true	endosome_complex_map	exact_pair_not_found_by_automated_package_scan		retrieved_valid	assay_association_only	supplement_table	context_only	weak	low	high_throughput_screen;organelle_context;supplement_validation_required;compartment_concordance_unclear	paper_default	retrieved_article_pair_result_not_locally_confirmed_recheck	no	yes		Physical-association or co-complex evidence only unless the exception state says otherwise; no client status is inferred.	true	false	SRCREV-2026-07-15-V6_108-PMID40437099-HSP90B1-063
DBROUTE-v6_108-40437099-HSP90B1-CNPY2	DBSRC-HSP90B1-CNPY2-b1cbb934	40437099	PMC12222028	EndoMAP.v1 charts the structural landscape of human early endosome complexes	HSP90B1::CNPY2	HSP90B1	CNPY2	true	endosome_complex_map	exact_pair_not_found_by_automated_package_scan		retrieved_valid	assay_association_only	supplement_table	context_only	weak	low	high_throughput_screen;organelle_context;supplement_validation_required;compartment_concordance_unclear	paper_default	retrieved_article_pair_result_not_locally_confirmed_recheck	no	yes		Physical-association or co-complex evidence only unless the exception state says otherwise; no client status is inferred.	true	false	SRCREV-2026-07-15-V6_108-PMID40437099-HSP90B1-063
DBROUTE-v6_108-40437099-HSP90B1-FANCC	DBSRC-HSP90B1-FANCC-b1cbb934	40437099	PMC12222028	EndoMAP.v1 charts the structural landscape of human early endosome complexes	HSP90B1::FANCC	HSP90B1	FANCC	true	endosome_complex_map	exact_pair_not_found_by_automated_package_scan		retrieved_valid	assay_association_only	supplement_table	context_only	weak	low	high_throughput_screen;organelle_context;supplement_validation_required;compartment_concordance_unclear	paper_default	retrieved_article_pair_result_not_locally_confirmed_recheck	no	yes		Physical-association or co-complex evidence only unless the exception state says otherwise; no client status is inferred.	true	false	SRCREV-2026-07-15-V6_108-PMID40437099-HSP90B1-063
DBROUTE-v6_108-40437099-HSP90B1-TM9SF4	DBSRC-HSP90B1-TM9SF4-b1cbb934	40437099	PMC12222028	EndoMAP.v1 charts the structural landscape of human early endosome complexes	HSP90B1::TM9SF4	HSP90B1	TM9SF4	true	endosome_complex_map	exact_pair_not_found_by_automated_package_scan		retrieved_valid	assay_association_only	supplement_table	context_only	weak	low	high_throughput_screen;organelle_context;supplement_validation_required;compartment_concordance_unclear	paper_default	retrieved_article_pair_result_not_locally_confirmed_recheck	no	yes		Physical-association or co-complex evidence only unless the exception state says otherwise; no client status is inferred.	true	false	SRCREV-2026-07-15-V6_108-PMID40437099-HSP90B1-063
DBROUTE-v6_108-40437099-TRAP1-HSPA9	DBSRC-TRAP1-HSPA9-b1cbb934	40437099	PMC12222028	EndoMAP.v1 charts the structural landscape of human early endosome complexes	TRAP1::HSPA9	TRAP1	HSPA9	true	endosome_complex_map	exact_pair_not_found_by_automated_package_scan		retrieved_valid	assay_association_only	supplement_table	context_only	weak	low	high_throughput_screen;organelle_context;supplement_validation_required;compartment_concordance_unclear	paper_default	retrieved_article_pair_result_not_locally_confirmed_recheck	no	yes		Physical-association or co-complex evidence only unless the exception state says otherwise; no client status is inferred.	true	false	SRCREV-2026-07-15-V6_108-PMID40437099-TRAP1-064
DBROUTE-v6_108-40593561-HSP90B1-CDC37	DBSRC-HSP90B1-CDC37-21d8f30e	40593561	PMC12215968	Trioxane-based MS-cleavable cross-linking mass spectrometry for profiling multimeric interactions of cellular networks	HSP90B1::CDC37	HSP90B1	CDC37	true	cleavable_crosslinking_ms	exact_pair_found_in_inspected_supplement	xlsx:41467_2025_60642_MOESM5_ESM.xlsx:Supplementary Data 3:row_18934:same_row;xlsx:41467_2025_60642_MOESM5_ESM.xlsx:Supplementary Data 3:row_18935:same_row;xlsx:41467_2025_60642_MOESM5_ESM.xlsx:Supplementary Data 3:row_18936:same_row	retrieved_valid	complex_comember	structural_complex	support_only	weak	medium	crosslinking_ms;direct_binding_unclear;complex_member_not_direct_binding	paper_default	reviewed_source_support_flow_later	yes	no		Physical-association or co-complex evidence only unless the exception state says otherwise; no client status is inferred.	true	false	SRCREV-2026-07-15-V6_108-PMID40593561-HSP90B1-065
DBROUTE-v6_108-40593561-HSP90B1-CNPY2	DBSRC-HSP90B1-CNPY2-21d8f30e	40593561	PMC12215968	Trioxane-based MS-cleavable cross-linking mass spectrometry for profiling multimeric interactions of cellular networks	HSP90B1::CNPY2	HSP90B1	CNPY2	true	cleavable_crosslinking_ms	exact_pair_found_in_inspected_supplement	xlsx:41467_2025_60642_MOESM5_ESM.xlsx:Supplementary Data 3:row_23454:same_row;xlsx:41467_2025_60642_MOESM5_ESM.xlsx:Supplementary Data 3:row_23455:same_row;xlsx:41467_2025_60642_MOESM5_ESM.xlsx:Supplementary Data 3:row_23456:same_row;xlsx:41467_2025_60642_MOESM5_ESM.xlsx:Supplementary Data 3:row_35283:same_row	retrieved_valid	complex_comember	structural_complex	support_only	weak	medium	crosslinking_ms;direct_binding_unclear;complex_member_not_direct_binding	paper_default	reviewed_source_support_flow_later	yes	no		Physical-association or co-complex evidence only unless the exception state says otherwise; no client status is inferred.	true	false	SRCREV-2026-07-15-V6_108-PMID40593561-HSP90B1-065
DBROUTE-v6_108-40593561-TRAP1-HSPA9	DBSRC-TRAP1-HSPA9-21d8f30e	40593561	PMC12215968	Trioxane-based MS-cleavable cross-linking mass spectrometry for profiling multimeric interactions of cellular networks	TRAP1::HSPA9	TRAP1	HSPA9	true	cleavable_crosslinking_ms	exact_pair_found_in_inspected_supplement	xlsx:41467_2025_60642_MOESM5_ESM.xlsx:Supplementary Data 3:row_25306:same_row	retrieved_valid	complex_comember	structural_complex	support_only	weak	medium	crosslinking_ms;direct_binding_unclear;complex_member_not_direct_binding	paper_default	reviewed_source_support_flow_later	yes	no		Physical-association or co-complex evidence only unless the exception state says otherwise; no client status is inferred.	true	false	SRCREV-2026-07-15-V6_108-PMID40593561-TRAP1-066
