pair_source_review_id	review_date	pair_id	participant_a	participant_b	focal_main_cochaperone	partner_gene_symbol	source_key	pmid	pmcid	doi	title	source_disposition	relation_class	relation_label	directionality	relationship_source	relationship_target	directness_class	evidence_tier	hsp90_scope	model_system	experimental_system_classes	organism_contexts	cellular_compartments	evidence_basis_classes	experimentally_supported_claim	figure_or_table_anchors	directness_boundary	negative_or_neutral_findings	limitations	caveat_flags	supplement_status	review_status	queue_resolution
COCHSRCREV-2026-09-13-CDC37-ABL2-PMID32707033	2026-09-13	ABL2::CDC37	ABL2	CDC37	CDC37	ABL2	PMID:32707033	32707033	PMC7427327	10.1016/j.molcel.2020.07.001	Kinase Interaction Network Expands Functional and Disease Roles of Human Kinases	supports_context_qualified_pair_relationship	physical_association;shared_complex	ABL2_bait_APMS_co_recovers_CDC37	undirected_or_not_applicable			cellular_complex_not_binary	high_confidence_cellular_apms_co_complex	no_pair_specific_HSP90_assay_in_this_source	Human HEK Flp-In 293 T-REx cells with single-locus doxycycline-induced N-terminal Strep-HA-tagged kinase baits; more than 100 million cells per purification, rapid single-step Strep affinity recovery, and duplicate LC-MS/MS runs. Final interactors required WD score > 73.6, GFP-control abundance ratio > 18.4, and at least two total spectra, followed by CRAPome, contaminant, and carry-over filters calibrated to a global false-positive rate below 1%.	cultured_cell_line	human	whole_cell_or_unspecified_fraction	omics_or_screening_measurement;physical_interaction_or_proximity	ABL2-bait AP-MS recovered CDC37 in the source's final high-confidence interaction matrix.	Table S2 final interactome Excel row 1552: bait ABL2, prey CDC37, WD 208.86, GFP-control ratio 3417, total spectra 201; Table S4: bait not listed in the inherited Taipale comparison; Table S2 recovers HSP90AA1, HSP90AB1, and CDC37 with this bait; Table S9: target kinase construct matches canonical UniProt sequence	Affinity purification-mass spectrometry supports cellular co-recovery or shared-complex membership, not purified binary binding.	No requested pair received reciprocal purification, western blot, BioID, genetic perturbation, or purified-protein validation in this study. Table S4 client classes were inherited from Taipale et al. 2012 and are not new client evidence. The source reports no pair-level q-value for these AP-MS rows.	One tagged-expression cell-line background; N-terminal tags and induced expression may alter abundance, localization, folding, or binding. The authors note that overexpressed or misfolded kinases can recover more HSP90 and co-chaperones and that some associations may form after lysis. BioGRID and IntAct are duplicate route encodings of this source, not independent replication. The source label HSP90B denotes cytosolic HSP90AB1.	apms_screen;cellular_complex_not_binary;database_routes_not_independent_replication;no_pair_specific_HSP90_assay;not_client_evidence;possible_post_lysis_association;single_cell_line;tagged_induced_expression	local_article_figures_and_tables_S2_S4_S9_reviewed	focused_primary_review_complete	close_pair
COCHSRCREV-2026-09-14-AGO1-AIP-PMID24778252	2026-09-14	AGO1::AIP	AGO1	AIP	AIP	AGO1	PMID:24778252	24778252	PMC4024878	10.1016/j.molcel.2014.03.030	Proteomic analysis of human argonaute proteins reveals a novel pathway for microRNA biogenesis	supports_context_qualified_pair_relationship	physical_association;shared_complex	database_indexed_high_stringency_AGO1_AIP_affinity_capture_association	undirected_or_not_applicable			tagged_bait_APMS_or_affinity_capture_association_not_binary_binding	database_indexed_high_stringency_MPI_APMS_cellular_association_pair_metrics_unavailable	no_HSP90_assay_in_this_source	Stable FLAG-tagged Argonaute bait expression in human HEK293 cells followed by four replicate affinity-purification mass-spectrometry runs. The study retained rare preys at z >= 3, common preys at z >= 10, and required detection in at least two of four runs.	cultured_cell_line	human	whole_cell_or_unspecified_fraction	omics_or_screening_measurement;physical_interaction_or_proximity	BioGRID records 941540 and 942087 route the exact AGO1-AIP pair to the study's high-stringency affinity-capture resource. The source establishes the experimental platform, but the local main article does not expose the pair-level supplementary result row.	BioGRID records 941540 and 942087; source-wide high-stringency AP-MS criteria in Methods; exact pair expected in Dataset S1	The database-routed association supports cellular co-recovery or complex context only. It does not establish direct binary binding, biological direction, pair-specific co-IP validation, or a functional consequence.	The article's detailed functional results concern other miRNA-pathway factors; no pair-specific functional result or HSP90 dependence is reported for this exact pair.	Dataset S1 is not local, so exact bait/prey orientation, pair metrics, and whether the pair was among selected Western validations cannot be recovered. The two BioGRID method records come from one publication and are not independent replications.	database_method_label_not_pair_specific_validation;database_routes_not_independent_replication;exact_supplementary_row_not_local;no_HSP90_assay_in_source;not_client_evidence;not_direct_binding;not_isoform_exclusivity_evidence;tagged_bait_context	local_main_reviewed;Dataset_S1_not_local;nonblocking_for_context_only_pair_disposition	focused_primary_review_complete	close_pair
COCHSRCREV-2026-09-14-AGO1-AIP-PMID33961781	2026-09-14	AGO1::AIP	AGO1	AIP	AIP	AGO1	PMID:33961781	33961781	PMC8165030	10.1016/j.cell.2021.04.026	Dual proteome-scale networks reveal cell-specific remodeling of the human interactome	supports_context_qualified_pair_relationship	physical_association;shared_complex	EIF2C1_AGO1_bait_recovers_AIP_in_293T_and_HCT116_BioPlex3_APMS	undirected_or_not_applicable			tagged_bait_APMS_association_not_binary_binding	same_study_cross_cell_line_single_direction_cellular_APMS_association	no_HSP90_assay_in_this_source	Human 293T and HCT116 cells expressing tagged EIF2C1/AGO1 bait. Official BioPlex directed and final-network tables contain AGO1 bait to AIP prey edges in both cell lines.	cultured_cell_line	human	whole_cell_or_unspecified_fraction	omics_or_screening_measurement;physical_interaction_or_proximity	Exact directed rows show EIF2C1/AGO1 bait to AIP prey in 293T and HCT116. Final-network pInt values are 0.958242316 and 0.870231317, respectively.	293T directed row 99028 and final-network line 88050; HCT116 directed row 7858 and final-network line 6541	Bait-to-prey is assay orientation rather than biological regulation. Tagged-bait AP-MS supports cellular or lysate co-recovery, not purified binary binding.	No pair-specific functional follow-up, HSP90 dependence, client behavior, or HSP90 isoform selectivity is reported.	Tagged exogenous bait and cell-line context limit physiological generalization. BioGRID and IntAct routes are projections of this same BioPlex experiment and are not independent evidence. Absence from another cell-line matrix is not biological negative evidence.	APMS_association_not_direct_binding;assay_bait_prey_not_biological_direction;cell_line_context;database_routes_not_independent_replication;no_HSP90_assay_in_source;not_client_evidence;not_isoform_exclusivity_evidence;tagged_bait_context	local_main_and_exact_official_BioPlex_matrices_reviewed_complete	focused_primary_review_complete	close_pair
COCHSRCREV-2026-09-13-FKBP5-AGO1-PMID24778252	2026-09-13	AGO1::FKBP5	AGO1	FKBP5	FKBP5	AGO1	PMID:24778252	24778252	PMC4024878	10.1073/pnas.1322545111	TRIM65 regulates microRNA activity by ubiquitination of TNRC6	supports_context_qualified_pair_relationship	physical_association;shared_complex	database_indexed_high_stringency_MPI_APMS_association_AGO1_FKBP5	undirected_or_not_applicable			cellular_complex_not_binary	database_indexed_high_stringency_MPI_APMS_cellular_association_pair_metrics_unavailable	no_pair_specific_HSP90_assay_in_this_source	The source generated stable HEK293 lines for 40 FLAG-tagged baits, performed two biological affinity purifications per bait, split each purification into duplicate LC-MS/MS runs, and admitted high-stringency interacting proteins using occurrence-adjusted z-score and reproducibility rules.	cultured_cell_line	human	whole_cell_or_unspecified_fraction	omics_or_screening_measurement;physical_interaction_or_proximity	BioGRID indexes AGO1-FKBP5 to this source's high-stringency cellular AP-MS interaction screen. The source-level screen design and admission rules are reviewable, but the pair's Dataset S1 metrics are not local.	BioGRID interaction 941544; main-text Methods and Results: 40 FLAG-bait stable HEK293 lines, two biological affinity purifications split into four LC-MS/MS runs; HCIP admission used z >= 3 when occurrence < 5%, z >= 10 when occurrence >= 5%, and reproducibility in at least 2 of 4 runs; the study reports 363 HCIPs and 499 interactions overall	The database-indexed AP-MS association is a cellular co-recovery, not purified binary binding. Without local Dataset S1, pair-level bait orientation, z score, spectra, and within-study validation cannot be assigned.	The paper's aggregate counts of reciprocal and separately validated interactions cannot be transferred to AGO1-FKBP5. No pair-specific negative experiment was identified.	BioGRID identifies this pair with the source, while the main article defines the screen and thresholds but does not expose the pair-level row. PNAS Dataset S1 remains an optional archive-completeness gap; it is not required to retain the association at a conservative screen-level ceiling.	apms_screen;cellular_complex_not_binary;database_record_supports_pair_row;no_pair_level_metrics_local;no_pair_specific_HSP90_assay;not_client_evidence;optional_claim_bearing_dataset_not_local;single_cell_line;tagged_expression	local_main_article_reviewed;PNAS_Dataset_S1_optional_archive_gap_not_decision_blocker	focused_primary_review_complete	close_pair
COCHSRCREV-2026-09-13-FKBP5-AGO1-PMID25036637	2026-09-13	AGO1::FKBP5	AGO1	FKBP5	FKBP5	AGO1	PMID:25036637	25036637	PMC4104544	10.1016/j.cell.2014.05.039	A quantitative chaperone interaction network reveals the architecture of cellular protein homeostasis pathways	supports_context_qualified_pair_relationship	physical_association;shared_complex	FKBP5_bait_APMS_cellular_association_with_AGO1	undirected_or_not_applicable			cellular_complex_not_binary	tagged_expression_duplicate_APMS_cellular_association	no_pair_specific_HSP90_mediation_established	Human stable polyclonal 293T cells expressing predominantly C-terminal 3xFLAG-V5-tagged chaperones or co-chaperones were analyzed by anti-FLAG affinity-purification mass spectrometry from whole-cell lysate with sodium molybdate. Two AP-MS replicates were scored with SAINT; the high-confidence cutoff was AvgP >= 0.85 (estimated FDR 1.8%). An orthogonal Renilla-luciferase affinity-capture assay used LUMIER score >= 7 (estimated upper FDR 4.4%).	cultured_cell_line	human	whole_cell_or_unspecified_fraction	omics_or_screening_measurement;physical_interaction_or_proximity	FKBP5-bait AP-MS recovered EIF2C1 above the source's SAINT AvgP 0.85 threshold.	Table S1 workbook, AvgP scores sheet row 186: bait FKBP5, prey EIF2C1, AvgP 0.99, replicate spectral counts 9|4; source EIF2C1 maps to AGO1	AP-MS and LUMIER both recover proteins from cellular lysates and support cellular association or shared-complex membership. Neither assay establishes purified binary binding. Bait-to-prey orientation records assay configuration rather than biological direction.	No requested pair received a purified-protein binding test, regulatory direction test, pair-specific client-stability assay, or HSP90-isoform-resolved mediation test. A database luminescence route can represent a screened configuration and is not counted as validation unless the source's author-curated AP-MS-plus-LUMIER table passes both cutoffs.	The source uses tagged, expressed proteins in one transformed 293T lineage. Taipale 2014 and OpenCell 2022 are independent studies with different tagging strategies and interaction-calling methods, but both use the 293T/HEK293T lineage and therefore do not provide cross-lineage replication. BioGRID and IntAct routes within this source can encode the same AP-MS, LUMIER, or follow-up measurement and are not independent source replications.	cellular_complex_not_binary;database_routes_not_independent_replication;no_pair_specific_HSP90_mediation;not_client_evidence;same_293T_lineage_across_sources;single_cell_line_lineage;tagged_expression	local_main_article_and_complete_Table_S1_workbook_reviewed	focused_primary_review_complete	close_pair
COCHSRCREV-2026-09-13-FKBP5-AGO1-PMID28363942	2026-09-13	AGO1::FKBP5	AGO1	FKBP5	FKBP5	AGO1	PMID:28363942	28363942	PMC5430216	10.15252/embj.201695669	USP49 negatively regulates tumorigenesis and chemoresistance through FKBP51-AKT signaling	supports_context_qualified_pair_relationship	physical_association;shared_complex	FKBP51_bait_FLAG_affinity_capture_MS_screen_recovers_AGO1	undirected_or_not_applicable			cellular_complex_not_binary	FKBP51_bait_FLAG_affinity_capture_MS_screen_hit_without_pair_validation	cytosolic_hsp90_unresolved;no_pair_specific_HSP90_mediation_established	Human SU86 pancreatic cancer cells stably expressing FLAG-SBP-FKBP51 were lysed for anti-FLAG-bead capture, FLAG-peptide elution, SDS-PAGE, Coomassie staining, and mass spectrometry. Figure 1A reports screen hits and peptide counts.	cultured_cell_line	human	whole_cell_or_unspecified_fraction	omics_or_screening_measurement;physical_interaction_or_proximity	AGO1 was listed among proteins recovered from FLAG-SBP-FKBP51 complexes in the source's SU86 FLAG-affinity capture-MS screen.	Figure 1A, list of FKBP51-associated proteins: AGO1, 17 peptides; caption identifies SU86 cells stably expressing FLAG-SBP-FKBP51 and mass-spectrometric analysis of FKBP51 complexes	FKBP51-bait FLAG-affinity capture-MS supports cellular co-recovery from lysate, not pairwise direct binding. Only selected proteins elsewhere in Figure 1 received co-IP or purified-protein follow-up.	AGO1 and NUDCD3 were not subjected to targeted pair validation, reciprocal capture, perturbation, or pair-specific HSP90-dependence testing.	One transformed pancreatic cancer cell line with tagged FKBP51 bait. BioGRID is a projection of the Figure 1A source screen and is not an independent source.	cellular_complex_not_binary;database_routes_not_independent_replication;FKBP51_bait_FLAG_affinity_capture_MS_screen;no_pair_specific_HSP90_mediation;no_targeted_pair_validation;not_client_evidence;single_cell_line;tagged_expression	local_main_article_and_two_advertised_supporting_PDFs_complete	focused_primary_review_complete	close_pair
COCHSRCREV-2026-09-13-FKBP5-AGO1-PMID33961781	2026-09-13	AGO1::FKBP5	AGO1	FKBP5	FKBP5	AGO1	PMID:33961781	33961781	PMC8165030	10.1016/j.cell.2021.04.011	Dual proteome-scale networks reveal cell-specific remodeling of the human interactome	supports_context_qualified_pair_relationship	physical_association;shared_complex	EIF2C1_AGO1_bait_BioPlex3_293T_APMS_association_with_FKBP5	undirected_or_not_applicable			cellular_complex_not_binary	single_direction_293T_cellular_APMS_association	no_pair_specific_HSP90_assay_in_this_source	BioPlex 3.0 used lentiviral expression of affinity-tagged human baits and AP-MS in 293T and HCT116 cells. Official directed releases preserve bait-prey configurations; final networks provide pInt, pW, and pNI, with the frozen database route using pInt >= 0.75.	cultured_cell_line	human	whole_cell_or_unspecified_fraction	omics_or_screening_measurement;physical_interaction_or_proximity	BioPlex 3.0 recovered FKBP5 with EIF2C1/AGO1 bait above the final 293T pInt threshold. No qualifying HCT116 or reverse-bait record is present in the official releases.	293T directed release line 99029: EIF2C1 bait -> FKBP5 prey; final network line 88051: EIF2C1/AGO1-FKBP5, pInt 0.999990161690126	AP-MS supports cellular co-recovery or shared-complex membership, not purified binary contact. Reciprocal bait recovery and recovery in two cell lines remain measurements from one study.	The source did not test purified binding, regulatory direction, client stability, or pair-specific HSP90 mediation for these pairs. No FKBP5-bait reverse edge or HCT116 edge is present in the official releases; release nonadmission is not a biological negative.	Tagged-expression AP-MS in two transformed lineages. BioGRID, IntAct, directed releases, and final-network rows project one study rather than independent evidence. The 293T network carries forward prior releases. This exact pair has only the EIF2C1/AGO1-bait 293T configuration.	apms_screen;BioPlex3_293T_carries_forward_prior_releases;cellular_complex_not_binary;database_routes_not_independent_replication;no_pair_specific_HSP90_assay;not_client_evidence;tagged_expression;single_cell_line;single_direction_APMS;reverse_and_HCT116_nonadmission_not_biological_negative	local_main_and_exact_official_directed_and_final_network_matrices_reviewed	focused_primary_review_complete	close_pair
COCHSRCREV-2026-09-13-FKBP5-AGO1-PMID35271311	2026-09-13	AGO1::FKBP5	AGO1	FKBP5	FKBP5	AGO1	PMID:35271311	35271311	PMC9119736	10.1126/science.abi6983	OpenCell: proteome-scale endogenous tagging enables the cartography of human cellular organization	supports_context_qualified_pair_relationship	physical_association;shared_complex	OpenCell_endogenous_tag_IPMS_association_FKBP5->AGO1	undirected_or_not_applicable			cellular_complex_not_binary	single_direction_endogenous_tag_triplicate_IPMS_cellular_association	no_pair_specific_HSP90_mediation_established	Human HEK293T polyclonal pools bearing CRISPR-generated endogenous split-mNeonGreen2 tags were lysed in 1.5% digitonin with Benzonase and captured using an anti-mNeonGreen nanobody. Each bait was analyzed in biological triplicate by label-free IP-MS. Interaction calls compared log2 LFQ measurements with bootstrapped null distributions built from an average of 349 unrelated tagged cell lines and used a bait-specific dynamic enrichment boundary. The released CSV contains accepted calls; its field named pval stores -log10(P), not a raw P value.	cultured_cell_line	human	whole_cell_or_unspecified_fraction	omics_or_screening_measurement;physical_interaction_or_proximity	The OpenCell accepted interaction release contains FKBP5->AGO1 as an endogenous-tag, triplicate cellular IP-MS association.	Official processed interaction CSV line(s) 9118: native orientation FKBP5->AGO1; pval field -log10(P) 6.84348609945068; enrichment 2.49673094580221; interaction stoichiometry 0.00403153555500305; cellular-abundance stoichiometry 0.100077894286325; canonical AGO1; Taipale uses EIF2C1	Endogenous-tag IP-MS measures association after lysis and can recover indirect members of larger complexes. It does not establish spatial proximity in vivo or purified binary contact. Bait-to-prey orientation is assay provenance rather than biological direction.	None of the 15 pairs passes both secondary core-cluster stoichiometry filters (interaction stoichiometry 0.05-10 and cellular-abundance stoichiometry 0.1-10). This secondary filter is not the initial interaction-calling rule. The manuscript does not discuss these rows or provide pair-specific perturbation, direct-binding, regulatory, client-stability, ubiquitination, or HSP90-dependence evidence. AGO1 was also available as an OpenCell bait, but the reverse orientation is absent from the accepted release; this asymmetric call is not evidence of noninteraction.	One transformed, pseudo-triploid HEK293T lineage; endogenous tags can still alter abundance, localization, or interfaces. The split-fluorophore strategy mainly accesses nucleo-cytoplasmic proteins and cytosol-exposed membrane termini. Taipale 2014 is an independent source and method, but both studies use the 293T/HEK293T lineage. The publication supplement bundle is not archived locally; the exact official 29,922-row processed interaction release used for these decisions is local, so this is an archive-completeness gap rather than a review blocker.	cellular_complex_not_binary;endogenous_tag_IPMS;no_pair_specific_HSP90_mediation;not_client_evidence;publication_supplements_not_local_archive_gap;same_293T_lineage_across_sources;single_cell_line_lineage;reverse_bait_available_but_not_called	local_main_and_official_processed_interaction_matrix_reviewed;publication_supplement_bundle_not_local_archive_gap_not_decision_blocker	focused_primary_review_complete	close_pair
COCHSRCREV-2026-09-13-PPP5C-AGO1-PMID28330616	2026-09-13	AGO1::PPP5C	AGO1	PPP5C	PPP5C	AGO1	PMID:28330616	28330616		10.1016/j.cels.2017.02.011	Systematic Analysis of Human Protein Phosphatase Interactions and Dynamics	supports_context_qualified_pair_relationship	physical_association;shared_complex	PPP5C_bait_APMS_plus_tagged_coIP_with_BioID_not_recovered_for_AGO1	undirected_or_not_applicable			tagged_cellular_APMS_plus_tagged_coIP_not_direct_binding	PPP5C_bait_high_confidence_APMS_plus_tagged_coIP_with_BioID_not_recovered	no_HSP90_assay_in_this_source	Stable isogenic Flp-In T-REx 293 cells expressed full-length N-terminal Strep-HA-tagged PPP5C after tetracycline induction. Single-step Strep affinity purification used two biological and two technical AP-MS replicates. High-confidence interactors passed SAINT >=0.87 together with CRAPome occurrence >=40% and spectral-count fold change >=2. Selected validation used stable N-terminal BirA-myc PPP5C BioID and/or HEK293-MSR coexpression of HA-PPP5C with V5-tagged prey followed by anti-HA IP/anti-V5 immunoblot; for this pair: tagged co-IP positive; BioID negative.	cultured_cell_line	human	whole_cell_or_unspecified_fraction	omics_or_screening_measurement;physical_interaction_or_proximity	PPP5C-bait AP-MS recovered AGO1 as a high-confidence interactor with SAINT 1.00; the source validation table reports tagged co-IP positive; BioID negative.	Table S1A row 34: full-length PPP5C, N-terminal Strep-HA; Table S1F row 353: PPP5C bait/AGO1 prey, SAINT 1.00; Table S1G row 173: tagged co-IP positive; BioID negative; Table S2F row 36: OA/without-OA fold change 1.955603, p=4.9803e-6	AP-MS and co-IP recover cellular lysate complexes, while BioID reports proximity. None establishes purified binary contact. Bait/prey orientation is assay configuration, not biological direction.	The selected BioID configuration was reported as no; this assay-specific non-recovery does not negate the AP-MS and tagged co-IP positives.	All measurements are from a transformed HEK293-lineage system with tagged expression. OA abundance dynamics are condition context only, not client, regulatory, or direct-binding evidence. BioGRID and IntAct routes are projections of this one publication, not independent replications. No HSP90 dependence, client phenotype, purified binding, or HSP90 isoform-resolved mechanism was tested.	BioID_not_recovered_not_biological_negative;OA_condition_dynamics_context_only;assay_discordance;cellular_complex_not_binary;database_routes_not_independent_replication;direct_binding_unclear;no_HSP90_assay;not_client_evidence;single_cell_line_lineage;tagged_expression	complete_local_article_with_STAR_Methods_plus_six_claim_or_context_supplement_objects_reviewed;Tables_S1_and_S2_claim_bearing	focused_primary_review_complete	close_pair
COCHSRCREV-2026-09-14-AGO1-STUB1-PMID24778252	2026-09-14	AGO1::STUB1	AGO1	STUB1	STUB1	AGO1	PMID:24778252	24778252	PMC4024878	10.1016/j.molcel.2014.03.030	Proteomic analysis of human argonaute proteins reveals a novel pathway for microRNA biogenesis	supports_context_qualified_pair_relationship	physical_association;shared_complex	database_indexed_high_stringency_AGO1_STUB1_affinity_capture_association	undirected_or_not_applicable			tagged_bait_APMS_or_affinity_capture_association_not_binary_binding	database_indexed_high_stringency_MPI_APMS_cellular_association_pair_metrics_unavailable	no_HSP90_assay_in_this_source	Stable FLAG-tagged Argonaute bait expression in human HEK293 cells followed by four replicate affinity-purification mass-spectrometry runs. The study retained rare preys at z >= 3, common preys at z >= 10, and required detection in at least two of four runs.	cultured_cell_line	human	whole_cell_or_unspecified_fraction	omics_or_screening_measurement;physical_interaction_or_proximity	BioGRID records 941548 and 942067 route the exact AGO1-STUB1 pair to the study's high-stringency affinity-capture resource. The source establishes the experimental platform, but the local main article does not expose the pair-level supplementary result row.	BioGRID records 941548 and 942067; source-wide high-stringency AP-MS criteria in Methods; exact pair expected in Dataset S1	The database-routed association supports cellular co-recovery or complex context only. It does not establish direct binary binding, biological direction, pair-specific co-IP validation, or a functional consequence.	The article's detailed functional results concern other miRNA-pathway factors; no pair-specific functional result or HSP90 dependence is reported for this exact pair.	Dataset S1 is not local, so exact bait/prey orientation, pair metrics, and whether the pair was among selected Western validations cannot be recovered. The two BioGRID method records come from one publication and are not independent replications.	database_method_label_not_pair_specific_validation;database_routes_not_independent_replication;exact_supplementary_row_not_local;no_HSP90_assay_in_source;not_client_evidence;not_direct_binding;not_isoform_exclusivity_evidence;tagged_bait_context	local_main_reviewed;Dataset_S1_not_local;nonblocking_for_context_only_pair_disposition	focused_primary_review_complete	close_pair
COCHSRCREV-2026-09-14-AGO1-STUB1-PMID33961781	2026-09-14	AGO1::STUB1	AGO1	STUB1	STUB1	AGO1	PMID:33961781	33961781	PMC8165030	10.1016/j.cell.2021.04.026	Dual proteome-scale networks reveal cell-specific remodeling of the human interactome	supports_context_qualified_pair_relationship	physical_association;shared_complex	EIF2C1_AGO1_bait_recovers_STUB1_CHIP_in_293T_BioPlex3_APMS	undirected_or_not_applicable			tagged_bait_APMS_association_not_binary_binding	single_direction_293T_cellular_APMS_association	no_HSP90_assay_in_this_source	Human 293T cells expressing tagged EIF2C1/AGO1 bait. The official BioPlex directed and final-network tables contain an AGO1 bait to STUB1/CHIP prey edge.	cultured_cell_line	human	whole_cell_or_unspecified_fraction	omics_or_screening_measurement;physical_interaction_or_proximity	The exact 293T directed row shows EIF2C1/AGO1 bait to STUB1/CHIP prey; the final-network pInt is 0.794259560. No corresponding HCT116 final-network edge is present.	293T directed row 99032 and final-network line 88054	Bait-to-prey is assay orientation rather than biological regulation. Tagged-bait AP-MS supports cellular or lysate co-recovery, not purified binary binding.	No pair-specific functional follow-up, HSP90 dependence, client behavior, or HSP90 isoform selectivity is reported.	Tagged exogenous bait and cell-line context limit physiological generalization. BioGRID and IntAct routes are projections of this same BioPlex experiment and are not independent evidence. Absence from another cell-line matrix is not biological negative evidence.	APMS_association_not_direct_binding;assay_bait_prey_not_biological_direction;cell_line_context;database_routes_not_independent_replication;no_HSP90_assay_in_source;not_client_evidence;not_isoform_exclusivity_evidence;tagged_bait_context	local_main_and_exact_official_BioPlex_matrices_reviewed_complete	focused_primary_review_complete	close_pair
COCHSRCREV-2026-09-13-FKBP5-AGO2-PMID24049110-BACKTRACE	2026-09-13	AGO2::FKBP5	AGO2	FKBP5	FKBP5	AGO2	PMID:24049110	24049110	PMC3851725	10.1261/rna.040790.113	The co-chaperones Fkbp4/5 control Argonaute2 expression and facilitate RISC assembly	supports_pair_relationship	functional_complex;physical_association;protein_stability_regulation;shared_complex	FKBP5_association_supports_AGO2_stability_and_RISC_loading	directed	FKBP5	AGO2	cellular_pair_association_and_perturbation_not_pairwise_direct_contact	cellular_coIP_with_genetic_and_pharmacologic_AGO2_stability_and_RISC_loading_support	cytosolic_hsp90_unresolved;no_pair_specific_HSP90_mediation_established	Mouse embryonic stem cells expressing FLAG-Ago2 or controls, mouse embryonic fibroblasts, and human K562 cells were used for AP-MS, co-IP, RNase treatment, FKBP5 knockdown or expression, FK506 exposure, AGO2 abundance measurements, and miRNA/RISC-loading readouts.	cultured_cell_line	human;mouse	whole_cell_or_unspecified_fraction	functional_or_phenotypic_readout;genetic_perturbation;omics_or_screening_measurement;pharmacologic_or_chemical_perturbation;physical_interaction_or_proximity;protein_abundance_stability_or_folding	Cellular co-IP supports an RNA-independent FKBP5-AGO2 association, while FKBP5 loss and gain of function support a role in AGO2 protein stability and miRNA/RISC loading.	Figures 1B and 1D-G: FLAG-Ago2 AP-MS/co-IP, Hsp90 co-recovery, RNase resistance, and reduced normalized FKBP5 association after FK506; Figures 3A-C and 3H: FKBP5 depletion reduces tagged or endogenous Ago2 in mouse ESCs and MEFs with FKBP4 redundancy; Figures 4B and 4D-F: FKBP5 gain-of-function and FK506-sensitive miRNA-loading readouts; Figures 5A-B: FK506-sensitive mouse ESC readouts; Figures 5C-E: AGO2 and miRNA phenotypes in human K562 cells	Cellular co-IP, RNA-independence, and perturbation support an FKBP5-AGO2 association with AGO2 stability and RISC-loading consequences. They do not establish purified pairwise binding or pair-specific HSP90 mediation.	FLAG-Ago1 did not detect FKBP5 in the tested mouse ESC context, but this model-specific result does not negate AGO1 associations in other studies. FKBP4 redundancy and nonselective FK506 pharmacology limit attribution.	This route-less backtrace strengthens the reviewed AGO2 relationship but is not a frozen v6.246 route. Most mechanistic evidence is mouse-derived; FK506 is not FKBP5-selective, FKBP4 is partially redundant, and neither HSP90 paralog-specific mediation nor client status was established.	cellular_association_not_purified_binary;FK506_nonselective;FKBP4_functional_redundancy;mouse_dominant_mechanistic_context;no_pair_specific_HSP90_mediation;not_client_evidence;route_less_mechanistic_backtrace	local_main_article_figures_reviewed_no_separate_supplement_required_for_claims	focused_primary_review_complete	close_pair
COCHSRCREV-2026-09-13-FKBP5-AGO2-PMID25036637	2026-09-13	AGO2::FKBP5	AGO2	FKBP5	FKBP5	AGO2	PMID:25036637	25036637	PMC4104544	10.1016/j.cell.2014.05.039	A quantitative chaperone interaction network reveals the architecture of cellular protein homeostasis pathways	supports_context_qualified_pair_relationship	physical_association;shared_complex	FKBP5_bait_APMS_cellular_association_with_AGO2	undirected_or_not_applicable			cellular_complex_not_binary	tagged_expression_APMS_plus_LUMIER_cellular_association	no_pair_specific_HSP90_mediation_established	Human stable polyclonal 293T cells expressing predominantly C-terminal 3xFLAG-V5-tagged chaperones or co-chaperones were analyzed by anti-FLAG affinity-purification mass spectrometry from whole-cell lysate with sodium molybdate. Two AP-MS replicates were scored with SAINT; the high-confidence cutoff was AvgP >= 0.85 (estimated FDR 1.8%). An orthogonal Renilla-luciferase affinity-capture assay used LUMIER score >= 7 (estimated upper FDR 4.4%).	cultured_cell_line	human	whole_cell_or_unspecified_fraction	omics_or_screening_measurement;physical_interaction_or_proximity	FKBP5-bait AP-MS recovered EIF2C2 above the source's SAINT AvgP 0.85 threshold. The author-curated cross-assay table also passes LUMIER.	Table S1 workbook, AvgP scores sheet row 187: bait FKBP5, prey EIF2C2, AvgP 1.0, replicate spectral counts 7|10; source EIF2C2 maps to AGO2; AP-MS and LUMIER sheet row 43: LUMIER 7.508682, AvgP 1.0	AP-MS and LUMIER both recover proteins from cellular lysates and support cellular association or shared-complex membership. Neither assay establishes purified binary binding. Bait-to-prey orientation records assay configuration rather than biological direction.	No requested pair received a purified-protein binding test, regulatory direction test, pair-specific client-stability assay, or HSP90-isoform-resolved mediation test. A database luminescence route can represent a screened configuration and is not counted as validation unless the source's author-curated AP-MS-plus-LUMIER table passes both cutoffs.	The source uses tagged, expressed proteins in one transformed 293T lineage. Taipale 2014 and OpenCell 2022 are independent studies with different tagging strategies and interaction-calling methods, but both use the 293T/HEK293T lineage and therefore do not provide cross-lineage replication. BioGRID and IntAct routes within this source can encode the same AP-MS, LUMIER, or follow-up measurement and are not independent source replications.	cellular_complex_not_binary;database_routes_not_independent_replication;no_pair_specific_HSP90_mediation;not_client_evidence;same_293T_lineage_across_sources;single_cell_line_lineage;tagged_expression;author_curated_APMS_plus_LUMIER_positive	local_main_article_and_complete_Table_S1_workbook_reviewed	focused_primary_review_complete	close_pair
COCHSRCREV-2026-09-13-FKBP5-AGO2-PMID29395067	2026-09-13	AGO2::FKBP5	AGO2	FKBP5	FKBP5	AGO2	PMID:29395067	29395067		10.1016/j.molcel.2017.12.020	High-Density Proximity Mapping Reveals the Subcellular Organization of mRNA-Associated Granules and Bodies	supports_context_qualified_pair_relationship	physical_association	AGO2_N_bait_high_confidence_BioID_proximity_to_FKBP5	undirected_or_not_applicable			cellular_proximity_not_binary	high_confidence_cellular_bioid_proximity	no_pair_specific_HSP90_assay_in_this_source	Human HEK293 cells expressing an N-terminal BirA*-FLAG proximity-labeling AGO2_N bait were analyzed by BioID-MS and SAINT. The exact released Table S1 prey row contains two bait-replicate spectral counts, one ctrlCounts field, AvgP, MaxP, fold-change, and BFDR.	cultured_cell_line	human	whole_cell_or_unspecified_fraction	omics_or_screening_measurement;physical_interaction_or_proximity	The source's released SAINT table reports FKBP5 as a high-confidence proximity-labeled prey of AGO2_N in HEK293 cells.	Table S1 sheet A) SAINT_ID3105 row 383: bait AGO2_N, bait symbol AGO2, prey accession NP_001139247.1, prey FKBP5, test spectra 6|4, SpecSum 10, AvgSpec 5, NumReplicates 2, one ctrlCounts cell containing 49 pipe-delimited zero counts, AvgP 1, MaxP 1, fold-change 50, BFDR 0	BioID reports labeling within a cellular proximity radius; it does not establish a stable complex or binary physical contact. Bait orientation is assay provenance, not biological regulation.	No reciprocal FKBP5-bait BioID, purified binding, pair perturbation, client-stability test, or pair-specific HSP90 assay was identified.	One transformed HEK293 lineage and an engineered proximity-labeling bait. The exact claim-bearing Table S1 row is local and identity-valid; the publisher main PDF is not local, which is a nonblocking archive gap.	BioID_proximity_not_binary;main_article_not_local_archive_gap;no_pair_specific_HSP90_assay;not_client_evidence;single_cell_line;tagged_expression	claim_bearing_Table_S1_complete;publisher_main_article_not_local_archive_gap_not_decision_blocker	focused_primary_review_complete	close_pair
COCHSRCREV-2026-09-13-FKBP5-AGO2-PMID35271311	2026-09-13	AGO2::FKBP5	AGO2	FKBP5	FKBP5	AGO2	PMID:35271311	35271311	PMC9119736	10.1126/science.abi6983	OpenCell: proteome-scale endogenous tagging enables the cartography of human cellular organization	supports_context_qualified_pair_relationship	physical_association;shared_complex	OpenCell_endogenous_tag_IPMS_association_AGO2->FKBP5 and FKBP5->AGO2	undirected_or_not_applicable			cellular_complex_not_binary	same_study_reciprocal_endogenous_tag_triplicate_IPMS_cellular_association	no_pair_specific_HSP90_mediation_established	Human HEK293T polyclonal pools bearing CRISPR-generated endogenous split-mNeonGreen2 tags were lysed in 1.5% digitonin with Benzonase and captured using an anti-mNeonGreen nanobody. Each bait was analyzed in biological triplicate by label-free IP-MS. Interaction calls compared log2 LFQ measurements with bootstrapped null distributions built from an average of 349 unrelated tagged cell lines and used a bait-specific dynamic enrichment boundary. The released CSV contains accepted calls; its field named pval stores -log10(P), not a raw P value.	cultured_cell_line	human	whole_cell_or_unspecified_fraction	omics_or_screening_measurement;physical_interaction_or_proximity	The OpenCell accepted interaction release contains AGO2->FKBP5 and FKBP5->AGO2 as an endogenous-tag, triplicate cellular IP-MS association.	Official processed interaction CSV line(s) 374 and 9119: native orientation AGO2->FKBP5 and FKBP5->AGO2; pval field -log10(P) 23.0835009911189 and 15.9579088714475; enrichment 4.94807821464895 and 3.96986917304685; interaction stoichiometry 0.0225553693731055 and 0.0183994773550654; cellular-abundance stoichiometry 3.42614445716839 and 0.291873274026066; canonical AGO2; Taipale uses EIF2C2	Endogenous-tag IP-MS measures association after lysis and can recover indirect members of larger complexes. It does not establish spatial proximity in vivo or purified binary contact. Bait-to-prey orientation is assay provenance rather than biological direction.	None of the 15 pairs passes both secondary core-cluster stoichiometry filters (interaction stoichiometry 0.05-10 and cellular-abundance stoichiometry 0.1-10). This secondary filter is not the initial interaction-calling rule. The manuscript does not discuss these rows or provide pair-specific perturbation, direct-binding, regulatory, client-stability, ubiquitination, or HSP90-dependence evidence. Both native bait orientations pass the released interaction boundary. This is within-study reciprocity, not two sources.	One transformed, pseudo-triploid HEK293T lineage; endogenous tags can still alter abundance, localization, or interfaces. The split-fluorophore strategy mainly accesses nucleo-cytoplasmic proteins and cytosol-exposed membrane termini. Taipale 2014 is an independent source and method, but both studies use the 293T/HEK293T lineage. The publication supplement bundle is not archived locally; the exact official 29,922-row processed interaction release used for these decisions is local, so this is an archive-completeness gap rather than a review blocker.	cellular_complex_not_binary;endogenous_tag_IPMS;no_pair_specific_HSP90_mediation;not_client_evidence;publication_supplements_not_local_archive_gap;same_293T_lineage_across_sources;single_cell_line_lineage;same_study_reciprocal_IPMS	local_main_and_official_processed_interaction_matrix_reviewed;publication_supplement_bundle_not_local_archive_gap_not_decision_blocker	focused_primary_review_complete	close_pair
COCHSRCREV-2026-09-13-PPP5C-AGO3-PMID28330616	2026-09-13	AGO3::PPP5C	AGO3	PPP5C	PPP5C	AGO3	PMID:28330616	28330616		10.1016/j.cels.2017.02.011	Systematic Analysis of Human Protein Phosphatase Interactions and Dynamics	supports_context_qualified_pair_relationship	physical_association;shared_complex	PPP5C_bait_APMS_plus_tagged_coIP_with_BioID_not_recovered_for_AGO3	undirected_or_not_applicable			tagged_cellular_APMS_plus_tagged_coIP_not_direct_binding	PPP5C_bait_high_confidence_APMS_plus_tagged_coIP_with_BioID_not_recovered	no_HSP90_assay_in_this_source	Stable isogenic Flp-In T-REx 293 cells expressed full-length N-terminal Strep-HA-tagged PPP5C after tetracycline induction. Single-step Strep affinity purification used two biological and two technical AP-MS replicates. High-confidence interactors passed SAINT >=0.87 together with CRAPome occurrence >=40% and spectral-count fold change >=2. Selected validation used stable N-terminal BirA-myc PPP5C BioID and/or HEK293-MSR coexpression of HA-PPP5C with V5-tagged prey followed by anti-HA IP/anti-V5 immunoblot; for this pair: tagged co-IP positive; BioID negative.	cultured_cell_line	human	whole_cell_or_unspecified_fraction	omics_or_screening_measurement;physical_interaction_or_proximity	PPP5C-bait AP-MS recovered AGO3 as a high-confidence interactor with SAINT 0.89; the source validation table reports tagged co-IP positive; BioID negative.	Table S1A row 34: full-length PPP5C, N-terminal Strep-HA; Table S1F row 369: PPP5C bait/AGO3 prey, SAINT 0.89; Table S1G row 167: tagged co-IP positive; BioID negative; Table S2F row 32: OA/without-OA fold change 1.714926, p=0.00152624	AP-MS and co-IP recover cellular lysate complexes, while BioID reports proximity. None establishes purified binary contact. Bait/prey orientation is assay configuration, not biological direction.	The selected BioID configuration was reported as no; this assay-specific non-recovery does not negate the AP-MS and tagged co-IP positives.	All measurements are from a transformed HEK293-lineage system with tagged expression. OA abundance dynamics are condition context only, not client, regulatory, or direct-binding evidence. BioGRID and IntAct routes are projections of this one publication, not independent replications. No HSP90 dependence, client phenotype, purified binding, or HSP90 isoform-resolved mechanism was tested.	BioID_not_recovered_not_biological_negative;OA_condition_dynamics_context_only;assay_discordance;cellular_complex_not_binary;database_routes_not_independent_replication;direct_binding_unclear;no_HSP90_assay;not_client_evidence;single_cell_line_lineage;tagged_expression	complete_local_article_with_STAR_Methods_plus_six_claim_or_context_supplement_objects_reviewed;Tables_S1_and_S2_claim_bearing	focused_primary_review_complete	close_pair
COCHSRCREV-2026-09-13-DNAJA2-AGO4-PMID19167051	2026-09-13	AGO4::DNAJA2	AGO4	DNAJA2	DNAJA2	AGO4	PMID:19167051	19167051		10.1016/j.cell.2008.12.023	Importin 8 Is a Gene Silencing Factor that Targets Argonaute Proteins to Distinct mRNAs	supports_context_qualified_pair_relationship	shared_complex	AGO4_FH_tag_anti_FLAG_IPMS_four_query_match_context_for_DNAJA2	undirected_or_not_applicable			cellular_complex_not_binary	four_query_match_cellular_anti_FLAG_IPMS_context	no_pair_specific_HSP90_assay_in_this_source	Human HEK293 cells transiently expressed FLAG/HA (FH)-tagged AGO4 or FH-GFP; lysates underwent one 3-hour anti-FLAG M2 agarose immunoprecipitation followed by gel-band LC-MS/MS.	cultured_cell_line	human	whole_cell_or_unspecified_fraction	omics_or_screening_measurement;physical_interaction_or_proximity	DNAJA2 was identified with four query matches after FH-AGO4 anti-FLAG IP-MS but not the FH-GFP control; this result is context-only.	Supplement Table S2 page 16: DnaJ subfamily A member 2, GI 16041837, mass 45717, 4 query matches, peptide score 41, peptide delta 0.0109, gel band 12	Gel-band mass-spectrometry identifications after cellular anti-FLAG immunoprecipitation do not establish binary contact.	The proteins were not listed in the GFP control, but no statistical admission threshold, reciprocal capture, or targeted validation was reported. No statistical pair threshold, reciprocal capture, or targeted validation was reported.	Four query matches in one gel-band MS screen do not establish four unique peptides; no source-level pair FDR or targeted validation was reported. Retain only weak cellular-complex context.	cellular_complex_not_binary;database_routes_not_independent_replication;no_pair_specific_HSP90_assay;not_client_evidence;no_statistical_pair_threshold;tagged_expression;four_query_match_identification;unique_peptide_count_not_established	local_main_and_complete_publisher_supplement_reviewed	focused_primary_review_complete	close_pair
COCHSRCREV-2026-09-13-DNAJB11-AGO4-PMID19167051	2026-09-13	AGO4::DNAJB11	AGO4	DNAJB11	DNAJB11	AGO4	PMID:19167051	19167051		10.1016/j.cell.2008.12.023	Importin 8 Is a Gene Silencing Factor that Targets Argonaute Proteins to Distinct mRNAs	supports_context_qualified_pair_relationship	shared_complex	AGO4_FH_tag_anti_FLAG_IPMS_single_query_match_context_for_DNAJB11	undirected_or_not_applicable			cellular_complex_not_binary	single_query_match_cellular_anti_FLAG_IPMS_context	no_pair_specific_HSP90_assay_in_this_source	Human HEK293 cells transiently expressed FLAG/HA (FH)-tagged AGO4 or FH-GFP; lysates underwent one 3-hour anti-FLAG M2 agarose immunoprecipitation followed by gel-band LC-MS/MS.	cultured_cell_line	human	cytosol;endoplasmic_reticulum	omics_or_screening_measurement;physical_interaction_or_proximity	DNAJB11 precursor was identified by one query match after FH-AGO4 anti-FLAG IP-MS but not the FH-GFP control; the result is context-only.	Supplement Table S2 page 17: DNAJB11 precursor, GI 12654616, mass 40489, 1 query match, peptide score 41, peptide delta 0.0604, gel band 14	Gel-band mass-spectrometry identifications after cellular anti-FLAG immunoprecipitation do not establish binary contact.	The proteins were not listed in the GFP control, but no statistical admission threshold, reciprocal capture, or targeted validation was reported. No statistical pair threshold, reciprocal capture, or targeted validation was reported; the ER-lumen/cytosol topology mismatch is unresolved.	Single-query-match identification without a source-level pair FDR or targeted validation. ER-luminal DNAJB11 and cytosolic AGO4 have a severe localization/topology mismatch for an intact-cell association.	cellular_complex_not_binary;database_routes_not_independent_replication;no_pair_specific_HSP90_assay;not_client_evidence;no_statistical_pair_threshold;tagged_expression;ER_lumen_cytosol_localization_mismatch;single_query_match_identification	local_main_and_complete_publisher_supplement_reviewed	focused_primary_review_complete	close_pair
COCHSRCREV-2026-09-13-AGO4-PTGES3-PMID19167051	2026-09-13	AGO4::PTGES3	AGO4	PTGES3	PTGES3	AGO4	PMID:19167051	19167051		10.1016/j.cell.2008.12.023	Importin 8 Is a Gene Silencing Factor that Targets Argonaute Proteins to Distinct mRNAs	supports_context_qualified_pair_relationship	physical_association;shared_complex	FH_AGO4_bait_IPMS_screen_recovery_of_PTGES3_p23	undirected_or_not_applicable			single_bait_tagged_IPMS_screen_not_binary	screen_only_tagged_IPMS_complex_context	HSP90_containing_screen_context_without_pair_specific_mediation_or_paralog_assignment	Transient FH-tagged AGO4/EIF2C4 was anti-FLAG-purified from human HEK293 cells and compared with FH-GFP; gel bands were identified by mass spectrometry. Pair-specific statistical admission was not reported.	cultured_cell_line	human	whole_cell_or_unspecified_fraction	omics_or_screening_measurement;physical_interaction_or_proximity	PTGES3/p23 appears in the FH-AGO4 IP-MS screen with three query matches, one displayed peptide, and gel bands 21-22, alongside HSP90AA1, HSP90AB1, and Hsp70 proteins.	Supplementary Table S2, pages 16-18; p23/PTGES3 entry on page 17; FH-AGO4 versus FH-GFP screen design in main methods	A gel-band IP-MS screen hit is shared-complex context, not anti-tag co-IP validation, purified binary binding, biological direction, or HSP90 mediation.	The paper did not discuss, reciprocally capture, or target-validate AGO4-p23. This absence of follow-up is an evidence ceiling, not a biological negative.	One transient tagged-bait screen in HEK293. BioGRID and IntAct are duplicate source encodings; IntAct's anti-tag co-IP label does not override the source's IP-MS screen method.	database_method_label_overstates_source;database_routes_not_independent_replication;not_client_evidence;screen_only_not_target_validated;tagged_expression	local_main_and_complete_claim_bearing_supplement_reviewed	focused_primary_review_complete	close_pair
COCHSRCREV-2026-09-13-AGO4-PTGES3-PMID33961781	2026-09-13	AGO4::PTGES3	AGO4	PTGES3	PTGES3	AGO4	PMID:33961781	33961781	PMC8165030	10.1016/j.cell.2021.04.011	Dual proteome-scale networks reveal cell-specific remodeling of the human interactome	supports_context_qualified_pair_relationship	physical_association;shared_complex	PTGES3_AGO4_BioPlex3_293T_and_HCT116_APMS_network_association	undirected_or_not_applicable			cellular_APMS_network_not_binary	BioPlex3_APMS_network_edge_with_source_specific_cell_line_context	no_pair_specific_HSP90_mediation_established	BioPlex3 affinity-purification mass spectrometry maps human 293T and HCT116 networks. Final pInt at least 0.75 defines admitted edges; bait-prey orientation is assay configuration.	cultured_cell_line	human	whole_cell_or_unspecified_fraction	omics_or_screening_measurement;physical_interaction_or_proximity	PTGES3 and EIF2C4/AGO4 occur in both bait-prey orientations in 293T (final-network pInt 0.9999999844) and as PTGES3 bait to AGO4 prey in HCT116 (pInt 0.9026919231).	293T directed rows for PTGES3-EIF2C4 and reverse; final-network line 16303. HCT116 PTGES3-to-EIF2C4 directed row; final-network line 39526.	BioPlex network edges support cell-line-specific co-recovery, not pairwise contact, biological direction, client status, or HSP90 mediation.	A missing reverse direction or cell-line edge is a source-specific network result, not a biological noninteraction.	The 293T BioPlex1/2/3 releases are carry-forward/reanalysis of one evolving program. HCT116 is a distinct lineage measured in the same BioPlex3 publication, not an independent publication. Database routes are not replication.	APMS_network_not_binary;BioPlex_evolving_293T_lineage;database_routes_not_independent_replication;current_symbol_AGO4_source_alias_EIF2C4;reciprocal_293T_assay_configuration;single_HCT116_orientation;no_pair_specific_HSP90_mediation;not_client_evidence;tagged_expression	local_main_and_exact_official_directed_and_final_network_matrices_reviewed;remaining_publication_bundle_archive_gap_not_decision_blocker	focused_primary_review_complete	close_pair
COCHSRCREV-2026-09-14-AHR-PTGES3-PMID33961781	2026-09-14	AHR::PTGES3	AHR	PTGES3	PTGES3	AHR	PMID:33961781	33961781	PMC8165030	10.1016/j.cell.2021.04.026	Dual proteome-scale networks reveal cell-specific remodeling of the human interactome	supports_context_qualified_pair_relationship	physical_association;shared_complex	BioPlex3_PTGES3_to_AHR_APMS_association	undirected_or_not_applicable			tagged_bait_APMS_association_not_binary_binding	BioPlex3_cross_cell_line_single_direction_cellular_APMS_association	no_pair_specific_HSP90_assay_in_this_source	Human BioPlex 3 tagged-bait affinity-purification mass spectrometry in 293T and HCT116 cells.	cultured_cell_line	human	whole_cell_or_unspecified_fraction	omics_or_screening_measurement;physical_interaction_or_proximity	Official BioPlex directed and final-network matrices contain PTGES3 to AHR with final-network pInt value(s) 0.99999046273675;0.893932506340937 in 293T and HCT116.	Official BioPlex 3 293T/HCT116 directed-edge and final-network matrices; exact gene-symbol rows	Bait-to-prey is assay orientation rather than biological regulation. Tagged-bait AP-MS supports cellular or lysate co-recovery, not purified pairwise binding.	Absence from the other cell-line matrix is not biological negative evidence. The source supplies no pair-specific functional or HSP90-dependence result.	Tagged exogenous bait and cell-line context limit physiological generalization. BioGRID and IntAct routes from this PMID are projections of the same BioPlex experiment and are not independent evidence.	APMS_association_not_direct_binding;assay_bait_prey_not_biological_direction;cell_line_context;database_routes_not_independent_replication;no_HSP90_assay_in_source;not_client_evidence;not_isoform_exclusivity_evidence;tagged_bait_context	local_main_and_exact_official_BioPlex_matrices_reviewed_complete	focused_primary_review_complete	retain_pair
COCHSRCREV-2026-09-14-AHSA1-CFTR-PMID36012204	2026-09-14	AHSA1::CFTR	AHSA1	CFTR	AHSA1	CFTR	PMID:36012204	36012204	PMC9408702	10.3390/ijms23168937	Differential CFTR-Interactome Proximity Labeling Procedures Identify Enrichment in Multiple SLC Transporters	database_route_not_supported_by_source		AHSA1_subthreshold_in_APEX2_and_TurboID_CFTR_proximity_screens	not_applicable			subthreshold_proximity_result_not_positive_pair_support	database_projection_not_supported_by_source_thresholds	no_HSP90_assay_or_isoform_resolution_in_this_source	Transiently transfected human HEK293 cells expressing full-length N-terminal APEX2-CFTR or TurboID-CFTR versus matched non-transfected controls; APEX2 n=3 and TurboID n=4. High-confidence proximal partners require SAINT FDR <0.01.	cultured_cell_line	human	whole_cell_or_unspecified_fraction	methods_or_source_object_only;omics_or_screening_measurement	AHSA1 fails source thresholds in both assays: APEX2 SAINT FDR 0.8661 and TurboID SAINT FDR 0.1548, versus the high-confidence cutoff FDR <0.01; matched enrichment P values are also nonsignificant.	Supplementary Table S1: APEX2 WT-control row 395 and SAINT APEX row 3491; TurboID WT-control row 389 and SAINT Turbo row 634	The exact protein was measured but did not meet the source's positive proximity thresholds. This is source non-support for the database projection, not evidence that AHSA1 and CFTR cannot associate under other conditions.	Mutant-CFTR comparisons do not establish a pair-specific functional consequence. Repeated IntAct/IMEx routes are database representations of this one publication, not independent confirmations.	Proximity labeling captures proteins within roughly 10-20 nm and cannot by itself establish contact or complex membership. Exact IMEx records cannot be mapped one-to-one to workbook conditions, but the complete source table resolves the publication-level pair call.	database_projection_not_supported;not_biological_negative;proximity_labeling_not_direct_binding;no_HSP90_assay_in_source;not_client_evidence;not_isoform_exclusivity_evidence;database_routes_not_independent_replication;IMEx_route_to_condition_granularity_unresolved	local_full_text_and_complete_native_Supplementary_Table_S1_reviewed;exact_rows_present	focused_primary_review_complete	retain_pair
COCHSRCREV-2026-09-13-AHSA1-CHORDC1-PMID25036637	2026-09-13	AHSA1::CHORDC1	AHSA1	CHORDC1	AHSA1	CHORDC1	PMID:25036637	25036637	PMC4104544	10.1016/j.cell.2014.05.039	A quantitative chaperone interaction network reveals the architecture of cellular protein homeostasis pathways	supports_context_qualified_pair_relationship	physical_association;shared_complex	AHSA1_bait_APMS_cellular_association_with_CHORDC1	undirected_or_not_applicable			cellular_complex_not_binary	tagged_expression_duplicate_APMS_cellular_association	no_pair_specific_HSP90_assay_in_this_source	Human stable polyclonal 293T cells expressing predominantly C-terminal 3xFLAG-V5-tagged chaperone or co-chaperone AP-MS baits were analyzed by anti-FLAG affinity-purification mass spectrometry from whole-cell lysate with sodium molybdate. Two AP-MS replicates were scored with SAINT; the high-confidence cutoff was AvgP >= 0.85 (estimated FDR 1.8%). LUMIER used transient 3xFLAG query baits and stable Renilla-fused reporter preys in 293T cells; normalized luminescence Z-scores were evaluated at the source's high-confidence cutoff of approximately 7 (estimated upper FDR 4.4%).	cultured_cell_line	human	whole_cell_or_unspecified_fraction	omics_or_screening_measurement;physical_interaction_or_proximity	AHSA1-bait AP-MS recovered CHORDC1 above the source's SAINT AvgP 0.85 threshold.	Table S1 workbook, AvgP scores row 8: bait AHSA1, prey CHORDC1, AvgP 1.00, Spec 17|28, CtrlCounts 0|0|0|0|0|0|0; reverse row 6840: CHORDC1 bait, AHSA1 prey, AvgP 0.02, Spec 2|2, CtrlCounts 0|1|0|3|2|2|0; LUMIER scores row 619, CHORDC1-FLAG query bait with AHA1-Renilla reporter prey, 1.267624; no AHSA1/AHA1 query row; Bait protein list rows 4 and 16: AHSA1/AHA1 and CHORDC1/CHP1, both C-terminally tagged for AP-MS	Affinity-purification mass spectrometry from cellular lysate supports co-recovery or shared-complex membership, not purified binary binding. Bait-to-prey orientation records assay configuration rather than biological direction. Within-study replicate or reciprocal AP-MS does not establish HSP90 mediation, client status, or regulation.	No requested pair received a purified-protein binding test, regulatory direction test, pair-specific client-stability assay, functional perturbation, or HSP90-isoform-resolved mediation test. None appears in the author's AP-MS-and-LUMIER overlap sheet. A database luminescence route is not counted as orthogonal validation when its source-matrix score is below the author threshold or unavailable. The reverse AP-MS row failed AvgP 0.85. The tested LUMIER configuration failed the source threshold and the reverse configuration was unavailable.	The source uses tagged, expressed proteins in one transformed 293T lineage. Negative or missing LUMIER measurements do not disprove an association because assay sensitivity and construct configuration differ from AP-MS. The main text and combined sheet use LUMIER score >= 7, while the workbook information sheet says > 7; no requested measurement is near that boundary. BioGRID and IntAct records can project the same AP-MS or screened LUMIER configuration and are not independent source replications. IntAct's anti-tag coimmunoprecipitation label does not establish a separate pair-specific co-IP experiment.	apms_screen;cellular_complex_not_binary;database_routes_not_independent_replication;lumier_below_threshold_or_unavailable;no_pair_specific_HSP90_assay;not_client_evidence;single_cell_line;tagged_expression;reverse_APMS_below_threshold;source_alias_normalized	local_main_article_and_complete_Table_S1_workbook_reviewed	focused_primary_review_complete	close_pair
COCHSRCREV-2026-09-13-AHSA1-EGFR-PMID20029029	2026-09-13	AHSA1::EGFR	AHSA1	EGFR	AHSA1	EGFR	PMID:20029029	20029029		10.1126/scisignal.2000576	Regulation of Epidermal Growth Factor Receptor Trafficking by Lysine Deacetylase HDAC6	supports_context_qualified_pair_relationship	physical_association	EGFR_bait_MYTH_reporter_association_with_AHSA1	undirected_or_not_applicable			heterologous_membrane_reporter_association_not_native_binary	single_heterologous_membrane_reporter_association	no_pair_specific_HSP90_assay_in_this_source	Human EGFR lacking its native signal peptide was fused to the yeast mating-factor alpha signal sequence and Cub-transcription-factor reporter and expressed as a plasma-membrane bait in budding yeast. A human fetal-brain NubG prey library was screened across about 30 million transformants; 295 initial positives were reduced to 87 candidates by triple-reporter selection, retransformation, and EGFR-versus-transferrin-receptor/empty-bait specificity controls at 5 mM 3-amino-1,2,4-triazole. The bait was ligand-unoccupied and unphosphorylated in this heterologous system.	cultured_cell_line	human;budding_yeast	plasma_membrane_or_cell_surface	omics_or_screening_measurement;physical_interaction_or_proximity	EGFR-bait membrane split-ubiquitin screening recovered AHSA1 through the source's specificity controls.	2009 Supplementary Table S1 PDF page 13: EGFR bait and AHSA1 prey; 2020 derivative MYTH matrix row 346 reproduces this EGFR edge	The membrane split-ubiquitin reporter supports proximity sufficient for reporter reconstitution in engineered yeast. It does not by itself establish native mammalian co-complex membership, purified binary binding, or a direct interface.	No pair in this tranche was tested for HSP90 dependence, HSP90 isoform selectivity, client handling, or purified-protein binding.	The engineered yeast-membrane assay bypasses normal mammalian EGFR trafficking, ligand activation, phosphorylation, and native cellular stoichiometry. The 2020 Kennedy paper newly screened ERBB2, ERBB3, and ERBB4; its EGFR rows were imported from this 2009 experiment and IID context, so PMID31980649 route encodings are derivative lineage records rather than independent replication. IntAct's 'ubiquitin reconstruction' label describes split-ubiquitin reporter reconstitution, not enzymatic substrate ubiquitination.	database_routes_not_independent_replication;derivative_republication_not_independent;engineered_EGFR_bait;heterologous_membrane_reporter;ligand_unoccupied_unphosphorylated_bait;no_pair_specific_HSP90_assay;not_client_evidence;split_ubiquitin_not_enzymatic_ubiquitination	local_2009_main_and_supplement_reviewed_with_2020_derivative_Myth_matrix_for_lineage_reconciliation	focused_primary_review_complete	close_pair
COCHSRCREV-2026-09-13-AHSA1-FKBPL-PMID25036637	2026-09-13	AHSA1::FKBPL	AHSA1	FKBPL	AHSA1	FKBPL	PMID:25036637	25036637	PMC4104544	10.1016/j.cell.2014.05.039	A quantitative chaperone interaction network reveals the architecture of cellular protein homeostasis pathways	supports_context_qualified_pair_relationship	physical_association;shared_complex	FKBPL_bait_APMS_cellular_association_with_AHSA1	undirected_or_not_applicable			cellular_complex_not_binary	tagged_expression_duplicate_APMS_cellular_association	no_pair_specific_HSP90_assay_in_this_source	Human stable polyclonal 293T cells expressing predominantly C-terminal 3xFLAG-V5-tagged chaperone or co-chaperone AP-MS baits were analyzed by anti-FLAG affinity-purification mass spectrometry from whole-cell lysate with sodium molybdate. Two AP-MS replicates were scored with SAINT; the high-confidence cutoff was AvgP >= 0.85 (estimated FDR 1.8%). LUMIER used transient 3xFLAG query baits and stable Renilla-fused reporter preys in 293T cells; normalized luminescence Z-scores were evaluated at the source's high-confidence cutoff of approximately 7 (estimated upper FDR 4.4%).	cultured_cell_line	human	whole_cell_or_unspecified_fraction	omics_or_screening_measurement;physical_interaction_or_proximity	FKBPL-bait AP-MS recovered AHSA1 above the source's SAINT AvgP 0.85 threshold.	Table S1 workbook, AvgP scores row 221: bait FKBPL, prey AHSA1, AvgP 0.87, Spec 7|7, CtrlCounts 0|1|0|3|2|2|0; no AHSA1-bait FKBPL prey row among detected proteins; LUMIER scores row 313, FKBPL-FLAG query bait with AHA1-Renilla reporter prey, -0.508966; no AHSA1/AHA1 query row; Bait protein list rows 4 and 25: AHSA1/AHA1 and FKBPL/WISp39, C-terminal AP-MS tags	Affinity-purification mass spectrometry from cellular lysate supports co-recovery or shared-complex membership, not purified binary binding. Bait-to-prey orientation records assay configuration rather than biological direction. Within-study replicate or reciprocal AP-MS does not establish HSP90 mediation, client status, or regulation.	No requested pair received a purified-protein binding test, regulatory direction test, pair-specific client-stability assay, functional perturbation, or HSP90-isoform-resolved mediation test. None appears in the author's AP-MS-and-LUMIER overlap sheet. A database luminescence route is not counted as orthogonal validation when its source-matrix score is below the author threshold or unavailable. No reverse AP-MS row was reported among detected proteins. The tested LUMIER configuration failed the source threshold and the reverse configuration was unavailable.	The source uses tagged, expressed proteins in one transformed 293T lineage. Negative or missing LUMIER measurements do not disprove an association because assay sensitivity and construct configuration differ from AP-MS. The main text and combined sheet use LUMIER score >= 7, while the workbook information sheet says > 7; no requested measurement is near that boundary. BioGRID and IntAct records can project the same AP-MS or screened LUMIER configuration and are not independent source replications. IntAct's anti-tag coimmunoprecipitation label does not establish a separate pair-specific co-IP experiment.	apms_screen;cellular_complex_not_binary;database_routes_not_independent_replication;lumier_below_threshold_or_unavailable;no_pair_specific_HSP90_assay;not_client_evidence;single_cell_line;tagged_expression;reverse_APMS_not_reported;source_alias_normalized	local_main_article_and_complete_Table_S1_workbook_reviewed	focused_primary_review_complete	close_pair
COCHSRCREV-2026-09-13-AHSA1-TARS2-PMID25036637	2026-09-13	AHSA1::TARS2	AHSA1	TARS2	AHSA1	TARS2	PMID:25036637	25036637	PMC4104544	10.1016/j.cell.2014.05.039	A quantitative chaperone interaction network reveals the architecture of cellular protein homeostasis pathways	supports_context_qualified_pair_relationship	physical_association;shared_complex	AHSA1_bait_APMS_cellular_association_with_TARS2	undirected_or_not_applicable			cellular_complex_not_binary	tagged_expression_duplicate_APMS_cellular_association	no_pair_specific_HSP90_assay_in_this_source	Human stable polyclonal 293T cells expressing predominantly C-terminal 3xFLAG-V5-tagged chaperone or co-chaperone AP-MS baits were analyzed by anti-FLAG affinity-purification mass spectrometry from whole-cell lysate with sodium molybdate. Two AP-MS replicates were scored with SAINT; the high-confidence cutoff was AvgP >= 0.85 (estimated FDR 1.8%). LUMIER used transient 3xFLAG query baits and stable Renilla-fused reporter preys in 293T cells; normalized luminescence Z-scores were evaluated at the source's high-confidence cutoff of approximately 7 (estimated upper FDR 4.4%).	cultured_cell_line	human	whole_cell_or_unspecified_fraction	omics_or_screening_measurement;physical_interaction_or_proximity	AHSA1-bait AP-MS recovered TARS2 above the source's SAINT AvgP 0.85 threshold.	Table S1 workbook, AvgP scores row 15: bait AHSA1, prey TARS2, AvgP 0.99, Spec 9|8, CtrlCounts 0|2|0|1|2|0|2; TARS2 was not an AP-MS bait; LUMIER scores row 413, TARS2-FLAG query bait with AHA1-Renilla reporter prey, 0.475187; no AHSA1/AHA1 query row	Affinity-purification mass spectrometry from cellular lysate supports co-recovery or shared-complex membership, not purified binary binding. Bait-to-prey orientation records assay configuration rather than biological direction. Within-study replicate or reciprocal AP-MS does not establish HSP90 mediation, client status, or regulation.	No requested pair received a purified-protein binding test, regulatory direction test, pair-specific client-stability assay, functional perturbation, or HSP90-isoform-resolved mediation test. None appears in the author's AP-MS-and-LUMIER overlap sheet. A database luminescence route is not counted as orthogonal validation when its source-matrix score is below the author threshold or unavailable. Reverse AP-MS was unavailable because TARS2 was not an AP-MS bait. The tested LUMIER configuration failed the source threshold and the reverse configuration was unavailable.	The source uses tagged, expressed proteins in one transformed 293T lineage. Negative or missing LUMIER measurements do not disprove an association because assay sensitivity and construct configuration differ from AP-MS. The main text and combined sheet use LUMIER score >= 7, while the workbook information sheet says > 7; no requested measurement is near that boundary. BioGRID and IntAct records can project the same AP-MS or screened LUMIER configuration and are not independent source replications. IntAct's anti-tag coimmunoprecipitation label does not establish a separate pair-specific co-IP experiment.	apms_screen;cellular_complex_not_binary;database_routes_not_independent_replication;lumier_below_threshold_or_unavailable;no_pair_specific_HSP90_assay;not_client_evidence;single_cell_line;tagged_expression;reverse_APMS_not_reported;source_alias_normalized	local_main_article_and_complete_Table_S1_workbook_reviewed	focused_primary_review_complete	close_pair
COCHSRCREV-2026-09-13-AHSA1-TOMM34-PMID25036637	2026-09-13	AHSA1::TOMM34	AHSA1	TOMM34	AHSA1	TOMM34	PMID:25036637	25036637	PMC4104544	10.1016/j.cell.2014.05.039	A quantitative chaperone interaction network reveals the architecture of cellular protein homeostasis pathways	supports_context_qualified_pair_relationship	physical_association;shared_complex	AHSA1_bait_APMS_cellular_association_with_TOMM34	undirected_or_not_applicable			cellular_complex_not_binary	tagged_expression_duplicate_APMS_cellular_association	no_pair_specific_HSP90_assay_in_this_source	Human stable polyclonal 293T cells expressing predominantly C-terminal 3xFLAG-V5-tagged chaperone or co-chaperone AP-MS baits were analyzed by anti-FLAG affinity-purification mass spectrometry from whole-cell lysate with sodium molybdate. Two AP-MS replicates were scored with SAINT; the high-confidence cutoff was AvgP >= 0.85 (estimated FDR 1.8%). LUMIER used transient 3xFLAG query baits and stable Renilla-fused reporter preys in 293T cells; normalized luminescence Z-scores were evaluated at the source's high-confidence cutoff of approximately 7 (estimated upper FDR 4.4%).	cultured_cell_line	human	whole_cell_or_unspecified_fraction	omics_or_screening_measurement;physical_interaction_or_proximity	AHSA1-bait AP-MS recovered TOMM34 above the source's SAINT AvgP 0.85 threshold.	Table S1 workbook, AvgP scores row 16: bait AHSA1, prey TOMM34, AvgP 1.00, Spec 23|19, CtrlCounts 0|2|0|0|3|4|0; TOMM34 was not an AP-MS bait; LUMIER scores row 511, TOMM34-FLAG query bait with AHA1-Renilla reporter prey, -0.893994; no AHSA1/AHA1 query row	Affinity-purification mass spectrometry from cellular lysate supports co-recovery or shared-complex membership, not purified binary binding. Bait-to-prey orientation records assay configuration rather than biological direction. Within-study replicate or reciprocal AP-MS does not establish HSP90 mediation, client status, or regulation.	No requested pair received a purified-protein binding test, regulatory direction test, pair-specific client-stability assay, functional perturbation, or HSP90-isoform-resolved mediation test. None appears in the author's AP-MS-and-LUMIER overlap sheet. A database luminescence route is not counted as orthogonal validation when its source-matrix score is below the author threshold or unavailable. Reverse AP-MS was unavailable because TOMM34 was not an AP-MS bait. The tested LUMIER configuration failed the source threshold and the reverse configuration was unavailable.	The source uses tagged, expressed proteins in one transformed 293T lineage. Negative or missing LUMIER measurements do not disprove an association because assay sensitivity and construct configuration differ from AP-MS. The main text and combined sheet use LUMIER score >= 7, while the workbook information sheet says > 7; no requested measurement is near that boundary. BioGRID and IntAct records can project the same AP-MS or screened LUMIER configuration and are not independent source replications. IntAct's anti-tag coimmunoprecipitation label does not establish a separate pair-specific co-IP experiment.	apms_screen;cellular_complex_not_binary;database_routes_not_independent_replication;lumier_below_threshold_or_unavailable;no_pair_specific_HSP90_assay;not_client_evidence;single_cell_line;tagged_expression;reverse_APMS_not_reported;source_alias_normalized	local_main_article_and_complete_Table_S1_workbook_reviewed	focused_primary_review_complete	close_pair
COCHSRCREV-2026-09-13-AHSA1-TTC4-PMID25036637	2026-09-13	AHSA1::TTC4	AHSA1	TTC4	AHSA1	TTC4	PMID:25036637	25036637	PMC4104544	10.1016/j.cell.2014.05.039	A quantitative chaperone interaction network reveals the architecture of cellular protein homeostasis pathways	supports_context_qualified_pair_relationship	physical_association;shared_complex	TTC4_bait_APMS_cellular_association_with_AHSA1	undirected_or_not_applicable			cellular_complex_not_binary	tagged_expression_duplicate_APMS_cellular_association	no_pair_specific_HSP90_assay_in_this_source	Human stable polyclonal 293T cells expressing predominantly C-terminal 3xFLAG-V5-tagged chaperone or co-chaperone AP-MS baits were analyzed by anti-FLAG affinity-purification mass spectrometry from whole-cell lysate with sodium molybdate. Two AP-MS replicates were scored with SAINT; the high-confidence cutoff was AvgP >= 0.85 (estimated FDR 1.8%). LUMIER used transient 3xFLAG query baits and stable Renilla-fused reporter preys in 293T cells; normalized luminescence Z-scores were evaluated at the source's high-confidence cutoff of approximately 7 (estimated upper FDR 4.4%).	cultured_cell_line	human	whole_cell_or_unspecified_fraction	omics_or_screening_measurement;physical_interaction_or_proximity	TTC4-bait AP-MS recovered AHSA1 above the source's SAINT AvgP 0.85 threshold.	Table S1 workbook, AvgP scores row 475: bait TTC4, prey AHSA1, AvgP 0.87, Spec 7|7, CtrlCounts 0|1|0|3|2|2|0; reverse row 1416: AHSA1 bait, TTC4 prey, AvgP 0.57, Spec 2|2, CtrlCounts 0|0|0|0|0|0|0; LUMIER scores row 465, TTC4-FLAG query bait with AHA1-Renilla reporter prey, -1.156452; no AHSA1/AHA1 query row; Bait protein list rows 4 and 65: AHSA1/AHA1 and TTC4, C-terminal AP-MS tags	Affinity-purification mass spectrometry from cellular lysate supports co-recovery or shared-complex membership, not purified binary binding. Bait-to-prey orientation records assay configuration rather than biological direction. Within-study replicate or reciprocal AP-MS does not establish HSP90 mediation, client status, or regulation.	No requested pair received a purified-protein binding test, regulatory direction test, pair-specific client-stability assay, functional perturbation, or HSP90-isoform-resolved mediation test. None appears in the author's AP-MS-and-LUMIER overlap sheet. A database luminescence route is not counted as orthogonal validation when its source-matrix score is below the author threshold or unavailable. The reverse AP-MS row failed AvgP 0.85. The tested LUMIER configuration failed the source threshold and the reverse configuration was unavailable.	The source uses tagged, expressed proteins in one transformed 293T lineage. Negative or missing LUMIER measurements do not disprove an association because assay sensitivity and construct configuration differ from AP-MS. The main text and combined sheet use LUMIER score >= 7, while the workbook information sheet says > 7; no requested measurement is near that boundary. BioGRID and IntAct records can project the same AP-MS or screened LUMIER configuration and are not independent source replications. IntAct's anti-tag coimmunoprecipitation label does not establish a separate pair-specific co-IP experiment.	apms_screen;cellular_complex_not_binary;database_routes_not_independent_replication;lumier_below_threshold_or_unavailable;no_pair_specific_HSP90_assay;not_client_evidence;single_cell_line;tagged_expression;reverse_APMS_below_threshold;source_alias_normalized	local_main_article_and_complete_Table_S1_workbook_reviewed	focused_primary_review_complete	close_pair
COCHSRCREV-2026-09-13-AIP-DNAAF2-PMID25036637	2026-09-13	AIP::DNAAF2	AIP	DNAAF2	AIP	DNAAF2	PMID:25036637	25036637	PMC4104544	10.1016/j.cell.2014.05.039	A quantitative chaperone interaction network reveals the architecture of cellular protein homeostasis pathways	supports_context_qualified_pair_relationship	physical_association;shared_complex	AIP_bait_APMS_cellular_association_with_DNAAF2	undirected_or_not_applicable			cellular_complex_not_binary	tagged_expression_duplicate_APMS_cellular_association	no_pair_specific_HSP90_assay_in_this_source	Human stable polyclonal 293T cells expressing predominantly C-terminal 3xFLAG-V5-tagged chaperone or co-chaperone AP-MS baits were analyzed by anti-FLAG affinity-purification mass spectrometry from whole-cell lysate with sodium molybdate. Two AP-MS replicates were scored with SAINT; the high-confidence cutoff was AvgP >= 0.85 (estimated FDR 1.8%). LUMIER used transient 3xFLAG query baits and stable Renilla-fused reporter preys in 293T cells; normalized luminescence Z-scores were evaluated at the source's high-confidence cutoff of approximately 7 (estimated upper FDR 4.4%).	cultured_cell_line	human	whole_cell_or_unspecified_fraction	omics_or_screening_measurement;physical_interaction_or_proximity	AIP-bait AP-MS recovered DNAAF2 above the source's SAINT AvgP 0.85 threshold.	Table S1 workbook, AvgP scores row 18: bait AIP, prey DNAAF2, AvgP 0.94, Spec 4|3, CtrlCounts 0|0|0|0|0|0|0; DNAAF2 was not an AP-MS bait and neither LUMIER configuration was available	Affinity-purification mass spectrometry from cellular lysate supports co-recovery or shared-complex membership, not purified binary binding. Bait-to-prey orientation records assay configuration rather than biological direction. Within-study replicate or reciprocal AP-MS does not establish HSP90 mediation, client status, or regulation.	No requested pair received a purified-protein binding test, regulatory direction test, pair-specific client-stability assay, functional perturbation, or HSP90-isoform-resolved mediation test. A database luminescence route represents a screened configuration and is counted as within-study cross-assay support only when the author's curated AP-MS-plus-LUMIER table passes both cutoffs. Reverse AP-MS and both LUMIER configurations were unavailable.	The source uses tagged, expressed proteins in one transformed 293T lineage. Negative or missing LUMIER measurements do not disprove an association because assay sensitivity and construct configuration differ from AP-MS. The main text and combined sheet use LUMIER score >= 7, while the workbook information sheet says > 7; no requested measurement is near that boundary. BioGRID and IntAct records can project the same AP-MS or screened LUMIER configuration and are not independent source replications. IntAct's anti-tag coimmunoprecipitation label does not establish a separate pair-specific co-IP experiment.	apms_screen;cellular_complex_not_binary;database_routes_not_independent_replication;lumier_below_threshold_or_unavailable;no_pair_specific_HSP90_assay;not_client_evidence;single_cell_line;tagged_expression;reverse_APMS_not_reported;lumier_unavailable	local_main_article_and_complete_Table_S1_workbook_reviewed	focused_primary_review_complete	close_pair
COCHSRCREV-2026-09-13-AIP-EGFR-PMID20029029	2026-09-13	AIP::EGFR	AIP	EGFR	AIP	EGFR	PMID:20029029	20029029		10.1126/scisignal.2000576	Regulation of Epidermal Growth Factor Receptor Trafficking by Lysine Deacetylase HDAC6	supports_context_qualified_pair_relationship	physical_association	EGFR_bait_MYTH_reporter_association_with_AIP	undirected_or_not_applicable			heterologous_membrane_reporter_association_not_native_binary	single_heterologous_membrane_reporter_association	no_pair_specific_HSP90_assay_in_this_source	Human EGFR lacking its native signal peptide was fused to the yeast mating-factor alpha signal sequence and Cub-transcription-factor reporter and expressed as a plasma-membrane bait in budding yeast. A human fetal-brain NubG prey library was screened across about 30 million transformants; 295 initial positives were reduced to 87 candidates by triple-reporter selection, retransformation, and EGFR-versus-transferrin-receptor/empty-bait specificity controls at 5 mM 3-amino-1,2,4-triazole. The bait was ligand-unoccupied and unphosphorylated in this heterologous system.	cultured_cell_line	human;budding_yeast	plasma_membrane_or_cell_surface	omics_or_screening_measurement;physical_interaction_or_proximity	EGFR-bait membrane split-ubiquitin screening recovered AIP through the source's specificity controls.	2009 Supplementary Table S1 PDF page 13: EGFR bait and AIP prey; 2020 derivative MYTH matrix row 395 reproduces this EGFR edge	The membrane split-ubiquitin reporter supports proximity sufficient for reporter reconstitution in engineered yeast. It does not by itself establish native mammalian co-complex membership, purified binary binding, or a direct interface.	No pair in this tranche was tested for HSP90 dependence, HSP90 isoform selectivity, client handling, or purified-protein binding.	The engineered yeast-membrane assay bypasses normal mammalian EGFR trafficking, ligand activation, phosphorylation, and native cellular stoichiometry. The 2020 Kennedy paper newly screened ERBB2, ERBB3, and ERBB4; its EGFR rows were imported from this 2009 experiment and IID context, so PMID31980649 route encodings are derivative lineage records rather than independent replication. IntAct's 'ubiquitin reconstruction' label describes split-ubiquitin reporter reconstitution, not enzymatic substrate ubiquitination.	database_routes_not_independent_replication;derivative_republication_not_independent;engineered_EGFR_bait;heterologous_membrane_reporter;ligand_unoccupied_unphosphorylated_bait;no_pair_specific_HSP90_assay;not_client_evidence;split_ubiquitin_not_enzymatic_ubiquitination	local_2009_main_and_supplement_reviewed_with_2020_derivative_Myth_matrix_for_lineage_reconciliation	focused_primary_review_complete	close_pair
COCHSRCREV-2026-09-13-AIP-NADSYN1-PMID25036637	2026-09-13	AIP::NADSYN1	AIP	NADSYN1	AIP	NADSYN1	PMID:25036637	25036637	PMC4104544	10.1016/j.cell.2014.05.039	A quantitative chaperone interaction network reveals the architecture of cellular protein homeostasis pathways	supports_context_qualified_pair_relationship	physical_association;shared_complex	AIP_bait_APMS_cellular_association_with_NADSYN1	undirected_or_not_applicable			cellular_complex_not_binary	tagged_expression_duplicate_APMS_cellular_association	no_pair_specific_HSP90_assay_in_this_source	Human stable polyclonal 293T cells expressing predominantly C-terminal 3xFLAG-V5-tagged chaperone or co-chaperone AP-MS baits were analyzed by anti-FLAG affinity-purification mass spectrometry from whole-cell lysate with sodium molybdate. Two AP-MS replicates were scored with SAINT; the high-confidence cutoff was AvgP >= 0.85 (estimated FDR 1.8%). LUMIER used transient 3xFLAG query baits and stable Renilla-fused reporter preys in 293T cells; normalized luminescence Z-scores were evaluated at the source's high-confidence cutoff of approximately 7 (estimated upper FDR 4.4%).	cultured_cell_line	human	whole_cell_or_unspecified_fraction	omics_or_screening_measurement;physical_interaction_or_proximity	AIP-bait AP-MS recovered NADSYN1 above the source's SAINT AvgP 0.85 threshold.	Table S1 workbook, AvgP scores row 21: bait AIP, prey NADSYN1, AvgP 0.99, Spec 4|6, CtrlCounts 0|0|0|0|0|0|0; NADSYN1 was not an AP-MS bait and neither LUMIER configuration was available	Affinity-purification mass spectrometry from cellular lysate supports co-recovery or shared-complex membership, not purified binary binding. Bait-to-prey orientation records assay configuration rather than biological direction. Within-study replicate or reciprocal AP-MS does not establish HSP90 mediation, client status, or regulation.	No requested pair received a purified-protein binding test, regulatory direction test, pair-specific client-stability assay, functional perturbation, or HSP90-isoform-resolved mediation test. A database luminescence route represents a screened configuration and is counted as within-study cross-assay support only when the author's curated AP-MS-plus-LUMIER table passes both cutoffs. Reverse AP-MS and both LUMIER configurations were unavailable.	The source uses tagged, expressed proteins in one transformed 293T lineage. Negative or missing LUMIER measurements do not disprove an association because assay sensitivity and construct configuration differ from AP-MS. The main text and combined sheet use LUMIER score >= 7, while the workbook information sheet says > 7; no requested measurement is near that boundary. BioGRID and IntAct records can project the same AP-MS or screened LUMIER configuration and are not independent source replications. IntAct's anti-tag coimmunoprecipitation label does not establish a separate pair-specific co-IP experiment.	apms_screen;cellular_complex_not_binary;database_routes_not_independent_replication;lumier_below_threshold_or_unavailable;no_pair_specific_HSP90_assay;not_client_evidence;single_cell_line;tagged_expression;reverse_APMS_not_reported;lumier_unavailable	local_main_article_and_complete_Table_S1_workbook_reviewed	focused_primary_review_complete	close_pair
COCHSRCREV-2026-09-13-AIP-PPARA-PMID12482853	2026-09-13	AIP::PPARA	AIP	PPARA	AIP	PPARA	PMID:12482853	12482853		10.1074/jbc.M211261200	Evidence That Peroxisome Proliferator-activated Receptor alpha Is Complexed with the 90-kDa Heat Shock Protein and the Hepatitis Virus B X-associated Protein 2	supports_pair_relationship	functional_complex;physical_association;shared_complex	AIP_PPARA_shared_complex_and_AIP_directed_reporter_repression	directed	AIP	PPARA	tissue_complex_and_reticulocyte_lysate_association_not_purified_binary	endogenous_tissue_complex_plus_reticulocyte_lysate_association_and_reporter_regulation	cytosolic_HSP90_unresolved_no_isoform_specific_inference	Endogenous C57BL/6N mouse-liver cytosol was analyzed by anti-HSP90 immunodepletion and anti-PPARalpha IP. Separately translated radiolabeled XAP2/AIP and rat FLAG-PPARalpha in rabbit reticulocyte lysate were mixed and anti-FLAG recovered. COS-1 cells tested PPARalpha-driven PPRE luciferase with increasing XAP2 and a separate GAL4-PPARalpha/HSP90 assay.	cultured_cell_line;purified_or_cell_free;tissue_or_biospecimen	african_green_monkey;mouse;rabbit;rat	cytosol;whole_cell_or_unspecified_fraction	biochemical_or_structural;functional_or_phenotypic_readout;physical_interaction_or_proximity	Endogenous mouse-liver PPARalpha co-recovered HSP90 and XAP2/AIP. Reticulocyte-lysate-translated FLAG-PPARalpha recovered mixed translated XAP2/AIP. In COS-1 cells, increasing XAP2 dose-dependently repressed ligand-induced PPARalpha reporter activity and moderately repressed basal activity.	Fig. 2: anti-HSP90 depletion removes about 50% PPARalpha with about 40% HSP90, and anti-PPARalpha IP recovers HSP90 and XAP2; Fig. 3: mixed reticulocyte-lysate translation/anti-FLAG recovery with no-receptor control; Figs. 4-5: HSP90-PPARalpha E/F-domain reporter context; Fig. 6: dose-dependent XAP2 repression and FKBP52 no-effect specificity control	The BioGRID 'Reconstituted Complex' route is rabbit-reticulocyte-lysate translation and mixing, not purified binary reconstitution; endogenous chaperones can remain. The AIP-to-PPARA direction applies only to reporter repression. HSP90 was not perturbed in that assay, so HSP90 mediation is unproven.	FKBP52 did not alter PPARalpha reporter activity, and FKBP52 and CyP40 were not detected in the endogenous PPARalpha complex. The anti-PPARalpha antibody did not recognize PPARbeta or PPARgamma.	Evidence spans mouse tissue, rat PPARalpha construct, rabbit lysate, and COS-1 cells. HSP90 identity is cytosolic but alpha/beta unresolved. The source does not test PPARalpha folding or stability, purified AIP-PPARA binding, or whether AIP reporter repression requires HSP90. AIP maps to XAP2/ARA9; PPARA maps to PPARalpha/NR1C1. Database routes are same-paper projections.	AIP_maps_to_XAP2_ARA9;cross_species_systems;database_routes_not_independent_replication;direct_binding_unclear;HSP90_mediation_of_reporter_effect_not_tested;not_client_evidence;PPARA_maps_to_PPARalpha_NR1C1;reticulocyte_lysate_not_purified_binary	two_identity_valid_local_main_article_representations_reviewed;no_supplement_cited_or_required	focused_primary_review_complete	close_pair
COCHSRCREV-2026-09-13-AIP-RAF1-PMID32707033	2026-09-13	AIP::RAF1	AIP	RAF1	AIP	RAF1	PMID:32707033	32707033	PMC7427327	10.1016/j.molcel.2020.07.001	Kinase Interaction Network Expands Functional and Disease Roles of Human Kinases	supports_context_qualified_pair_relationship	physical_association;shared_complex	RAF1_bait_APMS_co_recovers_AIP	undirected_or_not_applicable			cellular_complex_not_binary	high_confidence_cellular_apms_co_complex	no_pair_specific_HSP90_assay_in_this_source	Human HEK Flp-In 293 T-REx cells with single-locus doxycycline-induced N-terminal Strep-HA-tagged kinase baits; more than 100 million cells per purification, rapid single-step Strep affinity recovery, and duplicate LC-MS/MS runs. Final interactors required WD score > 73.6, GFP-control abundance ratio > 18.4, and at least two total spectra, followed by CRAPome, contaminant, and carry-over filters calibrated to a global false-positive rate below 1%.	cultured_cell_line	human	whole_cell_or_unspecified_fraction	omics_or_screening_measurement;physical_interaction_or_proximity	RAF1-bait AP-MS recovered AIP in the source's final high-confidence interaction matrix.	Table S2 final interactome Excel row 706: bait RAF1, prey AIP, WD 132.16, GFP-control ratio 136, total spectra 4; Table S4: inherited Taipale class Strong; HSP.members 3 (HSP90AA1, HSP90AB1, CDC37); Table S9: target kinase construct matches canonical UniProt sequence	Affinity purification-mass spectrometry supports cellular co-recovery or shared-complex membership, not purified binary binding.	No requested pair received reciprocal purification, western blot, BioID, genetic perturbation, or purified-protein validation in this study. Table S4 client classes were inherited from Taipale et al. 2012 and are not new client evidence. The source reports no pair-level q-value for these AP-MS rows.	One tagged-expression cell-line background; N-terminal tags and induced expression may alter abundance, localization, folding, or binding. The authors note that overexpressed or misfolded kinases can recover more HSP90 and co-chaperones and that some associations may form after lysis. BioGRID and IntAct are duplicate route encodings of this source, not independent replication. The source label HSP90B denotes cytosolic HSP90AB1.	apms_screen;cellular_complex_not_binary;database_routes_not_independent_replication;no_pair_specific_HSP90_assay;not_client_evidence;possible_post_lysis_association;single_cell_line;tagged_induced_expression	local_article_figures_and_tables_S2_S4_S9_reviewed	focused_primary_review_complete	close_pair
COCHSRCREV-2026-09-13-AIP-RET-PMID35384245	2026-09-13	AIP::RET	AIP	RET	AIP	RET	PMID:35384245	35384245	PMC9171411	10.15252/embr.202154041	Physical and functional interactome atlas of human receptor tyrosine kinases	supports_context_qualified_pair_relationship	physical_association	AIP_RET_high_confidence_BioID_proximity_association	undirected_or_not_applicable			cellular_proximity_not_binary	high_confidence_cellular_bioid_proximity	no_pair_specific_HSP90_assay_in_this_source	Human HEK293 Flp-In T-REx cells with single-locus tetracycline-induced C-terminal MAC-tagged RTK baits, 24-hour BioID labeling followed by 15-minute pervanadate activation, and AP-MS/BioID in two biological replicates; high-confidence interactors passed SAINT Bayesian FDR < 0.05 and the source CRAPome filter	cultured_cell_line	human	whole_cell_or_unspecified_fraction	omics_or_screening_measurement;physical_interaction_or_proximity	RET-bait BioID recovered AIP as a BFDR-filtered high-confidence interactor.	Dataset EV1A row 4756: WT RET, BIOID, AIP AvgSpec 5.5, BFDR 0, known interaction	BioID supports proximity within the labeling radius only; no AP-MS or targeted pair validation was reported.	These assays do not establish purified pairwise binding, client status, pair-specific HSP90 dependence, or HSP90 isoform selectivity.	Tagged RTK expression in one human cell-line background, two biological replicates, and pervanadate activation. BioGRID and IntAct entries are duplicate encodings of this source, not independent replication. BioID alone does not establish stable complex membership or direct contact. BioID labeling accumulated for 24 hours before the 15-minute pervanadate activation, so most proximity signal may predate the brief activated state.	assay_only;database_routes_not_independent_replication;direct_binding_unclear;no_pair_specific_HSP90_assay;not_client_evidence;single_cell_line;tagged_expression;bioid_proximity_only;bioid_24h_labeling_precedes_15min_activation	local_expanded_view_figures_dataset_EV1_and_source_data_reviewed	focused_primary_review_complete	close_pair
COCHSRCREV-2026-09-13-AIP-USP19-PMID25036637	2026-09-13	AIP::USP19	AIP	USP19	AIP	USP19	PMID:25036637	25036637	PMC4104544	10.1016/j.cell.2014.05.039	A quantitative chaperone interaction network reveals the architecture of cellular protein homeostasis pathways	supports_context_qualified_pair_relationship	physical_association;shared_complex	AIP_bait_APMS_cellular_association_with_USP19	undirected_or_not_applicable			cellular_complex_not_binary	tagged_expression_duplicate_APMS_cellular_association	no_pair_specific_HSP90_assay_in_this_source	Human stable polyclonal 293T cells expressing predominantly C-terminal 3xFLAG-V5-tagged chaperone or co-chaperone AP-MS baits were analyzed by anti-FLAG affinity-purification mass spectrometry from whole-cell lysate with sodium molybdate. Two AP-MS replicates were scored with SAINT; the high-confidence cutoff was AvgP >= 0.85 (estimated FDR 1.8%). LUMIER used transient 3xFLAG query baits and stable Renilla-fused reporter preys in 293T cells; normalized luminescence Z-scores were evaluated at the source's high-confidence cutoff of approximately 7 (estimated upper FDR 4.4%).	cultured_cell_line	human	whole_cell_or_unspecified_fraction	omics_or_screening_measurement;physical_interaction_or_proximity	AIP-bait AP-MS recovered generic USP19 above the source's SAINT AvgP 0.85 threshold.	Table S1 workbook, AvgP scores row 23: bait AIP, prey USP19, AvgP 0.99, Spec 7|4, CtrlCounts 0|0|0|0|0|0|0; generic USP19 was not an AP-MS bait; mouse USP19-MEEVD and USP19-TM bait constructs did not recover AIP among detected proteins; LUMIER scores row 432, generic USP19-FLAG query with AIP-Renilla reporter, 0.109457; rows 127 and 128, USP19-TM and USP19-MEEVD queries with AIP reporter, -0.445080 and 1.872197; row 324, AIP query with USP19-TM and USP19-MEEVD reporters, -0.431977 and -0.808290; Bait protein list rows 68-69: USP19/ZMYND9 N-terminal mouse cDNA constructs NP_082080.3 (MEEVD) and NP_001161844.1 (C-terminal transmembrane form)	Affinity-purification mass spectrometry from cellular lysate supports co-recovery or shared-complex membership, not purified binary binding. Bait-to-prey orientation records assay configuration rather than biological direction. Within-study replicate or reciprocal AP-MS does not establish HSP90 mediation, client status, or regulation.	No requested pair received a purified-protein binding test, regulatory direction test, pair-specific client-stability assay, functional perturbation, or HSP90-isoform-resolved mediation test. A database luminescence route represents a screened configuration and is counted as within-study cross-assay support only when the author's curated AP-MS-plus-LUMIER table passes both cutoffs. Generic and construct-specific LUMIER configurations failed the score 7 threshold. The mouse construct assays do not establish generic reciprocal AP-MS or human USP19 isoform-specific support.	The source uses tagged, expressed proteins in one transformed 293T lineage. Negative or missing LUMIER measurements do not disprove an association because assay sensitivity and construct configuration differ from AP-MS. The main text and combined sheet use LUMIER score >= 7, while the workbook information sheet says > 7; no requested measurement is near that boundary. BioGRID and IntAct records can project the same AP-MS or screened LUMIER configuration and are not independent source replications. IntAct's anti-tag coimmunoprecipitation label does not establish a separate pair-specific co-IP experiment.	apms_screen;cellular_complex_not_binary;database_routes_not_independent_replication;lumier_below_threshold_or_unavailable;no_pair_specific_HSP90_assay;not_client_evidence;single_cell_line;tagged_expression;reverse_APMS_not_reported;source_alias_normalized;USP19_construct_specific_reverse_assays;mouse_USP19_construct_context	local_main_article_and_complete_Table_S1_workbook_reviewed	focused_primary_review_complete	close_pair
COCHSRCREV-2026-09-14-AIPL1-HSPA8-PMID18408180	2026-09-14	AIPL1::HSPA8	AIPL1	HSPA8	AIPL1	HSPA8	PMID:18408180	18408180	PMC2488389	10.1167/iovs.07-1576	The Leber congenital amaurosis protein AIPL1 functions as part of a chaperone heterocomplex	supports_pair_relationship	physical_association;shared_complex	AIPL1_association_with_exact_HSPA8_fragment_and_Hsp70_Hsc70_cellular_complexes	undirected_or_not_applicable			heterologous_pairwise_Y2H_plus_cell_and_lysate_coassociation_not_purified_binary	exact_HSPA8_CytoTrap_Y2H_plus_multisystem_chaperone_coassociation	separate_cytosolic_HSP90_complex_context_without_pair_specific_isoform_dependency	Full-length human AIPL1 bait recovered a bovine-retina Hsp70 clone explicitly mapped to human HSPA8 residues 262-650 in a cytoplasmic CytoTrap yeast two-hybrid assay. Endogenous AIPL1, Hsp70/Hsc70, and Hsp90 were also examined in human Y79 and SK-N-SH cells, human retina, and African green monkey COS7 lysate.	cultured_cell_line;tissue_or_biospecimen	african_green_monkey;budding_yeast;cow;human	cytosol	biochemical_or_structural;functional_or_phenotypic_readout;physical_interaction_or_proximity	The exact HSPA8 fragment supported cytoplasmic two-hybrid interaction with AIPL1; deleting Hsp70 TIEEVD or substituting AIPL1 K265A reduced signal. Endogenous and lysate experiments independently placed AIPL1 with Hsp70/Hsc70-containing chaperone complexes.	Fig. 1 CytoTrap clone identity and TIEEVD/K265A tests; Figs. 2-4 retinal/cell fractionation, GST-AIPL1 capture, AIPL1 immunoprecipitation, and aggregation assays	The CytoTrap assay supports heterologous pairwise physical potential but is not purified binding. Cell, tissue, and lysate co-recovery do not establish binary contact, direction, an HSP90 client relationship, or HSP90 isoform dependence.	Empty vectors, positive controls, temperature dependence, construct expression, TIEEVD deletion, AIPL1 K265A, pathogenic AIPL1 mutants, GST, no-AIPL1 immunoprecipitation, geldanamycin, and MG132 constrain the assays. Generic Hsp70 overexpression suppressed inclusions with AIPL1, but the construct identity was not resolved to HSPA8.	The exact HSPA8 assignment applies to the cloned physical-interaction fragment. Generic Hsp70/Hsc70 signals and functional overexpression are not silently reassigned to HSPA8. HSP90 observations are separate complex context; BioGRID and CORUM projections are one publication, not replication.	cross_species_bovine_library;database_routes_not_independent_replication;generic_Hsp70_function_not_exact_HSPA8;heterologous_Y2H_not_purified_binary;not_client_evidence;separate_HSP90_context	local_main_article_reviewed;no_separate_supplement_identified	focused_primary_review_complete	close_pair
COCHSRCREV-2026-09-13-CDC37-AKT1-PMID31980649	2026-09-13	AKT1::CDC37	AKT1	CDC37	CDC37	AKT1	PMID:31980649	31980649	PMC6981206	10.1038/s41467-019-14224-9	Extensive rewiring of the EGFR network in colorectal cancer cells expressing transforming levels of KRASG13D	supports_context_qualified_pair_relationship	physical_association;shared_complex	AKT1_bait_APMS_co_recovers_CDC37	undirected_or_not_applicable			cellular_complex_not_binary	high_confidence_cellular_apms_with_pan_AKT_coip	no_pair_specific_HSP90_assay_in_this_source	Human HCT116 mtKRAS-Hi colorectal-cancer cells and isogenic HKE3 mtKRAS-Lo cells expressing N-terminal FLAG-tagged kinase baits; serum-starved cells were extracted in 1% NP-40 and analyzed by affinity-purification mass spectrometry. Three biological replicates, two technical replicates, and a label swap produced 12 bait values with 12 empty-vector controls. HiQuant admission required prey-versus-control P < 0.05, Significance A < 0.05, and at least three values.	cultured_cell_line	human	whole_cell_or_unspecified_fraction	omics_or_screening_measurement;physical_interaction_or_proximity	AKT1-bait AP-MS recovered CDC37 above both statistical filters in both KRAS contexts; endogenous pan-AKT immunoprecipitation also co-recovered CDC37.	Supplementary Data 2 mtKRAS-Hi row 26: ratio 4.4116, log2 ratio 2.1413, P=3.36e-8, Significance A=1.99e-12; mtKRAS-Lo row 23: ratio 7.9883, log2 ratio 2.9979, P=1.92e-9, Significance A=3.21e-11; Supplementary Fig. 3C: endogenous pan-AKT immunoprecipitation and CDC37 immunoblot	FLAG affinity-purification mass spectrometry and cellular co-immunoprecipitation support co-recovery or shared-complex membership, not purified binary binding. Bait-to-prey orientation is assay provenance and is not a biological direction.	The source does not establish client status, pair-specific HSP90 dependence, HSP90 isoform selectivity, or a direct binding interface.	One colorectal-cancer lineage and tagged, expressed kinase baits. The two isogenic KRAS states are contexts within one study, not independent-source replication. BioGRID and IntAct routes may encode the same AP-MS measurement or its targeted follow-up and must not be counted as independent studies. The orthogonal immunoprecipitation used pan-AKT antibody and is not AKT1-paralog resolved; it supports AKT-family/CDC37 co-complex context, not an AKT1-specific binary contact.	apms_screen;cellular_complex_not_binary;database_routes_not_independent_replication;no_pair_specific_HSP90_assay;not_client_evidence;single_cell_line_lineage;tagged_expression;orthogonal_coip_not_AKT1_paralog_resolved	local_main_article_supplementary_information_APMS_matrices_and_source_data_reviewed	focused_primary_review_complete	close_pair
COCHSRCREV-2026-09-13-DNAJB11-ALK-PMID35384245	2026-09-13	ALK::DNAJB11	ALK	DNAJB11	DNAJB11	ALK	PMID:35384245	35384245	PMC9171411	10.15252/embr.202154041	Physical and functional interactome atlas of human receptor tyrosine kinases	supports_context_qualified_pair_relationship	physical_association;shared_complex	DNAJB11_ALK_APMS_BioID_and_targeted_coIP_dotblot_association	undirected_or_not_applicable			cellular_complex_not_binary	high_confidence_cellular_apms_and_bioid_with_targeted_coip_dotblot	no_pair_specific_HSP90_assay_in_this_source	Human HEK293 Flp-In T-REx cells with single-locus tetracycline-induced C-terminal MAC-tagged RTK baits, 24-hour BioID labeling followed by 15-minute pervanadate activation, and AP-MS/BioID in two biological replicates; high-confidence interactors passed SAINT Bayesian FDR < 0.05 and the source CRAPome filter; targeted validation used transient HEK293 Strep-HA-DNAJB11 and V5-RTK affinity recovery followed by anti-V5 and anti-HA dot blots	cultured_cell_line	human	endoplasmic_reticulum;plasma_membrane_or_cell_surface	omics_or_screening_measurement;physical_interaction_or_proximity	WT ALK recovered DNAJB11 by AP-MS and BioID, and targeted DNAJB11 pull-down followed by dot blot detected ALK.	Dataset EV1A row 302: BIOID AvgSpec 4.5, BFDR 0; row 4898: AP AvgSpec 6, BFDR 0; Dataset EV1C row 12/A4: V5 positive and HA positive	AP-MS and targeted affinity recovery/dot blot support a tagged, detergent-solubilized cellular association. DNAJB11 is ER luminal, whereas the C-terminal RTK BioID enzyme is cytosolic, so any BioID signal cannot establish native luminal proximity or direct contact.	These assays do not establish purified pairwise binding, client status, pair-specific HSP90 dependence, or HSP90 isoform selectivity.	Tagged RTK expression in one human cell-line background, two biological replicates, and pervanadate activation. BioGRID and IntAct entries are duplicate encodings of this source, not independent replication. The ER-lumen/cytosolic-tag topology is unresolved and targeted validation was qualitative rather than a pairwise affinity measurement. BioID labeling accumulated for 24 hours before the 15-minute pervanadate activation, so most proximity signal may predate the brief activated state.	assay_only;database_routes_not_independent_replication;direct_binding_unclear;no_pair_specific_HSP90_assay;not_client_evidence;single_cell_line;tagged_expression;compartment_topology_unresolved;organelle_context;bioid_24h_labeling_precedes_15min_activation	local_expanded_view_figures_dataset_EV1_and_source_data_reviewed	focused_primary_review_complete	close_pair
COCHSRCREV-2026-09-13-FKBP5-ANKMY2-PMID25036637	2026-09-13	ANKMY2::FKBP5	ANKMY2	FKBP5	FKBP5	ANKMY2	PMID:25036637	25036637	PMC4104544	10.1016/j.cell.2014.05.039	A quantitative chaperone interaction network reveals the architecture of cellular protein homeostasis pathways	supports_context_qualified_pair_relationship	physical_association;shared_complex	FKBP5_bait_APMS_cellular_association_with_ANKMY2	undirected_or_not_applicable			cellular_complex_not_binary	tagged_expression_duplicate_APMS_cellular_association	no_pair_specific_HSP90_assay_in_this_source	Human stable polyclonal 293T cells expressing predominantly C-terminal 3xFLAG-V5-tagged chaperone or co-chaperone AP-MS baits were analyzed by anti-FLAG affinity-purification mass spectrometry from whole-cell lysate with sodium molybdate. Two AP-MS replicates were scored with SAINT; the high-confidence cutoff was AvgP >= 0.85 (estimated FDR 1.8%). LUMIER used transient 3xFLAG query baits and stable Renilla-fused reporter preys in 293T cells; normalized luminescence Z-scores were evaluated at the source's high-confidence cutoff of approximately 7 (estimated upper FDR 4.4%).	cultured_cell_line	human	whole_cell_or_unspecified_fraction	omics_or_screening_measurement;physical_interaction_or_proximity	FKBP5-bait AP-MS recovered ANKMY2 above the source's SAINT AvgP 0.85 threshold.	Table S1 workbook, AvgP scores row 171: bait FKBP5, prey ANKMY2, AvgP 1.00, Spec 17|12, CtrlCounts 0|0|0|0|0|0|0|0|0|0; ANKMY2 was not an AP-MS bait and neither LUMIER configuration was available	Affinity-purification mass spectrometry from cellular lysate supports co-recovery or shared-complex membership, not purified binary binding. Bait-to-prey orientation records assay configuration rather than biological direction. Within-study replicate or reciprocal AP-MS does not establish HSP90 mediation, client status, or regulation.	No requested pair received a purified-protein binding test, regulatory direction test, pair-specific client-stability assay, functional perturbation, or HSP90-isoform-resolved mediation test. A database luminescence route represents a screened configuration and is counted as within-study cross-assay support only when the author's curated AP-MS-plus-LUMIER table passes both cutoffs. Reverse AP-MS and both LUMIER configurations were unavailable.	The source uses tagged, expressed proteins in one transformed 293T lineage. Negative or missing LUMIER measurements do not disprove an association because assay sensitivity and construct configuration differ from AP-MS. The main text and combined sheet use LUMIER score >= 7, while the workbook information sheet says > 7; no requested measurement is near that boundary. BioGRID and IntAct records can project the same AP-MS or screened LUMIER configuration and are not independent source replications. IntAct's anti-tag coimmunoprecipitation label does not establish a separate pair-specific co-IP experiment.	apms_screen;cellular_complex_not_binary;database_routes_not_independent_replication;lumier_below_threshold_or_unavailable;no_pair_specific_HSP90_assay;not_client_evidence;single_cell_line;tagged_expression;reverse_APMS_not_reported;lumier_unavailable	local_main_article_and_complete_Table_S1_workbook_reviewed	focused_primary_review_complete	close_pair
COCHSRCREV-2026-09-13-DNAJB11-APOBEC1-PMID11584023	2026-09-13	APOBEC1::DNAJB11	APOBEC1	DNAJB11	DNAJB11	APOBEC1	PMID:11584023	11584023		10.1074/jbc.M109215200	A DnaJ protein, Apobec-1-binding protein-2, modulates apolipoprotein B mRNA editing	supports_pair_relationship	functional_complex;physical_association;shared_complex	DNAJB11_ABBP2_APOBEC1_association_and_DNAJB11_directed_apoB_RNA_editing_support	directed	DNAJB11	APOBEC1	heterologous_binary_reporter_plus_reticulocyte_lysate_pull_down_and_cellular_complex_not_purified_binary	Y2H_plus_reticulocyte_lysate_pull_down_cellular_coIP_and_genetic_functional_support	no_HSP90_assay_in_this_source	Human APOBEC1 bait was screened against a human liver yeast two-hybrid library. Bacterially expressed GST-DNAJB11/ABBP-2 full-length and deletion constructs were incubated with human APOBEC1 translated in rabbit reticulocyte lysate. Anti-ABBP-2 IP from FLAG-APOBEC1-transfected human HepG2 S-100 tested cellular co-recovery. In mouse BNLCL.2 liver cells stably expressing mouse APOBEC1, transient and inducible antisense ABBP-2 tested endogenous apoB RNA editing; HepG2 and chicken-intestine S-100 editing extracts supplied complementary cell-free tests.	cultured_cell_line;purified_or_cell_free	budding_yeast;chicken;escherichia_coli;human;mouse;rabbit	cytosol;nucleus_or_chromatin;whole_cell_or_unspecified_fraction	biochemical_or_structural;genetic_perturbation;functional_or_phenotypic_readout;physical_interaction_or_proximity;rna_expression_or_regulatory_readout	APOBEC1 bait recovered DNAJB11/ABBP-2 by yeast two-hybrid. GST-ABBP-2 recovered reticulocyte-lysate-translated APOBEC1, and anti-ABBP-2 IP co-recovered FLAG-APOBEC1 from HepG2 S-100. Reducing ABBP-2 expression in APOBEC1-expressing mouse liver cells decreased endogenous apoB RNA editing, supporting the functional direction DNAJB11 to APOBEC1.	Y2H Methods and Fig. 1: APOBEC1 bait/near-full-length ABBP-2 clone; Fig. 2A-C: GST-ABBP-2 deletion series with reticulocyte-lysate APOBEC1; Fig. 3B: GFP-ABBP-2 nuclear-predominant localization; Fig. 4B-D: transient and three inducible antisense lines reduce editing; Fig. 5C: anti-ABBP-2 IP recovers FLAG-APOBEC1 with and without added ATP; Figs. 6-7: editing extract ATP dependence and ABBP-2/HSP70 immunodepletion	The yeast reporter supports a heterologous pair association. The GST bait was purified, but APOBEC1 was translated in rabbit reticulocyte lysate, so the BioGRID 'Reconstituted Complex' label does not establish purified binary binding. DNAJB11-to-APOBEC1 direction applies only to apoB RNA-editing support, not to physical binding.	GST alone and deletion constructs missing the complete J domain or G/F region were negative or inefficient controls. Added ATP was not required for the DNAJB11-APOBEC1 cellular co-IP, although ATP depletion disrupted the accompanying DNAJB11-HSP70 association and editing activity.	The study spans tagged constructs, transformed cell lines, mouse cells, and cell-free extracts; it does not establish purified DNAJB11-APOBEC1 binding or an HSP90-dependent mechanism. Database routes encode this one publication and are not independent replication. The source's GFP-tagged nuclear-predominant localization conflicts with the canonical ER context of DNAJB11 and should not be generalized. No HSP90 client or HSP90 isoform-specific conclusion is supported.	ABBP2_HDJ9_maps_to_DNAJB11;database_routes_not_independent_replication;directed_only_for_RNA_editing_function;GFP_N_terminal_tag_localization_caveat;no_HSP90_assay;not_client_evidence;reticulocyte_lysate_not_purified_binary;source_localization_conflicts_with_canonical_ER_context;tagged_expression	local_complete_publisher_article_reviewed;no_supplement_advertised_or_required	focused_primary_review_complete	close_pair
COCHSRCREV-2026-09-13-CDC37-APOE-PMID21163940	2026-09-13	APOE::CDC37	APOE	CDC37	CDC37	APOE	PMID:21163940	21163940	PMC3044851	10.1101/gr.114280.110	Interactome mapping suggests new mechanistic details underlying Alzheimer's disease	supports_context_qualified_pair_relationship	physical_association;shared_complex	author_high_matrix_Y2H_plus_reciprocal_endogenous_coIP_APOE_CDC37	undirected_or_not_applicable			heterologous_binary_reporter_plus_endogenous_cellular_coIP_not_direct_binding	one_study_author_high_matrix_Y2H_plus_reciprocal_endogenous_coIP	no_HSP90_assay_in_this_source	The matrix screen tested human Gateway ORF bait/prey constructs in a budding-yeast GAL4 reporter system. An author call of high means activation of at least two reporter genes; it does not establish independent screens or validation by both mating and cotransformation. Pair-specific follow-up used reciprocal endogenous co-IP in human SH-SY5Y cells.	cultured_cell_line	budding_yeast;human	whole_cell_or_unspecified_fraction	omics_or_screening_measurement;physical_interaction_or_proximity	The author-high matrix Y2H association was followed by positive reciprocal endogenous co-IP in SH-SY5Y cells.	Supplementary File 1, Y2H_matrix_screen worksheet row 32: CDC37 bait / APOE prey, SC, author call high; Figure 2A co-IP detected; Figure 2C reciprocal endogenous APOE/CDC37 co-IP	Matrix Y2H supports construct-level binary-reporter compatibility in a heterologous nuclear system, not purified-component binding or a native cellular complex. Reciprocal co-IP, where present, supports co-complex association rather than direct contact. GST/MYC pull-down, where present, used soluble lysate from transfected COS-7 cells and must not be interpreted as purified direct binding.	No GST pull-down was reported for APOE-CDC37. Co-IP supports cellular co-complex association but not direct binding.	APOE normally follows the secretory pathway whereas CDC37 is primarily cytosolic; the source does not resolve how the endogenous co-IP relates to native membrane topology or compartment access. The supplement does not identify clone accession, transcript isoform, or fragment boundaries for the selected Y2H constructs. BioGRID and IntAct assay records are projections of this one paper, not independent replications. The reported aggregate 21/24 among high-confidence interactions selected for downstream testing cannot be transferred to an untested pair. Supplementary File 2 provides network-module context only and is not independent pair support.	Y2H_heterologous_nuclear_reporter;assay_only;compartment_topology_unresolved;complex_member_not_direct_binding;database_routes_not_independent_replication;direct_binding_unclear;endogenous_coIP_single_cell_line;high_means_two_reporters_not_independent_replication;isoform_resolution_unclear;no_HSP90_assay;not_client_evidence;tagged_ORF_construct	local_publisher_PDF_and_current_PMC_HTML_plus_both_advertised_supplements_complete;Supplementary_File_1_claim_bearing;Supplementary_File_2_context_only	focused_primary_review_complete	close_pair
COCHSRCREV-2026-09-13-CDC37-APP-PMID21163940	2026-09-13	APP::CDC37	APP	CDC37	CDC37	APP	PMID:21163940	21163940	PMC3044851	10.1101/gr.114280.110	Interactome mapping suggests new mechanistic details underlying Alzheimer's disease	supports_context_qualified_pair_relationship	physical_association	author_high_matrix_Y2H_association_APP_CDC37	undirected_or_not_applicable			heterologous_binary_reporter_not_native_complex	one_study_author_high_matrix_Y2H	no_HSP90_assay_in_this_source	The matrix screen tested human Gateway ORF bait/prey constructs in a budding-yeast GAL4 reporter system. An author call of high means activation of at least two reporter genes; it does not establish independent screens or validation by both mating and cotransformation. No pair-specific follow-up system was reported.	cultured_cell_line	budding_yeast;human	not_reported	omics_or_screening_measurement;physical_interaction_or_proximity	The pair occurred once in the source's matrix Y2H table with the author call high, meaning activation of at least two reporter genes.	Supplementary File 1, Y2H_matrix_screen worksheet row 34: CDC37 bait / APP prey, SC, author call high; No pair-specific downstream assay is reported in Figure 2A	Matrix Y2H supports construct-level binary-reporter compatibility in a heterologous nuclear system, not purified-component binding or a native cellular complex. Reciprocal co-IP, where present, supports co-complex association rather than direct contact. GST/MYC pull-down, where present, used soluble lysate from transfected COS-7 cells and must not be interpreted as purified direct binding.	No pair-specific endogenous co-IP, GST pull-down, perturbation, or HSP90-dependence experiment was reported.	APP is a secretory-pathway transmembrane protein, and matrix Y2H removes its native membrane topology. The supplement does not identify clone accession, transcript isoform, or fragment boundaries for the selected Y2H constructs. BioGRID and IntAct assay records are projections of this one paper, not independent replications. The reported aggregate 21/24 among high-confidence interactions selected for downstream testing cannot be transferred to an untested pair. Supplementary File 2 provides network-module context only and is not independent pair support.	Y2H_heterologous_nuclear_reporter;assay_only;compartment_topology_unresolved;database_routes_not_independent_replication;direct_binding_unclear;high_means_two_reporters_not_independent_replication;isoform_resolution_unclear;no_HSP90_assay;no_pair_specific_followup;not_client_evidence;tagged_ORF_construct	local_publisher_PDF_and_current_PMC_HTML_plus_both_advertised_supplements_complete;Supplementary_File_1_claim_bearing;Supplementary_File_2_context_only	focused_primary_review_complete	close_pair
COCHSRCREV-2026-09-08-AR-STUB1-PMID20661446	2026-09-08	AR::STUB1	AR	STUB1	STUB1	AR	PMID:20661446	20661446	PMC2908686	10.1371/journal.pone.0011717	Differential impact of tetratricopeptide repeat proteins on the steroid hormone receptors	supports_context_qualified_pair_relationship	cochaperone_client_regulation;shared_complex	STUB1_association_with_and_modest_inhibition_of_AR_HSP90_complex	directed	STUB1	AR	cellular_complex_not_binary	cellular_co_complex_with_functional_perturbation	cytosolic_hsp90_unresolved	Tagged AR and STUB1/CHIP expression, reciprocal immunoprecipitation, and androgen-receptor reporter assays in human cells	cultured_cell_line	human	whole_cell_or_unspecified_fraction	functional_or_phenotypic_readout;physical_interaction_or_proximity	Tagged STUB1 and AR reciprocally co-immunoprecipitate in an HSP90-containing cellular complex, while STUB1 overexpression modestly reduces AR reporter activity.	Figures 4B and 10; Results, Interaction of TPR proteins with steroid receptors	Reciprocal cellular co-immunoprecipitation supports co-complex association but not purified binary STUB1-AR binding; the HSP90 complex can bridge the proteins.	The functional effect on AR was moderate; the source did not measure pairwise affinity or demonstrate a direct contact site.	Tagged overexpression, unresolved cytosolic HSP90 paralog, and one multiplexed publication; the Figure 10 caption says HA-MR although the panel, blot, and Results identify AR.	caption_copy_forward_error;cellular_co_complex_not_binary;hsp90_paralog_unresolved;single_publication_multiple_pair_routes;tagged_overexpression	local_claim_figure_objects_reviewed_no_separate_supplement	focused_primary_review_complete	close_pair
COCHSRCREV-2026-09-13-CDC37-ARAF-PMID32707033	2026-09-13	ARAF::CDC37	ARAF	CDC37	CDC37	ARAF	PMID:32707033	32707033	PMC7427327	10.1016/j.molcel.2020.07.001	Kinase Interaction Network Expands Functional and Disease Roles of Human Kinases	supports_context_qualified_pair_relationship	physical_association;shared_complex	ARAF_bait_APMS_co_recovers_CDC37	undirected_or_not_applicable			cellular_complex_not_binary	high_confidence_cellular_apms_co_complex	no_pair_specific_HSP90_assay_in_this_source	Human HEK Flp-In 293 T-REx cells with single-locus doxycycline-induced N-terminal Strep-HA-tagged kinase baits; more than 100 million cells per purification, rapid single-step Strep affinity recovery, and duplicate LC-MS/MS runs. Final interactors required WD score > 73.6, GFP-control abundance ratio > 18.4, and at least two total spectra, followed by CRAPome, contaminant, and carry-over filters calibrated to a global false-positive rate below 1%.	cultured_cell_line	human	whole_cell_or_unspecified_fraction	omics_or_screening_measurement;physical_interaction_or_proximity	ARAF-bait AP-MS recovered CDC37 in the source's final high-confidence interaction matrix.	Table S2 final interactome Excel row 847: bait ARAF, prey CDC37, WD 114.30, GFP-control ratio 1870, total spectra 110; Table S4: inherited Taipale class Strong; HSP.members 3 (HSP90AA1, HSP90AB1, CDC37); Table S9: target kinase construct matches canonical UniProt sequence	Affinity purification-mass spectrometry supports cellular co-recovery or shared-complex membership, not purified binary binding.	No requested pair received reciprocal purification, western blot, BioID, genetic perturbation, or purified-protein validation in this study. Table S4 client classes were inherited from Taipale et al. 2012 and are not new client evidence. The source reports no pair-level q-value for these AP-MS rows.	One tagged-expression cell-line background; N-terminal tags and induced expression may alter abundance, localization, folding, or binding. The authors note that overexpressed or misfolded kinases can recover more HSP90 and co-chaperones and that some associations may form after lysis. BioGRID and IntAct are duplicate route encodings of this source, not independent replication. The source label HSP90B denotes cytosolic HSP90AB1.	apms_screen;cellular_complex_not_binary;database_routes_not_independent_replication;no_pair_specific_HSP90_assay;not_client_evidence;possible_post_lysis_association;single_cell_line;tagged_induced_expression	local_article_figures_and_tables_S2_S4_S9_reviewed	focused_primary_review_complete	close_pair
COCHSRCREV-2026-09-13-FKBP5-ARAF-PMID32707033	2026-09-13	ARAF::FKBP5	ARAF	FKBP5	FKBP5	ARAF	PMID:32707033	32707033	PMC7427327	10.1016/j.molcel.2020.07.001	Kinase Interaction Network Expands Functional and Disease Roles of Human Kinases	supports_context_qualified_pair_relationship	physical_association;shared_complex	ARAF_bait_APMS_co_recovers_FKBP5	undirected_or_not_applicable			cellular_complex_not_binary	high_confidence_cellular_apms_co_complex	no_pair_specific_HSP90_assay_in_this_source	Human HEK Flp-In 293 T-REx cells with single-locus doxycycline-induced N-terminal Strep-HA-tagged kinase baits; more than 100 million cells per purification, rapid single-step Strep affinity recovery, and duplicate LC-MS/MS runs. Final interactors required WD score > 73.6, GFP-control abundance ratio > 18.4, and at least two total spectra, followed by CRAPome, contaminant, and carry-over filters calibrated to a global false-positive rate below 1%.	cultured_cell_line	human	whole_cell_or_unspecified_fraction	omics_or_screening_measurement;physical_interaction_or_proximity	ARAF-bait AP-MS recovered FKBP5 in the source's final high-confidence interaction matrix.	Table S2 final interactome Excel row 844: bait ARAF, prey FKBP5, WD 390.10, GFP-control ratio 2618, total spectra 77; Table S4: inherited Taipale class Strong; HSP.members 3 (HSP90AA1, HSP90AB1, CDC37); Table S9: target kinase construct matches canonical UniProt sequence	Affinity purification-mass spectrometry supports cellular co-recovery or shared-complex membership, not purified binary binding.	No requested pair received reciprocal purification, western blot, BioID, genetic perturbation, or purified-protein validation in this study. Table S4 client classes were inherited from Taipale et al. 2012 and are not new client evidence. The source reports no pair-level q-value for these AP-MS rows.	One tagged-expression cell-line background; N-terminal tags and induced expression may alter abundance, localization, folding, or binding. The authors note that overexpressed or misfolded kinases can recover more HSP90 and co-chaperones and that some associations may form after lysis. BioGRID and IntAct are duplicate route encodings of this source, not independent replication. The source label HSP90B denotes cytosolic HSP90AB1.	apms_screen;cellular_complex_not_binary;database_routes_not_independent_replication;no_pair_specific_HSP90_assay;not_client_evidence;possible_post_lysis_association;single_cell_line;tagged_induced_expression	local_article_figures_and_tables_S2_S4_S9_reviewed	focused_primary_review_complete	close_pair
COCHSRCREV-2026-09-13-CDC37-AURKB-PMID32707033	2026-09-13	AURKB::CDC37	AURKB	CDC37	CDC37	AURKB	PMID:32707033	32707033	PMC7427327	10.1016/j.molcel.2020.07.001	Kinase Interaction Network Expands Functional and Disease Roles of Human Kinases	supports_context_qualified_pair_relationship	physical_association;shared_complex	AURKB_bait_APMS_co_recovers_CDC37	undirected_or_not_applicable			cellular_complex_not_binary	high_confidence_cellular_apms_co_complex	no_pair_specific_HSP90_assay_in_this_source	Human HEK Flp-In 293 T-REx cells with single-locus doxycycline-induced N-terminal Strep-HA-tagged kinase baits; more than 100 million cells per purification, rapid single-step Strep affinity recovery, and duplicate LC-MS/MS runs. Final interactors required WD score > 73.6, GFP-control abundance ratio > 18.4, and at least two total spectra, followed by CRAPome, contaminant, and carry-over filters calibrated to a global false-positive rate below 1%.	cultured_cell_line	human	whole_cell_or_unspecified_fraction	omics_or_screening_measurement;physical_interaction_or_proximity	AURKB-bait AP-MS recovered CDC37 in the source's final high-confidence interaction matrix.	Table S2 final interactome Excel row 5427: bait AURKB, prey CDC37, WD 127.81, GFP-control ratio 2091, total spectra 123; Table S4: inherited Taipale class Weak; HSP.members 3 (HSP90AA1, HSP90AB1, CDC37); Table S9: target kinase construct matches canonical UniProt sequence	Affinity purification-mass spectrometry supports cellular co-recovery or shared-complex membership, not purified binary binding.	No requested pair received reciprocal purification, western blot, BioID, genetic perturbation, or purified-protein validation in this study. Table S4 client classes were inherited from Taipale et al. 2012 and are not new client evidence. The source reports no pair-level q-value for these AP-MS rows.	One tagged-expression cell-line background; N-terminal tags and induced expression may alter abundance, localization, folding, or binding. The authors note that overexpressed or misfolded kinases can recover more HSP90 and co-chaperones and that some associations may form after lysis. BioGRID and IntAct are duplicate route encodings of this source, not independent replication. The source label HSP90B denotes cytosolic HSP90AB1.	apms_screen;cellular_complex_not_binary;database_routes_not_independent_replication;no_pair_specific_HSP90_assay;not_client_evidence;possible_post_lysis_association;single_cell_line;tagged_induced_expression	local_article_figures_and_tables_S2_S4_S9_reviewed	focused_primary_review_complete	close_pair
COCHSRCREV-2026-09-13-FKBP5-AURKB-PMID32707033	2026-09-13	AURKB::FKBP5	AURKB	FKBP5	FKBP5	AURKB	PMID:32707033	32707033	PMC7427327	10.1016/j.molcel.2020.07.001	Kinase Interaction Network Expands Functional and Disease Roles of Human Kinases	supports_context_qualified_pair_relationship	physical_association;shared_complex	AURKB_bait_APMS_co_recovers_FKBP5	undirected_or_not_applicable			cellular_complex_not_binary	high_confidence_cellular_apms_co_complex	no_pair_specific_HSP90_assay_in_this_source	Human HEK Flp-In 293 T-REx cells with single-locus doxycycline-induced N-terminal Strep-HA-tagged kinase baits; more than 100 million cells per purification, rapid single-step Strep affinity recovery, and duplicate LC-MS/MS runs. Final interactors required WD score > 73.6, GFP-control abundance ratio > 18.4, and at least two total spectra, followed by CRAPome, contaminant, and carry-over filters calibrated to a global false-positive rate below 1%.	cultured_cell_line	human	whole_cell_or_unspecified_fraction	omics_or_screening_measurement;physical_interaction_or_proximity	AURKB-bait AP-MS recovered FKBP5 in the source's final high-confidence interaction matrix.	Table S2 final interactome Excel row 5415: bait AURKB, prey FKBP5, WD 486.36, GFP-control ratio 3264, total spectra 96; Table S4: inherited Taipale class Weak; HSP.members 3 (HSP90AA1, HSP90AB1, CDC37); Table S9: target kinase construct matches canonical UniProt sequence	Affinity purification-mass spectrometry supports cellular co-recovery or shared-complex membership, not purified binary binding.	No requested pair received reciprocal purification, western blot, BioID, genetic perturbation, or purified-protein validation in this study. Table S4 client classes were inherited from Taipale et al. 2012 and are not new client evidence. The source reports no pair-level q-value for these AP-MS rows.	One tagged-expression cell-line background; N-terminal tags and induced expression may alter abundance, localization, folding, or binding. The authors note that overexpressed or misfolded kinases can recover more HSP90 and co-chaperones and that some associations may form after lysis. BioGRID and IntAct are duplicate route encodings of this source, not independent replication. The source label HSP90B denotes cytosolic HSP90AB1.	apms_screen;cellular_complex_not_binary;database_routes_not_independent_replication;no_pair_specific_HSP90_assay;not_client_evidence;possible_post_lysis_association;single_cell_line;tagged_induced_expression	local_article_figures_and_tables_S2_S4_S9_reviewed	focused_primary_review_complete	close_pair
COCHSRCREV-2026-09-13-STUB1-AXL-PMID32707033	2026-09-13	AXL::STUB1	AXL	STUB1	STUB1	AXL	PMID:32707033	32707033	PMC7427327	10.1016/j.molcel.2020.07.001	Kinase Interaction Network Expands Functional and Disease Roles of Human Kinases	supports_context_qualified_pair_relationship	physical_association;shared_complex	AXL_bait_APMS_co_recovers_STUB1	undirected_or_not_applicable			cellular_complex_not_binary	high_confidence_cellular_apms_co_complex	no_pair_specific_HSP90_assay_in_this_source	Human HEK Flp-In 293 T-REx cells with single-locus doxycycline-induced N-terminal Strep-HA-tagged kinase baits; more than 100 million cells per purification, rapid single-step Strep affinity recovery, and duplicate LC-MS/MS runs. Final interactors required WD score > 73.6, GFP-control abundance ratio > 18.4, and at least two total spectra, followed by CRAPome, contaminant, and carry-over filters calibrated to a global false-positive rate below 1%.	cultured_cell_line	human	whole_cell_or_unspecified_fraction	omics_or_screening_measurement;physical_interaction_or_proximity	AXL-bait AP-MS recovered STUB1 in the source's final high-confidence interaction matrix.	Table S2 final interactome Excel row 1385: bait AXL, prey STUB1, WD 86.22, GFP-control ratio 238, total spectra 7; Table S4: inherited Taipale class Strong; HSP.members 0; Table S9: target kinase construct matches canonical UniProt sequence	Affinity purification-mass spectrometry supports cellular co-recovery or shared-complex membership, not purified binary binding.	No requested pair received reciprocal purification, western blot, BioID, genetic perturbation, or purified-protein validation in this study. Table S4 client classes were inherited from Taipale et al. 2012 and are not new client evidence. The source reports no pair-level q-value for these AP-MS rows.	One tagged-expression cell-line background; N-terminal tags and induced expression may alter abundance, localization, folding, or binding. The authors note that overexpressed or misfolded kinases can recover more HSP90 and co-chaperones and that some associations may form after lysis. BioGRID and IntAct are duplicate route encodings of this source, not independent replication. The source label HSP90B denotes cytosolic HSP90AB1. AXL had 0.3 TPM endogenous expression in HEK293 cells and was tested ectopically. Although its inherited class was Strong, this bait recovered none of HSP90AA1, HSP90AB1, or CDC37; the STUB1 row supports co-recovery only, not HSP90-linked degradation or client handling.	apms_screen;cellular_complex_not_binary;database_routes_not_independent_replication;no_pair_specific_HSP90_assay;not_client_evidence;possible_post_lysis_association;single_cell_line;tagged_induced_expression;ectopic_bait_0_3_TPM;HSP_complex_members_zero;near_threshold_WD;low_spectral_count	local_article_figures_and_tables_S2_S4_S9_reviewed	focused_primary_review_complete	close_pair
COCHSRCREV-2026-09-13-STUB1-BAG1-PMID25036637	2026-09-13	BAG1::STUB1	BAG1	STUB1	STUB1	BAG1	PMID:25036637	25036637	PMC4104544	10.1016/j.cell.2014.05.039	A quantitative chaperone interaction network reveals the architecture of cellular protein homeostasis pathways	supports_context_qualified_pair_relationship	physical_association;shared_complex	STUB1_BAG1_high_confidence_human_cellular_co_complex	undirected_or_not_applicable			cellular_complex_not_binary	high_confidence_cellular_apms_with_lumier_replication	no_pair_specific_HSP90_assay_in_this_source	Stable human 293T cell lines expressing C-terminal 3xFLAG-V5-tagged chaperome proteins for AP-MS and Renilla-tagged proteins for quantitative LUMIER assays; high-confidence cutoffs were SAINT AvgP >= 0.85 and LUMIER score >= 7	cultured_cell_line	human	whole_cell_or_unspecified_fraction	omics_or_screening_measurement;physical_interaction_or_proximity	BAG1 and STUB1 passed the source's high-confidence AP-MS cutoff; this supports a human cellular physical association or shared complex.	AP-MS SAINT AvgP 1.00 (Table S1 row 29) and LUMIER 7.520 (row 435)	Passing high-confidence cellular AP-MS and LUMIER measurements support physical association or shared-complex membership, not purified binary binding.	The pair assays do not test client stabilization, ubiquitination, pair-specific HSP90 dependence, or direct binding.	Tagged proteins in one human cell-line background. Database assay labels and pair expansions cannot substitute for the source matrix thresholds.	cellular_complex_not_binary;no_pair_specific_HSP90_assay;not_client_evidence;not_direct_binding;single_publication_multiple_pair_routes;tagged_expression	local_native_table_s1_reviewed_supplemental_figure_pdf_missing_not_decision_limiting	focused_primary_review_complete	close_pair
COCHSRCREV-2026-09-13-STIP1-BAG2-PMID33239621	2026-09-13	BAG2::STIP1	BAG2	STIP1	STIP1	BAG2	PMID:33239621	33239621	PMC7688965	10.1038/s41467-020-19783-w	The Hsp70-Hsp90 co-chaperone Hop/Stip1 shifts the proteostatic balance from folding towards degradation	supports_context_qualified_pair_relationship	shared_complex	STIP1_BAG2_human_cellular_shared_complex	undirected_or_not_applicable			cellular_complex_not_binary	high_confidence_cellular_apms_co_complex	cytosolic_hsp90_unresolved	Human HEK293T STIP1-KO1 cells rescued with HA-tagged wild-type Hop or the K8A/K229A TPR mutant; anti-HA IP-LFQ-MS in two biological replicates, with endogenous Hop co-immunoprecipitation for HSPA8	cultured_cell_line	human	whole_cell_or_unspecified_fraction	omics_or_screening_measurement;physical_interaction_or_proximity	BAG2 was recovered with wild-type Hop but not the K8A/K229A TPR mutant in rescued STIP1-KO1 cells.	Figure 3b; Supplementary Data 3 (MOESM5), proteinGroups_filtered_m1 row 253 and chaperone summary row 13; 13 peptides, wild-type-only	Tagged affinity-purification LFQ-MS supports cellular co-complex membership only; it does not establish purified binary binding.	The pair assays do not establish client status, pair-specific HSP90 dependence, or a cytosolic HSP90 paralog.	Tagged rescue in one human cell-line background with two biological replicates; no candidate-specific reciprocal or endogenous validation was reported for this pair, and complex topology remains unresolved.	cellular_complex_not_binary;hsp90_paralog_unresolved;not_client_evidence;single_publication_multiple_pair_routes;tagged_rescue_construct	local_supplementary_information_and_five_native_data_workbooks_reviewed	focused_primary_review_complete	close_pair
COCHSRCREV-2026-09-13-STUB1-BAG2-PMID25036637	2026-09-13	BAG2::STUB1	BAG2	STUB1	STUB1	BAG2	PMID:25036637	25036637	PMC4104544	10.1016/j.cell.2014.05.039	A quantitative chaperone interaction network reveals the architecture of cellular protein homeostasis pathways	supports_context_qualified_pair_relationship	physical_association;shared_complex	STUB1_BAG2_high_confidence_human_cellular_co_complex	undirected_or_not_applicable			cellular_complex_not_binary	high_confidence_cellular_apms_with_lumier_replication	no_pair_specific_HSP90_assay_in_this_source	Stable human 293T cell lines expressing C-terminal 3xFLAG-V5-tagged chaperome proteins for AP-MS and Renilla-tagged proteins for quantitative LUMIER assays; high-confidence cutoffs were SAINT AvgP >= 0.85 and LUMIER score >= 7	cultured_cell_line	human	whole_cell_or_unspecified_fraction	omics_or_screening_measurement;physical_interaction_or_proximity	BAG2 and STUB1 passed the source's high-confidence AP-MS cutoff; this supports a human cellular physical association or shared complex.	Reciprocal AP-MS SAINT AvgP 1.00 (Table S1 rows 33 and 449) and reciprocal LUMIER 9.009 and 7.570 (rows 94 and 297)	Passing high-confidence cellular AP-MS and LUMIER measurements support physical association or shared-complex membership, not purified binary binding.	The pair assays do not test client stabilization, ubiquitination, pair-specific HSP90 dependence, or direct binding.	Tagged proteins in one human cell-line background. Database assay labels and pair expansions cannot substitute for the source matrix thresholds.	cellular_complex_not_binary;no_pair_specific_HSP90_assay;not_client_evidence;not_direct_binding;single_publication_multiple_pair_routes;tagged_expression	local_native_table_s1_reviewed_supplemental_figure_pdf_missing_not_decision_limiting	focused_primary_review_complete	close_pair
COCHSRCREV-2026-09-13-STUB1-BAG3-PMID25036637	2026-09-13	BAG3::STUB1	BAG3	STUB1	STUB1	BAG3	PMID:25036637	25036637	PMC4104544	10.1016/j.cell.2014.05.039	A quantitative chaperone interaction network reveals the architecture of cellular protein homeostasis pathways	supports_context_qualified_pair_relationship	physical_association;shared_complex	STUB1_BAG3_high_confidence_human_cellular_co_complex	undirected_or_not_applicable			cellular_complex_not_binary	high_confidence_cellular_apms_with_lumier_replication	no_pair_specific_HSP90_assay_in_this_source	Stable human 293T cell lines expressing C-terminal 3xFLAG-V5-tagged chaperome proteins for AP-MS and Renilla-tagged proteins for quantitative LUMIER assays; high-confidence cutoffs were SAINT AvgP >= 0.85 and LUMIER score >= 7	cultured_cell_line	human	whole_cell_or_unspecified_fraction	omics_or_screening_measurement;physical_interaction_or_proximity	BAG3 and STUB1 passed the source's high-confidence AP-MS cutoff; this supports a human cellular physical association or shared complex.	AP-MS SAINT AvgP 1.00 (Table S1 row 43) and LUMIER 7.128 (row 106)	Passing high-confidence cellular AP-MS and LUMIER measurements support physical association or shared-complex membership, not purified binary binding.	The pair assays do not test client stabilization, ubiquitination, pair-specific HSP90 dependence, or direct binding.	Tagged proteins in one human cell-line background. Database assay labels and pair expansions cannot substitute for the source matrix thresholds.	cellular_complex_not_binary;no_pair_specific_HSP90_assay;not_client_evidence;not_direct_binding;single_publication_multiple_pair_routes;tagged_expression	local_native_table_s1_reviewed_supplemental_figure_pdf_missing_not_decision_limiting	focused_primary_review_complete	close_pair
COCHSRCREV-2026-09-13-DNAJC7-BAG4-PMID25036637	2026-09-13	BAG4::DNAJC7	BAG4	DNAJC7	DNAJC7	BAG4	PMID:25036637	25036637	PMC4104544	10.1016/j.cell.2014.05.039	A quantitative chaperone interaction network reveals the architecture of cellular protein homeostasis pathways	supports_context_qualified_pair_relationship	physical_association;shared_complex	BAG4_bait_APMS_plus_reverse_LUMIER_association_with_DNAJC7	undirected_or_not_applicable			cellular_complex_not_binary	tagged_expression_APMS_plus_LUMIER_cellular_association	no_pair_specific_HSP90_assay_in_this_source	Human stable polyclonal 293T cells expressing predominantly C-terminal 3xFLAG-V5-tagged chaperone or co-chaperone AP-MS baits were analyzed in duplicate from whole-cell lysate with sodium molybdate. SAINT high-confidence AP-MS required AvgP >= 0.85. LUMIER used transient 3xFLAG query baits and stable Renilla reporters in 293T cells and a high-confidence score >= 7.	cultured_cell_line	human	whole_cell_or_unspecified_fraction	omics_or_screening_measurement;physical_interaction_or_proximity	BAG4-bait AP-MS and the reverse DNAJC7-query LUMIER configuration pass their source thresholds.	AvgP scores row 51: BAG4 bait, DNAJC7 prey, AvgP 0.93, Spec 45|28, CtrlCounts 1|5|0|5|13|10|2; reverse DNAJC7 bait row 10153 AvgP 0.29, Spec 0|2; LUMIER BAG4 query/DNAJC7 reporter 0.584480 and DNAJC7 query/BAG4 reporter 9.168292; author-curated AP-MS and LUMIER row 16 reports BAG4-DNAJC7, LUMIER 9.190229, AvgP 0.93	AP-MS and LUMIER use cellular lysates and support association or shared-complex membership, not purified binary binding. Assay orientation is not biological direction.	Subthreshold or unavailable AP-MS or LUMIER configurations are source-specific assay results, not evidence that the proteins cannot interact in another context. Reverse AP-MS and the BAG4-query LUMIER orientation were below threshold.	One transformed 293T lineage with tagged expressed proteins. BioGRID and IntAct routes can encode the same source measurement and are not independent replications.	apms_screen;cellular_complex_not_binary;database_routes_not_independent_replication;no_pair_specific_HSP90_assay;not_client_evidence;single_cell_line;tagged_expression;author_curated_APMS_plus_LUMIER_positive;reverse_APMS_below_threshold	local_main_article_and_complete_Table_S1_workbook_reviewed	focused_primary_review_complete	close_pair
COCHSRCREV-2026-09-13-DNAJC7-BAG4-PMID35271311	2026-09-13	BAG4::DNAJC7	BAG4	DNAJC7	DNAJC7	BAG4	PMID:35271311	35271311	PMC9119736	10.1126/science.abi6983	OpenCell: proteome-scale endogenous tagging enables the cartography of human cellular organization	supports_context_qualified_pair_relationship	physical_association;shared_complex	DNAJC7_bait_OpenCell_endogenous_tag_IPMS_association_with_BAG4	undirected_or_not_applicable			cellular_complex_not_binary	endogenous_tag_IPMS_accepted_cellular_association	no_pair_specific_HSP90_mediation_established	Human HEK293T polyclonal pools bearing CRISPR-generated endogenous split-mNeonGreen2 tags were captured with an anti-mNeonGreen nanobody after digitonin/Benzonase lysis and analyzed by triplicate label-free IP-MS. The official processed CSV is the accepted set: calls were selected with a dynamic bait-specific enrichment-versus-significance boundary, not a universal P < 0.05 rule; pval stores -log10(P).	cultured_cell_line	human	whole_cell_or_unspecified_fraction	omics_or_screening_measurement;physical_interaction_or_proximity	DNAJC7-bait OpenCell endogenous-tag IP-MS lists BAG4 as an accepted interaction.	Official processed interaction CSV line 7511: DNAJC7 bait, BAG4 prey, accepted interaction; -log10(P) 8.39749136086261, enrichment 3.37755541908071, interaction stoichiometry 0.0106136102236421, abundance stoichiometry 0.141570820583166	Endogenous-tag IP-MS measures association after lysis and can recover indirect complex members. Accepted calls and reciprocal bait recovery do not establish binary contact or regulatory direction.	The secondary core-cluster filters, interaction stoichiometry 0.05-10 and cellular-abundance stoichiometry 0.1-10, were optional annotations and not the initial accepted-interaction calling rule. Failure of one or both filters is not a biological negative. The interaction-stoichiometry optional core filter is not met, and no reciprocal BAG4-bait/DNAJC7 accepted call is present. These threshold- and assay-specific observations are not biological negatives.	One HEK293T lineage. Official Supplementary Table 3 records the assayed DNAJC7 bait as successfully N-terminally tagged; BAG4 is the prey in this accepted call. Tag effects were not tested.	cellular_complex_not_binary;endogenous_tag_IPMS;no_pair_specific_HSP90_mediation;not_client_evidence;single_cell_line_lineage;optional_core_interaction_stoichiometry_filter_not_met;DNAJC7_N_terminal_bait_tag;one_accepted_orientation;reverse_nonadmission_not_biological_negative	local_main_official_processed_interaction_matrix_and_claim_bearing_library_design_table_reviewed	focused_primary_review_complete	close_pair
COCHSRCREV-2026-09-13-STUB1-BAG4-PMID25036637	2026-09-13	BAG4::STUB1	BAG4	STUB1	STUB1	BAG4	PMID:25036637	25036637	PMC4104544	10.1016/j.cell.2014.05.039	A quantitative chaperone interaction network reveals the architecture of cellular protein homeostasis pathways	supports_context_qualified_pair_relationship	physical_association;shared_complex	STUB1_BAG4_high_confidence_human_cellular_co_complex	undirected_or_not_applicable			cellular_complex_not_binary	high_confidence_cellular_apms_co_complex	no_pair_specific_HSP90_assay_in_this_source	Stable human 293T cell lines expressing C-terminal 3xFLAG-V5-tagged chaperome proteins for AP-MS and Renilla-tagged proteins for quantitative LUMIER assays; high-confidence cutoffs were SAINT AvgP >= 0.85 and LUMIER score >= 7	cultured_cell_line	human	whole_cell_or_unspecified_fraction	omics_or_screening_measurement;physical_interaction_or_proximity	BAG4 and STUB1 passed the source's high-confidence AP-MS cutoff; this supports a human cellular physical association or shared complex.	AP-MS SAINT AvgP 1.00 (Table S1 row 58); both LUMIER orientations were subthreshold at 5.990 and 4.944	High-confidence cellular AP-MS supports co-complex membership. Absent or subthreshold LUMIER evidence adds no orthogonal support, and the AP-MS result does not establish purified binary binding.	The pair assays do not test client stabilization, ubiquitination, pair-specific HSP90 dependence, or direct binding.	Tagged proteins in one human cell-line background. Database assay labels and pair expansions cannot substitute for the source matrix thresholds.	cellular_complex_not_binary;no_pair_specific_HSP90_assay;not_client_evidence;not_direct_binding;single_publication_multiple_pair_routes;tagged_expression;database_encodings_exceed_primary_matrix	local_native_table_s1_reviewed_supplemental_figure_pdf_missing_not_decision_limiting	focused_primary_review_complete	close_pair
COCHSRCREV-2026-09-13-CDC37-BRAF-PMID31980649	2026-09-13	BRAF::CDC37	BRAF	CDC37	CDC37	BRAF	PMID:31980649	31980649	PMC6981206	10.1038/s41467-019-14224-9	Extensive rewiring of the EGFR network in colorectal cancer cells expressing transforming levels of KRASG13D	supports_context_qualified_pair_relationship	physical_association;shared_complex	BRAF_bait_APMS_co_recovers_CDC37	undirected_or_not_applicable			cellular_complex_not_binary	high_confidence_cellular_apms_co_complex	no_pair_specific_HSP90_assay_in_this_source	Human HCT116 mtKRAS-Hi colorectal-cancer cells and isogenic HKE3 mtKRAS-Lo cells expressing N-terminal FLAG-tagged kinase baits; serum-starved cells were extracted in 1% NP-40 and analyzed by affinity-purification mass spectrometry. Three biological replicates, two technical replicates, and a label swap produced 12 bait values with 12 empty-vector controls. HiQuant admission required prey-versus-control P < 0.05, Significance A < 0.05, and at least three values.	cultured_cell_line	human	whole_cell_or_unspecified_fraction	omics_or_screening_measurement;physical_interaction_or_proximity	BRAF-bait AP-MS recovered CDC37 above both statistical filters in the mtKRAS-Hi and mtKRAS-Lo contexts.	Supplementary Data 2 mtKRAS-Hi row 199: ratio 5.6558, log2 ratio 2.4997, P=7.09e-7, Significance A=5.51e-20; mtKRAS-Lo row 182: ratio 6.6731, log2 ratio 2.7384, P=2.79e-6, Significance A=5.92e-13	FLAG affinity-purification mass spectrometry and cellular co-immunoprecipitation support co-recovery or shared-complex membership, not purified binary binding. Bait-to-prey orientation is assay provenance and is not a biological direction.	The source does not establish client status, pair-specific HSP90 dependence, HSP90 isoform selectivity, or a direct binding interface.	One colorectal-cancer lineage and tagged, expressed kinase baits. The two isogenic KRAS states are contexts within one study, not independent-source replication. BioGRID and IntAct routes may encode the same AP-MS measurement or its targeted follow-up and must not be counted as independent studies. No pair-specific orthogonal validation was reported.	apms_screen;cellular_complex_not_binary;database_routes_not_independent_replication;no_pair_specific_HSP90_assay;not_client_evidence;single_cell_line_lineage;tagged_expression;apms_only;no_pair_specific_orthogonal_validation	local_main_article_supplementary_information_APMS_matrices_and_source_data_reviewed	focused_primary_review_complete	close_pair
COCHSRCREV-2026-09-13-FKBP4-CACYBP-PMID25036637	2026-09-13	CACYBP::FKBP4	CACYBP	FKBP4	FKBP4	CACYBP	PMID:25036637	25036637	PMC4104544	10.1016/j.cell.2014.05.039	A quantitative chaperone interaction network reveals the architecture of cellular protein homeostasis pathways	supports_context_qualified_pair_relationship	physical_association;shared_complex	FKBP4_bait_APMS_cellular_association_with_CACYBP_with_subthreshold_LUMIER	undirected_or_not_applicable			cellular_complex_not_binary	tagged_expression_duplicate_APMS_cellular_association	no_pair_specific_HSP90_mediation_established	Stable polyclonal human 293T cells expressing predominantly C-terminal 3xFLAG-V5-tagged chaperones or co-chaperones were analyzed by anti-FLAG AP-MS from whole-cell lysate with sodium molybdate. Two AP-MS replicates were scored by SAINT with AvgP >=0.85 (estimated FDR 1.8%). Orthogonal Renilla-luciferase affinity capture used LUMIER score >=7 (estimated upper FDR 4.4%).	cultured_cell_line	human	whole_cell_or_unspecified_fraction	omics_or_screening_measurement;physical_interaction_or_proximity	FKBP4-bait AP-MS recovered CACYBP above the source's SAINT AvgP 0.85 threshold.	Table S1 AvgP scores row 159: FKBP4/CACYBP, AvgP 1.00, Spec 25|37, CtrlCounts 2|4|2|5|4|8|7; reciprocal row 4656: CACYBP/FKBP4 AvgP 0, Spec 16|20; LUMIER scores T114: FKBP4 query/CACYBP reporter 4.483273, below 7 and absent from the combined AP-MS-and-LUMIER sheet	AP-MS and LUMIER recover proteins from cellular lysates and do not establish purified binary binding. Bait/query orientation records assay configuration, not biological direction.	The reciprocal AP-MS row had AvgP 0. The LUMIER score 4.483273 was below 7; the BioGRID luminescence and IntAct anti-tag routes encode this same subthreshold configuration and are not positive validation or a biological negative.	The source uses tagged expression in one transformed 293T lineage. BioGRID and IntAct records can encode the same AP-MS or LUMIER measurement and are not independent replications. No pair-specific client stability, functional perturbation, regulatory direction, or HSP90 isoform-resolved mediation test was performed.	LUMIER_4_483273_below_threshold;cellular_complex_not_binary;database_routes_not_independent_replication;direct_binding_unclear;no_pair_specific_HSP90_mediation;not_client_evidence;reverse_APMS_below_threshold;same_subthreshold_LUMIER_database_projection;single_cell_line_lineage;tagged_expression	local_main_article_and_complete_Table_S1_workbook_reviewed	focused_primary_review_complete	close_pair
COCHSRCREV-2026-09-13-FKBP4-CACYBP-PMID33973408	2026-09-13	CACYBP::FKBP4	CACYBP	FKBP4	FKBP4	CACYBP	PMID:33973408	33973408	PMC8111494	10.15252/msb.202010016	hu.MAP 2.0: integration of over 15,000 proteomic experiments builds a global compendium of human multiprotein assemblies	supports_context_qualified_pair_relationship	physical_association;shared_complex	huMAP2_predicted_complex_comembership_CACYBP_FKBP4_context	undirected_or_not_applicable			integrative_predicted_complex_not_pairwise	medium_confidence_integrative_predicted_complex_comembership	no_pair_specific_HSP90_mediation_established	hu.MAP 2.0 computationally integrates more than 15,000 human proteomic experiments into predicted multiprotein assemblies. The local medium-confidence records HuMAP2_02855 and HuMAP2_02912 each have confidence 4.	computational_or_database	human	not_reported	computational_or_secondary_context	hu.MAP 2.0 predicts CACYBP and FKBP4 as co-members of two assemblies. This is integrative complex context, not a new pairwise experiment.	Official huMAP2 complex release lines 2835 and 2892: HuMAP2_02855 confidence 4 with 12 accession/symbol members, and HuMAP2_02912 confidence 4 with 9 accession/symbol members; both contain FKBP4 and CACYBP	Predicted co-membership in an integrative complex does not establish pairwise contact, bait-prey direction, assay replication, or HSP90 mediation.	No pairwise CACYBP-FKBP4 assay, purified binding test, client phenotype, or pair-specific HSP90-dependence test is reported by these records.	The two complex records are predictions from the same integrated hu.MAP release and are not independent of each other or of input proteomic datasets. The routes have no pair-specific PMID. The publication package is not archived locally, but the exact official matrix is local and decision-complete for this context-only source row.	computational_integrative_prediction;database_context_only;not_client_evidence;not_independent_pairwise_support;predicted_complex_not_pairwise;publication_package_not_local_archive_gap	exact_official_complex_matrix_reviewed;publication_package_not_local_archive_gap_not_decision_blocker	focused_primary_review_complete	close_pair
COCHSRCREV-2026-09-13-FKBP5-CACYBP-PMID25036637	2026-09-13	CACYBP::FKBP5	CACYBP	FKBP5	FKBP5	CACYBP	PMID:25036637	25036637	PMC4104544	10.1016/j.cell.2014.05.039	A quantitative chaperone interaction network reveals the architecture of cellular protein homeostasis pathways	supports_context_qualified_pair_relationship	physical_association;shared_complex	FKBP5_bait_APMS_cellular_association_with_CACYBP	undirected_or_not_applicable			cellular_complex_not_binary	tagged_expression_duplicate_APMS_cellular_association	no_pair_specific_HSP90_mediation_established	Human stable polyclonal 293T cells expressing predominantly C-terminal 3xFLAG-V5-tagged chaperones or co-chaperones were analyzed by anti-FLAG affinity-purification mass spectrometry from whole-cell lysate with sodium molybdate. Two AP-MS replicates were scored with SAINT; the high-confidence cutoff was AvgP >= 0.85 (estimated FDR 1.8%). An orthogonal Renilla-luciferase affinity-capture assay used LUMIER score >= 7 (estimated upper FDR 4.4%).	cultured_cell_line	human	whole_cell_or_unspecified_fraction	omics_or_screening_measurement;physical_interaction_or_proximity	FKBP5-bait AP-MS recovered CACYBP above the source's SAINT AvgP 0.85 threshold.	Table S1 workbook, AvgP scores sheet row 175: bait FKBP5, prey CACYBP, AvgP 1.0, replicate spectral counts 41|53; canonical symbol	AP-MS and LUMIER both recover proteins from cellular lysates and support cellular association or shared-complex membership. Neither assay establishes purified binary binding. Bait-to-prey orientation records assay configuration rather than biological direction.	No requested pair received a purified-protein binding test, regulatory direction test, pair-specific client-stability assay, or HSP90-isoform-resolved mediation test. A database luminescence route can represent a screened configuration and is not counted as validation unless the source's author-curated AP-MS-plus-LUMIER table passes both cutoffs. Reverse CACYBP-bait AP-MS row 4657 had AvgP 0.62 and did not pass the 0.85 admission threshold.	The source uses tagged, expressed proteins in one transformed 293T lineage. Taipale 2014 and OpenCell 2022 are independent studies with different tagging strategies and interaction-calling methods, but both use the 293T/HEK293T lineage and therefore do not provide cross-lineage replication. BioGRID and IntAct routes within this source can encode the same AP-MS, LUMIER, or follow-up measurement and are not independent source replications.	cellular_complex_not_binary;database_routes_not_independent_replication;no_pair_specific_HSP90_mediation;not_client_evidence;same_293T_lineage_across_sources;single_cell_line_lineage;tagged_expression;reverse_APMS_below_threshold	local_main_article_and_complete_Table_S1_workbook_reviewed	focused_primary_review_complete	close_pair
COCHSRCREV-2026-09-13-FKBP5-CACYBP-PMID35271311	2026-09-13	CACYBP::FKBP5	CACYBP	FKBP5	FKBP5	CACYBP	PMID:35271311	35271311	PMC9119736	10.1126/science.abi6983	OpenCell: proteome-scale endogenous tagging enables the cartography of human cellular organization	supports_context_qualified_pair_relationship	physical_association;shared_complex	OpenCell_endogenous_tag_IPMS_association_FKBP5->CACYBP	undirected_or_not_applicable			cellular_complex_not_binary	single_direction_endogenous_tag_triplicate_IPMS_cellular_association	no_pair_specific_HSP90_mediation_established	Human HEK293T polyclonal pools bearing CRISPR-generated endogenous split-mNeonGreen2 tags were lysed in 1.5% digitonin with Benzonase and captured using an anti-mNeonGreen nanobody. Each bait was analyzed in biological triplicate by label-free IP-MS. Interaction calls compared log2 LFQ measurements with bootstrapped null distributions built from an average of 349 unrelated tagged cell lines and used a bait-specific dynamic enrichment boundary. The released CSV contains accepted calls; its field named pval stores -log10(P), not a raw P value.	cultured_cell_line	human	whole_cell_or_unspecified_fraction	omics_or_screening_measurement;physical_interaction_or_proximity	The OpenCell accepted interaction release contains FKBP5->CACYBP as an endogenous-tag, triplicate cellular IP-MS association.	Official processed interaction CSV line(s) 9131: native orientation FKBP5->CACYBP; pval field -log10(P) 18.9684967051026; enrichment 4.21900866177445; interaction stoichiometry 0.252016566346727; cellular-abundance stoichiometry 12.8418574791354; canonical symbol	Endogenous-tag IP-MS measures association after lysis and can recover indirect members of larger complexes. It does not establish spatial proximity in vivo or purified binary contact. Bait-to-prey orientation is assay provenance rather than biological direction.	None of the 15 pairs passes both secondary core-cluster stoichiometry filters (interaction stoichiometry 0.05-10 and cellular-abundance stoichiometry 0.1-10). This secondary filter is not the initial interaction-calling rule. The manuscript does not discuss these rows or provide pair-specific perturbation, direct-binding, regulatory, client-stability, ubiquitination, or HSP90-dependence evidence. Only FKBP5 had released bait coverage for this pair, so reciprocal testing was unavailable and the missing reverse orientation is neutral.	One transformed, pseudo-triploid HEK293T lineage; endogenous tags can still alter abundance, localization, or interfaces. The split-fluorophore strategy mainly accesses nucleo-cytoplasmic proteins and cytosol-exposed membrane termini. Taipale 2014 is an independent source and method, but both studies use the 293T/HEK293T lineage. The publication supplement bundle is not archived locally; the exact official 29,922-row processed interaction release used for these decisions is local, so this is an archive-completeness gap rather than a review blocker.	cellular_complex_not_binary;endogenous_tag_IPMS;no_pair_specific_HSP90_mediation;not_client_evidence;publication_supplements_not_local_archive_gap;same_293T_lineage_across_sources;single_cell_line_lineage	local_main_and_official_processed_interaction_matrix_reviewed;publication_supplement_bundle_not_local_archive_gap_not_decision_blocker	focused_primary_review_complete	close_pair
COCHSRCREV-2026-09-13-SUGT1-CACYBP-PMID25036637	2026-09-13	CACYBP::SUGT1	CACYBP	SUGT1	SUGT1	CACYBP	PMID:25036637	25036637	PMC4104544	10.1016/j.cell.2014.05.039	A quantitative chaperone interaction network reveals the architecture of cellular protein homeostasis pathways	supports_context_qualified_pair_relationship	physical_association;shared_complex	SUGT1_bait_APMS_cellular_association_with_CACYBP	undirected_or_not_applicable			cellular_complex_not_binary	tagged_expression_duplicate_APMS_cellular_association	no_pair_specific_HSP90_assay_in_this_source	Human stable polyclonal 293T cells expressing predominantly C-terminal 3xFLAG-V5-tagged chaperone or co-chaperone AP-MS baits were analyzed by anti-FLAG affinity-purification mass spectrometry from whole-cell lysate with sodium molybdate. Two AP-MS replicates were scored with SAINT; the high-confidence cutoff was AvgP >= 0.85 (estimated FDR 1.8%). LUMIER used transient 3xFLAG query baits and stable Renilla-fused reporter preys in 293T cells; normalized luminescence Z-scores were evaluated at the source's high-confidence cutoff of approximately 7 (estimated upper FDR 4.4%).	cultured_cell_line	human	whole_cell_or_unspecified_fraction	omics_or_screening_measurement;physical_interaction_or_proximity	SUGT1-bait AP-MS recovered CACYBP above the source's SAINT AvgP 0.85 threshold.	Table S1 workbook, AvgP scores row 460: bait SUGT1, prey CACYBP, AvgP 1.00, Spec 72|76, CtrlCounts 2|4|2|5|4|8|7; reverse row 4983: bait CACYBP, prey SUGT1, AvgP 0.04, Spec 3|3, CtrlCounts 0|2|0|0|5|3|0; LUMIER scores row 150, SUGT1-FLAG query with CACYBP-Renilla reporter, 1.940041	Affinity-purification mass spectrometry from cellular lysate supports co-recovery or shared-complex membership, not purified binary binding. Bait-to-prey orientation records assay configuration rather than biological direction. Within-study replicate or reciprocal AP-MS does not establish HSP90 mediation, client status, or regulation.	No requested pair received a purified-protein binding test, regulatory direction test, pair-specific client-stability assay, functional perturbation, or HSP90-isoform-resolved mediation test. A database luminescence route represents a screened configuration and is counted as within-study cross-assay support only when the author's curated AP-MS-plus-LUMIER table passes both cutoffs. The reverse AP-MS row and measured LUMIER configuration failed their source thresholds.	The source uses tagged, expressed proteins in one transformed 293T lineage. Negative or missing LUMIER measurements do not disprove an association because assay sensitivity and construct configuration differ from AP-MS. The main text and combined sheet use LUMIER score >= 7, while the workbook information sheet says > 7; no requested measurement is near that boundary. BioGRID and IntAct records can project the same AP-MS or screened LUMIER configuration and are not independent source replications. IntAct's anti-tag coimmunoprecipitation label does not establish a separate pair-specific co-IP experiment.	apms_screen;cellular_complex_not_binary;database_routes_not_independent_replication;lumier_below_threshold_or_unavailable;no_pair_specific_HSP90_assay;not_client_evidence;single_cell_line;tagged_expression;reverse_APMS_below_threshold	local_main_article_and_complete_Table_S1_workbook_reviewed	focused_primary_review_complete	close_pair
COCHSRCREV-2026-09-13-CCDC117-STIP1-PMID25036637	2026-09-13	CCDC117::STIP1	CCDC117	STIP1	STIP1	CCDC117	PMID:25036637	25036637	PMC4104544	10.1016/j.cell.2014.05.039	A quantitative chaperone interaction network reveals the architecture of cellular protein homeostasis pathways	supports_context_qualified_pair_relationship	physical_association;shared_complex	STIP1_bait_APMS_plus_CCDC117_query_LUMIER_cellular_association	undirected_or_not_applicable			cellular_complex_not_binary	tagged_expression_APMS_plus_LUMIER_cellular_association	no_pair_specific_HSP90_mediation_established	Human 293T cells stably expressed mostly C-terminal 3xFLAG-V5-tagged bait proteins for duplicate AP-MS scored by SAINT (qualifying AvgP at least 0.85). Separate stable Renilla-reporter cells and transient 3xFLAG query expression supplied LUMIER measurements (qualifying score at least 7). Query/reporter and bait/prey orientations are assay configurations.	cultured_cell_line	human	whole_cell_or_unspecified_fraction	omics_or_screening_measurement;physical_interaction_or_proximity	STIP1-bait AP-MS recovered CCDC117 at AvgP 1.00 with spectra 8|7 and zero spectra in all seven controls; CCDC117-query/STIP1-reporter LUMIER scored 35.308122, above 7.	Table S1 decision workbook: AP-MS, general LUMIER, and targeted domain-panel sheets rechecked at source thresholds	AP-MS co-recovery and LUMIER signal in cells do not establish purified pairwise contact, biological direction, client status, or HSP90 mediation.	The two database resources encode the same publication measurements and are not independent replication. No reverse STIP1-query/CCDC117-reporter result is used as biological direction.	One tagged-expression 293T study. BioGRID and IntAct routes are encodings of the same publication, not independent experiments or replication.	author_curated_APMS_plus_LUMIER_positive;cellular_complex_not_binary;database_routes_not_independent_replication;no_pair_specific_HSP90_mediation;not_client_evidence;single_cell_line;tagged_expression	local_main_article_and_decision_complete_Table_S1_workbook_reviewed;optional_other_publication_supplements_not_decision_blocking	focused_primary_review_complete	close_pair
COCHSRCREV-2026-09-13-CCDC117-STIP1-PMID26186194	2026-09-13	CCDC117::STIP1	CCDC117	STIP1	STIP1	CCDC117	PMID:26186194	26186194	PMC4617211	10.1016/j.cell.2015.06.043	The BioPlex Network: A Systematic Exploration of the Human Interactome	supports_context_qualified_pair_relationship	physical_association;shared_complex	CCDC117_bait_BioPlex1_APMS_network_association_with_STIP1	undirected_or_not_applicable			cellular_APMS_network_not_binary	BioPlex1_293T_high_confidence_APMS_network_edge	no_pair_specific_HSP90_mediation_established	Human HEK293T cells stably expressed C-terminal FLAG-HA-tagged CCDC117 bait for technical-duplicate AP-MS and CompPASS-Plus scoring; GFP and RAB11B supplied negative and positive benchmark controls, and HCIP probability at least 0.75 defined admission.	cultured_cell_line	human	whole_cell_or_unspecified_fraction	omics_or_screening_measurement;physical_interaction_or_proximity	CCDC117-bait BioPlex1 AP-MS recovered STIP1 with pInteraction 0.9909218814 (pWrong 2.3295e-11; pNoInteraction 0.0090781186).	Supplementary Table 9 decision workbook row 20744: CCDC117-STIP1; pInteraction 0.990921881413149	A high-confidence AP-MS network edge supports cellular co-complex association, not pairwise contact or biological direction.	No reciprocal STIP1-bait edge or pair-specific functional assay is required by this source record; absence is not a biological negative.	This is the first release of the evolving BioPlex 293T program and is not independent of later BioPlex reanalysis/releases. No client or HSP90-isoform claim follows.	BioPlex_evolving_293T_lineage;APMS_network_not_binary;no_pair_specific_HSP90_mediation;not_client_evidence;tagged_expression	local_main_and_decision_complete_Supplementary_Table_9_reviewed;remaining_publication_bundle_archive_gap_not_decision_blocker	focused_primary_review_complete	close_pair
COCHSRCREV-2026-09-13-CCDC117-STIP1-PMID28514442	2026-09-13	CCDC117::STIP1	CCDC117	STIP1	STIP1	CCDC117	PMID:28514442	28514442	PMC5531611	10.1038/nature22366	Architecture of the human interactome defines protein communities and disease networks	supports_context_qualified_pair_relationship	physical_association;shared_complex	CCDC117_and_STIP1_reciprocal_BioPlex2_293T_APMS_network_association	undirected_or_not_applicable			cellular_APMS_network_not_binary	BioPlex2_293T_high_confidence_APMS_network_edge	no_pair_specific_HSP90_mediation_established	Human HEK293T FLAG-HA affinity-purification mass spectrometry from the expanded BioPlex 2.0 interaction network; directed-edge orientation records bait and prey, not biological flow.	cultured_cell_line	human	whole_cell_or_unspecified_fraction	omics_or_screening_measurement;physical_interaction_or_proximity	CCDC117 and STIP1 occur in both directed bait-prey orientations in the BioPlex2 293T release.	Exact official BioPlex 2.0 293T DirectedEdges matrix: target symbol/accession rows rechecked	AP-MS network co-recovery does not establish pairwise contact, causal direction, client status, or HSP90 mediation.	A missing reverse directed edge is an assay-configuration result and not a biological noninteraction.	BioPlex1 and BioPlex2 are releases from the same evolving 293T program, not independent biological replications; database projections of this publication are also not independent.	APMS_network_not_binary;BioPlex_evolving_293T_lineage;database_routes_not_independent_replication;reciprocal_assay_configuration;no_pair_specific_HSP90_mediation;not_client_evidence;tagged_expression	local_main_exact_official_directed_matrix_and_complete_publication_supplement_bundle_available;decision_matrix_reviewed	focused_primary_review_complete	close_pair
COCHSRCREV-2026-09-13-CCDC117-STIP1-PMID33239621	2026-09-13	CCDC117::STIP1	CCDC117	STIP1	STIP1	CCDC117	PMID:33239621	33239621	PMC7688965	10.1038/s41467-020-19783-w	The Hsp70-Hsp90 co-chaperone Hop/Stip1 shifts the proteostatic balance from folding towards degradation	supports_context_qualified_pair_relationship	physical_association;shared_complex	CCDC117_recovery_with_WT_STIP1_rescue_bait_in_Hop_IPMS	undirected_or_not_applicable			single_bait_tagged_IPMS_context_not_binary	WT_rescue_specific_tagged_IPMS_context	pooled_HSP90AA1_HSP90AB1_context_not_pair_specific_mediation	Human HEK293T STIP1-knockout cells were rescued with HA-tagged WT STIP1/Hop or K8A/K229A TPR mutant for duplicate IP-MS; filtered iBAQ values were compared with knockout controls.	cultured_cell_line	human	whole_cell_or_unspecified_fraction	omics_or_screening_measurement;physical_interaction_or_proximity	CCDC117 was recovered only with WT STIP1 rescue (iBAQ 1,933,200 and 2,412,700; mean 2,172,950), with five unique peptides and ten MS/MS spectra; filtered knockout and mutant values were zero.	Supplementary Data MOESM5 decision table row 154; WT, mutant, knockout iBAQ and peptide columns	Single-bait IP-MS recovery does not establish direct CCDC117-STIP1 contact, reciprocal association, or HSP90 mediation. Filtered zero iBAQ values are not proof of biological absence.	CCDC117 was not recovered above filtering in knockout or TPR-mutant samples. No candidate-specific reciprocal or endogenous validation was performed.	The study pools HSP90AA1 and HSP90AB1 in relevant analyses. The pair remains shared-complex context without client, direction, or isoform promotion.	filtered_zero_not_biological_absence;HSP90AA1_HSP90AB1_pooled;not_client_evidence;single_bait_IPMS_not_binary;tagged_rescue_constructs	local_main_and_decision_complete_MOESM4_MOESM5_workbooks_reviewed	focused_primary_review_complete	close_pair
COCHSRCREV-2026-09-13-CCDC117-STIP1-PMID33961781	2026-09-13	CCDC117::STIP1	CCDC117	STIP1	STIP1	CCDC117	PMID:33961781	33961781	PMC8165030	10.1016/j.cell.2021.04.011	Dual proteome-scale networks reveal cell-specific remodeling of the human interactome	supports_context_qualified_pair_relationship	physical_association;shared_complex	CCDC117_STIP1_BioPlex3_293T_and_HCT116_APMS_network_association	undirected_or_not_applicable			cellular_APMS_network_not_binary	BioPlex3_APMS_network_edge_with_source_specific_cell_line_context	no_pair_specific_HSP90_mediation_established	BioPlex3 affinity-purification mass spectrometry maps human 293T and HCT116 networks. Final pInt at least 0.75 defines admitted edges; bait-prey orientation is assay configuration.	cultured_cell_line	human	whole_cell_or_unspecified_fraction	omics_or_screening_measurement;physical_interaction_or_proximity	CCDC117 and STIP1 occur in both directed bait-prey orientations in 293T (final-network pInt 0.9999999954) and HCT116 (pInt 0.9999999630).	293T and HCT116 exact directed rows in both orientations; final-network lines 64309 and 13872.	BioPlex network edges support cell-line-specific co-recovery, not pairwise contact, biological direction, client status, or HSP90 mediation.	A missing reverse direction or cell-line edge is a source-specific network result, not a biological noninteraction.	The 293T BioPlex1/2/3 releases are carry-forward/reanalysis of one evolving program. HCT116 is a distinct lineage measured in the same BioPlex3 publication, not an independent publication. Database routes are not replication.	APMS_network_not_binary;BioPlex_evolving_293T_lineage;database_routes_not_independent_replication;reciprocal_assay_configuration;two_cell_line_contexts_same_publication;no_pair_specific_HSP90_mediation;not_client_evidence;tagged_expression	local_main_and_exact_official_directed_and_final_network_matrices_reviewed;remaining_publication_bundle_archive_gap_not_decision_blocker	focused_primary_review_complete	close_pair
COCHSRCREV-2026-09-13-CCDC117-STIP1-PMID35271311	2026-09-13	CCDC117::STIP1	CCDC117	STIP1	STIP1	CCDC117	PMID:35271311	35271311	PMC9119736	10.1126/science.abi6983	OpenCell: proteome-scale endogenous tagging enables the cartography of human cellular organization	supports_context_qualified_pair_relationship	physical_association;shared_complex	endogenous_tag_STIP1_bait_OpenCell_IPMS_association_with_CCDC117	undirected_or_not_applicable			single_bait_endogenous_tag_IPMS_not_binary	OpenCell_endogenous_tag_triplicate_IPMS_association	no_pair_specific_HSP90_mediation_established	OpenCell endogenously tagged STIP1 in human HEK293T cells and used triplicate anti-GFP affinity-purification mass spectrometry against parental controls.	cultured_cell_line	human	whole_cell_or_unspecified_fraction	omics_or_screening_measurement;physical_interaction_or_proximity	STIP1-bait OpenCell IP-MS recovered CCDC117 with -log10(P) 37.329301, enrichment 7.447131, interaction stoichiometry 0.489500, and abundance stoichiometry 0.032935.	Official OpenCell protein-interactions CSV target_gene_name STIP1 / interactor CCDC117 row 25872	One endogenous-tag bait IP-MS edge supports cellular co-recovery, not purified pairwise contact, reciprocal association, biological direction, or HSP90 mediation.	No reciprocal CCDC117-bait edge or candidate-specific functional validation is reported in the reviewed source objects; this is not a biological negative.	OpenCell is one STIP1-bait experiment in one lineage. Database encoding is not independent replication; no client or HSP90-isotype claim follows.	database_route_not_independent_replication;endogenous_tag_single_bait_IPMS_not_binary;no_pair_specific_HSP90_mediation;not_client_evidence;single_cell_line	local_main_official_processed_interaction_matrix_and_decision_table_reviewed;remaining_publication_bundle_archive_gap_not_decision_blocker	focused_primary_review_complete	close_pair
COCHSRCREV-2026-09-13-PPP5C-CCT4-PMID21360678	2026-09-13	CCT4::PPP5C	CCT4	PPP5C	PPP5C	CCT4	PMID:21360678	21360678	PMC3086140	10.1002/pmic.201000770	Label-free quantitative proteomics and SAINT analysis enable interactome mapping for the human Ser/Thr protein phosphatase 5	supports_context_qualified_pair_relationship	physical_association;shared_complex	PPP5C_bait_APMS_co_recovers_CCT4	undirected_or_not_applicable			cellular_complex_not_binary	PPP5C_bait_SAINT_APMS_cellular_association	no_pair_specific_HSP90_assay_in_this_source	Human HEK293 cells expressed C-terminally FLAG-tagged wild-type PPP5C or K97A/R101A TPR-domain double-mutant PPP5C (called delta-TPR by the authors). Four biological replicates of each construct and five FLAG controls were analyzed by AP-MS and SAINT at AvgP >= 0.5.	cultured_cell_line	human	whole_cell_or_unspecified_fraction	omics_or_screening_measurement;physical_interaction_or_proximity	Wild-type PPP5C-bait AP-MS admitted CCT4 at the source's AvgP 0.5 cutoff.	Main-text Table I: CCT4 spectra in four WT replicates 0|4|2|1, five controls 0|0|0|0|0, AvgP 0.67; CCT4 is not admitted in the filtered K97A/R101A mutant section	PPP5C-bait AP-MS supports co-recovery from cellular lysate, not purified binary binding or a specific PPP5C TPR contact.	Not being admitted to filtered Table I for the mutant is construct- and threshold-specific and cannot be treated as a raw absence or biological negative. Filtered-table non-admission for the mutant does not establish raw absence, a biological negative, or pair-specific TPR dependence.	One tagged-expression HEK293 background. The permissive AvgP 0.5 cutoff and prey-specific spectral-count background require quantitative context.	apms_screen;cellular_complex_not_binary;database_routes_not_independent_replication;delta_TPR_absence_not_biological_negative;not_client_evidence;single_cell_line;tagged_expression;TPR_domain_dependence_not_established;low_spectral_depth;mutant_filtered_nonadmission_only	local_main_article_Table_I_reviewed_source_supplement_unavailable_nonblocking_for_current_decision	focused_primary_review_complete	close_pair
COCHSRCREV-2026-09-13-CDC37-CDC37L1-PMID15850399	2026-09-13	CDC37::CDC37L1	CDC37	CDC37L1	CDC37	CDC37L1	PMID:15850399	15850399		10.1021/bi047406z	Domain-Mediated Dimerization of the Hsp90 Cochaperones Harc and Cdc37	supports_pair_relationship	physical_association;shared_complex	CDC37_and_CDC37L1_Harc_dynamic_heterodimer_compatible_cellular_association	undirected_or_not_applicable			reciprocal_tagged_cellular_coIP_and_post_lysis_complex_formation_not_purified_binary	reciprocal_tagged_cellular_coIP_titration_and_post_lysis_mixing	generic_cytosolic_HSP90_complex_context_without_isotype_resolution	Human 293T cells coexpressed FLAG- and V5-tagged Harc/CDC37L1 and CDC37 for reciprocal anti-FLAG co-IP, expression titration, and comparison with separately expressed proteins admixed after lysis.	cultured_cell_line	human	whole_cell_or_unspecified_fraction	biochemical_or_structural;physical_interaction_or_proximity	V5-CDC37 co-recovered with FLAG-Harc and V5-Harc reciprocally co-recovered with FLAG-CDC37. Recovery depended on relative expression, and complexes also formed after separately expressed lysates were mixed, consistent with a dynamic heterodimer-compatible association.	Fig. 2A-B reciprocal tagged co-IP with no-FLAG expression controls; Fig. 3 expression titration; Fig. 4 coexpression versus post-lysis mixing	The assays were performed in whole-cell lysates and can be influenced by Hsp90 or other proteins; they do not establish purified binary heterodimerization.	Harc homodimer recovery exceeded Harc-CDC37 recovery at similar abundance, and no CDC37-Harc co-IP was detected when CDC37 was about fivefold below Harc. These abundance-dependent results are not biological noninteractions.	The authors explicitly state that biological relevance was not established. No client response, causal functional assay, or HSP90 paralog resolution supports pair-level promotion.	cellular_complex_not_purified_binary;HSP90_paralog_unresolved;not_client_evidence;post_lysis_complex_formation;tagged_expression	local_complete_publisher_article_reviewed;no_supplement_required	focused_primary_review_complete	close_pair
COCHSRCREV-2026-09-13-CDC37-CDC37L1-PMID25036637	2026-09-13	CDC37::CDC37L1	CDC37	CDC37L1	CDC37	CDC37L1	PMID:25036637	25036637	PMC4104544	10.1016/j.cell.2014.05.039	A quantitative chaperone interaction network reveals the architecture of cellular protein homeostasis pathways	supports_context_qualified_pair_relationship	physical_association;shared_complex	CDC37L1_bait_APMS_cellular_association_with_CDC37_with_subthreshold_LUMIER	undirected_or_not_applicable			cellular_complex_not_binary	tagged_expression_duplicate_APMS_cellular_association	no_pair_specific_HSP90_mediation_established	Human 293T cells stably expressed mostly C-terminal 3xFLAG-V5-tagged bait proteins for duplicate AP-MS scored by SAINT (qualifying AvgP at least 0.85). Separate stable Renilla-reporter cells and transient 3xFLAG query expression supplied LUMIER measurements (qualifying score at least 7). Query/reporter and bait/prey orientations are assay configurations.	cultured_cell_line	human	whole_cell_or_unspecified_fraction	omics_or_screening_measurement;physical_interaction_or_proximity	CDC37L1/Harc-bait AP-MS recovered CDC37 at AvgP 0.99 with spectra 17|26, above the source's 0.85 threshold.	Table S1 decision workbook: AP-MS, general LUMIER, and targeted domain-panel sheets rechecked at source thresholds	AP-MS co-recovery and LUMIER signal in cells do not establish purified pairwise contact, biological direction, client status, or HSP90 mediation.	Both LUMIER orientations were below the source score 7 threshold (CDC37L1-query/CDC37-reporter -4.863708; CDC37-query/CDC37L1-reporter -0.495878); the database LUMIER projection is not positive validation and the subthreshold measurements are not biological negatives.	One tagged-expression 293T study. BioGRID and IntAct routes are encodings of the same publication, not independent experiments or replication.	LUMIER_below_threshold;cellular_complex_not_binary;database_routes_not_independent_replication;no_pair_specific_HSP90_mediation;not_client_evidence;same_subthreshold_LUMIER_database_projection;single_cell_line;tagged_expression	local_main_article_and_decision_complete_Table_S1_workbook_reviewed;optional_other_publication_supplements_not_decision_blocking	focused_primary_review_complete	close_pair
COCHSRCREV-2026-09-13-CDC37-CDK11A-PMID24189400	2026-09-13	CDC37::CDK11A	CDC37	CDK11A	CDC37	CDK11A	PMID:24189400	24189400	PMC4039310	10.1038/msb.2013.61	Perturbation of the mutated EGFR interactome identifies vulnerabilities and resistance mechanisms	supports_context_qualified_pair_relationship	physical_association;shared_complex	CDC37_bait_TAPMS_co_recovers_CDK11A	undirected_or_not_applicable			cellular_complex_not_binary	single_bait_cellular_tap_ms_co_complex	no_pair_specific_HSP90_assay_in_this_source	Human PC9 EGFR-exon-19-deletion non-small-cell lung-cancer cells expressing C-terminal Strep-HA-tagged baits near endogenous levels. Two-step tandem-affinity-purification mass spectrometry removed GFP control contaminants and used 1% peptide false-discovery rate; admission required at least two distinct peptides or one stricter peptide plus at least one protein-specific peptide.	cultured_cell_line	human	whole_cell_or_unspecified_fraction	omics_or_screening_measurement;physical_interaction_or_proximity	CDC37-bait tandem-affinity-purification MS recovered CDK11A in the source's admitted PC9 interactome.	Supplementary Table S2 sheet PC9-CDC37 row 6: 2 unique peptide(s), 3 spectrum/spectra, 3% sequence coverage; source symbol CD11A maps to canonical CDK11A	Tandem affinity-purification mass spectrometry supports cellular co-recovery or shared-complex membership, not purified binary binding. Bait-to-prey orientation records assay configuration only.	None of the four requested pairs appears in the targeted Supplementary Fig. 1C validation panel. The study reports essentially one tandem purification per bait and no pair-level replicate or enrichment statistic.	One mutant-EGFR lung-cancer cell line, tagged baits, and sparse spectral evidence for some preys. BioGRID and IntAct routes are duplicate encodings of the same source measurements rather than independent replication. The separate CDK11 RNAi viability phenotype does not validate CDC37-CDK11 complex membership.	cellular_complex_not_binary;database_routes_not_independent_replication;no_pair_specific_HSP90_assay;no_pair_specific_orthogonal_validation;not_client_evidence;single_cell_line;single_tap_per_bait;tagged_expression	local_main_article_supplementary_methods_and_TAP_matrix_reviewed	focused_primary_review_complete	close_pair
COCHSRCREV-2026-09-13-CDC37-CDK11B-PMID24189400	2026-09-13	CDC37::CDK11B	CDC37	CDK11B	CDC37	CDK11B	PMID:24189400	24189400	PMC4039310	10.1038/msb.2013.61	Perturbation of the mutated EGFR interactome identifies vulnerabilities and resistance mechanisms	supports_context_qualified_pair_relationship	physical_association;shared_complex	CDC37_bait_TAPMS_co_recovers_CDK11B	undirected_or_not_applicable			cellular_complex_not_binary	single_bait_cellular_tap_ms_co_complex	no_pair_specific_HSP90_assay_in_this_source	Human PC9 EGFR-exon-19-deletion non-small-cell lung-cancer cells expressing C-terminal Strep-HA-tagged baits near endogenous levels. Two-step tandem-affinity-purification mass spectrometry removed GFP control contaminants and used 1% peptide false-discovery rate; admission required at least two distinct peptides or one stricter peptide plus at least one protein-specific peptide.	cultured_cell_line	human	whole_cell_or_unspecified_fraction	omics_or_screening_measurement;physical_interaction_or_proximity	CDC37-bait tandem-affinity-purification MS recovered CDK11B in the source's admitted PC9 interactome.	Supplementary Table S2 sheet PC9-CDC37 row 7: 2 unique peptide(s), 3 spectrum/spectra, 3% sequence coverage; source symbol CD11B maps to canonical CDK11B	Tandem affinity-purification mass spectrometry supports cellular co-recovery or shared-complex membership, not purified binary binding. Bait-to-prey orientation records assay configuration only.	None of the four requested pairs appears in the targeted Supplementary Fig. 1C validation panel. The study reports essentially one tandem purification per bait and no pair-level replicate or enrichment statistic.	One mutant-EGFR lung-cancer cell line, tagged baits, and sparse spectral evidence for some preys. BioGRID and IntAct routes are duplicate encodings of the same source measurements rather than independent replication. The separate CDK11 RNAi viability phenotype does not validate CDC37-CDK11 complex membership.	cellular_complex_not_binary;database_routes_not_independent_replication;no_pair_specific_HSP90_assay;no_pair_specific_orthogonal_validation;not_client_evidence;single_cell_line;single_tap_per_bait;tagged_expression	local_main_article_supplementary_methods_and_TAP_matrix_reviewed	focused_primary_review_complete	close_pair
COCHSRCREV-2026-09-13-CDC37-CDK4-PMID24292678	2026-09-13	CDC37::CDK4	CDC37	CDK4	CDC37	CDK4	PMID:24292678	24292678	PMC3984902	10.1038/onc.2013.519	Restricting direct interaction of CDC37 with HSP90 does not compromise chaperoning of client proteins	supports_context_qualified_pair_relationship	cochaperone_client_regulation;protein_stability_regulation;shared_complex	CDC37_promotes_CDK4_stability_and_HSP90_loading_in_cancer_cells	directed	CDC37	CDK4	cellular_association_and_genetic_rescue_not_purified_binary	cellular_association_with_loss_rescue_and_protein_stability_support	cytosolic_hsp90_unresolved	CDC37 overexpression, endogenous CDC37 knockdown, rescue with CDC37 interaction mutants, client/HSP90 co-immunoprecipitation, and protein half-life assays in human HCT116 and HT29 colon cancer cells	cultured_cell_line	human	whole_cell_or_unspecified_fraction	genetic_perturbation;physical_interaction_or_proximity;protein_abundance_stability_or_folding	CDC37 overexpression increased CDK4 abundance, half-life, and HSP90 association; CDC37 knockdown reversed the increase, and CDC37 mutants rescued client depletion despite reduced CDC37-HSP90 binding.	Figures 1, 3, 4, 7E, 8, and 9	Cellular association, loss/rescue, and stability measurements do not by themselves establish purified binary CDC37-CDK4 binding; direct binding is supplied by the independent PMID 8666233 source.	CDC37 overexpression did not increase CDK4 kinase output, and CDC37 could not compensate for pharmacologic loss of HSP90 activity.	Tagged overexpression and mutant rescue in two related human colon-cancer cell lines; HSP90alpha versus HSP90beta is unresolved. PMC supplement links are archived only as incomplete placeholders, but the main article contains the pair-decision figures and text.	cellular_association_not_binary;hsp90_paralog_unresolved;supplement_archive_incomplete_not_decision_limiting;tagged_overexpression	local_main_article_reviewed_supplement_placeholders_incomplete_not_decision_limiting	focused_primary_review_complete	close_pair
COCHSRCREV-2026-09-13-CDC37-CDK4-PMID8666233	2026-09-13	CDC37::CDK4	CDC37	CDK4	CDC37	CDK4	PMID:8666233	8666233		10.1101/gad.10.12.1491	Mammalian p50Cdc37 is a protein kinase-targeting subunit of Hsp90 that binds and stabilizes Cdk4	supports_pair_relationship	cochaperone_client_regulation;direct_binding;protein_stability_regulation;shared_complex	CDC37_directly_binds_and_loads_CDK4_into_HSP90_complexes	directed	CDC37	CDK4	direct_binary_plus_cellular_chaperone_loading	direct_purified_binding_with_cellular_loading_and_stability_support	cytosolic_hsp90_unresolved	Purified GST-CDK4 and His6-CDC37 binding; baculovirus expression in Sf9 cells; and cellular association, fractionation, localization, and geldanamycin pulse-chase assays in mouse NIH-3T3 fibroblasts	cultured_cell_line;purified_or_cell_free	human;mouse;spodoptera_frugiperda	cytosol;whole_cell_or_unspecified_fraction	biochemical_or_structural;pharmacologic_or_chemical_perturbation;physical_interaction_or_proximity;protein_abundance_stability_or_folding	Purified CDC37 binds CDK4 directly; cellular and Sf9 experiments show CDC37-dependent recruitment of HSP90 to CDK4, while HSP90 inhibition destabilizes newly synthesized CDK4.	Figures 2B-D, 3A-D, 4, 6, and 7A-C	The purified GST-CDK4/His6-CDC37 assay supports direct binding. The cellular stability arm inhibits HSP90 rather than CDC37 specifically.	CDC37 did not recruit cyclin D2 into CDK4 complexes; CDC37 and D-type cyclins were largely mutually exclusive, and direct CDC37 loss-of-function was not tested in the stability experiment.	The study combines purified proteins, insect-cell expression, and mouse fibroblasts; the cytosolic HSP90 paralog is unresolved.	cross_system_evidence;hsp90_paralog_unresolved;hsp90_perturbation_not_cdc37_specific;single_publication_multiple_pair_routes	local_main_article_reviewed_no_supplement_reported	focused_primary_review_complete	close_pair
COCHSRCREV-2026-09-14-CDC37-CDK5-PMID33961781	2026-09-14	CDC37::CDK5	CDC37	CDK5	CDC37	CDK5	PMID:33961781	33961781	PMC8165030	10.1016/j.cell.2021.04.026	Dual proteome-scale networks reveal cell-specific remodeling of the human interactome	supports_context_qualified_pair_relationship	physical_association;shared_complex	BioPlex3_reciprocal_CDC37_CDK5_APMS_association	undirected_or_not_applicable			tagged_bait_APMS_association_not_binary_binding	BioPlex3_same_cell_line_reciprocal_cellular_APMS_association	no_pair_specific_HSP90_assay_in_this_source	Human BioPlex 3 tagged-bait affinity-purification mass spectrometry in HCT116 cells.	cultured_cell_line	human	whole_cell_or_unspecified_fraction	omics_or_screening_measurement;physical_interaction_or_proximity	Official BioPlex directed and final-network matrices contain reciprocal CDC37 CDK5 with final-network pInt value(s) 0.77629267065042 in HCT116.	Official BioPlex 3 293T/HCT116 directed-edge and final-network matrices; exact gene-symbol rows	Bait-to-prey is assay orientation rather than biological regulation. Tagged-bait AP-MS supports cellular or lysate co-recovery, not purified pairwise binding.	Absence from the other cell-line matrix is not biological negative evidence. The source supplies no pair-specific functional or HSP90-dependence result.	Tagged exogenous bait and cell-line context limit physiological generalization. BioGRID and IntAct routes from this PMID are projections of the same BioPlex experiment and are not independent evidence.	APMS_association_not_direct_binding;assay_bait_prey_not_biological_direction;cell_line_context;database_routes_not_independent_replication;no_HSP90_assay_in_source;not_client_evidence;not_isoform_exclusivity_evidence;tagged_bait_context	local_main_and_exact_official_BioPlex_matrices_reviewed_complete	focused_primary_review_complete	retain_pair
COCHSRCREV-2026-09-13-CDC37-CDK6-PMID24292678	2026-09-13	CDC37::CDK6	CDC37	CDK6	CDC37	CDK6	PMID:24292678	24292678	PMC3984902	10.1038/onc.2013.519	Restricting direct interaction of CDC37 with HSP90 does not compromise chaperoning of client proteins	supports_context_qualified_pair_relationship	cochaperone_client_regulation;protein_stability_regulation;shared_complex	CDC37_loss_rescue_supports_CDK6_client_stability_in_cancer_cells	directed	CDC37	CDK6	cellular_association_and_genetic_rescue_not_purified_binary	cellular_association_with_genetic_loss_and_rescue	cytosolic_hsp90_unresolved	Endogenous CDC37 knockdown and rescue with wild-type or HSP90-binding-deficient CDC37 mutants, with client co-immunoprecipitation and abundance analysis in human HCT116 colon cancer cells	cultured_cell_line	human	whole_cell_or_unspecified_fraction	genetic_perturbation;physical_interaction_or_proximity;protein_abundance_stability_or_folding	CDC37 mutants retained cellular association with CDK6 and protected CDK6 from depletion after endogenous CDC37 knockdown, supporting CDC37-dependent client maintenance in this cellular context.	Figures 7E, 8, and 9	Cellular co-immunoprecipitation and knockdown/rescue do not establish a purified binary CDC37-CDK6 interaction.	Constitutive CDC37 overexpression did not materially increase CDK6 abundance or half-life, unlike CDK4.	One principal human cancer-cell background, tagged rescue constructs, and unresolved HSP90 paralog. PMC supplement links are archived only as incomplete placeholders, but the main article is decision-sufficient.	cellular_association_not_binary;hsp90_paralog_unresolved;supplement_archive_incomplete_not_decision_limiting;tagged_overexpression	local_main_article_reviewed_supplement_placeholders_incomplete_not_decision_limiting	focused_primary_review_complete	close_pair
COCHSRCREV-2026-09-13-CDC37-CDK6-PMID8666233	2026-09-13	CDC37::CDK6	CDC37	CDK6	CDC37	CDK6	PMID:8666233	8666233		10.1101/gad.10.12.1491	Mammalian p50Cdc37 is a protein kinase-targeting subunit of Hsp90 that binds and stabilizes Cdk4	supports_context_qualified_pair_relationship	physical_association;shared_complex	CDC37_CDK6_weak_in_vitro_and_cellular_association	undirected_or_not_applicable			weak_lysate_and_cellular_association_not_purified_binary	weak_cross_system_association_with_neutral_hsp90_stability_test	cytosolic_hsp90_unresolved	Radiolabeled CDC37 association with recombinant CDK6 in Sf9 lysate, cellular co-immunoprecipitation in human ML-1 cells, and geldanamycin pulse-chase analysis	cultured_cell_line;purified_or_cell_free	human;spodoptera_frugiperda	whole_cell_or_unspecified_fraction	pharmacologic_or_chemical_perturbation;physical_interaction_or_proximity;protein_abundance_stability_or_folding	CDC37 associated weakly with CDK6 in the Sf9-lysate assay and a small fraction of cellular CDK6 was recovered with CDC37 in ML-1 cells.	Figures 2A and 2E; Figure 7A and 7D	The source does not test purified CDC37-CDK6 binary binding; the weak lysate and cellular signals support only a context-qualified association.	Geldanamycin did not materially reduce total or newly synthesized CDK6 under the tested conditions, unlike CDK4.	Weak association signals, mixed insect-cell and human-cell systems, and unresolved HSP90 paralog.	cross_system_evidence;functional_test_neutral;hsp90_paralog_unresolved;not_purified_binary_binding;weak_association_signal	local_main_article_reviewed_no_supplement_reported	focused_primary_review_complete	close_pair
COCHSRCREV-2026-09-13-CDC37-CDK7-PMID8666233	2026-09-13	CDC37::CDK7	CDC37	CDK7	CDC37	CDK7	PMID:8666233	8666233		10.1101/gad.10.12.1491	Mammalian p50Cdc37 is a protein kinase-targeting subunit of Hsp90 that binds and stabilizes Cdk4	supports_context_qualified_pair_relationship	physical_association	CDC37_CDK7_weak_Sf9_lysate_association_not_confirmed_in_mammalian_cells	undirected_or_not_applicable			weak_Sf9_lysate_association_with_mammalian_nonconfirmation	context_limited_insect_lysate_association	cytosolic_hsp90_unresolved	Radiolabeled CDC37 association with recombinant CDK7 in Sf9 lysate, followed by co-immunoprecipitation attempts in mouse NIH-3T3 cells and mouse embryonic fibroblasts	cultured_cell_line;purified_or_cell_free	mouse;spodoptera_frugiperda	whole_cell_or_unspecified_fraction	pharmacologic_or_chemical_perturbation;physical_interaction_or_proximity;protein_abundance_stability_or_folding	CDC37 showed a weak association with recombinant CDK7 in an Sf9-lysate assay. This supports only a context-limited screening association.	Figure 2A; Results following Figure 2; Figure 7A	The Sf9-lysate assay is not a purified binary-binding experiment and the pair was not detected in the mammalian cellular systems tested.	CDC37-CDK7 association was not detected in NIH-3T3 cells or mouse embryonic fibroblasts, and CDK7 abundance was not reduced by geldanamycin.	A weak nonmammalian lysate signal without mammalian confirmation cannot establish a CDC37 client relationship, direct binding, or regulation.	functional_test_neutral;mammalian_nonconfirmation;not_client_evidence;not_purified_binary_binding;weak_association_signal	local_main_article_reviewed_no_supplement_reported	focused_primary_review_complete	close_pair
COCHSRCREV-2026-09-13-CDC37-CDK9-PMID32707033	2026-09-13	CDC37::CDK9	CDC37	CDK9	CDC37	CDK9	PMID:32707033	32707033	PMC7427327	10.1016/j.molcel.2020.07.001	Kinase Interaction Network Expands Functional and Disease Roles of Human Kinases	supports_context_qualified_pair_relationship	physical_association;shared_complex	CDK9_bait_APMS_co_recovers_CDC37	undirected_or_not_applicable			cellular_complex_not_binary	high_confidence_cellular_apms_co_complex	no_pair_specific_HSP90_assay_in_this_source	Human HEK Flp-In 293 T-REx cells with single-locus doxycycline-induced N-terminal Strep-HA-tagged kinase baits; more than 100 million cells per purification, rapid single-step Strep affinity recovery, and duplicate LC-MS/MS runs. Final interactors required WD score > 73.6, GFP-control abundance ratio > 18.4, and at least two total spectra, followed by CRAPome, contaminant, and carry-over filters calibrated to a global false-positive rate below 1%.	cultured_cell_line	human	whole_cell_or_unspecified_fraction	omics_or_screening_measurement;physical_interaction_or_proximity	CDK9-bait AP-MS recovered CDC37 in the source's final high-confidence interaction matrix.	Table S2 final interactome Excel row 2082: bait CDK9, prey CDC37, WD 404.21, GFP-control ratio 6613, total spectra 389; Table S4: inherited Taipale class Strong; HSP.members 3 (HSP90AA1, HSP90AB1, CDC37); Table S9: target kinase construct matches canonical UniProt sequence	Affinity purification-mass spectrometry supports cellular co-recovery or shared-complex membership, not purified binary binding.	No requested pair received reciprocal purification, western blot, BioID, genetic perturbation, or purified-protein validation in this study. Table S4 client classes were inherited from Taipale et al. 2012 and are not new client evidence. The source reports no pair-level q-value for these AP-MS rows.	One tagged-expression cell-line background; N-terminal tags and induced expression may alter abundance, localization, folding, or binding. The authors note that overexpressed or misfolded kinases can recover more HSP90 and co-chaperones and that some associations may form after lysis. BioGRID and IntAct are duplicate route encodings of this source, not independent replication. The source label HSP90B denotes cytosolic HSP90AB1.	apms_screen;cellular_complex_not_binary;database_routes_not_independent_replication;no_pair_specific_HSP90_assay;not_client_evidence;possible_post_lysis_association;single_cell_line;tagged_induced_expression	local_article_figures_and_tables_S2_S4_S9_reviewed	focused_primary_review_complete	close_pair
COCHSRCREV-2026-09-13-CDC37-CHORDC1-PMID25036637	2026-09-13	CDC37::CHORDC1	CDC37	CHORDC1	CDC37	CHORDC1	PMID:25036637	25036637	PMC4104544	10.1016/j.cell.2014.05.039	A quantitative chaperone interaction network reveals the architecture of cellular protein homeostasis pathways	supports_context_qualified_pair_relationship	physical_association;shared_complex	CDC37_bait_APMS_cellular_association_with_CHORDC1	undirected_or_not_applicable			cellular_complex_not_binary	tagged_expression_duplicate_APMS_cellular_association	no_pair_specific_HSP90_assay_in_this_source	Human stable polyclonal 293T cells expressing predominantly C-terminal 3xFLAG-V5-tagged chaperone or co-chaperone AP-MS baits were analyzed by anti-FLAG affinity-purification mass spectrometry from whole-cell lysate with sodium molybdate. Two AP-MS replicates were scored with SAINT; the high-confidence cutoff was AvgP >= 0.85 (estimated FDR 1.8%). LUMIER used transient 3xFLAG query baits and stable Renilla-fused reporter preys in 293T cells; normalized luminescence Z-scores were evaluated at the source's high-confidence cutoff of approximately 7 (estimated upper FDR 4.4%).	cultured_cell_line	human	whole_cell_or_unspecified_fraction	omics_or_screening_measurement;physical_interaction_or_proximity	CDC37-bait AP-MS recovered CHORDC1 above the source's SAINT AvgP 0.85 threshold.	Table S1 workbook, AvgP scores row 79: bait CDC37, prey CHORDC1, AvgP 1.00, Spec 6|15, CtrlCounts 0|0|0|0|0|0|0; reverse row 6875: CHORDC1 bait, CDC37 prey, AvgP 0.50, Spec 6|18, CtrlCounts 4|6|3|3|5|5|6; LUMIER scores row 619, CHORDC1-FLAG bait with CDC37-Renilla prey, -0.842880; reverse CDC37 row 314 with CHORDC1 reporter, 0.231951; Bait protein list rows 14 and 16: CDC37/p50 and CHORDC1/CHP1, both C-terminally tagged	Affinity-purification mass spectrometry from cellular lysate supports co-recovery or shared-complex membership, not purified binary binding. Bait-to-prey orientation records assay configuration rather than biological direction. Within-study replicate or reciprocal AP-MS does not establish HSP90 mediation, client status, or regulation.	No requested pair received a purified-protein binding test, regulatory direction test, pair-specific client-stability assay, functional perturbation, or HSP90-isoform-resolved mediation test. None appears in the author's AP-MS-and-LUMIER overlap sheet. A database luminescence route is not counted as orthogonal validation when its source-matrix score is below the author threshold or unavailable. The reverse AP-MS row failed AvgP 0.85, and both LUMIER configurations failed the source threshold.	The source uses tagged, expressed proteins in one transformed 293T lineage. Negative or missing LUMIER measurements do not disprove an association because assay sensitivity and construct configuration differ from AP-MS. The main text and combined sheet use LUMIER score >= 7, while the workbook information sheet says > 7; no requested measurement is near that boundary. BioGRID and IntAct records can project the same AP-MS or screened LUMIER configuration and are not independent source replications. IntAct's anti-tag coimmunoprecipitation label does not establish a separate pair-specific co-IP experiment.	apms_screen;cellular_complex_not_binary;database_routes_not_independent_replication;lumier_below_threshold_or_unavailable;no_pair_specific_HSP90_assay;not_client_evidence;single_cell_line;tagged_expression;reverse_APMS_below_threshold;source_alias_normalized	local_main_article_and_complete_Table_S1_workbook_reviewed	focused_primary_review_complete	close_pair
COCHSRCREV-2026-09-13-CDC37-CHUK-PMID14743216	2026-09-13	CDC37::CHUK	CDC37	CHUK	CDC37	CHUK	PMID:14743216	14743216		10.1038/ncb1086	A physical and functional map of the human TNF-alpha/NF-kappaB signal transduction pathway	supports_context_qualified_pair_relationship	cochaperone_client_regulation;protein_stability_regulation;shared_complex	CDC37_CHUK_high_confidence_cellular_co_complex_with_HSP90_stability_context	undirected_or_not_applicable			cellular_complex_not_binary	cellular_co_complex_with_hsp90_pharmacologic_stability_support	cytosolic_hsp90_unresolved	Tandem-affinity purification and LC-MS/MS of tagged TNF/NF-kappaB pathway proteins in TNF-responsive human HEK293 cells, with geldanamycin treatment and immunoblotting	cultured_cell_line	human	whole_cell_or_unspecified_fraction	pharmacologic_or_chemical_perturbation;physical_interaction_or_proximity;protein_abundance_stability_or_folding	CDC37 and CHUK/IKKalpha form a high-confidence cellular TAP-MS association, and HSP90 inhibition with geldanamycin reduces IKKalpha abundance, supporting an HSP90-CDC37 kinase-chaperone context.	Supplementary Table S2 row 10 (IKKalpha-CDC37); Figure 2; Results, Hsp90-CDC37	TAP-MS from a multiprotein cellular complex does not establish purified binary CDC37-CHUK binding; the stability experiment perturbs HSP90 rather than CDC37 specifically.	The paper does not test a CDC37-selective perturbation, pairwise affinity, or a direct CDC37-CHUK contact site.	Tagged bait expression in one human cell line, complex-scale affinity purification, and unresolved HSP90alpha versus HSP90beta contribution.	cellular_co_complex_not_binary;compound_intervention_context;hsp90_paralog_unresolved;single_publication_multiple_pair_routes;tagged_overexpression	local_supplement_reviewed	focused_primary_review_complete	close_pair
COCHSRCREV-2026-09-13-CDC37-CTTN-PMID16611982	2026-09-13	CDC37::CTTN	CDC37	CTTN	CDC37	CTTN	PMID:16611982	16611982	PMC1447410	10.1128/MCB.26.9.3378-3389.2006	Cdc37 interacts with the glycine-rich loop of Hsp90 client kinases	supports_context_qualified_pair_relationship	physical_association	CDC37_CTTN_fragment_affinity_capture_MS_screening_association	undirected_or_not_applicable			fragment_affinity_capture_MS_screen_not_binary	single_fragment_affinity_capture_MS_screening_hit	no_HSP90_assay_in_this_source	FLAG-tagged human CDC37 residues 181-378 affinity purification from HEK293 cells followed by LC-MS/MS	cultured_cell_line	human	whole_cell_or_unspecified_fraction	omics_or_screening_measurement;physical_interaction_or_proximity	CTTN was recovered as a Table 2 LC-MS/MS hit after affinity capture of FLAG-CDC37(181-378) from HEK293 cells.	Table 2 (CTTN)	A single fragment-bait affinity-capture MS hit supports an assay-bounded association only; it does not establish binary binding.	The source provides no reciprocal capture, candidate-specific validation, CDC37 perturbation, client-stability test, or pair-specific HSP90 assay for this protein.	Single HEK293 screening experiment with a truncated CDC37 bait; the result cannot establish a CDC37 client, direct interaction, or HSP90-dependent mechanism.	affinity_capture_MS_screening_only;construct_context;no_pair_specific_HSP90_assay;not_client_evidence;not_direct_binding;single_publication_multiple_pair_routes	local_main_article_reviewed_no_separate_supplement_archived	focused_primary_review_complete	close_pair
COCHSRCREV-2026-09-13-CDC37-CYP2C9-PMID21163940	2026-09-13	CDC37::CYP2C9	CDC37	CYP2C9	CDC37	CYP2C9	PMID:21163940	21163940	PMC3044851	10.1101/gr.114280.110	Interactome mapping suggests new mechanistic details underlying Alzheimer's disease	supports_context_qualified_pair_relationship	physical_association	author_high_matrix_Y2H_association_CYP2C9_CDC37	undirected_or_not_applicable			heterologous_binary_reporter_not_native_complex	one_study_author_high_matrix_Y2H	no_HSP90_assay_in_this_source	The matrix screen tested human Gateway ORF bait/prey constructs in a budding-yeast GAL4 reporter system. An author call of high means activation of at least two reporter genes; it does not establish independent screens or validation by both mating and cotransformation. No pair-specific follow-up system was reported.	cultured_cell_line	budding_yeast;human	not_reported	omics_or_screening_measurement;physical_interaction_or_proximity	The pair occurred once in the source's matrix Y2H table with the author call high, meaning activation of at least two reporter genes.	Supplementary File 1, Y2H_matrix_screen worksheet row 52: CDC37 bait / CYP2C9 prey, CC, author call high; No pair-specific downstream assay is reported in Figure 2A	Matrix Y2H supports construct-level binary-reporter compatibility in a heterologous nuclear system, not purified-component binding or a native cellular complex. Reciprocal co-IP, where present, supports co-complex association rather than direct contact. GST/MYC pull-down, where present, used soluble lysate from transfected COS-7 cells and must not be interpreted as purified direct binding.	No pair-specific endogenous co-IP, GST pull-down, perturbation, or HSP90-dependence experiment was reported.	CYP2C9 is ER-membrane anchored. Its catalytic face is cytosolic, so access is possible, but matrix Y2H removes the membrane context. CYP2C18 in the paper narrative is a distinct gene and cannot support this exact pair. The supplement does not identify clone accession, transcript isoform, or fragment boundaries for the selected Y2H constructs. BioGRID and IntAct assay records are projections of this one paper, not independent replications. The reported aggregate 21/24 among high-confidence interactions selected for downstream testing cannot be transferred to an untested pair. Supplementary File 2 module 20 co-places this gene with CDC37 in a network module enriched for oxidation-reduction terms, but the module was computed from the integrated AD-PIN containing the discovered edge and is not independent support.	Y2H_heterologous_nuclear_reporter;assay_only;compartment_topology_unresolved;database_routes_not_independent_replication;direct_binding_unclear;high_means_two_reporters_not_independent_replication;isoform_resolution_unclear;no_HSP90_assay;no_pair_specific_followup;not_client_evidence;tagged_ORF_construct	local_publisher_PDF_and_current_PMC_HTML_plus_both_advertised_supplements_complete;Supplementary_File_1_claim_bearing;Supplementary_File_2_context_only	focused_primary_review_complete	close_pair
COCHSRCREV-2026-09-13-CDC37-DDX17-PMID16611982	2026-09-13	CDC37::DDX17	CDC37	DDX17	CDC37	DDX17	PMID:16611982	16611982	PMC1447410	10.1128/MCB.26.9.3378-3389.2006	Cdc37 interacts with the glycine-rich loop of Hsp90 client kinases	supports_context_qualified_pair_relationship	physical_association	CDC37_DDX17_fragment_affinity_capture_MS_screening_association	undirected_or_not_applicable			fragment_affinity_capture_MS_screen_not_binary	single_fragment_affinity_capture_MS_screening_hit	no_HSP90_assay_in_this_source	FLAG-tagged human CDC37 residues 181-378 affinity purification from HEK293 cells followed by LC-MS/MS	cultured_cell_line	human	whole_cell_or_unspecified_fraction	omics_or_screening_measurement;physical_interaction_or_proximity	DDX17 was recovered as a Table 2 LC-MS/MS hit after affinity capture of FLAG-CDC37(181-378) from HEK293 cells.	Table 2 (DDX17)	A single fragment-bait affinity-capture MS hit supports an assay-bounded association only; it does not establish binary binding.	The source provides no reciprocal capture, candidate-specific validation, CDC37 perturbation, client-stability test, or pair-specific HSP90 assay for this protein.	Single HEK293 screening experiment with a truncated CDC37 bait; the result cannot establish a CDC37 client, direct interaction, or HSP90-dependent mechanism.	affinity_capture_MS_screening_only;construct_context;no_pair_specific_HSP90_assay;not_client_evidence;not_direct_binding;single_publication_multiple_pair_routes	local_main_article_reviewed_no_separate_supplement_archived	focused_primary_review_complete	close_pair
COCHSRCREV-2026-09-13-CDC37-DDX5-PMID16611982	2026-09-13	CDC37::DDX5	CDC37	DDX5	CDC37	DDX5	PMID:16611982	16611982	PMC1447410	10.1128/MCB.26.9.3378-3389.2006	Cdc37 interacts with the glycine-rich loop of Hsp90 client kinases	supports_context_qualified_pair_relationship	physical_association	CDC37_DDX5_fragment_affinity_capture_MS_screening_association	undirected_or_not_applicable			fragment_affinity_capture_MS_screen_not_binary	single_fragment_affinity_capture_MS_screening_hit	no_HSP90_assay_in_this_source	FLAG-tagged human CDC37 residues 181-378 affinity purification from HEK293 cells followed by LC-MS/MS	cultured_cell_line	human	whole_cell_or_unspecified_fraction	omics_or_screening_measurement;physical_interaction_or_proximity	DDX5 was recovered as a Table 2 LC-MS/MS hit after affinity capture of FLAG-CDC37(181-378) from HEK293 cells.	Table 2 (DDX5)	A single fragment-bait affinity-capture MS hit supports an assay-bounded association only; it does not establish binary binding.	The source provides no reciprocal capture, candidate-specific validation, CDC37 perturbation, client-stability test, or pair-specific HSP90 assay for this protein.	Single HEK293 screening experiment with a truncated CDC37 bait; the result cannot establish a CDC37 client, direct interaction, or HSP90-dependent mechanism.	affinity_capture_MS_screening_only;construct_context;no_pair_specific_HSP90_assay;not_client_evidence;not_direct_binding;single_publication_multiple_pair_routes	local_main_article_reviewed_no_separate_supplement_archived	focused_primary_review_complete	close_pair
COCHSRCREV-2026-09-13-CDC37-DNAJB1-PMID16611982	2026-09-13	CDC37::DNAJB1	CDC37	DNAJB1	CDC37	DNAJB1	PMID:16611982	16611982	PMC1447410	10.1128/MCB.26.9.3378-3389.2006	Cdc37 interacts with the glycine-rich loop of Hsp90 client kinases	supports_context_qualified_pair_relationship	physical_association	CDC37_DNAJB1_fragment_affinity_capture_MS_screening_association	undirected_or_not_applicable			fragment_affinity_capture_MS_screen_not_binary	single_fragment_affinity_capture_MS_screening_hit	no_HSP90_assay_in_this_source	FLAG-tagged human CDC37 residues 181-378 affinity purification from HEK293 cells followed by LC-MS/MS	cultured_cell_line	human	whole_cell_or_unspecified_fraction	omics_or_screening_measurement;physical_interaction_or_proximity	DNAJB1 was recovered as a Table 2 LC-MS/MS hit after affinity capture of FLAG-CDC37(181-378) from HEK293 cells.	Table 2 (DNAJB1)	A single fragment-bait affinity-capture MS hit supports an assay-bounded association only; it does not establish binary binding.	The source provides no reciprocal capture, candidate-specific validation, CDC37 perturbation, client-stability test, or pair-specific HSP90 assay for this protein.	Single HEK293 screening experiment with a truncated CDC37 bait; the result cannot establish a CDC37 client, direct interaction, or HSP90-dependent mechanism.	affinity_capture_MS_screening_only;construct_context;no_pair_specific_HSP90_assay;not_client_evidence;not_direct_binding;single_publication_multiple_pair_routes	local_main_article_reviewed_no_separate_supplement_archived	focused_primary_review_complete	close_pair
COCHSRCREV-2026-09-13-CDC37-ECSIT-PMID21163940	2026-09-13	CDC37::ECSIT	CDC37	ECSIT	CDC37	ECSIT	PMID:21163940	21163940	PMC3044851	10.1101/gr.114280.110	Interactome mapping suggests new mechanistic details underlying Alzheimer's disease	supports_context_qualified_pair_relationship	physical_association	author_high_matrix_Y2H_association_ECSIT_CDC37	undirected_or_not_applicable			heterologous_binary_reporter_not_native_complex	one_study_author_high_matrix_Y2H	no_HSP90_assay_in_this_source	The matrix screen tested human Gateway ORF bait/prey constructs in a budding-yeast GAL4 reporter system. An author call of high means activation of at least two reporter genes; it does not establish independent screens or validation by both mating and cotransformation. No pair-specific follow-up system was reported.	cultured_cell_line	budding_yeast;human	not_reported	omics_or_screening_measurement;physical_interaction_or_proximity	The pair occurred once in the source's matrix Y2H table with the author call high, meaning activation of at least two reporter genes.	Supplementary File 1, Y2H_matrix_screen worksheet row 37: CDC37 bait / ECSIT prey, CC, author call high; No pair-specific downstream assay is reported in Figure 2A	Matrix Y2H supports construct-level binary-reporter compatibility in a heterologous nuclear system, not purified-component binding or a native cellular complex. Reciprocal co-IP, where present, supports co-complex association rather than direct contact. GST/MYC pull-down, where present, used soluble lysate from transfected COS-7 cells and must not be interpreted as purified direct binding.	No pair-specific endogenous co-IP, GST pull-down, perturbation, or HSP90-dependence experiment was reported.	ECSIT has cytosolic and mitochondrial pools, so compartment compatibility is context dependent and was not resolved for this pair. The supplement does not identify clone accession, transcript isoform, or fragment boundaries for the selected Y2H constructs. BioGRID and IntAct assay records are projections of this one paper, not independent replications. The reported aggregate 21/24 among high-confidence interactions selected for downstream testing cannot be transferred to an untested pair. Supplementary File 2 provides network-module context only and is not independent pair support.	Y2H_heterologous_nuclear_reporter;assay_only;compartment_topology_unresolved;database_routes_not_independent_replication;direct_binding_unclear;high_means_two_reporters_not_independent_replication;isoform_resolution_unclear;no_HSP90_assay;no_pair_specific_followup;not_client_evidence;tagged_ORF_construct	local_publisher_PDF_and_current_PMC_HTML_plus_both_advertised_supplements_complete;Supplementary_File_1_claim_bearing;Supplementary_File_2_context_only	focused_primary_review_complete	close_pair
COCHSRCREV-2026-09-13-CDC37-EGFR-PMID35384245	2026-09-13	CDC37::EGFR	CDC37	EGFR	CDC37	EGFR	PMID:35384245	35384245	PMC9171411	10.15252/embr.202154041	Physical and functional interactome atlas of human receptor tyrosine kinases	supports_context_qualified_pair_relationship	physical_association;shared_complex	CDC37_EGFR_high_confidence_APMS_and_BioID_association	undirected_or_not_applicable			cellular_complex_not_binary	high_confidence_cellular_apms_and_bioid_association	no_pair_specific_HSP90_assay_in_this_source	Human HEK293 Flp-In T-REx cells with single-locus tetracycline-induced C-terminal MAC-tagged RTK baits, 24-hour BioID labeling followed by 15-minute pervanadate activation, and AP-MS/BioID in two biological replicates; high-confidence interactors passed SAINT Bayesian FDR < 0.05 and the source CRAPome filter	cultured_cell_line	human	whole_cell_or_unspecified_fraction	omics_or_screening_measurement;physical_interaction_or_proximity	WT EGFR recovered CDC37 as a high-confidence interactor by both AP-MS and BioID.	Dataset EV1A row 2746: AP AvgSpec 10.5, BFDR 0; row 7786: BIOID AvgSpec 10.5, BFDR 0	AP-MS supports cellular co-complex recovery and BioID supports proximity; neither establishes purified binary binding.	These assays do not establish purified pairwise binding, client status, pair-specific HSP90 dependence, or HSP90 isoform selectivity.	Tagged RTK expression in one human cell-line background, two biological replicates, and pervanadate activation. BioGRID and IntAct entries are duplicate encodings of this source, not independent replication. BioID labeling accumulated for 24 hours before the 15-minute pervanadate activation, so most proximity signal may predate the brief activated state.	assay_only;database_routes_not_independent_replication;direct_binding_unclear;no_pair_specific_HSP90_assay;not_client_evidence;single_cell_line;tagged_expression;bioid_24h_labeling_precedes_15min_activation	local_expanded_view_figures_dataset_EV1_and_source_data_reviewed	focused_primary_review_complete	close_pair
COCHSRCREV-2026-09-13-CDC37-EIF2AK1-PMID32707033	2026-09-13	CDC37::EIF2AK1	CDC37	EIF2AK1	CDC37	EIF2AK1	PMID:32707033	32707033	PMC7427327	10.1016/j.molcel.2020.07.001	Kinase Interaction Network Expands Functional and Disease Roles of Human Kinases	supports_context_qualified_pair_relationship	physical_association;shared_complex	EIF2AK1_bait_APMS_co_recovers_CDC37	undirected_or_not_applicable			cellular_complex_not_binary	high_confidence_cellular_apms_co_complex	no_pair_specific_HSP90_assay_in_this_source	Human HEK Flp-In 293 T-REx cells with single-locus doxycycline-induced N-terminal Strep-HA-tagged kinase baits; more than 100 million cells per purification, rapid single-step Strep affinity recovery, and duplicate LC-MS/MS runs. Final interactors required WD score > 73.6, GFP-control abundance ratio > 18.4, and at least two total spectra, followed by CRAPome, contaminant, and carry-over filters calibrated to a global false-positive rate below 1%.	cultured_cell_line	human	whole_cell_or_unspecified_fraction	omics_or_screening_measurement;physical_interaction_or_proximity	EIF2AK1-bait AP-MS recovered CDC37 in the source's final high-confidence interaction matrix.	Table S2 final interactome Excel row 5841: bait EIF2AK1, prey CDC37, WD 204.70, GFP-control ratio 3349, total spectra 197; Table S4: inherited Taipale class Strong; HSP.members 3 (HSP90AA1, HSP90AB1, CDC37); Table S9: target kinase construct matches canonical UniProt sequence	Affinity purification-mass spectrometry supports cellular co-recovery or shared-complex membership, not purified binary binding.	No requested pair received reciprocal purification, western blot, BioID, genetic perturbation, or purified-protein validation in this study. Table S4 client classes were inherited from Taipale et al. 2012 and are not new client evidence. The source reports no pair-level q-value for these AP-MS rows.	One tagged-expression cell-line background; N-terminal tags and induced expression may alter abundance, localization, folding, or binding. The authors note that overexpressed or misfolded kinases can recover more HSP90 and co-chaperones and that some associations may form after lysis. BioGRID and IntAct are duplicate route encodings of this source, not independent replication. The source label HSP90B denotes cytosolic HSP90AB1.	apms_screen;cellular_complex_not_binary;database_routes_not_independent_replication;no_pair_specific_HSP90_assay;not_client_evidence;possible_post_lysis_association;single_cell_line;tagged_induced_expression	local_article_figures_and_tables_S2_S4_S9_reviewed	focused_primary_review_complete	close_pair
COCHSRCREV-2026-09-13-CDC37-ELAVL3-PMID21163940	2026-09-13	CDC37::ELAVL3	CDC37	ELAVL3	CDC37	ELAVL3	PMID:21163940	21163940	PMC3044851	10.1101/gr.114280.110	Interactome mapping suggests new mechanistic details underlying Alzheimer's disease	supports_context_qualified_pair_relationship	physical_association	author_high_matrix_Y2H_association_ELAVL3_CDC37	undirected_or_not_applicable			heterologous_binary_reporter_not_native_complex	one_study_author_high_matrix_Y2H	no_HSP90_assay_in_this_source	The matrix screen tested human Gateway ORF bait/prey constructs in a budding-yeast GAL4 reporter system. An author call of high means activation of at least two reporter genes; it does not establish independent screens or validation by both mating and cotransformation. No pair-specific follow-up system was reported.	cultured_cell_line	budding_yeast;human	not_reported	omics_or_screening_measurement;physical_interaction_or_proximity	The pair occurred once in the source's matrix Y2H table with the author call high, meaning activation of at least two reporter genes.	Supplementary File 1, Y2H_matrix_screen worksheet row 38: CDC37 bait / ELAVL3 prey, CC, author call high; No pair-specific downstream assay is reported in Figure 2A	Matrix Y2H supports construct-level binary-reporter compatibility in a heterologous nuclear system, not purified-component binding or a native cellular complex. Reciprocal co-IP, where present, supports co-complex association rather than direct contact. GST/MYC pull-down, where present, used soluble lysate from transfected COS-7 cells and must not be interpreted as purified direct binding.	No pair-specific endogenous co-IP, GST pull-down, perturbation, or HSP90-dependence experiment was reported.	The source did not test the association in an unmodified native cellular context. The supplement does not identify clone accession, transcript isoform, or fragment boundaries for the selected Y2H constructs. BioGRID and IntAct assay records are projections of this one paper, not independent replications. The reported aggregate 21/24 among high-confidence interactions selected for downstream testing cannot be transferred to an untested pair. Supplementary File 2 provides network-module context only and is not independent pair support.	Y2H_heterologous_nuclear_reporter;assay_only;database_routes_not_independent_replication;direct_binding_unclear;high_means_two_reporters_not_independent_replication;isoform_resolution_unclear;native_context_not_tested;no_HSP90_assay;no_pair_specific_followup;not_client_evidence;tagged_ORF_construct	local_publisher_PDF_and_current_PMC_HTML_plus_both_advertised_supplements_complete;Supplementary_File_1_claim_bearing;Supplementary_File_2_context_only	focused_primary_review_complete	close_pair
COCHSRCREV-2026-09-13-CDC37-EPHA2-PMID35384245	2026-09-13	CDC37::EPHA2	CDC37	EPHA2	CDC37	EPHA2	PMID:35384245	35384245	PMC9171411	10.15252/embr.202154041	Physical and functional interactome atlas of human receptor tyrosine kinases	supports_context_qualified_pair_relationship	physical_association;shared_complex	CDC37_EPHA2_high_confidence_APMS_co_complex	undirected_or_not_applicable			cellular_complex_not_binary	high_confidence_cellular_apms_co_complex	no_pair_specific_HSP90_assay_in_this_source	Human HEK293 Flp-In T-REx cells with single-locus tetracycline-induced C-terminal MAC-tagged RTK baits, 24-hour BioID labeling followed by 15-minute pervanadate activation, and AP-MS/BioID in two biological replicates; high-confidence interactors passed SAINT Bayesian FDR < 0.05 and the source CRAPome filter	cultured_cell_line	human	whole_cell_or_unspecified_fraction	omics_or_screening_measurement;physical_interaction_or_proximity	WT EPHA2 AP-MS recovered CDC37 as a BFDR-filtered high-confidence interactor.	Dataset EV1A row 2837: AP AvgSpec 20.5, BFDR 0, known interaction false	AP-MS supports cellular co-complex membership, not purified binary binding.	These assays do not establish purified pairwise binding, client status, pair-specific HSP90 dependence, or HSP90 isoform selectivity.	Tagged RTK expression in one human cell-line background, two biological replicates, and pervanadate activation. BioGRID and IntAct entries are duplicate encodings of this source, not independent replication. No BioID or targeted pair validation was reported for this pair.	assay_only;database_routes_not_independent_replication;direct_binding_unclear;no_pair_specific_HSP90_assay;not_client_evidence;single_cell_line;tagged_expression;apms_only	local_expanded_view_figures_dataset_EV1_and_source_data_reviewed	focused_primary_review_complete	close_pair
COCHSRCREV-2026-09-13-CDC37-EXOSC1-PMID21163940	2026-09-13	CDC37::EXOSC1	CDC37	EXOSC1	CDC37	EXOSC1	PMID:21163940	21163940	PMC3044851	10.1101/gr.114280.110	Interactome mapping suggests new mechanistic details underlying Alzheimer's disease	supports_context_qualified_pair_relationship	physical_association	author_high_matrix_Y2H_association_EXOSC1_CDC37	undirected_or_not_applicable			heterologous_binary_reporter_not_native_complex	one_study_author_high_matrix_Y2H	no_HSP90_assay_in_this_source	The matrix screen tested human Gateway ORF bait/prey constructs in a budding-yeast GAL4 reporter system. An author call of high means activation of at least two reporter genes; it does not establish independent screens or validation by both mating and cotransformation. No pair-specific follow-up system was reported.	cultured_cell_line	budding_yeast;human	not_reported	omics_or_screening_measurement;physical_interaction_or_proximity	The pair occurred once in the source's matrix Y2H table with the author call high, meaning activation of at least two reporter genes.	Supplementary File 1, Y2H_matrix_screen worksheet row 39: CDC37 bait / EXOSC1 prey, CC, author call high; No pair-specific downstream assay is reported in Figure 2A	Matrix Y2H supports construct-level binary-reporter compatibility in a heterologous nuclear system, not purified-component binding or a native cellular complex. Reciprocal co-IP, where present, supports co-complex association rather than direct contact. GST/MYC pull-down, where present, used soluble lysate from transfected COS-7 cells and must not be interpreted as purified direct binding.	No pair-specific endogenous co-IP, GST pull-down, perturbation, or HSP90-dependence experiment was reported.	The source did not test the association in an unmodified native cellular context. The supplement does not identify clone accession, transcript isoform, or fragment boundaries for the selected Y2H constructs. BioGRID and IntAct assay records are projections of this one paper, not independent replications. The reported aggregate 21/24 among high-confidence interactions selected for downstream testing cannot be transferred to an untested pair. Supplementary File 2 provides network-module context only and is not independent pair support.	Y2H_heterologous_nuclear_reporter;assay_only;database_routes_not_independent_replication;direct_binding_unclear;high_means_two_reporters_not_independent_replication;isoform_resolution_unclear;native_context_not_tested;no_HSP90_assay;no_pair_specific_followup;not_client_evidence;tagged_ORF_construct	local_publisher_PDF_and_current_PMC_HTML_plus_both_advertised_supplements_complete;Supplementary_File_1_claim_bearing;Supplementary_File_2_context_only	focused_primary_review_complete	close_pair
COCHSRCREV-2026-09-13-CDC37-FBXL12-PMID21163940	2026-09-13	CDC37::FBXL12	CDC37	FBXL12	CDC37	FBXL12	PMID:21163940	21163940	PMC3044851	10.1101/gr.114280.110	Interactome mapping suggests new mechanistic details underlying Alzheimer's disease	supports_context_qualified_pair_relationship	physical_association	author_high_matrix_Y2H_with_negative_GST_pull_down_FBXL12_CDC37	undirected_or_not_applicable			heterologous_binary_reporter_with_negative_cell_lysate_GST_pull_down	one_study_author_high_matrix_Y2H_with_negative_cell_lysate_GST_pull_down	no_HSP90_assay_in_this_source	The matrix screen tested human Gateway ORF bait/prey constructs in a budding-yeast GAL4 reporter system. An author call of high means activation of at least two reporter genes; it does not establish independent screens or validation by both mating and cotransformation. Pair-specific follow-up used GST/MYC constructs expressed in COS-7 cells and glutathione capture from soluble cell lysate.	cultured_cell_line	african_green_monkey;budding_yeast;human	whole_cell_or_unspecified_fraction	biochemical_or_structural;omics_or_screening_measurement;physical_interaction_or_proximity	The author-high matrix Y2H association is retained, while a downstream GST-affinity pull-down from transfected COS-7 soluble lysate did not detect the pair.	Supplementary File 1, Y2H_matrix_screen worksheet row 40: CDC37 bait / FBXL12 prey, CC, author call high; Figure 2A records pull-down not detected; Figure 2B displays the GST:FBXL12/Myc:CDC37 pull-down lane/test	Matrix Y2H supports construct-level binary-reporter compatibility in a heterologous nuclear system, not purified-component binding or a native cellular complex. Reciprocal co-IP, where present, supports co-complex association rather than direct contact. GST/MYC pull-down, where present, used soluble lysate from transfected COS-7 cells and must not be interpreted as purified direct binding.	The negative GST-affinity pull-down is construct- and assay-specific discordance, not evidence that the cellular interaction is absent. No endogenous co-IP follow-up was reported for this pair.	The source did not test the association in an unmodified native cellular context. The supplement does not identify clone accession, transcript isoform, or fragment boundaries for the selected Y2H constructs. BioGRID and IntAct assay records are projections of this one paper, not independent replications. The reported aggregate 21/24 among high-confidence interactions selected for downstream testing cannot be transferred to an untested pair. Supplementary File 2 provides network-module context only and is not independent pair support.	Y2H_heterologous_nuclear_reporter;assay_discordance;assay_only;database_routes_not_independent_replication;direct_binding_unclear;high_means_two_reporters_not_independent_replication;isoform_resolution_unclear;native_context_not_tested;negative_GST_pull_down_not_biological_negative;no_HSP90_assay;not_client_evidence;tagged_ORF_construct	local_publisher_PDF_and_current_PMC_HTML_plus_both_advertised_supplements_complete;Supplementary_File_1_claim_bearing;Supplementary_File_2_context_only	focused_primary_review_complete	close_pair
COCHSRCREV-2026-09-13-CDC37-FBXW4-PMID21163940	2026-09-13	CDC37::FBXW4	CDC37	FBXW4	CDC37	FBXW4	PMID:21163940	21163940	PMC3044851	10.1101/gr.114280.110	Interactome mapping suggests new mechanistic details underlying Alzheimer's disease	supports_context_qualified_pair_relationship	physical_association	author_high_matrix_Y2H_association_FBXW4_CDC37	undirected_or_not_applicable			heterologous_binary_reporter_not_native_complex	one_study_author_high_matrix_Y2H	no_HSP90_assay_in_this_source	The matrix screen tested human Gateway ORF bait/prey constructs in a budding-yeast GAL4 reporter system. An author call of high means activation of at least two reporter genes; it does not establish independent screens or validation by both mating and cotransformation. No pair-specific follow-up system was reported.	cultured_cell_line	budding_yeast;human	not_reported	omics_or_screening_measurement;physical_interaction_or_proximity	The pair occurred once in the source's matrix Y2H table with the author call high, meaning activation of at least two reporter genes.	Supplementary File 1, Y2H_matrix_screen worksheet row 51: CDC37 bait / FBXW4 prey, CC, author call high; No pair-specific downstream assay is reported in Figure 2A	Matrix Y2H supports construct-level binary-reporter compatibility in a heterologous nuclear system, not purified-component binding or a native cellular complex. Reciprocal co-IP, where present, supports co-complex association rather than direct contact. GST/MYC pull-down, where present, used soluble lysate from transfected COS-7 cells and must not be interpreted as purified direct binding.	No pair-specific endogenous co-IP, GST pull-down, perturbation, or HSP90-dependence experiment was reported.	The source did not test the association in an unmodified native cellular context. The supplement does not identify clone accession, transcript isoform, or fragment boundaries for the selected Y2H constructs. BioGRID and IntAct assay records are projections of this one paper, not independent replications. The reported aggregate 21/24 among high-confidence interactions selected for downstream testing cannot be transferred to an untested pair. Supplementary File 2 module 20 co-places this gene with CDC37 in a network module enriched for oxidation-reduction terms, but the module was computed from the integrated AD-PIN containing the discovered edge and is not independent support.	Y2H_heterologous_nuclear_reporter;assay_only;database_routes_not_independent_replication;direct_binding_unclear;high_means_two_reporters_not_independent_replication;isoform_resolution_unclear;native_context_not_tested;no_HSP90_assay;no_pair_specific_followup;not_client_evidence;tagged_ORF_construct	local_publisher_PDF_and_current_PMC_HTML_plus_both_advertised_supplements_complete;Supplementary_File_1_claim_bearing;Supplementary_File_2_context_only	focused_primary_review_complete	close_pair
COCHSRCREV-2026-09-13-CDC37-FER-PMID32707033	2026-09-13	CDC37::FER	CDC37	FER	CDC37	FER	PMID:32707033	32707033	PMC7427327	10.1016/j.molcel.2020.07.001	Kinase Interaction Network Expands Functional and Disease Roles of Human Kinases	supports_context_qualified_pair_relationship	physical_association;shared_complex	FER_bait_APMS_co_recovers_CDC37	undirected_or_not_applicable			cellular_complex_not_binary	high_confidence_cellular_apms_co_complex	no_pair_specific_HSP90_assay_in_this_source	Human HEK Flp-In 293 T-REx cells with single-locus doxycycline-induced N-terminal Strep-HA-tagged kinase baits; more than 100 million cells per purification, rapid single-step Strep affinity recovery, and duplicate LC-MS/MS runs. Final interactors required WD score > 73.6, GFP-control abundance ratio > 18.4, and at least two total spectra, followed by CRAPome, contaminant, and carry-over filters calibrated to a global false-positive rate below 1%.	cultured_cell_line	human	whole_cell_or_unspecified_fraction	omics_or_screening_measurement;physical_interaction_or_proximity	FER-bait AP-MS recovered CDC37 in the source's final high-confidence interaction matrix.	Table S2 final interactome Excel row 1006: bait FER, prey CDC37, WD 173.53, GFP-control ratio 2839, total spectra 167; Table S4: inherited Taipale class Strong; HSP.members 3 (HSP90AA1, HSP90AB1, CDC37); Table S9: target kinase construct matches canonical UniProt sequence	Affinity purification-mass spectrometry supports cellular co-recovery or shared-complex membership, not purified binary binding.	No requested pair received reciprocal purification, western blot, BioID, genetic perturbation, or purified-protein validation in this study. Table S4 client classes were inherited from Taipale et al. 2012 and are not new client evidence. The source reports no pair-level q-value for these AP-MS rows.	One tagged-expression cell-line background; N-terminal tags and induced expression may alter abundance, localization, folding, or binding. The authors note that overexpressed or misfolded kinases can recover more HSP90 and co-chaperones and that some associations may form after lysis. BioGRID and IntAct are duplicate route encodings of this source, not independent replication. The source label HSP90B denotes cytosolic HSP90AB1.	apms_screen;cellular_complex_not_binary;database_routes_not_independent_replication;no_pair_specific_HSP90_assay;not_client_evidence;possible_post_lysis_association;single_cell_line;tagged_induced_expression	local_article_figures_and_tables_S2_S4_S9_reviewed	focused_primary_review_complete	close_pair
COCHSRCREV-2026-09-13-CDC37-FGFR1-PMID35384245	2026-09-13	CDC37::FGFR1	CDC37	FGFR1	CDC37	FGFR1	PMID:35384245	35384245	PMC9171411	10.15252/embr.202154041	Physical and functional interactome atlas of human receptor tyrosine kinases	supports_context_qualified_pair_relationship	physical_association;shared_complex	CDC37_FGFR1_high_confidence_APMS_and_BioID_association	undirected_or_not_applicable			cellular_complex_not_binary	high_confidence_cellular_apms_and_bioid_association	no_pair_specific_HSP90_assay_in_this_source	Human HEK293 Flp-In T-REx cells with single-locus tetracycline-induced C-terminal MAC-tagged RTK baits, 24-hour BioID labeling followed by 15-minute pervanadate activation, and AP-MS/BioID in two biological replicates; high-confidence interactors passed SAINT Bayesian FDR < 0.05 and the source CRAPome filter	cultured_cell_line	human	whole_cell_or_unspecified_fraction	omics_or_screening_measurement;physical_interaction_or_proximity	WT FGFR1 recovered CDC37 as a high-confidence interactor by both AP-MS and BioID.	Dataset EV1A row 3521: AP AvgSpec 16.5, BFDR 0; row 4065: BIOID AvgSpec 14, BFDR 0	AP-MS supports cellular co-complex recovery and BioID supports proximity; neither establishes purified binary binding.	These assays do not establish purified pairwise binding, client status, pair-specific HSP90 dependence, or HSP90 isoform selectivity.	Tagged RTK expression in one human cell-line background, two biological replicates, and pervanadate activation. BioGRID and IntAct entries are duplicate encodings of this source, not independent replication. BioID labeling accumulated for 24 hours before the 15-minute pervanadate activation, so most proximity signal may predate the brief activated state.	assay_only;database_routes_not_independent_replication;direct_binding_unclear;no_pair_specific_HSP90_assay;not_client_evidence;single_cell_line;tagged_expression;bioid_24h_labeling_precedes_15min_activation	local_expanded_view_figures_dataset_EV1_and_source_data_reviewed	focused_primary_review_complete	close_pair
COCHSRCREV-2026-09-13-CDC37-FGFR3-PMID35384245	2026-09-13	CDC37::FGFR3	CDC37	FGFR3	CDC37	FGFR3	PMID:35384245	35384245	PMC9171411	10.15252/embr.202154041	Physical and functional interactome atlas of human receptor tyrosine kinases	supports_context_qualified_pair_relationship	physical_association;shared_complex	CDC37_FGFR3_high_confidence_APMS_and_BioID_association	undirected_or_not_applicable			cellular_complex_not_binary	high_confidence_cellular_apms_and_bioid_association	no_pair_specific_HSP90_assay_in_this_source	Human HEK293 Flp-In T-REx cells with single-locus tetracycline-induced C-terminal MAC-tagged RTK baits, 24-hour BioID labeling followed by 15-minute pervanadate activation, and AP-MS/BioID in two biological replicates; high-confidence interactors passed SAINT Bayesian FDR < 0.05 and the source CRAPome filter	cultured_cell_line	human	whole_cell_or_unspecified_fraction	omics_or_screening_measurement;physical_interaction_or_proximity	WT FGFR3 recovered CDC37 as a high-confidence interactor by both AP-MS and BioID.	Dataset EV1A row 6277: AP AvgSpec 58.5, BFDR 0; row 6660: BIOID AvgSpec 25, BFDR 0	AP-MS supports cellular co-complex recovery and BioID supports proximity; neither establishes purified binary binding.	These assays do not establish purified pairwise binding, client status, pair-specific HSP90 dependence, or HSP90 isoform selectivity.	Tagged RTK expression in one human cell-line background, two biological replicates, and pervanadate activation. BioGRID and IntAct entries are duplicate encodings of this source, not independent replication. BioID labeling accumulated for 24 hours before the 15-minute pervanadate activation, so most proximity signal may predate the brief activated state.	assay_only;database_routes_not_independent_replication;direct_binding_unclear;no_pair_specific_HSP90_assay;not_client_evidence;single_cell_line;tagged_expression;bioid_24h_labeling_precedes_15min_activation	local_expanded_view_figures_dataset_EV1_and_source_data_reviewed	focused_primary_review_complete	close_pair
COCHSRCREV-2026-09-13-CDC37-FKBP6-PMID25036637	2026-09-13	CDC37::FKBP6	CDC37	FKBP6	CDC37	FKBP6	PMID:25036637	25036637	PMC4104544	10.1016/j.cell.2014.05.039	A quantitative chaperone interaction network reveals the architecture of cellular protein homeostasis pathways	supports_context_qualified_pair_relationship	physical_association;shared_complex	FKBP6_bait_APMS_cellular_association_with_CDC37	undirected_or_not_applicable			cellular_complex_not_binary	tagged_expression_duplicate_APMS_cellular_association	no_pair_specific_HSP90_assay_in_this_source	Human stable polyclonal 293T cells expressing predominantly C-terminal 3xFLAG-V5-tagged chaperone or co-chaperone AP-MS baits were analyzed by anti-FLAG affinity-purification mass spectrometry from whole-cell lysate with sodium molybdate. Two AP-MS replicates were scored with SAINT; the high-confidence cutoff was AvgP >= 0.85 (estimated FDR 1.8%). LUMIER used transient 3xFLAG query baits and stable Renilla-fused reporter preys in 293T cells; normalized luminescence Z-scores were evaluated at the source's high-confidence cutoff of approximately 7 (estimated upper FDR 4.4%).	cultured_cell_line	human	whole_cell_or_unspecified_fraction	omics_or_screening_measurement;physical_interaction_or_proximity	FKBP6-bait AP-MS recovered CDC37 above the source's SAINT AvgP 0.85 threshold.	Table S1 workbook, AvgP scores row 208: bait FKBP6, prey CDC37, AvgP 1.00, Spec 39|61, CtrlCounts 4|6|3|3|5|5|6; no CDC37-bait reverse AP-MS row; LUMIER scores row 405, FKBP6-FLAG bait with CDC37-Renilla prey, 0.927944; reverse CDC37 row 314 with FKBP6 reporter, 0.975519; Bait protein list row 23: FKBP6/FKBP36, C-terminal tag	Affinity-purification mass spectrometry from cellular lysate supports co-recovery or shared-complex membership, not purified binary binding. Bait-to-prey orientation records assay configuration rather than biological direction. Within-study replicate or reciprocal AP-MS does not establish HSP90 mediation, client status, or regulation.	No requested pair received a purified-protein binding test, regulatory direction test, pair-specific client-stability assay, functional perturbation, or HSP90-isoform-resolved mediation test. None appears in the author's AP-MS-and-LUMIER overlap sheet. A database luminescence route is not counted as orthogonal validation when its source-matrix score is below the author threshold or unavailable. No reverse AP-MS row was reported, and both LUMIER configurations failed the source threshold.	The source uses tagged, expressed proteins in one transformed 293T lineage. Negative or missing LUMIER measurements do not disprove an association because assay sensitivity and construct configuration differ from AP-MS. The main text and combined sheet use LUMIER score >= 7, while the workbook information sheet says > 7; no requested measurement is near that boundary. BioGRID and IntAct records can project the same AP-MS or screened LUMIER configuration and are not independent source replications. IntAct's anti-tag coimmunoprecipitation label does not establish a separate pair-specific co-IP experiment.	apms_screen;cellular_complex_not_binary;database_routes_not_independent_replication;lumier_below_threshold_or_unavailable;no_pair_specific_HSP90_assay;not_client_evidence;single_cell_line;tagged_expression;reverse_APMS_not_reported;source_alias_normalized	local_main_article_and_complete_Table_S1_workbook_reviewed	focused_primary_review_complete	close_pair
COCHSRCREV-2026-09-13-CDC37-FKBPL-PMID25036637	2026-09-13	CDC37::FKBPL	CDC37	FKBPL	CDC37	FKBPL	PMID:25036637	25036637	PMC4104544	10.1016/j.cell.2014.05.039	A quantitative chaperone interaction network reveals the architecture of cellular protein homeostasis pathways	supports_context_qualified_pair_relationship	physical_association;shared_complex	reciprocal_CDC37_FKBPL_APMS_cellular_association	undirected_or_not_applicable			cellular_complex_not_binary	same_study_reciprocal_tagged_expression_APMS_cellular_association	no_pair_specific_HSP90_assay_in_this_source	Human stable polyclonal 293T cells expressing predominantly C-terminal 3xFLAG-V5-tagged chaperone or co-chaperone AP-MS baits were analyzed by anti-FLAG affinity-purification mass spectrometry from whole-cell lysate with sodium molybdate. Two AP-MS replicates were scored with SAINT; the high-confidence cutoff was AvgP >= 0.85 (estimated FDR 1.8%). LUMIER used transient 3xFLAG query baits and stable Renilla-fused reporter preys in 293T cells; normalized luminescence Z-scores were evaluated at the source's high-confidence cutoff of approximately 7 (estimated upper FDR 4.4%).	cultured_cell_line	human	whole_cell_or_unspecified_fraction	omics_or_screening_measurement;physical_interaction_or_proximity	CDC37-bait and reciprocal FKBPL-bait AP-MS each recovered the other protein above the source's SAINT AvgP 0.85 threshold.	Table S1 workbook, AvgP scores row 88: bait CDC37, prey FKBPL, AvgP 0.99, Spec 4|5, CtrlCounts 0|0|0|0|0|0|0; reciprocal row 223: FKBPL bait, CDC37 prey, AvgP 1.00, Spec 26|25, CtrlCounts 4|6|3|3|5|5|6; LUMIER scores row 313, FKBPL-FLAG bait with CDC37-Renilla prey, 1.185289; reverse CDC37 row 314 with FKBPL reporter, 0.237078; Bait protein list row 25: FKBPL/WISp39, C-terminal tag	Affinity-purification mass spectrometry from cellular lysate supports co-recovery or shared-complex membership, not purified binary binding. Bait-to-prey orientation records assay configuration rather than biological direction. Within-study replicate or reciprocal AP-MS does not establish HSP90 mediation, client status, or regulation.	No requested pair received a purified-protein binding test, regulatory direction test, pair-specific client-stability assay, functional perturbation, or HSP90-isoform-resolved mediation test. None appears in the author's AP-MS-and-LUMIER overlap sheet. A database luminescence route is not counted as orthogonal validation when its source-matrix score is below the author threshold or unavailable. Both LUMIER configurations failed the source threshold.	The source uses tagged, expressed proteins in one transformed 293T lineage. Negative or missing LUMIER measurements do not disprove an association because assay sensitivity and construct configuration differ from AP-MS. The main text and combined sheet use LUMIER score >= 7, while the workbook information sheet says > 7; no requested measurement is near that boundary. BioGRID and IntAct records can project the same AP-MS or screened LUMIER configuration and are not independent source replications. IntAct's anti-tag coimmunoprecipitation label does not establish a separate pair-specific co-IP experiment.	apms_screen;cellular_complex_not_binary;database_routes_not_independent_replication;lumier_below_threshold_or_unavailable;no_pair_specific_HSP90_assay;not_client_evidence;single_cell_line;tagged_expression;source_alias_normalized	local_main_article_and_complete_Table_S1_workbook_reviewed	focused_primary_review_complete	close_pair
COCHSRCREV-2026-09-13-CDC37-GCDH-PMID21163940	2026-09-13	CDC37::GCDH	CDC37	GCDH	CDC37	GCDH	PMID:21163940	21163940	PMC3044851	10.1101/gr.114280.110	Interactome mapping suggests new mechanistic details underlying Alzheimer's disease	supports_context_qualified_pair_relationship	physical_association	author_high_matrix_Y2H_association_GCDH_CDC37	undirected_or_not_applicable			heterologous_binary_reporter_not_native_complex	one_study_author_high_matrix_Y2H	no_HSP90_assay_in_this_source	The matrix screen tested human Gateway ORF bait/prey constructs in a budding-yeast GAL4 reporter system. An author call of high means activation of at least two reporter genes; it does not establish independent screens or validation by both mating and cotransformation. No pair-specific follow-up system was reported.	cultured_cell_line	budding_yeast;human	not_reported	omics_or_screening_measurement;physical_interaction_or_proximity	The pair occurred once in the source's matrix Y2H table with the author call high, meaning activation of at least two reporter genes.	Supplementary File 1, Y2H_matrix_screen worksheet row 41: CDC37 bait / GCDH prey, CC, author call high; No pair-specific downstream assay is reported in Figure 2A	Matrix Y2H supports construct-level binary-reporter compatibility in a heterologous nuclear system, not purified-component binding or a native cellular complex. Reciprocal co-IP, where present, supports co-complex association rather than direct contact. GST/MYC pull-down, where present, used soluble lysate from transfected COS-7 cells and must not be interpreted as purified direct binding.	No pair-specific endogenous co-IP, GST pull-down, perturbation, or HSP90-dependence experiment was reported.	GCDH is a mitochondrial-matrix protein whereas CDC37 is primarily cytosolic, creating a strong native-compartment concern. The supplement does not identify clone accession, transcript isoform, or fragment boundaries for the selected Y2H constructs. BioGRID and IntAct assay records are projections of this one paper, not independent replications. The reported aggregate 21/24 among high-confidence interactions selected for downstream testing cannot be transferred to an untested pair. Supplementary File 2 provides network-module context only and is not independent pair support.	Y2H_heterologous_nuclear_reporter;assay_only;compartment_topology_unresolved;database_routes_not_independent_replication;direct_binding_unclear;high_means_two_reporters_not_independent_replication;isoform_resolution_unclear;no_HSP90_assay;no_pair_specific_followup;not_client_evidence;tagged_ORF_construct	local_publisher_PDF_and_current_PMC_HTML_plus_both_advertised_supplements_complete;Supplementary_File_1_claim_bearing;Supplementary_File_2_context_only	focused_primary_review_complete	close_pair
COCHSRCREV-2026-09-13-CDC37-GLMN-PMID25036637	2026-09-13	CDC37::GLMN	CDC37	GLMN	CDC37	GLMN	PMID:25036637	25036637	PMC4104544	10.1016/j.cell.2014.05.039	A quantitative chaperone interaction network reveals the architecture of cellular protein homeostasis pathways	supports_context_qualified_pair_relationship	physical_association;shared_complex	CDC37_bait_APMS_cellular_association_with_GLMN	undirected_or_not_applicable			cellular_complex_not_binary	tagged_expression_duplicate_APMS_cellular_association	no_pair_specific_HSP90_assay_in_this_source	Human stable polyclonal 293T cells expressing predominantly C-terminal 3xFLAG-V5-tagged chaperone or co-chaperone AP-MS baits were analyzed by anti-FLAG affinity-purification mass spectrometry from whole-cell lysate with sodium molybdate. Two AP-MS replicates were scored with SAINT; the high-confidence cutoff was AvgP >= 0.85 (estimated FDR 1.8%). LUMIER used transient 3xFLAG query baits and stable Renilla-fused reporter preys in 293T cells; normalized luminescence Z-scores were evaluated at the source's high-confidence cutoff of approximately 7 (estimated upper FDR 4.4%).	cultured_cell_line	human	whole_cell_or_unspecified_fraction	omics_or_screening_measurement;physical_interaction_or_proximity	CDC37-bait AP-MS recovered GLMN above the source's SAINT AvgP 0.85 threshold.	Table S1 workbook, AvgP scores row 89: bait CDC37, prey GLMN, AvgP 0.95, Spec 3|10, CtrlCounts 0|0|0|0|0|0|0; no reverse AP-MS row; LUMIER scores row 675, GLMN-FLAG bait with CDC37-Renilla prey, blank because the query bait lacked a usable expression-qualified measurement; no GLMN reporter column	Affinity-purification mass spectrometry from cellular lysate supports co-recovery or shared-complex membership, not purified binary binding. Bait-to-prey orientation records assay configuration rather than biological direction. Within-study replicate or reciprocal AP-MS does not establish HSP90 mediation, client status, or regulation.	No requested pair received a purified-protein binding test, regulatory direction test, pair-specific client-stability assay, functional perturbation, or HSP90-isoform-resolved mediation test. None appears in the author's AP-MS-and-LUMIER overlap sheet. A database luminescence route is not counted as orthogonal validation when its source-matrix score is below the author threshold or unavailable. No reverse AP-MS row was reported. LUMIER was unavailable rather than negative because GLMN bait expression did not qualify.	The source uses tagged, expressed proteins in one transformed 293T lineage. Negative or missing LUMIER measurements do not disprove an association because assay sensitivity and construct configuration differ from AP-MS. The main text and combined sheet use LUMIER score >= 7, while the workbook information sheet says > 7; no requested measurement is near that boundary. BioGRID and IntAct records can project the same AP-MS or screened LUMIER configuration and are not independent source replications. IntAct's anti-tag coimmunoprecipitation label does not establish a separate pair-specific co-IP experiment.	apms_screen;cellular_complex_not_binary;database_routes_not_independent_replication;lumier_below_threshold_or_unavailable;no_pair_specific_HSP90_assay;not_client_evidence;single_cell_line;tagged_expression;reverse_APMS_not_reported;lumier_unavailable_expression	local_main_article_and_complete_Table_S1_workbook_reviewed	focused_primary_review_complete	close_pair
COCHSRCREV-2026-09-13-CDC37-HCK-PMID32707033	2026-09-13	CDC37::HCK	CDC37	HCK	CDC37	HCK	PMID:32707033	32707033	PMC7427327	10.1016/j.molcel.2020.07.001	Kinase Interaction Network Expands Functional and Disease Roles of Human Kinases	supports_context_qualified_pair_relationship	physical_association;shared_complex	HCK_bait_APMS_co_recovers_CDC37	undirected_or_not_applicable			cellular_complex_not_binary	high_confidence_cellular_apms_co_complex	no_pair_specific_HSP90_assay_in_this_source	Human HEK Flp-In 293 T-REx cells with single-locus doxycycline-induced N-terminal Strep-HA-tagged kinase baits; more than 100 million cells per purification, rapid single-step Strep affinity recovery, and duplicate LC-MS/MS runs. Final interactors required WD score > 73.6, GFP-control abundance ratio > 18.4, and at least two total spectra, followed by CRAPome, contaminant, and carry-over filters calibrated to a global false-positive rate below 1%.	cultured_cell_line	human	whole_cell_or_unspecified_fraction	omics_or_screening_measurement;physical_interaction_or_proximity	HCK-bait AP-MS recovered CDC37 in the source's final high-confidence interaction matrix.	Table S2 final interactome Excel row 817: bait HCK, prey CDC37, WD 86.24, GFP-control ratio 1411, total spectra 83; Table S4: inherited Taipale class Strong; HSP.members 3 (HSP90AA1, HSP90AB1, CDC37); Table S9: target kinase construct matches canonical UniProt sequence	Affinity purification-mass spectrometry supports cellular co-recovery or shared-complex membership, not purified binary binding.	No requested pair received reciprocal purification, western blot, BioID, genetic perturbation, or purified-protein validation in this study. Table S4 client classes were inherited from Taipale et al. 2012 and are not new client evidence. The source reports no pair-level q-value for these AP-MS rows.	One tagged-expression cell-line background; N-terminal tags and induced expression may alter abundance, localization, folding, or binding. The authors note that overexpressed or misfolded kinases can recover more HSP90 and co-chaperones and that some associations may form after lysis. BioGRID and IntAct are duplicate route encodings of this source, not independent replication. The source label HSP90B denotes cytosolic HSP90AB1. HCK had 0 TPM endogenous expression in HEK293 cells, so the AP-MS association was measured in an ectopic bait context.	apms_screen;cellular_complex_not_binary;database_routes_not_independent_replication;no_pair_specific_HSP90_assay;not_client_evidence;possible_post_lysis_association;single_cell_line;tagged_induced_expression;ectopic_bait_0_TPM;near_threshold_WD	local_article_figures_and_tables_S2_S4_S9_reviewed	focused_primary_review_complete	close_pair
COCHSRCREV-2026-09-13-CDC37-HNRNPM-PMID16611982	2026-09-13	CDC37::HNRNPM	CDC37	HNRNPM	CDC37	HNRNPM	PMID:16611982	16611982	PMC1447410	10.1128/MCB.26.9.3378-3389.2006	Cdc37 interacts with the glycine-rich loop of Hsp90 client kinases	supports_context_qualified_pair_relationship	physical_association	CDC37_HNRNPM_fragment_affinity_capture_MS_screening_association	undirected_or_not_applicable			fragment_affinity_capture_MS_screen_not_binary	single_fragment_affinity_capture_MS_screening_hit	no_HSP90_assay_in_this_source	FLAG-tagged human CDC37 residues 181-378 affinity purification from HEK293 cells followed by LC-MS/MS	cultured_cell_line	human	whole_cell_or_unspecified_fraction	omics_or_screening_measurement;physical_interaction_or_proximity	HNRNPM was recovered as a Table 2 LC-MS/MS hit after affinity capture of FLAG-CDC37(181-378) from HEK293 cells.	Table 2 (HNRNPM)	A single fragment-bait affinity-capture MS hit supports an assay-bounded association only; it does not establish binary binding.	The source provides no reciprocal capture, candidate-specific validation, CDC37 perturbation, client-stability test, or pair-specific HSP90 assay for this protein.	Single HEK293 screening experiment with a truncated CDC37 bait; the result cannot establish a CDC37 client, direct interaction, or HSP90-dependent mechanism.	affinity_capture_MS_screening_only;construct_context;no_pair_specific_HSP90_assay;not_client_evidence;not_direct_binding;single_publication_multiple_pair_routes	local_main_article_reviewed_no_separate_supplement_archived	focused_primary_review_complete	close_pair
COCHSRCREV-2026-09-13-CDC37-IFIT3-PMID21163940	2026-09-13	CDC37::IFIT3	CDC37	IFIT3	CDC37	IFIT3	PMID:21163940	21163940	PMC3044851	10.1101/gr.114280.110	Interactome mapping suggests new mechanistic details underlying Alzheimer's disease	supports_context_qualified_pair_relationship	physical_association;shared_complex	author_high_matrix_Y2H_plus_reciprocal_endogenous_coIP_and_positive_GST_pull_down_IFIT3_CDC37	undirected_or_not_applicable			heterologous_binary_reporter_plus_endogenous_coIP_and_cell_lysate_GST_pull_down	one_study_author_high_matrix_Y2H_plus_reciprocal_endogenous_coIP_and_positive_cell_lysate_GST_pull_down	no_HSP90_assay_in_this_source	The matrix screen tested human Gateway ORF bait/prey constructs in a budding-yeast GAL4 reporter system. An author call of high means activation of at least two reporter genes; it does not establish independent screens or validation by both mating and cotransformation. Pair-specific follow-up used reciprocal endogenous co-IP in human SH-SY5Y cells and GST/MYC constructs expressed in COS-7 cells with glutathione capture from soluble cell lysate.	cultured_cell_line	african_green_monkey;budding_yeast;human	whole_cell_or_unspecified_fraction	biochemical_or_structural;omics_or_screening_measurement;physical_interaction_or_proximity	The author-high matrix Y2H association was followed by positive reciprocal endogenous co-IP in SH-SY5Y cells and positive GST/MYC affinity pull-down from transfected COS-7 soluble lysate.	Supplementary File 1, Y2H_matrix_screen worksheet row 42: CDC37 bait / IFIT3 prey, CC, author call high; Figure 2A co-IP and pull-down detected; Figure 2B GST:IFIT3/Myc:CDC37 pull-down; Figure 2C reciprocal endogenous IFIT3/CDC37 co-IP	Matrix Y2H supports construct-level binary-reporter compatibility in a heterologous nuclear system, not purified-component binding or a native cellular complex. Reciprocal co-IP, where present, supports co-complex association rather than direct contact. GST/MYC pull-down, where present, used soluble lysate from transfected COS-7 cells and must not be interpreted as purified direct binding.	No pair-specific negative result was reported. The GST/MYC assay used transfected COS-7 soluble lysate and is not purified-component reconstitution or proof of direct binding.	Reciprocal endogenous co-IP tests native IFIT3 and CDC37 in one SH-SY5Y cell line and supports co-complex association, but not direct contact or broader physiological generality. The supplement does not identify clone accession, transcript isoform, or fragment boundaries for the selected Y2H constructs. BioGRID and IntAct assay records are projections of this one paper, not independent replications. The reported aggregate 21/24 among high-confidence interactions selected for downstream testing cannot be transferred to an untested pair. Supplementary File 2 provides network-module context only and is not independent pair support.	COS7_soluble_lysate_pull_down_not_purified_direct_binding;Y2H_heterologous_nuclear_reporter;assay_only;complex_member_not_direct_binding;database_routes_not_independent_replication;direct_binding_unclear;endogenous_coIP_single_cell_line;endogenous_lysate_coIP_not_intact_cell_localization;high_means_two_reporters_not_independent_replication;isoform_resolution_unclear;no_HSP90_assay;not_client_evidence;tagged_ORF_construct	local_publisher_PDF_and_current_PMC_HTML_plus_both_advertised_supplements_complete;Supplementary_File_1_claim_bearing;Supplementary_File_2_context_only	focused_primary_review_complete	close_pair
COCHSRCREV-2026-09-13-CDC37-IFIT5-PMID21163940	2026-09-13	CDC37::IFIT5	CDC37	IFIT5	CDC37	IFIT5	PMID:21163940	21163940	PMC3044851	10.1101/gr.114280.110	Interactome mapping suggests new mechanistic details underlying Alzheimer's disease	supports_context_qualified_pair_relationship	physical_association	author_high_matrix_Y2H_association_IFIT5_CDC37	undirected_or_not_applicable			heterologous_binary_reporter_not_native_complex	one_study_author_high_matrix_Y2H	no_HSP90_assay_in_this_source	The matrix screen tested human Gateway ORF bait/prey constructs in a budding-yeast GAL4 reporter system. An author call of high means activation of at least two reporter genes; it does not establish independent screens or validation by both mating and cotransformation. No pair-specific follow-up system was reported.	cultured_cell_line	budding_yeast;human	not_reported	omics_or_screening_measurement;physical_interaction_or_proximity	The pair occurred once in the source's matrix Y2H table with the author call high, meaning activation of at least two reporter genes.	Supplementary File 1, Y2H_matrix_screen worksheet row 43: CDC37 bait / IFIT5 prey, CC, author call high; No pair-specific downstream assay is reported in Figure 2A	Matrix Y2H supports construct-level binary-reporter compatibility in a heterologous nuclear system, not purified-component binding or a native cellular complex. Reciprocal co-IP, where present, supports co-complex association rather than direct contact. GST/MYC pull-down, where present, used soluble lysate from transfected COS-7 cells and must not be interpreted as purified direct binding.	No pair-specific endogenous co-IP, GST pull-down, perturbation, or HSP90-dependence experiment was reported.	The source did not test the association in an unmodified native cellular context. The supplement does not identify clone accession, transcript isoform, or fragment boundaries for the selected Y2H constructs. BioGRID and IntAct assay records are projections of this one paper, not independent replications. The reported aggregate 21/24 among high-confidence interactions selected for downstream testing cannot be transferred to an untested pair. Supplementary File 2 provides network-module context only and is not independent pair support.	Y2H_heterologous_nuclear_reporter;assay_only;database_routes_not_independent_replication;direct_binding_unclear;high_means_two_reporters_not_independent_replication;isoform_resolution_unclear;native_context_not_tested;no_HSP90_assay;no_pair_specific_followup;not_client_evidence;tagged_ORF_construct	local_publisher_PDF_and_current_PMC_HTML_plus_both_advertised_supplements_complete;Supplementary_File_1_claim_bearing;Supplementary_File_2_context_only	focused_primary_review_complete	close_pair
COCHSRCREV-2026-09-13-CDC37-IKBKB-PMID14743216	2026-09-13	CDC37::IKBKB	CDC37	IKBKB	CDC37	IKBKB	PMID:14743216	14743216		10.1038/ncb1086	A physical and functional map of the human TNF-alpha/NF-kappaB signal transduction pathway	supports_context_qualified_pair_relationship	cochaperone_client_regulation;protein_stability_regulation;shared_complex	CDC37_IKBKB_high_confidence_cellular_co_complex_with_HSP90_stability_context	undirected_or_not_applicable			cellular_complex_not_binary	cellular_co_complex_with_hsp90_pharmacologic_stability_support	cytosolic_hsp90_unresolved	Tandem-affinity purification and LC-MS/MS of tagged TNF/NF-kappaB pathway proteins in TNF-responsive human HEK293 cells, with geldanamycin treatment and immunoblotting	cultured_cell_line	human	whole_cell_or_unspecified_fraction	pharmacologic_or_chemical_perturbation;physical_interaction_or_proximity;protein_abundance_stability_or_folding	CDC37 and IKBKB/IKKbeta form a high-confidence cellular TAP-MS association, and HSP90 inhibition with geldanamycin reduces IKKbeta abundance, supporting an HSP90-CDC37 kinase-chaperone context.	Supplementary Table S2 row 15 (IKKbeta-CDC37); Figure 2; Results, Hsp90-CDC37	TAP-MS from a multiprotein cellular complex does not establish purified binary CDC37-IKBKB binding; the stability experiment perturbs HSP90 rather than CDC37 specifically.	The paper does not test a CDC37-selective perturbation, pairwise affinity, or a direct CDC37-IKBKB contact site.	Tagged bait expression in one human cell line, complex-scale affinity purification, and unresolved HSP90alpha versus HSP90beta contribution.	cellular_co_complex_not_binary;compound_intervention_context;hsp90_paralog_unresolved;single_publication_multiple_pair_routes;tagged_overexpression	local_supplement_reviewed	focused_primary_review_complete	close_pair
COCHSRCREV-2026-09-13-CDC37-IKBKG-PMID14743216	2026-09-13	CDC37::IKBKG	CDC37	IKBKG	CDC37	IKBKG	PMID:14743216	14743216		10.1038/ncb1086	A physical and functional map of the human TNF-alpha/NF-kappaB signal transduction pathway	supports_context_qualified_pair_relationship	shared_complex	CDC37_IKBKG_high_confidence_cellular_co_complex	undirected_or_not_applicable			cellular_complex_not_binary	high_confidence_cellular_apms_co_complex	cytosolic_hsp90_unresolved	Tandem-affinity purification and LC-MS/MS of tagged TNF/NF-kappaB pathway proteins in TNF-responsive human HEK293 cells	cultured_cell_line	human	whole_cell_or_unspecified_fraction	physical_interaction_or_proximity	CDC37 and IKBKG/IKKgamma form a high-confidence cellular TAP-MS association; purification of the IKK core subunits recovered the HSP90-CDC37 kinase-chaperone complex.	Supplementary Table S2 row 24 (IKKgamma-CDC37); Figures 1b and 2; Results, Hsp90-CDC37	Complex-scale TAP-MS does not establish purified binary CDC37-IKBKG binding, and IKBKG is a regulatory IKK subunit rather than a kinase.	Geldanamycin-associated abundance loss was shown for IKKalpha and IKKbeta, not for IKKgamma.	Tagged bait expression in one human cell line, no orthogonal pair-specific assay, and unresolved HSP90alpha versus HSP90beta contribution.	cellular_co_complex_not_binary;hsp90_paralog_unresolved;single_publication_multiple_pair_routes;tagged_overexpression	local_supplement_reviewed	focused_primary_review_complete	close_pair
COCHSRCREV-2026-09-13-CDC37-IRAK1-PMID32707033	2026-09-13	CDC37::IRAK1	CDC37	IRAK1	CDC37	IRAK1	PMID:32707033	32707033	PMC7427327	10.1016/j.molcel.2020.07.001	Kinase Interaction Network Expands Functional and Disease Roles of Human Kinases	supports_context_qualified_pair_relationship	physical_association;shared_complex	IRAK1_bait_APMS_co_recovers_CDC37	undirected_or_not_applicable			cellular_complex_not_binary	high_confidence_cellular_apms_co_complex	no_pair_specific_HSP90_assay_in_this_source	Human HEK Flp-In 293 T-REx cells with single-locus doxycycline-induced N-terminal Strep-HA-tagged kinase baits; more than 100 million cells per purification, rapid single-step Strep affinity recovery, and duplicate LC-MS/MS runs. Final interactors required WD score > 73.6, GFP-control abundance ratio > 18.4, and at least two total spectra, followed by CRAPome, contaminant, and carry-over filters calibrated to a global false-positive rate below 1%.	cultured_cell_line	human	whole_cell_or_unspecified_fraction	omics_or_screening_measurement;physical_interaction_or_proximity	IRAK1-bait AP-MS recovered CDC37 in the source's final high-confidence interaction matrix.	Table S2 final interactome Excel row 2165: bait IRAK1, prey CDC37, WD 351.21, GFP-control ratio 5746, total spectra 338; Table S4: bait not listed in the inherited Taipale comparison; Table S2 recovers HSP90AA1, HSP90AB1, and CDC37 with this bait; Table S9: target kinase construct matches canonical UniProt sequence	Affinity purification-mass spectrometry supports cellular co-recovery or shared-complex membership, not purified binary binding.	No requested pair received reciprocal purification, western blot, BioID, genetic perturbation, or purified-protein validation in this study. Table S4 client classes were inherited from Taipale et al. 2012 and are not new client evidence. The source reports no pair-level q-value for these AP-MS rows.	One tagged-expression cell-line background; N-terminal tags and induced expression may alter abundance, localization, folding, or binding. The authors note that overexpressed or misfolded kinases can recover more HSP90 and co-chaperones and that some associations may form after lysis. BioGRID and IntAct are duplicate route encodings of this source, not independent replication. The source label HSP90B denotes cytosolic HSP90AB1.	apms_screen;cellular_complex_not_binary;database_routes_not_independent_replication;no_pair_specific_HSP90_assay;not_client_evidence;possible_post_lysis_association;single_cell_line;tagged_induced_expression	local_article_figures_and_tables_S2_S4_S9_reviewed	focused_primary_review_complete	close_pair
COCHSRCREV-2026-09-13-CDC37-LONP1-PMID21163940	2026-09-13	CDC37::LONP1	CDC37	LONP1	CDC37	LONP1	PMID:21163940	21163940	PMC3044851	10.1101/gr.114280.110	Interactome mapping suggests new mechanistic details underlying Alzheimer's disease	supports_context_qualified_pair_relationship	physical_association	author_high_matrix_Y2H_association_LONP1_CDC37	undirected_or_not_applicable			heterologous_binary_reporter_not_native_complex	one_study_author_high_matrix_Y2H	no_HSP90_assay_in_this_source	The matrix screen tested human Gateway ORF bait/prey constructs in a budding-yeast GAL4 reporter system. An author call of high means activation of at least two reporter genes; it does not establish independent screens or validation by both mating and cotransformation. No pair-specific follow-up system was reported.	cultured_cell_line	budding_yeast;human	not_reported	omics_or_screening_measurement;physical_interaction_or_proximity	The pair occurred once in the source's matrix Y2H table with the author call high, meaning activation of at least two reporter genes.	Supplementary File 1, Y2H_matrix_screen worksheet row 44: CDC37 bait / LONP1 prey, CC, author call high; No pair-specific downstream assay is reported in Figure 2A	Matrix Y2H supports construct-level binary-reporter compatibility in a heterologous nuclear system, not purified-component binding or a native cellular complex. Reciprocal co-IP, where present, supports co-complex association rather than direct contact. GST/MYC pull-down, where present, used soluble lysate from transfected COS-7 cells and must not be interpreted as purified direct binding.	No pair-specific endogenous co-IP, GST pull-down, perturbation, or HSP90-dependence experiment was reported.	LONP1 is a mitochondrial-matrix protein whereas CDC37 is primarily cytosolic, creating a strong native-compartment concern. The supplement does not identify clone accession, transcript isoform, or fragment boundaries for the selected Y2H constructs. BioGRID and IntAct assay records are projections of this one paper, not independent replications. The reported aggregate 21/24 among high-confidence interactions selected for downstream testing cannot be transferred to an untested pair. Supplementary File 2 module 20 co-places this gene with CDC37 in a network module enriched for oxidation-reduction terms, but the module was computed from the integrated AD-PIN containing the discovered edge and is not independent support.	Y2H_heterologous_nuclear_reporter;assay_only;compartment_topology_unresolved;database_routes_not_independent_replication;direct_binding_unclear;high_means_two_reporters_not_independent_replication;isoform_resolution_unclear;no_HSP90_assay;no_pair_specific_followup;not_client_evidence;tagged_ORF_construct	local_publisher_PDF_and_current_PMC_HTML_plus_both_advertised_supplements_complete;Supplementary_File_1_claim_bearing;Supplementary_File_2_context_only	focused_primary_review_complete	close_pair
COCHSRCREV-2026-09-13-CDC37-LOXL4-PMID21163940	2026-09-13	CDC37::LOXL4	CDC37	LOXL4	CDC37	LOXL4	PMID:21163940	21163940	PMC3044851	10.1101/gr.114280.110	Interactome mapping suggests new mechanistic details underlying Alzheimer's disease	supports_context_qualified_pair_relationship	physical_association	author_high_matrix_Y2H_association_LOXL4_CDC37	undirected_or_not_applicable			heterologous_binary_reporter_not_native_complex	one_study_author_high_matrix_Y2H	no_HSP90_assay_in_this_source	The matrix screen tested human Gateway ORF bait/prey constructs in a budding-yeast GAL4 reporter system. An author call of high means activation of at least two reporter genes; it does not establish independent screens or validation by both mating and cotransformation. No pair-specific follow-up system was reported.	cultured_cell_line	budding_yeast;human	not_reported	omics_or_screening_measurement;physical_interaction_or_proximity	The pair occurred once in the source's matrix Y2H table with the author call high, meaning activation of at least two reporter genes.	Supplementary File 1, Y2H_matrix_screen worksheet row 45: CDC37 bait / LOXL4 prey, CC, author call high; No pair-specific downstream assay is reported in Figure 2A	Matrix Y2H supports construct-level binary-reporter compatibility in a heterologous nuclear system, not purified-component binding or a native cellular complex. Reciprocal co-IP, where present, supports co-complex association rather than direct contact. GST/MYC pull-down, where present, used soluble lysate from transfected COS-7 cells and must not be interpreted as purified direct binding.	No pair-specific endogenous co-IP, GST pull-down, perturbation, or HSP90-dependence experiment was reported.	LOXL4 follows the secretory pathway and has extracellular functions, creating a strong native-compartment concern with cytosolic CDC37. The supplement does not identify clone accession, transcript isoform, or fragment boundaries for the selected Y2H constructs. BioGRID and IntAct assay records are projections of this one paper, not independent replications. The reported aggregate 21/24 among high-confidence interactions selected for downstream testing cannot be transferred to an untested pair. Supplementary File 2 module 20 co-places this gene with CDC37 in a network module enriched for oxidation-reduction terms, but the module was computed from the integrated AD-PIN containing the discovered edge and is not independent support.	Y2H_heterologous_nuclear_reporter;assay_only;compartment_topology_unresolved;database_routes_not_independent_replication;direct_binding_unclear;high_means_two_reporters_not_independent_replication;isoform_resolution_unclear;no_HSP90_assay;no_pair_specific_followup;not_client_evidence;tagged_ORF_construct	local_publisher_PDF_and_current_PMC_HTML_plus_both_advertised_supplements_complete;Supplementary_File_1_claim_bearing;Supplementary_File_2_context_only	focused_primary_review_complete	close_pair
COCHSRCREV-2026-09-13-CDC37-MAP3K11-PMID15001580	2026-09-13	CDC37::MAP3K11	CDC37	MAP3K11	CDC37	MAP3K11	PMID:15001580	15001580		10.1074/jbc.M311377200	Hsp90/p50cdc37 Is Required for Mixed-lineage Kinase (MLK) 3 Signaling	supports_pair_relationship	physical_association;shared_complex	CDC37_MAP3K11_cellular_complex_with_kinase_domain_and_HSP90_client_context	undirected_or_not_applicable			cellular_complex_and_cell_lysate_domain_mapping_not_binary	endogenous_and_tagged_cellular_complex_with_HSP90_perturbation_client_context	HSP90AA1_and_HSP90AB1_detected_without_isoform_specific_dependence	Inducible N-terminal FLAG full-length MLK3 in human MCF-7 cells was analyzed by anti-FLAG affinity isolation/MS and immunoblot. Endogenous MCF-7 MLK3 IP tested endogenous HSP90 and CDC37. HEK293 lysate GST-CDC37 pull-down tested HA-MLK3 full-length and fragments. Geldanamycin time/dose perturbation tested endogenous MLK3 abundance and TNFalpha-induced MLK3/JNK signaling.	cultured_cell_line	human	whole_cell_or_unspecified_fraction	biochemical_or_structural;omics_or_screening_measurement;pharmacologic_or_chemical_perturbation;physical_interaction_or_proximity;protein_abundance_stability_or_folding;functional_or_phenotypic_readout	FLAG-MLK3 and endogenous MLK3 each co-recovered CDC37 and HSP90. A cell-lysate GST-CDC37 pull-down mapped recovery to MLK3 residues 1-399 and kinase domain 115-399, while 400-847 was negative. The same paper shows broad HSP90-inhibitor-dependent MLK3 loss and signaling blockade.	Fig. 2: FLAG-MLK3 AP-MS, HSP90alpha 12 peptides, HSP90beta 9 peptides, p50CDC37 and immunoblot validation; Fig. 3: endogenous MLK3 IP; Fig. 5: GST-CDC37/HA-MLK3 fragment pull-down, three experiments; Fig. 6: WT, Cdc42V12-activated and K144A MLK3 complexes; Figs. 4 and 7: >80% MLK3 loss by 24 h geldanamycin and loss of TNFalpha-induced MLK3/JNK activation	The GST assay used transfected mammalian cell lysate and recovered HSP90 with the pair; it is not purified binary binding. Geldanamycin perturbs HSP90, not CDC37, so this source does not establish CDC37-specific causal regulation of MAP3K11.	MLK3 residues 400-847 were not recovered by GST-CDC37. MKK4, MKK7 and JNK abundance remained stable under the reported geldanamycin condition. The authors allow an indirect inhibitor effect and did not detect GRP94 in FLAG-MLK3 AP-MS.	All exact pair assays use cell lysates. The source detects both HSP90alpha and HSP90beta but does not resolve isoform-specific dependence. BioGRID and CORUM routes project experiments from this same publication and are not independent replication. MLK3 means MAP3K11, not MLK1 or MLK2.	broad_HSP90_client_context_not_CDC37_causality;cell_lysate_pull_down_not_purified_direct_binding;database_routes_not_independent_replication;direct_binding_unclear;HSP90AA1_HSP90AB1_detected_no_isoform_preference;MLK3_maps_to_MAP3K11	local_complete_main_article_reviewed;no_separate_supplement_cited_or_required	focused_primary_review_complete	close_pair
COCHSRCREV-2026-09-13-CDC37-MAP3K7-PMID14743216	2026-09-13	CDC37::MAP3K7	CDC37	MAP3K7	CDC37	MAP3K7	PMID:14743216	14743216		10.1038/ncb1086	A physical and functional map of the human TNF-alpha/NF-kappaB signal transduction pathway	supports_context_qualified_pair_relationship	shared_complex	CDC37_MAP3K7_high_confidence_cellular_co_complex	undirected_or_not_applicable			cellular_complex_not_binary	high_confidence_cellular_apms_co_complex	cytosolic_hsp90_unresolved	Tandem-affinity purification and LC-MS/MS of tagged TNF/NF-kappaB pathway proteins in TNF-responsive human HEK293 cells	cultured_cell_line	human	whole_cell_or_unspecified_fraction	physical_interaction_or_proximity	CDC37 and MAP3K7/TAK1 form a high-confidence cellular TAP-MS association within the TNF/NF-kappaB signaling map.	Supplementary Table S2 row 92 (TAK1-CDC37); Figure 2	Complex-scale TAP-MS supports cellular co-complex association, not purified binary CDC37-MAP3K7 binding.	The paper does not provide a targeted co-immunoprecipitation, pair-specific perturbation, stability assay, or direct binding measurement for this pair.	Tagged bait expression in one human cell line, discovery-scale AP-MS, and unresolved HSP90alpha versus HSP90beta contribution.	cellular_co_complex_not_binary;hsp90_paralog_unresolved;single_publication_multiple_pair_routes;tagged_overexpression	local_supplement_reviewed	focused_primary_review_complete	close_pair
COCHSRCREV-2026-09-14-CDC37-MAPK7-PMID23428871	2026-09-14	CDC37::MAPK7	CDC37	MAPK7	CDC37	MAPK7	PMID:23428871	23428871	PMC3624243	10.1128/MCB.01246-12	Canonical and kinase activity-independent mechanisms for extracellular signal-regulated kinase 5 (ERK5) nuclear translocation require dissociation of Hsp90 from the ERK5-Cdc37 complex	supports_pair_relationship	functional_complex;physical_association;protein_stability_regulation;shared_complex	CDC37_association_with_and_directed_regulation_of_MAPK7_ERK5_stability_localization_and_signaling	directed	CDC37	MAPK7	cellular_complex_and_genetic_regulation_not_purified_binary	TAPMS_reciprocal_endogenous_coIP_domain_mapping_CDC37_loss_and_gain_function	HSP90AB1_beta_physical_complex_context_with_pan_HSP90_functional_perturbation_no_isoform_specific_dependency	TAP-ERK5 mass spectrometry in human SH-SY5Y cells was followed by reciprocal endogenous immunoprecipitation in HeLa cells, mouse MEFs, and rat brain; tagged mapping tested the ERK5 N-terminal kinase region. CDC37 siRNA and overexpression tested stability, nuclear localization, signaling, and proliferation in human and mouse cellular models.	cultured_cell_line;tissue_or_biospecimen	human;mouse;rat	cytosol;nucleus_or_chromatin	functional_or_phenotypic_readout;genetic_perturbation;localization_trafficking_or_secretion;omics_or_screening_measurement;pharmacologic_or_chemical_perturbation;physical_interaction_or_proximity;protein_abundance_stability_or_folding	ERK5/MAPK7 co-recovered with CDC37 and Hsp90beta in cellular complexes and mapped to the ERK5 kinase region. CDC37 depletion reduced ERK5 stability, whereas CDC37 overexpression promoted ERK5 nuclear localization, kinase-independent AP-1 output, and ERK5-dependent PC3 proliferation.	TAP-MS discovery and reciprocal endogenous IP; kinase-region mapping; CDC37 siRNA stability experiments; EGF/MEK5 dissociation; CDC37 gain-of-function localization, AP-1, and PC3 proliferation figures	Cellular complex recovery and domain mapping do not establish purified CDC37-MAPK7 binding. Direction is supported only for CDC37 effects on MAPK7 stability/localization/signaling. Hsp90beta is physically observed, but inhibitor experiments are pan-HSP90 and do not establish beta-exclusive dependence or a new client promotion here.	GFP-TAP, no-antibody, MEK5-null, control-siRNA, comparator-kinase, geldanamycin/radicicol, MG132, and ERK5-variant controls delimit the result. EGF/MEK5 activation dissociated Hsp90 while CDC37 remained associated.	Multisystem cellular evidence supports the CDC37-to-MAPK7 mechanism but not purified binary contact. HSP90AA1 was not compared side by side with HSP90AB1 for dependency, and the source's HSP90 client context is not used to alter production scoring.	cellular_complex_not_purified_binary;directed_CDC37_to_MAPK7_only;HSP90_beta_physical_context_not_exclusive_dependency;not_new_client_promotion;pan_HSP90_pharmacology	local_complete_main_article_reviewed;no_separate_supplement_identified	focused_primary_review_complete	close_pair
COCHSRCREV-2026-09-14-CDC37-MAPK7-PMID25036637	2026-09-14	CDC37::MAPK7	CDC37	MAPK7	CDC37	MAPK7	PMID:25036637	25036637	PMC4104544	10.1016/j.cell.2014.05.039	A quantitative chaperone interaction network reveals the architecture of cellular protein homeostasis pathways	supports_context_qualified_pair_relationship	physical_association	MAPK7_query_CDC37_reporter_LUMIER_cellular_association	undirected_or_not_applicable			tagged_expression_LUMIER_cellular_association_not_binary	single_orientation_LUMIER_at_or_near_source_threshold_without_APMS	no_pair_specific_HSP90_mediation_or_isoform_dependency_established	Human 293T stable Renilla-reporter cells and transient 3xFLAG query expression supplied LUMIER measurements; score at least 7 defined a qualifying source result. Query/reporter orientation is assay configuration, not biological direction.	cultured_cell_line	human	whole_cell_or_unspecified_fraction	omics_or_screening_measurement;physical_interaction_or_proximity	MAPK7 3xFLAG query to CDC37 reporter LUMIER scored 8.591380, above the source threshold of 7.	Table S1 decision workbook, general LUMIER matrix exact query/reporter cell	One tagged-expression LUMIER result supports cellular association only. It does not establish purified binding, biological direction, client status, pair-specific HSP90 mediation, or isoform dependence.	No qualifying AP-MS result or reciprocal LUMIER result is used for this pair. Database assay labels are source projections and do not add independent replication.	One 293T tagged-expression study. Values near the cutoff remain numeric and source-qualified; assay orientation and separate HSP90 measurements are not converted into biology or client evidence.	database_route_not_independent_replication;LUMIER_assay_orientation_not_biological_direction;no_pair_specific_HSP90_mediation;not_client_evidence;single_cell_line;single_orientation;tagged_expression	local_main_article_and_decision_complete_Table_S1_workbook_reviewed;optional_other_supplements_not_decision_blocking	focused_primary_review_complete	close_pair
COCHSRCREV-2026-09-14-CDC37-MAPT-PMID21367866	2026-09-14	CDC37::MAPT	CDC37	MAPT	CDC37	MAPT	PMID:21367866	21367866	PMC3089541	10.1074/jbc.M110.182493	The Hsp90 kinase co-chaperone Cdc37 regulates tau stability and phosphorylation dynamics	supports_pair_relationship	functional_complex;physical_association;protein_stability_regulation;shared_complex	CDC37_associates_with_MAPT_and_regulates_MAPT_abundance_and_phosphorylation	directed	CDC37	MAPT	human_brain_reciprocal_coIP_plus_cellular_perturbation_not_purified_binary_binding	low_throughput_human_brain_coIP_plus_cellular_loss_and_gain_of_function	broad_HSP90_pharmacology_without_HSP90AA1_HSP90AB1_resolution	Human Alzheimer disease and control medial-temporal-gyrus lysates; HeLa and HeLaC3 cells; BE(2)-M17 human neuroblastoma cells; and mouse primary forebrain neurons. Cellular assays used siRNA depletion or expression of tagged human Tau and CDC37; 17-AAG supplied broad-HSP90 pharmacologic context.	cultured_cell_line;primary_cells;tissue_or_biospecimen	human;mouse	whole_cell_or_unspecified_fraction	genetic_perturbation;pharmacologic_or_chemical_perturbation;physical_interaction_or_proximity;protein_abundance_stability_or_folding	Reciprocal immunoprecipitations from human brain lysate recovered Tau and CDC37. CDC37 depletion reduced, and CDC37 expression increased, Tau abundance in cell models; depletion also changed Tau phospho-epitopes and reduced CDK5 and AKT abundance.	Figs. 1-2, CDC37 loss/gain effects on Tau abundance; Fig. 4, neuronal colocalization and human-brain reciprocal coIP; Fig. 5, phospho-Tau changes; Figs. 6-7, 17-AAG and CDK5/AKT context	Human-brain coIP establishes lysate association, not purified binary binding. The Tau abundance and phosphorylation effects may be partly mediated by CDC37-dependent kinase stability, so a direct CDC37-to-Tau stabilization mechanism is not isolated.	The source does not resolve HSP90AA1 from HSP90AB1 and does not show that CDC37 regulates Tau independently of CDK5, AKT, or other kinase clients.	Tagged and overexpressed Tau constructs were used in several cell assays. Human-brain coIP is not cell-type resolved. Database orientations and the reciprocal coIPs are measurements from one publication, not independent sources.	broad_HSP90_not_isoform_resolved;cell_line_overexpression_context;coIP_not_direct_binding;database_routes_not_independent_replication;human_brain_lysate_cell_type_unresolved;indirect_kinase_mediation_possible;not_HSP90_client_evidence	local_main_claim_complete;advertised_supplement_not_required_for_pair_decision	focused_primary_review_complete	retain_pair
COCHSRCREV-2026-09-14-CDC37-MAPT-PMID35063084-RECHECK	2026-09-14	CDC37::MAPT	CDC37	MAPT	CDC37	MAPT	PMID:35063084	35063084	PMC8857049	10.1016/j.cell.2021.12.041	Tau interactome maps synaptic and mitochondrial processes associated with neurodegeneration	inconclusive_or_recheck_required		database_curated_Tau_CDC37_proximity_and_coIP_routes_require_exact_source_table_recheck	undirected_or_not_applicable			exact_pair_result_not_local_for_tagged_Tau_APEX_and_APMS_source	high_throughput_source_route_unconfirmed_at_exact_pair_level	no_pair_specific_HSP90_assay_confirmed_in_local_source	Human WTC11 NGN2 iPSC-derived glutamatergic neurons expressing 2N4R Tau with N- or C-terminal APEX2/FLAG tags; separate FLAG-Tau WT, P301L, and V337M AP-MS comparisons.	cultured_cell_line	human	whole_cell_or_unspecified_fraction	omics_or_screening_measurement;physical_interaction_or_proximity	The local article establishes the Tau APEX proximity-labeling and FLAG-Tau AP-MS platforms, but it does not name CDC37 in accessible text. The seven database routes therefore remain unconfirmed at the exact result-row level.	Figs. 1-2, Tau APEX platform; Fig. 5, Tau AP-MS platform; exact CDC37 evidence should be in Supplementary Table S1 and/or S4	Even if the exact row is recovered, APEX establishes proximity and FLAG-Tau AP-MS/coIP establishes cellular or lysate association, not purified binary binding.	Absence of CDC37 from article prose is not a biological negative and cannot reject a table-level screen hit.	Supplementary Table S1 (APEX results) and Table S4 (Tau AP-MS interactors) are advertised but not local. Database records from one source are not independent replications.	database_method_label_not_source_confirmation;database_routes_not_independent_replication;exact_pair_not_found_in_accessible_source_text;not_client_evidence;not_direct_binding;not_isoform_exclusivity_evidence;supplementary_tables_S1_S4_missing;tagged_Tau_construct	claim_bearing_Supplementary_Tables_S1_and_S4_advertised_but_not_local;recheck_required	recheck_required	retain_pair
COCHSRCREV-2026-09-13-CDC37-NOS3-PMID21163940	2026-09-13	CDC37::NOS3	CDC37	NOS3	CDC37	NOS3	PMID:21163940	21163940	PMC3044851	10.1101/gr.114280.110	Interactome mapping suggests new mechanistic details underlying Alzheimer's disease	supports_context_qualified_pair_relationship	physical_association;shared_complex	author_high_matrix_Y2H_plus_reciprocal_endogenous_coIP_and_positive_GST_pull_down_NOS3_CDC37	undirected_or_not_applicable			heterologous_binary_reporter_plus_endogenous_coIP_and_cell_lysate_GST_pull_down	one_study_author_high_matrix_Y2H_plus_reciprocal_endogenous_coIP_and_positive_cell_lysate_GST_pull_down	no_HSP90_assay_in_this_source	The matrix screen tested human Gateway ORF bait/prey constructs in a budding-yeast GAL4 reporter system. An author call of high means activation of at least two reporter genes; it does not establish independent screens or validation by both mating and cotransformation. Pair-specific follow-up used reciprocal endogenous co-IP in human SH-SY5Y cells and GST/MYC constructs expressed in COS-7 cells with glutathione capture from soluble cell lysate.	cultured_cell_line	african_green_monkey;budding_yeast;human	whole_cell_or_unspecified_fraction	biochemical_or_structural;omics_or_screening_measurement;physical_interaction_or_proximity	The author-high matrix Y2H association was followed by positive reciprocal endogenous co-IP in SH-SY5Y cells and positive GST/MYC affinity pull-down from transfected COS-7 soluble lysate.	Supplementary File 1, Y2H_matrix_screen worksheet row 33: CDC37 bait / NOS3 prey, SC, author call high; Figure 2A co-IP and pull-down detected; Figure 2B GST:NOS3/Myc:CDC37 pull-down; Figure 2C reciprocal endogenous NOS3/CDC37 co-IP	Matrix Y2H supports construct-level binary-reporter compatibility in a heterologous nuclear system, not purified-component binding or a native cellular complex. Reciprocal co-IP, where present, supports co-complex association rather than direct contact. GST/MYC pull-down, where present, used soluble lysate from transfected COS-7 cells and must not be interpreted as purified direct binding.	No pair-specific negative result was reported. The GST/MYC assay used transfected COS-7 soluble lysate and is not purified-component reconstitution or proof of direct binding.	Reciprocal endogenous co-IP tests native NOS3 and CDC37 in one SH-SY5Y cell line and supports co-complex association, but not direct contact or broader physiological generality. The supplement does not identify clone accession, transcript isoform, or fragment boundaries for the selected Y2H constructs. BioGRID and IntAct assay records are projections of this one paper, not independent replications. The reported aggregate 21/24 among high-confidence interactions selected for downstream testing cannot be transferred to an untested pair. Supplementary File 2 provides network-module context only and is not independent pair support.	COS7_soluble_lysate_pull_down_not_purified_direct_binding;Y2H_heterologous_nuclear_reporter;assay_only;complex_member_not_direct_binding;database_routes_not_independent_replication;direct_binding_unclear;endogenous_coIP_single_cell_line;endogenous_lysate_coIP_not_intact_cell_localization;high_means_two_reporters_not_independent_replication;isoform_resolution_unclear;no_HSP90_assay;not_client_evidence;tagged_ORF_construct	local_publisher_PDF_and_current_PMC_HTML_plus_both_advertised_supplements_complete;Supplementary_File_1_claim_bearing;Supplementary_File_2_context_only	focused_primary_review_complete	close_pair
COCHSRCREV-2026-09-13-CDC37-NTRK1-PMID35384245	2026-09-13	CDC37::NTRK1	CDC37	NTRK1	CDC37	NTRK1	PMID:35384245	35384245	PMC9171411	10.15252/embr.202154041	Physical and functional interactome atlas of human receptor tyrosine kinases	supports_context_qualified_pair_relationship	physical_association;shared_complex	CDC37_NTRK1_high_confidence_APMS_and_BioID_association	undirected_or_not_applicable			cellular_complex_not_binary	high_confidence_cellular_apms_and_bioid_association	no_pair_specific_HSP90_assay_in_this_source	Human HEK293 Flp-In T-REx cells with single-locus tetracycline-induced C-terminal MAC-tagged RTK baits, 24-hour BioID labeling followed by 15-minute pervanadate activation, and AP-MS/BioID in two biological replicates; high-confidence interactors passed SAINT Bayesian FDR < 0.05 and the source CRAPome filter	cultured_cell_line	human	whole_cell_or_unspecified_fraction	omics_or_screening_measurement;physical_interaction_or_proximity	WT NTRK1 recovered CDC37 as a high-confidence interactor by both AP-MS and BioID.	Dataset EV1A row 3179: AP AvgSpec 52, BFDR 0; row 3267: BIOID AvgSpec 36, BFDR 0	AP-MS supports cellular co-complex recovery and BioID supports proximity; neither establishes purified binary binding.	These assays do not establish purified pairwise binding, client status, pair-specific HSP90 dependence, or HSP90 isoform selectivity.	Tagged RTK expression in one human cell-line background, two biological replicates, and pervanadate activation. BioGRID and IntAct entries are duplicate encodings of this source, not independent replication. BioID labeling accumulated for 24 hours before the 15-minute pervanadate activation, so most proximity signal may predate the brief activated state.	assay_only;database_routes_not_independent_replication;direct_binding_unclear;no_pair_specific_HSP90_assay;not_client_evidence;single_cell_line;tagged_expression;bioid_24h_labeling_precedes_15min_activation	local_expanded_view_figures_dataset_EV1_and_source_data_reviewed	focused_primary_review_complete	close_pair
COCHSRCREV-2026-09-13-CDC37-NUP98-PMID25036637	2026-09-13	CDC37::NUP98	CDC37	NUP98	CDC37	NUP98	PMID:25036637	25036637	PMC4104544	10.1016/j.cell.2014.05.039	A quantitative chaperone interaction network reveals the architecture of cellular protein homeostasis pathways	supports_context_qualified_pair_relationship	physical_association;shared_complex	CDC37_bait_APMS_cellular_association_with_NUP98	undirected_or_not_applicable			cellular_complex_not_binary	tagged_expression_duplicate_APMS_cellular_association	no_pair_specific_HSP90_assay_in_this_source	Human stable polyclonal 293T cells expressing predominantly C-terminal 3xFLAG-V5-tagged chaperone or co-chaperone AP-MS baits were analyzed in duplicate from whole-cell lysate with sodium molybdate. SAINT high-confidence AP-MS required AvgP >= 0.85. LUMIER used transient 3xFLAG query baits and stable Renilla reporters in 293T cells and a high-confidence score >= 7.	cultured_cell_line	human	whole_cell_or_unspecified_fraction	omics_or_screening_measurement;physical_interaction_or_proximity	CDC37-bait AP-MS recovered NUP98 above the source's AvgP 0.85 threshold.	AvgP scores row 95: CDC37 bait, NUP98 prey, AvgP 1.00, Spec 15|9, CtrlCounts 0|0|0|0|2|0|0	AP-MS and LUMIER use cellular lysates and support association or shared-complex membership, not purified binary binding. Assay orientation is not biological direction.	Subthreshold or unavailable AP-MS or LUMIER configurations are source-specific assay results, not evidence that the proteins cannot interact in another context. No qualifying LUMIER configuration was available.	One transformed 293T lineage with tagged expressed proteins. BioGRID and IntAct routes can encode the same source measurement and are not independent replications.	apms_screen;cellular_complex_not_binary;database_routes_not_independent_replication;no_pair_specific_HSP90_assay;not_client_evidence;single_cell_line;tagged_expression;lumier_unavailable	local_main_article_and_complete_Table_S1_workbook_reviewed	focused_primary_review_complete	close_pair
COCHSRCREV-2026-09-13-CDC37-NUP98-PMID33961781	2026-09-13	CDC37::NUP98	CDC37	NUP98	CDC37	NUP98	PMID:33961781	33961781	PMC8165030	10.1016/j.cell.2021.04.011	Dual proteome-scale networks reveal cell-specific remodeling of the human interactome	supports_context_qualified_pair_relationship	physical_association;shared_complex	CDC37_bait_BioPlex3_293T_APMS_co_recovers_NUP98	undirected_or_not_applicable			cellular_complex_not_binary	high_confidence_cellular_APMS_co_complex	no_pair_specific_HSP90_mediation_established	BioPlex 3.0 used lentiviral expression of affinity-tagged human baits and AP-MS in 293T and HCT116 cells. Official directed releases preserve bait-prey configuration; final network releases provide pInt, pW, and pNI scores, with the local database route using pInt >= 0.75.	cultured_cell_line	human	whole_cell_or_unspecified_fraction	omics_or_screening_measurement;physical_interaction_or_proximity	CDC37-bait BioPlex 3.0 293T AP-MS recovered NUP98 above pInt 0.75.	293T directed line 109698: CDC37 bait, NUP98 prey; 293T final-network line 98350, pInt 0.939911621202810	AP-MS supports cellular co-recovery or shared-complex membership, not purified binary contact. Reciprocal capture or recovery in two cell lines remains same-study evidence, and bait-prey orientation is not regulatory direction.	No pair-specific direct-binding, regulatory, client-stability, or HSP90 mediation experiment was reported.	Tagged-expression AP-MS in two transformed cell lines. BioGRID, IntAct, directed releases, and final-network rows project one study rather than independent evidence. The 293T network carries forward prior releases.	apms_screen;BioPlex3_293T_carries_forward_prior_releases;cellular_complex_not_binary;database_routes_not_independent_replication;no_pair_specific_HSP90_assay;not_client_evidence;tagged_expression;same_study_cross_cell_line_replication	local_main_and_exact_official_directed_and_final_network_matrices_reviewed	focused_primary_review_complete	close_pair
COCHSRCREV-2026-09-14-CDC37-OGA-PMID26344197	2026-09-14	CDC37::OGA	CDC37	OGA	CDC37	OGA	PMID:26344197	26344197	PMC5036527	10.1038/nature14877	Panorama of ancient metazoan macromolecular complexes	supports_context_qualified_pair_relationship	physical_association;shared_complex	cross_species_cofractionation_association_MGEA5_CDC37_no_shared_final_complex	undirected_or_not_applicable			cross_species_cofractionation_SVM_co_complex_prediction_not_binary_binding	conserved_cofractionation_association_four_input_species	no_pair_specific_HSP90_assay_in_this_source	Biochemical fractionation and LC-MS/MS across animal tissues, embryos, larvae, stem cells, and cultured cell lines, followed by cross-species correlation features and a support-vector-machine prediction of conserved protein-complex co-membership.	cultured_cell_line;tissue_or_biospecimen;whole_organism_or_in_vivo	fruit_fly;human;mouse;nematode	whole_cell_or_unspecified_fraction	computational_or_secondary_context;omics_or_screening_measurement;physical_interaction_or_proximity	Supplementary Table 2 row 16047 contains MGEA5-CDC37 with final Cofrac_PPI_score 0.072419694 and four input species. no shared final complex is reported in Supplementary Table 4.	Supplementary Table 2 row 16047; Supplementary Table 4 complex assignment; source entry criterion raw biochemical support >0.5 in at least two input species	Cross-species co-elution plus classifier scoring supports conserved co-complex association, not pairwise contact, binding direction, stoichiometry, or mechanism. The exported final score is not the raw entry correlation threshold.	Lack of a shared final cluster for three pairs does not negate their retained non-clustered association row. No pair-specific affinity capture, reconstitution, or functional test is reported.	The network-level estimated precision is not pair-specific. Cross-species observations are within-source replication on a related platform rather than independent publications, and the source does not assay HSP90 mediation or isoform selectivity.	classifier_inferred_association;cofractionation_not_direct_binding;cross_species_same_source_support;network_precision_not_pair_specific;no_HSP90_assay_in_source;not_client_evidence;not_directional_regulation;not_isoform_exclusivity_evidence	local_main_and_complete_native_Supplementary_Tables_1_to_9_reviewed;exact_rows_present	focused_primary_review_complete	retain_pair
COCHSRCREV-2026-09-13-CDC37-PRAM1-PMID21163940	2026-09-13	CDC37::PRAM1	CDC37	PRAM1	CDC37	PRAM1	PMID:21163940	21163940	PMC3044851	10.1101/gr.114280.110	Interactome mapping suggests new mechanistic details underlying Alzheimer's disease	supports_context_qualified_pair_relationship	physical_association	author_high_matrix_Y2H_association_PRAM1_CDC37	undirected_or_not_applicable			heterologous_binary_reporter_not_native_complex	one_study_author_high_matrix_Y2H	no_HSP90_assay_in_this_source	The matrix screen tested human Gateway ORF bait/prey constructs in a budding-yeast GAL4 reporter system. An author call of high means activation of at least two reporter genes; it does not establish independent screens or validation by both mating and cotransformation. No pair-specific follow-up system was reported.	cultured_cell_line	budding_yeast;human	not_reported	omics_or_screening_measurement;physical_interaction_or_proximity	The pair occurred once in the source's matrix Y2H table with the author call high, meaning activation of at least two reporter genes.	Supplementary File 1, Y2H_matrix_screen worksheet row 47: CDC37 bait / PRAM1 prey, CC, author call high; No pair-specific downstream assay is reported in Figure 2A	Matrix Y2H supports construct-level binary-reporter compatibility in a heterologous nuclear system, not purified-component binding or a native cellular complex. Reciprocal co-IP, where present, supports co-complex association rather than direct contact. GST/MYC pull-down, where present, used soluble lysate from transfected COS-7 cells and must not be interpreted as purified direct binding.	No pair-specific endogenous co-IP, GST pull-down, perturbation, or HSP90-dependence experiment was reported.	The source did not test the association in an unmodified native cellular context. The supplement does not identify clone accession, transcript isoform, or fragment boundaries for the selected Y2H constructs. BioGRID and IntAct assay records are projections of this one paper, not independent replications. The reported aggregate 21/24 among high-confidence interactions selected for downstream testing cannot be transferred to an untested pair. Supplementary File 2 provides network-module context only and is not independent pair support.	Y2H_heterologous_nuclear_reporter;assay_only;database_routes_not_independent_replication;direct_binding_unclear;high_means_two_reporters_not_independent_replication;isoform_resolution_unclear;native_context_not_tested;no_HSP90_assay;no_pair_specific_followup;not_client_evidence;tagged_ORF_construct	local_publisher_PDF_and_current_PMC_HTML_plus_both_advertised_supplements_complete;Supplementary_File_1_claim_bearing;Supplementary_File_2_context_only	focused_primary_review_complete	close_pair
COCHSRCREV-2026-09-13-CDC37-PRDX2-PMID21163940	2026-09-13	CDC37::PRDX2	CDC37	PRDX2	CDC37	PRDX2	PMID:21163940	21163940	PMC3044851	10.1101/gr.114280.110	Interactome mapping suggests new mechanistic details underlying Alzheimer's disease	supports_context_qualified_pair_relationship	physical_association	author_high_matrix_Y2H_with_negative_GST_pull_down_PRDX2_CDC37	undirected_or_not_applicable			heterologous_binary_reporter_with_negative_cell_lysate_GST_pull_down	one_study_author_high_matrix_Y2H_with_negative_cell_lysate_GST_pull_down	no_HSP90_assay_in_this_source	The matrix screen tested human Gateway ORF bait/prey constructs in a budding-yeast GAL4 reporter system. An author call of high means activation of at least two reporter genes; it does not establish independent screens or validation by both mating and cotransformation. Pair-specific follow-up used GST/MYC constructs expressed in COS-7 cells and glutathione capture from soluble cell lysate.	cultured_cell_line	african_green_monkey;budding_yeast;human	whole_cell_or_unspecified_fraction	biochemical_or_structural;omics_or_screening_measurement;physical_interaction_or_proximity	The author-high matrix Y2H association is retained, while a downstream GST-affinity pull-down from transfected COS-7 soluble lysate did not detect the pair.	Supplementary File 1, Y2H_matrix_screen worksheet row 48: CDC37 bait / PRDX2 prey, CC, author call high; Figure 2A records pull-down not detected; no pair-specific PRDX2 blot is displayed in Figure 2B	Matrix Y2H supports construct-level binary-reporter compatibility in a heterologous nuclear system, not purified-component binding or a native cellular complex. Reciprocal co-IP, where present, supports co-complex association rather than direct contact. GST/MYC pull-down, where present, used soluble lysate from transfected COS-7 cells and must not be interpreted as purified direct binding.	The negative GST-affinity pull-down is construct- and assay-specific discordance, not evidence that the cellular interaction is absent. No endogenous co-IP follow-up was reported for this pair.	The source did not test the association in an unmodified native cellular context. The supplement does not identify clone accession, transcript isoform, or fragment boundaries for the selected Y2H constructs. BioGRID and IntAct assay records are projections of this one paper, not independent replications. The reported aggregate 21/24 among high-confidence interactions selected for downstream testing cannot be transferred to an untested pair. Supplementary File 2 module 20 co-places this gene with CDC37 in a network module enriched for oxidation-reduction terms, but the module was computed from the integrated AD-PIN containing the discovered edge and is not independent support.	Y2H_heterologous_nuclear_reporter;assay_discordance;assay_only;database_routes_not_independent_replication;direct_binding_unclear;high_means_two_reporters_not_independent_replication;isoform_resolution_unclear;native_context_not_tested;negative_GST_pull_down_not_biological_negative;no_HSP90_assay;not_client_evidence;tagged_ORF_construct	local_publisher_PDF_and_current_PMC_HTML_plus_both_advertised_supplements_complete;Supplementary_File_1_claim_bearing;Supplementary_File_2_context_only	focused_primary_review_complete	close_pair
COCHSRCREV-2026-09-13-CDC37-PRKAA1-PMID16306228	2026-09-13	CDC37::PRKAA1	CDC37	PRKAA1	CDC37	PRKAA1	PMID:16306228	16306228		10.1242/jcs.02670	14-3-3 cooperates with LKB1 to regulate the activity and localization of QSK and SIK	supports_context_qualified_pair_relationship	physical_association;shared_complex	rat_AMPKalpha1_PRKAA1_bait_TAPMS_complex_with_CDC37_and_HSP90	undirected_or_not_applicable			tagged_TAPMS_complex_membership_not_pairwise	single_bait_TAPMS_complex_membership	generic_HSP90_complex_context_without_isotype_resolution	Stable human HEK293 cells expressed low levels of N-terminal GFP-TAP rat AMPKalpha1[T172E]/PRKAA1 bait. Two-step IgG/calmodulin affinity purification and mass spectrometry identified associated proteins; GFP-TAP-only cells were the control.	cultured_cell_line	human;rat	whole_cell_or_unspecified_fraction	omics_or_screening_measurement;physical_interaction_or_proximity	AMPKalpha1/PRKAA1 bait co-purified CDC37 (15% sequence coverage; Mascot score 219) together with Hsp90 in the TAP complex.	Fig. 1A-C purification workflow and gel; Table 1 samples 4 and 8: Hsp90 and CDC37 associated with AMPKalpha1 bait	TAP-MS complex membership does not establish CDC37-PRKAA1 pairwise contact, biological direction, or CDC37-dependent stability/function.	Hsp70 and tubulin occurred in GFP-TAP-only controls and were treated as likely contaminants; the AMPKalpha/beta/gamma subunits validate recovery of a physiological bait complex. No pair-specific targeted validation was reported.	The bait is rat AMPKalpha1[T172E] in human cells. The source does not resolve HSP90AA1 versus HSP90AB1, test CDC37 perturbation, or establish client status for this pair.	cross_species_rat_bait_in_human_cells;HSP90_paralog_unresolved;not_client_evidence;tagged_TAPMS_not_binary;variant_or_construct_context	local_main_article_reviewed;advertised_supplement_not_local_archive_gap_not_decision_blocker	focused_primary_review_complete	close_pair
COCHSRCREV-2026-09-13-CDC37-PRKAA1-PMID25036637	2026-09-13	CDC37::PRKAA1	CDC37	PRKAA1	CDC37	PRKAA1	PMID:25036637	25036637	PMC4104544	10.1016/j.cell.2014.05.039	A quantitative chaperone interaction network reveals the architecture of cellular protein homeostasis pathways	supports_context_qualified_pair_relationship	physical_association;shared_complex	PRKAA1_long_query_LUMIER_cellular_association_with_CDC37	undirected_or_not_applicable			cellular_complex_not_binary	construct_qualified_tagged_expression_LUMIER_without_qualifying_APMS	no_pair_specific_HSP90_mediation_established	Human 293T cells stably expressed mostly C-terminal 3xFLAG-V5-tagged bait proteins for duplicate AP-MS scored by SAINT (qualifying AvgP at least 0.85). Separate stable Renilla-reporter cells and transient 3xFLAG query expression supplied LUMIER measurements (qualifying score at least 7). Query/reporter and bait/prey orientations are assay configurations.	cultured_cell_line	human	whole_cell_or_unspecified_fraction	omics_or_screening_measurement;physical_interaction_or_proximity	PRKAA1-LONG (Q13131-2)-query/CDC37-reporter LUMIER scored 24.426548, above 7; this supports a construct-qualified cellular association.	Table S1 decision workbook: AP-MS, general LUMIER, and targeted domain-panel sheets rechecked at source thresholds	AP-MS co-recovery and LUMIER signal in cells do not establish purified pairwise contact, biological direction, client status, or HSP90 mediation.	PRKAA1-SHORT scored 4.576251 and the targeted beta-propeller PRKAA1 configuration scored 5.531190, both below 7. No qualifying AP-MS pair was reported. These within-study construct results are not biological noninteractions.	One tagged-expression 293T study. BioGRID and IntAct routes are encodings of the same publication, not independent experiments or replication.	APMS_not_reported_for_pair;PRKAA1_LONG_positive_SHORT_below_threshold;cellular_complex_not_binary;construct_specific_LUMIER_support;no_pair_specific_HSP90_mediation;not_client_evidence;single_cell_line;tagged_expression;targeted_domain_panel_LUMIER_below_threshold	local_main_article_and_decision_complete_Table_S1_workbook_reviewed;optional_other_publication_supplements_not_decision_blocking	focused_primary_review_complete	close_pair
COCHSRCREV-2026-09-13-CDC37-PSEN1-PMID21163940	2026-09-13	CDC37::PSEN1	CDC37	PSEN1	CDC37	PSEN1	PMID:21163940	21163940	PMC3044851	10.1101/gr.114280.110	Interactome mapping suggests new mechanistic details underlying Alzheimer's disease	supports_context_qualified_pair_relationship	physical_association;shared_complex	author_high_matrix_Y2H_plus_reciprocal_endogenous_coIP_with_negative_GST_pull_down_PSEN1_CDC37	undirected_or_not_applicable			heterologous_binary_reporter_plus_endogenous_coIP_with_negative_cell_lysate_GST_pull_down	one_study_author_high_matrix_Y2H_plus_reciprocal_endogenous_coIP_with_negative_cell_lysate_GST_pull_down	no_HSP90_assay_in_this_source	The matrix screen tested human Gateway ORF bait/prey constructs in a budding-yeast GAL4 reporter system. An author call of high means activation of at least two reporter genes; it does not establish independent screens or validation by both mating and cotransformation. Pair-specific follow-up used reciprocal endogenous co-IP in human SH-SY5Y cells and GST/MYC constructs expressed in COS-7 cells with glutathione capture from soluble cell lysate.	cultured_cell_line	african_green_monkey;budding_yeast;human	whole_cell_or_unspecified_fraction	biochemical_or_structural;omics_or_screening_measurement;physical_interaction_or_proximity	The author-high matrix Y2H association was followed by positive reciprocal endogenous co-IP in SH-SY5Y cells, while a GST-affinity pull-down from transfected COS-7 soluble lysate was not detected.	Supplementary File 1, Y2H_matrix_screen worksheet row 139: PSEN1 bait / CDC37 prey, SC, author call high; Main text page 367 and Figure 2A: pull-down not detected; Figure 2C: reciprocal endogenous PSEN1/CDC37 co-IP; Figure 2B has no PSEN1 lane	Matrix Y2H supports construct-level binary-reporter compatibility in a heterologous nuclear system, not purified-component binding or a native cellular complex. Reciprocal co-IP, where present, supports co-complex association rather than direct contact. GST/MYC pull-down, where present, used soluble lysate from transfected COS-7 cells and must not be interpreted as purified direct binding.	The negative GST-affinity pull-down is method- and construct-specific discordance with the positive Y2H and co-IP results, not evidence that a cellular association is absent.	PSEN1 is a multipass ER protein, and matrix Y2H removes its native membrane topology; reciprocal co-IP improves cellular association support but does not resolve direct contact or a native CDC37 mechanism. The supplement does not identify clone accession, transcript isoform, or fragment boundaries for the selected Y2H constructs. BioGRID and IntAct assay records are projections of this one paper, not independent replications. The reported aggregate 21/24 among high-confidence interactions selected for downstream testing cannot be transferred to an untested pair. Supplementary File 2 provides network-module context only and is not independent pair support.	Y2H_heterologous_nuclear_reporter;assay_discordance;assay_only;compartment_topology_unresolved;complex_member_not_direct_binding;database_routes_not_independent_replication;direct_binding_unclear;endogenous_coIP_single_cell_line;high_means_two_reporters_not_independent_replication;isoform_resolution_unclear;negative_GST_pull_down_not_biological_negative;no_HSP90_assay;not_client_evidence;tagged_ORF_construct;unresolved_conflict	local_publisher_PDF_and_current_PMC_HTML_plus_both_advertised_supplements_complete;Supplementary_File_1_claim_bearing;Supplementary_File_2_context_only	focused_primary_review_complete	close_pair
COCHSRCREV-2026-09-13-CDC37-PTK6-PMID31980649	2026-09-13	CDC37::PTK6	CDC37	PTK6	CDC37	PTK6	PMID:31980649	31980649	PMC6981206	10.1038/s41467-019-14224-9	Extensive rewiring of the EGFR network in colorectal cancer cells expressing transforming levels of KRASG13D	supports_context_qualified_pair_relationship	physical_association;shared_complex	PTK6_bait_APMS_co_recovers_CDC37	undirected_or_not_applicable			cellular_complex_not_binary	high_confidence_cellular_apms_with_tagged_coip	no_pair_specific_HSP90_assay_in_this_source	Human HCT116 mtKRAS-Hi colorectal-cancer cells and isogenic HKE3 mtKRAS-Lo cells expressing N-terminal FLAG-tagged kinase baits; serum-starved cells were extracted in 1% NP-40 and analyzed by affinity-purification mass spectrometry. Three biological replicates, two technical replicates, and a label swap produced 12 bait values with 12 empty-vector controls. HiQuant admission required prey-versus-control P < 0.05, Significance A < 0.05, and at least three values.	cultured_cell_line	human	whole_cell_or_unspecified_fraction	omics_or_screening_measurement;physical_interaction_or_proximity	PTK6-bait AP-MS recovered CDC37 above both statistical filters in both KRAS contexts, and targeted FLAG-PTK6 immunoprecipitation co-recovered CDC37.	Supplementary Data 2 mtKRAS-Hi row 2141: ratio 7.6197, log2 ratio 2.9297, P=0.01012, Significance A=1.36e-43; mtKRAS-Lo row 1833: ratio 10.3684, log2 ratio 3.3741, P=0.000378, Significance A=1.37e-31; Supplementary Fig. 3B: FLAG-PTK6 immunoprecipitation and CDC37 immunoblot	FLAG affinity-purification mass spectrometry and cellular co-immunoprecipitation support co-recovery or shared-complex membership, not purified binary binding. Bait-to-prey orientation is assay provenance and is not a biological direction.	The source does not establish client status, pair-specific HSP90 dependence, HSP90 isoform selectivity, or a direct binding interface.	One colorectal-cancer lineage and tagged, expressed kinase baits. The two isogenic KRAS states are contexts within one study, not independent-source replication. BioGRID and IntAct routes may encode the same AP-MS measurement or its targeted follow-up and must not be counted as independent studies. The targeted immunoprecipitation remains a cellular co-complex assay; the displayed comparison uses spliced lanes.	apms_screen;cellular_complex_not_binary;database_routes_not_independent_replication;no_pair_specific_HSP90_assay;not_client_evidence;single_cell_line_lineage;tagged_expression;targeted_tagged_coip;spliced_immunoblot_lanes	local_main_article_supplementary_information_APMS_matrices_and_source_data_reviewed	focused_primary_review_complete	close_pair
COCHSRCREV-2026-09-13-CDC37-RAD23A-PMID21163940	2026-09-13	CDC37::RAD23A	CDC37	RAD23A	CDC37	RAD23A	PMID:21163940	21163940	PMC3044851	10.1101/gr.114280.110	Interactome mapping suggests new mechanistic details underlying Alzheimer's disease	supports_context_qualified_pair_relationship	physical_association	author_high_matrix_Y2H_association_RAD23A_CDC37	undirected_or_not_applicable			heterologous_binary_reporter_not_native_complex	one_study_author_high_matrix_Y2H	no_HSP90_assay_in_this_source	The matrix screen tested human Gateway ORF bait/prey constructs in a budding-yeast GAL4 reporter system. An author call of high means activation of at least two reporter genes; it does not establish independent screens or validation by both mating and cotransformation. No pair-specific follow-up system was reported.	cultured_cell_line	budding_yeast;human	not_reported	omics_or_screening_measurement;physical_interaction_or_proximity	The pair occurred once in the source's matrix Y2H table with the author call high, meaning activation of at least two reporter genes.	Supplementary File 1, Y2H_matrix_screen worksheet row 49: CDC37 bait / RAD23A prey, CC, author call high; No pair-specific downstream assay is reported in Figure 2A	Matrix Y2H supports construct-level binary-reporter compatibility in a heterologous nuclear system, not purified-component binding or a native cellular complex. Reciprocal co-IP, where present, supports co-complex association rather than direct contact. GST/MYC pull-down, where present, used soluble lysate from transfected COS-7 cells and must not be interpreted as purified direct binding.	No pair-specific endogenous co-IP, GST pull-down, perturbation, or HSP90-dependence experiment was reported.	The source did not test the association in an unmodified native cellular context. The supplement does not identify clone accession, transcript isoform, or fragment boundaries for the selected Y2H constructs. BioGRID and IntAct assay records are projections of this one paper, not independent replications. The reported aggregate 21/24 among high-confidence interactions selected for downstream testing cannot be transferred to an untested pair. Supplementary File 2 provides network-module context only and is not independent pair support.	Y2H_heterologous_nuclear_reporter;assay_only;database_routes_not_independent_replication;direct_binding_unclear;high_means_two_reporters_not_independent_replication;isoform_resolution_unclear;native_context_not_tested;no_HSP90_assay;no_pair_specific_followup;not_client_evidence;tagged_ORF_construct	local_publisher_PDF_and_current_PMC_HTML_plus_both_advertised_supplements_complete;Supplementary_File_1_claim_bearing;Supplementary_File_2_context_only	focused_primary_review_complete	close_pair
COCHSRCREV-2026-09-13-CDC37-RAE1-PMID16611982	2026-09-13	CDC37::RAE1	CDC37	RAE1	CDC37	RAE1	PMID:16611982	16611982	PMC1447410	10.1128/MCB.26.9.3378-3389.2006	Cdc37 interacts with the glycine-rich loop of Hsp90 client kinases	supports_context_qualified_pair_relationship	physical_association	CDC37_RAE1_fragment_affinity_capture_MS_screening_association	undirected_or_not_applicable			fragment_affinity_capture_MS_screen_not_binary	single_fragment_affinity_capture_MS_screening_hit	no_HSP90_assay_in_this_source	FLAG-tagged human CDC37 residues 181-378 affinity purification from HEK293 cells followed by LC-MS/MS	cultured_cell_line	human	whole_cell_or_unspecified_fraction	omics_or_screening_measurement;physical_interaction_or_proximity	RAE1 was recovered as a Table 2 LC-MS/MS hit after affinity capture of FLAG-CDC37(181-378) from HEK293 cells.	Table 2 (RAE1)	A single fragment-bait affinity-capture MS hit supports an assay-bounded association only; it does not establish binary binding.	The source provides no reciprocal capture, candidate-specific validation, CDC37 perturbation, client-stability test, or pair-specific HSP90 assay for this protein.	Single HEK293 screening experiment with a truncated CDC37 bait; the result cannot establish a CDC37 client, direct interaction, or HSP90-dependent mechanism.	affinity_capture_MS_screening_only;construct_context;no_pair_specific_HSP90_assay;not_client_evidence;not_direct_binding;single_publication_multiple_pair_routes	local_main_article_reviewed_no_separate_supplement_archived	focused_primary_review_complete	close_pair
COCHSRCREV-2026-09-13-CDC37-RAF1-PMID16611982	2026-09-13	CDC37::RAF1	CDC37	RAF1	CDC37	RAF1	PMID:16611982	16611982	PMC1447410	10.1128/MCB.26.9.3378-3389.2006	Cdc37 interacts with the glycine-rich loop of Hsp90 client kinases	supports_pair_relationship	direct_binding	CDC37_directly_binds_RAF1_kinase_domain_glycine_rich_loop	undirected_or_not_applicable			direct_fragment_and_peptide_binding	direct_fragment_binding_with_peptide_mapping	no_HSP90_assay_in_this_source	Purified recombinant CDC37 fragments, RAF1 kinase-domain fragments, and synthetic kinase-derived peptides in pull-down and binding assays	purified_or_cell_free	human	not_reported	biochemical_or_structural;physical_interaction_or_proximity	CDC37 fragments bind the RAF1 kinase domain and kinase-derived peptides; mapping localizes CDC37 recognition to the glycine-rich loop region.	Figures 1-3	The source establishes direct binding for recombinant fragments and peptides, not full-length binary affinity or an intact HSP90 complex.	The pair assays do not test RAF1 stability, activity, or cellular rescue, and they do not require HSP90.	Fragment and peptide constructs define a contact region but do not measure full-length stoichiometry or paralog-specific HSP90 participation.	fragment_construct;full_length_affinity_not_measured;no_pair_specific_HSP90_assay	local_main_article_reviewed_no_separate_supplement_archived	focused_primary_review_complete	close_pair
COCHSRCREV-2026-09-13-CDC37-RAF1-PMID24292678	2026-09-13	CDC37::RAF1	CDC37	RAF1	CDC37	RAF1	PMID:24292678	24292678	PMC3984902	10.1038/onc.2013.519	Restricting direct interaction of CDC37 with HSP90 does not compromise chaperoning of client proteins	supports_context_qualified_pair_relationship	cochaperone_client_regulation;protein_stability_regulation;shared_complex	CDC37_loss_rescue_supports_RAF1_client_stability_in_cancer_cells	directed	CDC37	RAF1	cellular_association_and_genetic_rescue_not_purified_binary	cellular_association_with_genetic_loss_and_rescue	cytosolic_hsp90_unresolved	Endogenous CDC37 knockdown and rescue with wild-type or HSP90-binding-deficient CDC37 mutants, with client co-immunoprecipitation and abundance analysis in human HCT116 colon cancer cells	cultured_cell_line	human	whole_cell_or_unspecified_fraction	genetic_perturbation;physical_interaction_or_proximity;protein_abundance_stability_or_folding	CDC37 mutants retained cellular association with CRAF/RAF1 and protected RAF1 from depletion after endogenous CDC37 knockdown, supporting CDC37-dependent client maintenance in this cellular context.	Figures 7E, 8A, and 9A	Cellular co-immunoprecipitation and knockdown/rescue do not establish purified binary binding; direct fragment binding is supplied by PMID 16611982.	CDC37 overexpression did not materially increase basal RAF1 abundance or downstream RAF-MEK-ERK signaling in the initial cell-line comparison.	Tagged rescue constructs in human colon-cancer cells and unresolved HSP90 paralog. PMC supplement links are archived only as incomplete placeholders, but the main article is decision-sufficient.	cellular_association_not_binary;hsp90_paralog_unresolved;supplement_archive_incomplete_not_decision_limiting;tagged_overexpression	local_main_article_reviewed_supplement_placeholders_incomplete_not_decision_limiting	focused_primary_review_complete	close_pair
COCHSRCREV-2026-09-13-CDC37-RNF32-PMID21163940	2026-09-13	CDC37::RNF32	CDC37	RNF32	CDC37	RNF32	PMID:21163940	21163940	PMC3044851	10.1101/gr.114280.110	Interactome mapping suggests new mechanistic details underlying Alzheimer's disease	supports_context_qualified_pair_relationship	physical_association	author_high_matrix_Y2H_association_RNF32_CDC37	undirected_or_not_applicable			heterologous_binary_reporter_not_native_complex	one_study_author_high_matrix_Y2H	no_HSP90_assay_in_this_source	The matrix screen tested human Gateway ORF bait/prey constructs in a budding-yeast GAL4 reporter system. An author call of high means activation of at least two reporter genes; it does not establish independent screens or validation by both mating and cotransformation. No pair-specific follow-up system was reported.	cultured_cell_line	budding_yeast;human	not_reported	omics_or_screening_measurement;physical_interaction_or_proximity	The pair occurred once in the source's matrix Y2H table with the author call high, meaning activation of at least two reporter genes.	Supplementary File 1, Y2H_matrix_screen worksheet row 50: CDC37 bait / RNF32 prey, CC, author call high; No pair-specific downstream assay is reported in Figure 2A	Matrix Y2H supports construct-level binary-reporter compatibility in a heterologous nuclear system, not purified-component binding or a native cellular complex. Reciprocal co-IP, where present, supports co-complex association rather than direct contact. GST/MYC pull-down, where present, used soluble lysate from transfected COS-7 cells and must not be interpreted as purified direct binding.	No pair-specific endogenous co-IP, GST pull-down, perturbation, or HSP90-dependence experiment was reported.	The source did not test the association in an unmodified native cellular context. The supplement does not identify clone accession, transcript isoform, or fragment boundaries for the selected Y2H constructs. BioGRID and IntAct assay records are projections of this one paper, not independent replications. The reported aggregate 21/24 among high-confidence interactions selected for downstream testing cannot be transferred to an untested pair. Supplementary File 2 module 20 co-places this gene with CDC37 in a network module enriched for oxidation-reduction terms, but the module was computed from the integrated AD-PIN containing the discovered edge and is not independent support.	Y2H_heterologous_nuclear_reporter;assay_only;database_routes_not_independent_replication;direct_binding_unclear;high_means_two_reporters_not_independent_replication;isoform_resolution_unclear;native_context_not_tested;no_HSP90_assay;no_pair_specific_followup;not_client_evidence;tagged_ORF_construct	local_publisher_PDF_and_current_PMC_HTML_plus_both_advertised_supplements_complete;Supplementary_File_1_claim_bearing;Supplementary_File_2_context_only	focused_primary_review_complete	close_pair
COCHSRCREV-2026-09-13-CDC37-RPAP3-PMID25036637	2026-09-13	CDC37::RPAP3	CDC37	RPAP3	CDC37	RPAP3	PMID:25036637	25036637	PMC4104544	10.1016/j.cell.2014.05.039	A quantitative chaperone interaction network reveals the architecture of cellular protein homeostasis pathways	supports_context_qualified_pair_relationship	physical_association;shared_complex	CDC37_bait_APMS_cellular_association_with_RPAP3	undirected_or_not_applicable			cellular_complex_not_binary	tagged_expression_duplicate_APMS_cellular_association	no_pair_specific_HSP90_assay_in_this_source	Human stable polyclonal 293T cells expressing predominantly C-terminal 3xFLAG-V5-tagged chaperone or co-chaperone AP-MS baits were analyzed by anti-FLAG affinity-purification mass spectrometry from whole-cell lysate with sodium molybdate. Two AP-MS replicates were scored with SAINT; the high-confidence cutoff was AvgP >= 0.85 (estimated FDR 1.8%). LUMIER used transient 3xFLAG query baits and stable Renilla-fused reporter preys in 293T cells; normalized luminescence Z-scores were evaluated at the source's high-confidence cutoff of approximately 7 (estimated upper FDR 4.4%).	cultured_cell_line	human	whole_cell_or_unspecified_fraction	omics_or_screening_measurement;physical_interaction_or_proximity	CDC37-bait AP-MS recovered RPAP3 above the source's SAINT AvgP 0.85 threshold.	Table S1 workbook, AvgP scores row 100: bait CDC37, prey RPAP3, AvgP 0.93, Spec 5|8, CtrlCounts 0|0|0|0|0|2|0; reverse row 30745: RPAP3 bait, CDC37 prey, AvgP 0.51, Spec 11|23, CtrlCounts 4|6|3|3|5|5|6; LUMIER scores row 438, RPAP3-FLAG bait with CDC37-Renilla prey, 0.577953; reverse CDC37 row 314 with RPAP3 reporter, 0.474707	Affinity-purification mass spectrometry from cellular lysate supports co-recovery or shared-complex membership, not purified binary binding. Bait-to-prey orientation records assay configuration rather than biological direction. Within-study replicate or reciprocal AP-MS does not establish HSP90 mediation, client status, or regulation.	No requested pair received a purified-protein binding test, regulatory direction test, pair-specific client-stability assay, functional perturbation, or HSP90-isoform-resolved mediation test. None appears in the author's AP-MS-and-LUMIER overlap sheet. A database luminescence route is not counted as orthogonal validation when its source-matrix score is below the author threshold or unavailable. The reverse AP-MS row failed AvgP 0.85, and both LUMIER configurations failed the source threshold.	The source uses tagged, expressed proteins in one transformed 293T lineage. Negative or missing LUMIER measurements do not disprove an association because assay sensitivity and construct configuration differ from AP-MS. The main text and combined sheet use LUMIER score >= 7, while the workbook information sheet says > 7; no requested measurement is near that boundary. BioGRID and IntAct records can project the same AP-MS or screened LUMIER configuration and are not independent source replications. IntAct's anti-tag coimmunoprecipitation label does not establish a separate pair-specific co-IP experiment.	apms_screen;cellular_complex_not_binary;database_routes_not_independent_replication;lumier_below_threshold_or_unavailable;no_pair_specific_HSP90_assay;not_client_evidence;single_cell_line;tagged_expression;reverse_APMS_below_threshold	local_main_article_and_complete_Table_S1_workbook_reviewed	focused_primary_review_complete	close_pair
COCHSRCREV-2026-09-13-CDC37-SKP1-PMID25036637	2026-09-13	CDC37::SKP1	CDC37	SKP1	CDC37	SKP1	PMID:25036637	25036637	PMC4104544	10.1016/j.cell.2014.05.039	A quantitative chaperone interaction network reveals the architecture of cellular protein homeostasis pathways	supports_context_qualified_pair_relationship	physical_association;shared_complex	CDC37_bait_APMS_cellular_association_with_SKP1	undirected_or_not_applicable			cellular_complex_not_binary	tagged_expression_duplicate_APMS_cellular_association	no_pair_specific_HSP90_assay_in_this_source	Human stable polyclonal 293T cells expressing predominantly C-terminal 3xFLAG-V5-tagged chaperone or co-chaperone AP-MS baits were analyzed by anti-FLAG affinity-purification mass spectrometry from whole-cell lysate with sodium molybdate. Two AP-MS replicates were scored with SAINT; the high-confidence cutoff was AvgP >= 0.85 (estimated FDR 1.8%). LUMIER used transient 3xFLAG query baits and stable Renilla-fused reporter preys in 293T cells; normalized luminescence Z-scores were evaluated at the source's high-confidence cutoff of approximately 7 (estimated upper FDR 4.4%).	cultured_cell_line	human	whole_cell_or_unspecified_fraction	omics_or_screening_measurement;physical_interaction_or_proximity	CDC37-bait AP-MS recovered SKP1 above the source's SAINT AvgP 0.85 threshold.	Table S1 workbook, AvgP scores row 101: bait CDC37, prey SKP1, AvgP 1.00, Spec 11|15, CtrlCounts 1|0|0|0|3|2|0; no reverse AP-MS row; LUMIER scores row 576, SKP1-FLAG bait with CDC37-Renilla prey, 0.408430; no SKP1 reporter column	Affinity-purification mass spectrometry from cellular lysate supports co-recovery or shared-complex membership, not purified binary binding. Bait-to-prey orientation records assay configuration rather than biological direction. Within-study replicate or reciprocal AP-MS does not establish HSP90 mediation, client status, or regulation.	No requested pair received a purified-protein binding test, regulatory direction test, pair-specific client-stability assay, functional perturbation, or HSP90-isoform-resolved mediation test. None appears in the author's AP-MS-and-LUMIER overlap sheet. A database luminescence route is not counted as orthogonal validation when its source-matrix score is below the author threshold or unavailable. No reverse AP-MS row was reported, and the tested LUMIER configuration failed the source threshold.	The source uses tagged, expressed proteins in one transformed 293T lineage. Negative or missing LUMIER measurements do not disprove an association because assay sensitivity and construct configuration differ from AP-MS. The main text and combined sheet use LUMIER score >= 7, while the workbook information sheet says > 7; no requested measurement is near that boundary. BioGRID and IntAct records can project the same AP-MS or screened LUMIER configuration and are not independent source replications. IntAct's anti-tag coimmunoprecipitation label does not establish a separate pair-specific co-IP experiment.	apms_screen;cellular_complex_not_binary;database_routes_not_independent_replication;lumier_below_threshold_or_unavailable;no_pair_specific_HSP90_assay;not_client_evidence;single_cell_line;tagged_expression;reverse_APMS_not_reported	local_main_article_and_complete_Table_S1_workbook_reviewed	focused_primary_review_complete	close_pair
COCHSRCREV-2026-09-13-CDC37-SMYD3-PMID25036637	2026-09-13	CDC37::SMYD3	CDC37	SMYD3	CDC37	SMYD3	PMID:25036637	25036637	PMC4104544	10.1016/j.cell.2014.05.039	A quantitative chaperone interaction network reveals the architecture of cellular protein homeostasis pathways	supports_context_qualified_pair_relationship	physical_association;shared_complex	CDC37_bait_APMS_cellular_association_with_SMYD3	undirected_or_not_applicable			cellular_complex_not_binary	tagged_expression_duplicate_APMS_cellular_association	no_pair_specific_HSP90_assay_in_this_source	Human stable polyclonal 293T cells expressing predominantly C-terminal 3xFLAG-V5-tagged chaperone or co-chaperone AP-MS baits were analyzed by anti-FLAG affinity-purification mass spectrometry from whole-cell lysate with sodium molybdate. Two AP-MS replicates were scored with SAINT; the high-confidence cutoff was AvgP >= 0.85 (estimated FDR 1.8%). LUMIER used transient 3xFLAG query baits and stable Renilla-fused reporter preys in 293T cells; normalized luminescence Z-scores were evaluated at the source's high-confidence cutoff of approximately 7 (estimated upper FDR 4.4%).	cultured_cell_line	human	whole_cell_or_unspecified_fraction	omics_or_screening_measurement;physical_interaction_or_proximity	CDC37-bait AP-MS recovered SMYD3 above the source's SAINT AvgP 0.85 threshold.	Table S1 workbook, AvgP scores row 102: bait CDC37, prey SMYD3, AvgP 1.00, Spec 10|11, CtrlCounts 0|0|0|0|0|0|0; no reverse AP-MS row; LUMIER scores row 300, SMYD3-FLAG bait with CDC37-Renilla prey, 2.550367; no SMYD3 reporter column	Affinity-purification mass spectrometry from cellular lysate supports co-recovery or shared-complex membership, not purified binary binding. Bait-to-prey orientation records assay configuration rather than biological direction. Within-study replicate or reciprocal AP-MS does not establish HSP90 mediation, client status, or regulation.	No requested pair received a purified-protein binding test, regulatory direction test, pair-specific client-stability assay, functional perturbation, or HSP90-isoform-resolved mediation test. None appears in the author's AP-MS-and-LUMIER overlap sheet. A database luminescence route is not counted as orthogonal validation when its source-matrix score is below the author threshold or unavailable. No reverse AP-MS row was reported, and the tested LUMIER configuration failed the source threshold.	The source uses tagged, expressed proteins in one transformed 293T lineage. Negative or missing LUMIER measurements do not disprove an association because assay sensitivity and construct configuration differ from AP-MS. The main text and combined sheet use LUMIER score >= 7, while the workbook information sheet says > 7; no requested measurement is near that boundary. BioGRID and IntAct records can project the same AP-MS or screened LUMIER configuration and are not independent source replications. IntAct's anti-tag coimmunoprecipitation label does not establish a separate pair-specific co-IP experiment.	apms_screen;cellular_complex_not_binary;database_routes_not_independent_replication;lumier_below_threshold_or_unavailable;no_pair_specific_HSP90_assay;not_client_evidence;single_cell_line;tagged_expression;reverse_APMS_not_reported	local_main_article_and_complete_Table_S1_workbook_reviewed	focused_primary_review_complete	close_pair
COCHSRCREV-2026-09-13-CDC37-SRC-PMID32707033	2026-09-13	CDC37::SRC	CDC37	SRC	CDC37	SRC	PMID:32707033	32707033	PMC7427327	10.1016/j.molcel.2020.07.001	Kinase Interaction Network Expands Functional and Disease Roles of Human Kinases	supports_context_qualified_pair_relationship	physical_association;shared_complex	SRC_bait_APMS_co_recovers_CDC37	undirected_or_not_applicable			cellular_complex_not_binary	high_confidence_cellular_apms_co_complex	no_pair_specific_HSP90_assay_in_this_source	Human HEK Flp-In 293 T-REx cells with single-locus doxycycline-induced N-terminal Strep-HA-tagged kinase baits; more than 100 million cells per purification, rapid single-step Strep affinity recovery, and duplicate LC-MS/MS runs. Final interactors required WD score > 73.6, GFP-control abundance ratio > 18.4, and at least two total spectra, followed by CRAPome, contaminant, and carry-over filters calibrated to a global false-positive rate below 1%.	cultured_cell_line	human	whole_cell_or_unspecified_fraction	omics_or_screening_measurement;physical_interaction_or_proximity	SRC-bait AP-MS recovered CDC37 in the source's final high-confidence interaction matrix.	Table S2 final interactome Excel row 979: bait SRC, prey CDC37, WD 78.97, GFP-control ratio 1292, total spectra 76; Table S4: inherited Taipale class Nonclient; HSP.members 3 (HSP90AA1, HSP90AB1, CDC37); Table S9: target kinase construct matches canonical UniProt sequence	Affinity purification-mass spectrometry supports cellular co-recovery or shared-complex membership, not purified binary binding.	No requested pair received reciprocal purification, western blot, BioID, genetic perturbation, or purified-protein validation in this study. Table S4 client classes were inherited from Taipale et al. 2012 and are not new client evidence. The source reports no pair-level q-value for these AP-MS rows.	One tagged-expression cell-line background; N-terminal tags and induced expression may alter abundance, localization, folding, or binding. The authors note that overexpressed or misfolded kinases can recover more HSP90 and co-chaperones and that some associations may form after lysis. BioGRID and IntAct are duplicate route encodings of this source, not independent replication. The source label HSP90B denotes cytosolic HSP90AB1. The bait was classified as a nonclient in the inherited Taipale comparison despite recovery of HSP90AA1, HSP90AB1, and CDC37 here; that discordance must not be converted into a new client call.	apms_screen;cellular_complex_not_binary;database_routes_not_independent_replication;no_pair_specific_HSP90_assay;not_client_evidence;possible_post_lysis_association;single_cell_line;tagged_induced_expression;prior_nonclient_class_despite_three_HSP_members	local_article_figures_and_tables_S2_S4_S9_reviewed	focused_primary_review_complete	close_pair
COCHSRCREV-2026-09-13-CDC37-STAMBPL1-PMID21163940	2026-09-13	CDC37::STAMBPL1	CDC37	STAMBPL1	CDC37	STAMBPL1	PMID:21163940	21163940	PMC3044851	10.1101/gr.114280.110	Interactome mapping suggests new mechanistic details underlying Alzheimer's disease	supports_context_qualified_pair_relationship	physical_association	author_high_matrix_Y2H_association_STAMBPL1_CDC37	undirected_or_not_applicable			heterologous_binary_reporter_not_native_complex	one_study_author_high_matrix_Y2H	no_HSP90_assay_in_this_source	The matrix screen tested human Gateway ORF bait/prey constructs in a budding-yeast GAL4 reporter system. An author call of high means activation of at least two reporter genes; it does not establish independent screens or validation by both mating and cotransformation. No pair-specific follow-up system was reported.	cultured_cell_line	budding_yeast;human	not_reported	omics_or_screening_measurement;physical_interaction_or_proximity	The pair occurred once in the source's matrix Y2H table with the author call high, meaning activation of at least two reporter genes.	Supplementary File 1, Y2H_matrix_screen worksheet row 53: CDC37 bait / STAMBPL1 prey, CC, author call high; No pair-specific downstream assay is reported in Figure 2A	Matrix Y2H supports construct-level binary-reporter compatibility in a heterologous nuclear system, not purified-component binding or a native cellular complex. Reciprocal co-IP, where present, supports co-complex association rather than direct contact. GST/MYC pull-down, where present, used soluble lysate from transfected COS-7 cells and must not be interpreted as purified direct binding.	No pair-specific endogenous co-IP, GST pull-down, perturbation, or HSP90-dependence experiment was reported.	The source did not test the association in an unmodified native cellular context. The supplement does not identify clone accession, transcript isoform, or fragment boundaries for the selected Y2H constructs. BioGRID and IntAct assay records are projections of this one paper, not independent replications. The reported aggregate 21/24 among high-confidence interactions selected for downstream testing cannot be transferred to an untested pair. Supplementary File 2 module 20 co-places this gene with CDC37 in a network module enriched for oxidation-reduction terms, but the module was computed from the integrated AD-PIN containing the discovered edge and is not independent support.	Y2H_heterologous_nuclear_reporter;assay_only;database_routes_not_independent_replication;direct_binding_unclear;high_means_two_reporters_not_independent_replication;isoform_resolution_unclear;native_context_not_tested;no_HSP90_assay;no_pair_specific_followup;not_client_evidence;tagged_ORF_construct	local_publisher_PDF_and_current_PMC_HTML_plus_both_advertised_supplements_complete;Supplementary_File_1_claim_bearing;Supplementary_File_2_context_only	focused_primary_review_complete	close_pair
COCHSRCREV-2026-09-13-CDC37-STK11-PMID32707033	2026-09-13	CDC37::STK11	CDC37	STK11	CDC37	STK11	PMID:32707033	32707033	PMC7427327	10.1016/j.molcel.2020.07.001	Kinase Interaction Network Expands Functional and Disease Roles of Human Kinases	supports_context_qualified_pair_relationship	physical_association;shared_complex	STK11_bait_APMS_co_recovers_CDC37	undirected_or_not_applicable			cellular_complex_not_binary	high_confidence_cellular_apms_co_complex	no_pair_specific_HSP90_assay_in_this_source	Human HEK Flp-In 293 T-REx cells with single-locus doxycycline-induced N-terminal Strep-HA-tagged kinase baits; more than 100 million cells per purification, rapid single-step Strep affinity recovery, and duplicate LC-MS/MS runs. Final interactors required WD score > 73.6, GFP-control abundance ratio > 18.4, and at least two total spectra, followed by CRAPome, contaminant, and carry-over filters calibrated to a global false-positive rate below 1%.	cultured_cell_line	human	whole_cell_or_unspecified_fraction	omics_or_screening_measurement;physical_interaction_or_proximity	STK11-bait AP-MS recovered CDC37 in the source's final high-confidence interaction matrix.	Table S2 final interactome Excel row 3716: bait STK11, prey CDC37, WD 430.18, GFP-control ratio 7038, total spectra 414; Table S4: inherited Taipale class Strong; HSP.members 3 (HSP90AA1, HSP90AB1, CDC37); Table S9: target kinase construct matches canonical UniProt sequence	Affinity purification-mass spectrometry supports cellular co-recovery or shared-complex membership, not purified binary binding.	No requested pair received reciprocal purification, western blot, BioID, genetic perturbation, or purified-protein validation in this study. Table S4 client classes were inherited from Taipale et al. 2012 and are not new client evidence. The source reports no pair-level q-value for these AP-MS rows.	One tagged-expression cell-line background; N-terminal tags and induced expression may alter abundance, localization, folding, or binding. The authors note that overexpressed or misfolded kinases can recover more HSP90 and co-chaperones and that some associations may form after lysis. BioGRID and IntAct are duplicate route encodings of this source, not independent replication. The source label HSP90B denotes cytosolic HSP90AB1.	apms_screen;cellular_complex_not_binary;database_routes_not_independent_replication;no_pair_specific_HSP90_assay;not_client_evidence;possible_post_lysis_association;single_cell_line;tagged_induced_expression	local_article_figures_and_tables_S2_S4_S9_reviewed	focused_primary_review_complete	close_pair
COCHSRCREV-2026-09-13-CDC37-STK33-PMID32707033	2026-09-13	CDC37::STK33	CDC37	STK33	CDC37	STK33	PMID:32707033	32707033	PMC7427327	10.1016/j.molcel.2020.07.001	Kinase Interaction Network Expands Functional and Disease Roles of Human Kinases	supports_context_qualified_pair_relationship	physical_association;shared_complex	STK33_bait_APMS_co_recovers_CDC37	undirected_or_not_applicable			cellular_complex_not_binary	high_confidence_cellular_apms_co_complex	no_pair_specific_HSP90_assay_in_this_source	Human HEK Flp-In 293 T-REx cells with single-locus doxycycline-induced N-terminal Strep-HA-tagged kinase baits; more than 100 million cells per purification, rapid single-step Strep affinity recovery, and duplicate LC-MS/MS runs. Final interactors required WD score > 73.6, GFP-control abundance ratio > 18.4, and at least two total spectra, followed by CRAPome, contaminant, and carry-over filters calibrated to a global false-positive rate below 1%.	cultured_cell_line	human	whole_cell_or_unspecified_fraction	omics_or_screening_measurement;physical_interaction_or_proximity	STK33-bait AP-MS recovered CDC37 in the source's final high-confidence interaction matrix.	Table S2 final interactome Excel row 6011: bait STK33, prey CDC37, WD 387.58, GFP-control ratio 6341, total spectra 373; Table S4: inherited Taipale class Nonclient; HSP.members 3 (HSP90AA1, HSP90AB1, CDC37); Table S9: target kinase construct matches canonical UniProt sequence	Affinity purification-mass spectrometry supports cellular co-recovery or shared-complex membership, not purified binary binding.	No requested pair received reciprocal purification, western blot, BioID, genetic perturbation, or purified-protein validation in this study. Table S4 client classes were inherited from Taipale et al. 2012 and are not new client evidence. The source reports no pair-level q-value for these AP-MS rows.	One tagged-expression cell-line background; N-terminal tags and induced expression may alter abundance, localization, folding, or binding. The authors note that overexpressed or misfolded kinases can recover more HSP90 and co-chaperones and that some associations may form after lysis. BioGRID and IntAct are duplicate route encodings of this source, not independent replication. The source label HSP90B denotes cytosolic HSP90AB1. The bait was classified as a nonclient in the inherited Taipale comparison despite recovery of HSP90AA1, HSP90AB1, and CDC37 here; that discordance must not be converted into a new client call.	apms_screen;cellular_complex_not_binary;database_routes_not_independent_replication;no_pair_specific_HSP90_assay;not_client_evidence;possible_post_lysis_association;single_cell_line;tagged_induced_expression;prior_nonclient_class_despite_three_HSP_members	local_article_figures_and_tables_S2_S4_S9_reviewed	focused_primary_review_complete	close_pair
COCHSRCREV-2026-09-13-CDC37-STK36-PMID17054904	2026-09-13	CDC37::STK36	CDC37	STK36	CDC37	STK36	PMID:17054904	17054904		10.1016/j.bbrc.2006.10.036	Fused kinase is stabilized by Cdc37/Hsp90 and enhances Gli protein levels	supports_pair_relationship	physical_association;shared_complex	CDC37_and_STK36_Fu_cellular_association_with_generic_HSP90_dependent_STK36_stability_context	undirected_or_not_applicable			endogenous_cellular_coIP_and_domain_association_not_purified_binary	APMS_endogenous_coIP_domain_mapping_plus_generic_HSP90_stability_perturbation_context	generic_cytosolic_HSP90_dependent_STK36_stability_without_paralog_resolution	Human STK36/Fu was studied as FLAG-tagged bait in mouse NIH3T3 cells and by endogenous co-IP in African green monkey COS7 cells. Human HEK293 cells supplied GA and CK2-inhibitor stability assays; mouse C3H10T1/2 and human PC3 cells supplied downstream context.	cultured_cell_line	african_green_monkey;human;mouse	whole_cell_or_unspecified_fraction	omics_or_screening_measurement;pharmacologic_or_chemical_perturbation;physical_interaction_or_proximity;protein_abundance_stability_or_folding	FLAG-Fu IP-MS identified CDC37 against a GFP control; endogenous Fu and CDC37 co-immunoprecipitated in COS7 cells. myc-CDC37 and endogenous Hsp90 associated with the Fu kinase domain but not its C-terminal domain. Separately, GA caused rapid, proteasome-dependent Fu loss and shortened its half-life from about 4 h to about 30 min.	Fig. 1A-E association, GFP control, endogenous co-IP, and kinase-domain mapping; Fig. 2A-D GA/TBB time courses, pulse-chase, MG132/chloroquine controls, and ubiquitination	Cellular co-IP and domain recovery do not establish purified CDC37-STK36 contact. HSP90 inhibition causally affects STK36 stability, but no CDC37-specific abundance or genetic perturbation was performed; TBB inhibition of CK2 is an indirect CDC37-axis perturbation and does not justify CDC37-to-STK36 direction.	The GFP IP lacked the approximately 40-kDa CDC37 band. ERK1/2 and actin were unchanged during GA/TBB treatment. MG132, but not chloroquine, limited GA-induced Fu loss. Hsp90 co-IP was weak enough to evade silver staining but was detected by immunoblot.	No purified binding test, CDC37-specific causal perturbation, or HSP90AA1/HSP90AB1 resolution. Generic HSP90-dependent stability is retained as context and does not promote a pair-level client class.	CDC37_function_inferred_not_directly_perturbed;cellular_complex_not_binary;generic_HSP90_inhibitor_context;HSP90_paralog_unresolved;not_pair_level_client_promotion;TBB_CK2_inhibition_indirect	authorized_full_text_and_retrieval_metadata_local;no_claim_bearing_supplement_required	focused_primary_review_complete	close_pair
COCHSRCREV-2026-09-13-CDC37-STK36-PMID33961781	2026-09-13	CDC37::STK36	CDC37	STK36	CDC37	STK36	PMID:33961781	33961781	PMC8165030	10.1016/j.cell.2021.04.011	Dual proteome-scale networks reveal cell-specific remodeling of the human interactome	supports_context_qualified_pair_relationship	physical_association;shared_complex	STK36_bait_BioPlex3_293T_APMS_network_association_with_CDC37	undirected_or_not_applicable			cellular_APMS_network_not_binary	BioPlex3_APMS_network_edge_with_source_specific_cell_line_context	no_pair_specific_HSP90_mediation_established	BioPlex3 affinity-purification mass spectrometry maps human 293T and HCT116 networks. Final pInt at least 0.75 defines admitted edges; bait-prey orientation is assay configuration.	cultured_cell_line	human	whole_cell_or_unspecified_fraction	omics_or_screening_measurement;physical_interaction_or_proximity	STK36 bait recovered CDC37 in the BioPlex3 293T network at pInt 0.7509832381, just above the 0.75 admission threshold; no HCT116 edge was present.	293T STK36-to-CDC37 directed row and final-network line 95072; HCT116 exact-symbol audit found no edge.	BioPlex network edges support cell-line-specific co-recovery, not pairwise contact, biological direction, client status, or HSP90 mediation.	A missing reverse direction or cell-line edge is a source-specific network result, not a biological noninteraction.	The 293T BioPlex1/2/3 releases are carry-forward/reanalysis of one evolving program. HCT116 is a distinct lineage measured in the same BioPlex3 publication, not an independent publication. Database routes are not replication.	APMS_network_not_binary;BioPlex_evolving_293T_lineage;database_routes_not_independent_replication;near_threshold_pInt_0_750983238;single_293T_orientation;no_HCT116_edge_not_biological_negative;no_pair_specific_HSP90_mediation;not_client_evidence;tagged_expression	local_main_and_exact_official_directed_and_final_network_matrices_reviewed;remaining_publication_bundle_archive_gap_not_decision_blocker	focused_primary_review_complete	close_pair
COCHSRCREV-2026-09-13-CDC37-SYNE2-PMID25036637	2026-09-13	CDC37::SYNE2	CDC37	SYNE2	CDC37	SYNE2	PMID:25036637	25036637	PMC4104544	10.1016/j.cell.2014.05.039	A quantitative chaperone interaction network reveals the architecture of cellular protein homeostasis pathways	supports_context_qualified_pair_relationship	physical_association;shared_complex	CDC37_bait_APMS_cellular_association_with_SYNE2	undirected_or_not_applicable			cellular_complex_not_binary	tagged_expression_duplicate_APMS_cellular_association	no_pair_specific_HSP90_assay_in_this_source	Human stable polyclonal 293T cells expressing predominantly C-terminal 3xFLAG-V5-tagged chaperone or co-chaperone AP-MS baits were analyzed by anti-FLAG affinity-purification mass spectrometry from whole-cell lysate with sodium molybdate. Two AP-MS replicates were scored with SAINT; the high-confidence cutoff was AvgP >= 0.85 (estimated FDR 1.8%). LUMIER used transient 3xFLAG query baits and stable Renilla-fused reporter preys in 293T cells; normalized luminescence Z-scores were evaluated at the source's high-confidence cutoff of approximately 7 (estimated upper FDR 4.4%).	cultured_cell_line	human	whole_cell_or_unspecified_fraction	omics_or_screening_measurement;physical_interaction_or_proximity	CDC37-bait AP-MS recovered SYNE2 above the source's SAINT AvgP 0.85 threshold.	Table S1 workbook, AvgP scores row 104: bait CDC37, prey SYNE2, AvgP 1.00, Spec 9|11, CtrlCounts 0|0|0|0|0|0|0|0|0|0; no reverse AP-MS row; LUMIER scores row 607, SYNE2-FLAG bait with CDC37-Renilla prey, -0.196566; no SYNE2 reporter column	Affinity-purification mass spectrometry from cellular lysate supports co-recovery or shared-complex membership, not purified binary binding. Bait-to-prey orientation records assay configuration rather than biological direction. Within-study replicate or reciprocal AP-MS does not establish HSP90 mediation, client status, or regulation.	No requested pair received a purified-protein binding test, regulatory direction test, pair-specific client-stability assay, functional perturbation, or HSP90-isoform-resolved mediation test. None appears in the author's AP-MS-and-LUMIER overlap sheet. A database luminescence route is not counted as orthogonal validation when its source-matrix score is below the author threshold or unavailable. No reverse AP-MS row was reported, and the tested LUMIER configuration failed the source threshold.	The source uses tagged, expressed proteins in one transformed 293T lineage. Negative or missing LUMIER measurements do not disprove an association because assay sensitivity and construct configuration differ from AP-MS. The main text and combined sheet use LUMIER score >= 7, while the workbook information sheet says > 7; no requested measurement is near that boundary. BioGRID and IntAct records can project the same AP-MS or screened LUMIER configuration and are not independent source replications. IntAct's anti-tag coimmunoprecipitation label does not establish a separate pair-specific co-IP experiment.	apms_screen;cellular_complex_not_binary;database_routes_not_independent_replication;lumier_below_threshold_or_unavailable;no_pair_specific_HSP90_assay;not_client_evidence;single_cell_line;tagged_expression;reverse_APMS_not_reported	local_main_article_and_complete_Table_S1_workbook_reviewed	focused_primary_review_complete	close_pair
COCHSRCREV-2026-09-13-CDC37-TARS2-PMID25036637	2026-09-13	CDC37::TARS2	CDC37	TARS2	CDC37	TARS2	PMID:25036637	25036637	PMC4104544	10.1016/j.cell.2014.05.039	A quantitative chaperone interaction network reveals the architecture of cellular protein homeostasis pathways	supports_context_qualified_pair_relationship	physical_association;shared_complex	CDC37_bait_APMS_cellular_association_with_TARS2	undirected_or_not_applicable			cellular_complex_not_binary	tagged_expression_duplicate_APMS_cellular_association	no_pair_specific_HSP90_assay_in_this_source	Human stable polyclonal 293T cells expressing predominantly C-terminal 3xFLAG-V5-tagged chaperone or co-chaperone AP-MS baits were analyzed by anti-FLAG affinity-purification mass spectrometry from whole-cell lysate with sodium molybdate. Two AP-MS replicates were scored with SAINT; the high-confidence cutoff was AvgP >= 0.85 (estimated FDR 1.8%). LUMIER used transient 3xFLAG query baits and stable Renilla-fused reporter preys in 293T cells; normalized luminescence Z-scores were evaluated at the source's high-confidence cutoff of approximately 7 (estimated upper FDR 4.4%).	cultured_cell_line	human	whole_cell_or_unspecified_fraction	omics_or_screening_measurement;physical_interaction_or_proximity	CDC37-bait AP-MS recovered TARS2 above the source's SAINT AvgP 0.85 threshold.	Table S1 workbook, AvgP scores row 105: bait CDC37, prey TARS2, AvgP 0.90, Spec 6|9, CtrlCounts 0|2|0|1|2|0|2; no reverse AP-MS row; LUMIER scores row 413, TARS2-FLAG bait with CDC37-Renilla prey, -0.653238; no TARS2 reporter column	Affinity-purification mass spectrometry from cellular lysate supports co-recovery or shared-complex membership, not purified binary binding. Bait-to-prey orientation records assay configuration rather than biological direction. Within-study replicate or reciprocal AP-MS does not establish HSP90 mediation, client status, or regulation.	No requested pair received a purified-protein binding test, regulatory direction test, pair-specific client-stability assay, functional perturbation, or HSP90-isoform-resolved mediation test. None appears in the author's AP-MS-and-LUMIER overlap sheet. A database luminescence route is not counted as orthogonal validation when its source-matrix score is below the author threshold or unavailable. No reverse AP-MS row was reported, and the tested LUMIER configuration failed the source threshold.	The source uses tagged, expressed proteins in one transformed 293T lineage. Negative or missing LUMIER measurements do not disprove an association because assay sensitivity and construct configuration differ from AP-MS. The main text and combined sheet use LUMIER score >= 7, while the workbook information sheet says > 7; no requested measurement is near that boundary. BioGRID and IntAct records can project the same AP-MS or screened LUMIER configuration and are not independent source replications. IntAct's anti-tag coimmunoprecipitation label does not establish a separate pair-specific co-IP experiment.	apms_screen;cellular_complex_not_binary;database_routes_not_independent_replication;lumier_below_threshold_or_unavailable;no_pair_specific_HSP90_assay;not_client_evidence;single_cell_line;tagged_expression;reverse_APMS_not_reported	local_main_article_and_complete_Table_S1_workbook_reviewed	focused_primary_review_complete	close_pair
COCHSRCREV-2026-09-13-CDC37-TNK2-PMID31980649	2026-09-13	CDC37::TNK2	CDC37	TNK2	CDC37	TNK2	PMID:31980649	31980649	PMC6981206	10.1038/s41467-019-14224-9	Extensive rewiring of the EGFR network in colorectal cancer cells expressing transforming levels of KRASG13D	supports_context_qualified_pair_relationship	physical_association;shared_complex	TNK2_bait_APMS_co_recovers_CDC37	undirected_or_not_applicable			cellular_complex_not_binary	high_confidence_cellular_apms_co_complex	no_pair_specific_HSP90_assay_in_this_source	Human HCT116 mtKRAS-Hi colorectal-cancer cells and isogenic HKE3 mtKRAS-Lo cells expressing N-terminal FLAG-tagged kinase baits; serum-starved cells were extracted in 1% NP-40 and analyzed by affinity-purification mass spectrometry. Three biological replicates, two technical replicates, and a label swap produced 12 bait values with 12 empty-vector controls. HiQuant admission required prey-versus-control P < 0.05, Significance A < 0.05, and at least three values.	cultured_cell_line	human	whole_cell_or_unspecified_fraction	omics_or_screening_measurement;physical_interaction_or_proximity	TNK2-bait AP-MS recovered CDC37 above both statistical filters in the mtKRAS-Hi and mtKRAS-Lo contexts.	Supplementary Data 2 mtKRAS-Hi row 3082: ratio 9.5030, log2 ratio 3.2484, P=0.005889, Significance A=1.40e-12; mtKRAS-Lo row 2690: ratio 5.9491, log2 ratio 2.5727, P=0.03825, Significance A=5.71e-10	FLAG affinity-purification mass spectrometry and cellular co-immunoprecipitation support co-recovery or shared-complex membership, not purified binary binding. Bait-to-prey orientation is assay provenance and is not a biological direction.	The source does not establish client status, pair-specific HSP90 dependence, HSP90 isoform selectivity, or a direct binding interface.	One colorectal-cancer lineage and tagged, expressed kinase baits. The two isogenic KRAS states are contexts within one study, not independent-source replication. BioGRID and IntAct routes may encode the same AP-MS measurement or its targeted follow-up and must not be counted as independent studies. No pair-specific orthogonal validation was reported.	apms_screen;cellular_complex_not_binary;database_routes_not_independent_replication;no_pair_specific_HSP90_assay;not_client_evidence;single_cell_line_lineage;tagged_expression;apms_only;no_pair_specific_orthogonal_validation	local_main_article_supplementary_information_APMS_matrices_and_source_data_reviewed	focused_primary_review_complete	close_pair
COCHSRCREV-2026-09-13-CDC37-TOMM34-PMID25036637	2026-09-13	CDC37::TOMM34	CDC37	TOMM34	CDC37	TOMM34	PMID:25036637	25036637	PMC4104544	10.1016/j.cell.2014.05.039	A quantitative chaperone interaction network reveals the architecture of cellular protein homeostasis pathways	supports_context_qualified_pair_relationship	physical_association;shared_complex	CDC37_bait_APMS_cellular_association_with_TOMM34	undirected_or_not_applicable			cellular_complex_not_binary	tagged_expression_duplicate_APMS_cellular_association	no_pair_specific_HSP90_assay_in_this_source	Human stable polyclonal 293T cells expressing predominantly C-terminal 3xFLAG-V5-tagged chaperone or co-chaperone AP-MS baits were analyzed by anti-FLAG affinity-purification mass spectrometry from whole-cell lysate with sodium molybdate. Two AP-MS replicates were scored with SAINT; the high-confidence cutoff was AvgP >= 0.85 (estimated FDR 1.8%). LUMIER used transient 3xFLAG query baits and stable Renilla-fused reporter preys in 293T cells; normalized luminescence Z-scores were evaluated at the source's high-confidence cutoff of approximately 7 (estimated upper FDR 4.4%).	cultured_cell_line	human	whole_cell_or_unspecified_fraction	omics_or_screening_measurement;physical_interaction_or_proximity	CDC37-bait AP-MS recovered TOMM34 above the source's SAINT AvgP 0.85 threshold.	Table S1 workbook, AvgP scores row 106: bait CDC37, prey TOMM34, AvgP 1.00, Spec 67|71, CtrlCounts 0|2|0|0|3|4|0; no reverse AP-MS row; LUMIER scores row 511, TOMM34-FLAG bait with CDC37-Renilla prey, -0.028708; no TOMM34 reporter column	Affinity-purification mass spectrometry from cellular lysate supports co-recovery or shared-complex membership, not purified binary binding. Bait-to-prey orientation records assay configuration rather than biological direction. Within-study replicate or reciprocal AP-MS does not establish HSP90 mediation, client status, or regulation.	No requested pair received a purified-protein binding test, regulatory direction test, pair-specific client-stability assay, functional perturbation, or HSP90-isoform-resolved mediation test. None appears in the author's AP-MS-and-LUMIER overlap sheet. A database luminescence route is not counted as orthogonal validation when its source-matrix score is below the author threshold or unavailable. No reverse AP-MS row was reported, and the tested LUMIER configuration failed the source threshold.	The source uses tagged, expressed proteins in one transformed 293T lineage. Negative or missing LUMIER measurements do not disprove an association because assay sensitivity and construct configuration differ from AP-MS. The main text and combined sheet use LUMIER score >= 7, while the workbook information sheet says > 7; no requested measurement is near that boundary. BioGRID and IntAct records can project the same AP-MS or screened LUMIER configuration and are not independent source replications. IntAct's anti-tag coimmunoprecipitation label does not establish a separate pair-specific co-IP experiment.	apms_screen;cellular_complex_not_binary;database_routes_not_independent_replication;lumier_below_threshold_or_unavailable;no_pair_specific_HSP90_assay;not_client_evidence;single_cell_line;tagged_expression;reverse_APMS_not_reported	local_main_article_and_complete_Table_S1_workbook_reviewed	focused_primary_review_complete	close_pair
COCHSRCREV-2026-09-13-CDC37-TTC4-PMID25036637	2026-09-13	CDC37::TTC4	CDC37	TTC4	CDC37	TTC4	PMID:25036637	25036637	PMC4104544	10.1016/j.cell.2014.05.039	A quantitative chaperone interaction network reveals the architecture of cellular protein homeostasis pathways	supports_context_qualified_pair_relationship	physical_association;shared_complex	reciprocal_CDC37_TTC4_APMS_cellular_association	undirected_or_not_applicable			cellular_complex_not_binary	same_study_reciprocal_tagged_expression_APMS_cellular_association	no_pair_specific_HSP90_assay_in_this_source	Human stable polyclonal 293T cells expressing predominantly C-terminal 3xFLAG-V5-tagged chaperone or co-chaperone AP-MS baits were analyzed by anti-FLAG affinity-purification mass spectrometry from whole-cell lysate with sodium molybdate. Two AP-MS replicates were scored with SAINT; the high-confidence cutoff was AvgP >= 0.85 (estimated FDR 1.8%). LUMIER used transient 3xFLAG query baits and stable Renilla-fused reporter preys in 293T cells; normalized luminescence Z-scores were evaluated at the source's high-confidence cutoff of approximately 7 (estimated upper FDR 4.4%).	cultured_cell_line	human	whole_cell_or_unspecified_fraction	omics_or_screening_measurement;physical_interaction_or_proximity	CDC37-bait and reciprocal TTC4-bait AP-MS each recovered the other protein above the source's SAINT AvgP 0.85 threshold.	Table S1 workbook, AvgP scores row 107: bait CDC37, prey TTC4, AvgP 1.00, Spec 45|58, CtrlCounts 0|0|0|0|0|0|0; reciprocal row 477: TTC4 bait, CDC37 prey, AvgP 1.00, Spec 32|51, CtrlCounts 4|6|3|3|5|5|6; LUMIER scores row 465, TTC4-FLAG bait with CDC37-Renilla prey, -1.285091; reverse CDC37 row 314 with TTC4 reporter, 0.220680; Bait protein list row 65: TTC4, C-terminal tag	Affinity-purification mass spectrometry from cellular lysate supports co-recovery or shared-complex membership, not purified binary binding. Bait-to-prey orientation records assay configuration rather than biological direction. Within-study replicate or reciprocal AP-MS does not establish HSP90 mediation, client status, or regulation.	No requested pair received a purified-protein binding test, regulatory direction test, pair-specific client-stability assay, functional perturbation, or HSP90-isoform-resolved mediation test. None appears in the author's AP-MS-and-LUMIER overlap sheet. A database luminescence route is not counted as orthogonal validation when its source-matrix score is below the author threshold or unavailable. Both LUMIER configurations failed the source threshold.	The source uses tagged, expressed proteins in one transformed 293T lineage. Negative or missing LUMIER measurements do not disprove an association because assay sensitivity and construct configuration differ from AP-MS. The main text and combined sheet use LUMIER score >= 7, while the workbook information sheet says > 7; no requested measurement is near that boundary. BioGRID and IntAct records can project the same AP-MS or screened LUMIER configuration and are not independent source replications. IntAct's anti-tag coimmunoprecipitation label does not establish a separate pair-specific co-IP experiment.	apms_screen;cellular_complex_not_binary;database_routes_not_independent_replication;lumier_below_threshold_or_unavailable;no_pair_specific_HSP90_assay;not_client_evidence;single_cell_line;tagged_expression	local_main_article_and_complete_Table_S1_workbook_reviewed	focused_primary_review_complete	close_pair
COCHSRCREV-2026-09-13-CDC37-TTC9C-PMID25036637	2026-09-13	CDC37::TTC9C	CDC37	TTC9C	CDC37	TTC9C	PMID:25036637	25036637	PMC4104544	10.1016/j.cell.2014.05.039	A quantitative chaperone interaction network reveals the architecture of cellular protein homeostasis pathways	supports_context_qualified_pair_relationship	physical_association;shared_complex	CDC37_bait_APMS_cellular_association_with_TTC9C	undirected_or_not_applicable			cellular_complex_not_binary	tagged_expression_duplicate_APMS_cellular_association	no_pair_specific_HSP90_assay_in_this_source	Human stable polyclonal 293T cells expressing predominantly C-terminal 3xFLAG-V5-tagged chaperone or co-chaperone AP-MS baits were analyzed in duplicate from whole-cell lysate with sodium molybdate. SAINT high-confidence AP-MS required AvgP >= 0.85. LUMIER used transient 3xFLAG query baits and stable Renilla reporters in 293T cells and a high-confidence score >= 7.	cultured_cell_line	human	whole_cell_or_unspecified_fraction	omics_or_screening_measurement;physical_interaction_or_proximity	CDC37-bait AP-MS recovered TTC9C above the source's AvgP 0.85 threshold.	AvgP scores row 108: CDC37 bait, TTC9C prey, AvgP 1.00, Spec 10|12, CtrlCounts 0|0|0|0|0|0|0; LUMIER TTC9C query/CDC37 reporter -3.802959	AP-MS and LUMIER use cellular lysates and support association or shared-complex membership, not purified binary binding. Assay orientation is not biological direction.	Subthreshold or unavailable AP-MS or LUMIER configurations are source-specific assay results, not evidence that the proteins cannot interact in another context. The measured LUMIER configuration was below 7 and the other configuration was unavailable.	One transformed 293T lineage with tagged expressed proteins. BioGRID and IntAct routes can encode the same source measurement and are not independent replications.	apms_screen;cellular_complex_not_binary;database_routes_not_independent_replication;no_pair_specific_HSP90_assay;not_client_evidence;single_cell_line;tagged_expression;lumier_below_threshold_or_unavailable	local_main_article_and_complete_Table_S1_workbook_reviewed	focused_primary_review_complete	close_pair
COCHSRCREV-2026-09-13-CDC37-TTC9C-PMID33961781	2026-09-13	CDC37::TTC9C	CDC37	TTC9C	CDC37	TTC9C	PMID:33961781	33961781	PMC8165030	10.1016/j.cell.2021.04.011	Dual proteome-scale networks reveal cell-specific remodeling of the human interactome	supports_context_qualified_pair_relationship	physical_association;shared_complex	reciprocal_CDC37_TTC9C_BioPlex3_293T_APMS_association	undirected_or_not_applicable			cellular_complex_not_binary	same_study_reciprocal_cellular_APMS_association	no_pair_specific_HSP90_mediation_established	BioPlex 3.0 used lentiviral expression of affinity-tagged human baits and AP-MS in 293T and HCT116 cells. Official directed releases preserve bait-prey configuration; final network releases provide pInt, pW, and pNI scores, with the local database route using pInt >= 0.75.	cultured_cell_line	human	whole_cell_or_unspecified_fraction	omics_or_screening_measurement;physical_interaction_or_proximity	BioPlex 3.0 293T AP-MS recovered CDC37 and TTC9C in both bait-prey orientations.	293T directed lines 28027-28028: reciprocal CDC37-TTC9C configurations; 293T final-network line 23709, pInt 0.999715856773030	AP-MS supports cellular co-recovery or shared-complex membership, not purified binary contact. Reciprocal capture or recovery in two cell lines remains same-study evidence, and bait-prey orientation is not regulatory direction.	No pair-specific direct-binding, regulatory, client-stability, or HSP90 mediation experiment was reported.	Tagged-expression AP-MS in two transformed cell lines. BioGRID, IntAct, directed releases, and final-network rows project one study rather than independent evidence. The 293T network carries forward prior releases.	apms_screen;BioPlex3_293T_carries_forward_prior_releases;cellular_complex_not_binary;database_routes_not_independent_replication;no_pair_specific_HSP90_assay;not_client_evidence;tagged_expression;same_study_cross_cell_line_replication;reciprocal_APMS_same_study	local_main_and_exact_official_directed_and_final_network_matrices_reviewed	focused_primary_review_complete	close_pair
COCHSRCREV-2026-09-13-CDC37-UPF1-PMID25036637	2026-09-13	CDC37::UPF1	CDC37	UPF1	CDC37	UPF1	PMID:25036637	25036637	PMC4104544	10.1016/j.cell.2014.05.039	A quantitative chaperone interaction network reveals the architecture of cellular protein homeostasis pathways	supports_context_qualified_pair_relationship	physical_association;shared_complex	CDC37_bait_APMS_cellular_association_with_UPF1	undirected_or_not_applicable			cellular_complex_not_binary	tagged_expression_duplicate_APMS_cellular_association	no_pair_specific_HSP90_assay_in_this_source	Human stable polyclonal 293T cells expressing predominantly C-terminal 3xFLAG-V5-tagged chaperone or co-chaperone AP-MS baits were analyzed by anti-FLAG affinity-purification mass spectrometry from whole-cell lysate with sodium molybdate. Two AP-MS replicates were scored with SAINT; the high-confidence cutoff was AvgP >= 0.85 (estimated FDR 1.8%). LUMIER used transient 3xFLAG query baits and stable Renilla-fused reporter preys in 293T cells; normalized luminescence Z-scores were evaluated at the source's high-confidence cutoff of approximately 7 (estimated upper FDR 4.4%).	cultured_cell_line	human	whole_cell_or_unspecified_fraction	omics_or_screening_measurement;physical_interaction_or_proximity	CDC37-bait AP-MS recovered UPF1 above the source's SAINT AvgP 0.85 threshold.	Table S1 workbook, AvgP scores row 110: bait CDC37, prey UPF1, AvgP 1.00, Spec 9|15, CtrlCounts 1|0|0|0|0|0|0; no reverse AP-MS row; LUMIER scores row 283, UPF1-FLAG bait with CDC37-Renilla prey, 1.048733; no UPF1 reporter column; the LUMIER row labels the query UPF1 and Entrez 5976 but carries source UniProt text Q6ZUC8_HUMAN	Affinity-purification mass spectrometry from cellular lysate supports co-recovery or shared-complex membership, not purified binary binding. Bait-to-prey orientation records assay configuration rather than biological direction. Within-study replicate or reciprocal AP-MS does not establish HSP90 mediation, client status, or regulation.	No requested pair received a purified-protein binding test, regulatory direction test, pair-specific client-stability assay, functional perturbation, or HSP90-isoform-resolved mediation test. None appears in the author's AP-MS-and-LUMIER overlap sheet. A database luminescence route is not counted as orthogonal validation when its source-matrix score is below the author threshold or unavailable. No reverse AP-MS row was reported, and the tested LUMIER configuration failed the source threshold. The inconsistent UniProt text is not used to remap the symbol/Entrez-anchored pair.	The source uses tagged, expressed proteins in one transformed 293T lineage. Negative or missing LUMIER measurements do not disprove an association because assay sensitivity and construct configuration differ from AP-MS. The main text and combined sheet use LUMIER score >= 7, while the workbook information sheet says > 7; no requested measurement is near that boundary. BioGRID and IntAct records can project the same AP-MS or screened LUMIER configuration and are not independent source replications. IntAct's anti-tag coimmunoprecipitation label does not establish a separate pair-specific co-IP experiment.	apms_screen;cellular_complex_not_binary;database_routes_not_independent_replication;lumier_below_threshold_or_unavailable;no_pair_specific_HSP90_assay;not_client_evidence;single_cell_line;tagged_expression;reverse_APMS_not_reported;UPF1_source_identifier_mismatch	local_main_article_and_complete_Table_S1_workbook_reviewed	focused_primary_review_complete	close_pair
COCHSRCREV-2026-09-13-CDC37-USP19-PMID25036637	2026-09-13	CDC37::USP19	CDC37	USP19	CDC37	USP19	PMID:25036637	25036637	PMC4104544	10.1016/j.cell.2014.05.039	A quantitative chaperone interaction network reveals the architecture of cellular protein homeostasis pathways	supports_context_qualified_pair_relationship	physical_association;shared_complex	CDC37_bait_APMS_cellular_association_with_USP19	undirected_or_not_applicable			cellular_complex_not_binary	tagged_expression_duplicate_APMS_cellular_association	no_pair_specific_HSP90_assay_in_this_source	Human stable polyclonal 293T cells expressing predominantly C-terminal 3xFLAG-V5-tagged chaperone or co-chaperone AP-MS baits were analyzed by anti-FLAG affinity-purification mass spectrometry from whole-cell lysate with sodium molybdate. Two AP-MS replicates were scored with SAINT; the high-confidence cutoff was AvgP >= 0.85 (estimated FDR 1.8%). LUMIER used transient 3xFLAG query baits and stable Renilla-fused reporter preys in 293T cells; normalized luminescence Z-scores were evaluated at the source's high-confidence cutoff of approximately 7 (estimated upper FDR 4.4%).	cultured_cell_line	human	whole_cell_or_unspecified_fraction	omics_or_screening_measurement;physical_interaction_or_proximity	CDC37-bait AP-MS recovered generic USP19 above the source's SAINT AvgP 0.85 threshold.	Table S1 workbook, AvgP scores row 111: bait CDC37, prey USP19, AvgP 1.00, Spec 10|10, CtrlCounts 0|0|0|0|0|0|0; reverse construct rows 35218 and 35978: USP19-MEEVD bait AvgP 0.47, Spec 10|16, and USP19-TM bait AvgP 0.00, Spec 5|8, both with CtrlCounts 4|6|3|3|5|5|6; LUMIER scores row 432, generic USP19-FLAG bait with CDC37-Renilla prey, 5.371145; construct rows 127 and 128: USP19-TM -0.303189 and USP19-MEEVD 0.469389; reverse CDC37 row 314 with USP19-TM and USP19-MEEVD reporters, 0.684665 and 0.639083; Bait protein list rows 68-69: USP19/ZMYND9 N-terminally tagged mouse isoform constructs with C-terminal MEEVD or transmembrane features	Affinity-purification mass spectrometry from cellular lysate supports co-recovery or shared-complex membership, not purified binary binding. Bait-to-prey orientation records assay configuration rather than biological direction. Within-study replicate or reciprocal AP-MS does not establish HSP90 mediation, client status, or regulation.	No requested pair received a purified-protein binding test, regulatory direction test, pair-specific client-stability assay, functional perturbation, or HSP90-isoform-resolved mediation test. None appears in the author's AP-MS-and-LUMIER overlap sheet. A database luminescence route is not counted as orthogonal validation when its source-matrix score is below the author threshold or unavailable. Both reverse construct AP-MS rows failed AvgP 0.85. Generic and construct-specific LUMIER configurations all failed the source threshold; they do not establish reciprocal or isoform-specific support for the generic USP19 pair.	The source uses tagged, expressed proteins in one transformed 293T lineage. Negative or missing LUMIER measurements do not disprove an association because assay sensitivity and construct configuration differ from AP-MS. The main text and combined sheet use LUMIER score >= 7, while the workbook information sheet says > 7; no requested measurement is near that boundary. BioGRID and IntAct records can project the same AP-MS or screened LUMIER configuration and are not independent source replications. IntAct's anti-tag coimmunoprecipitation label does not establish a separate pair-specific co-IP experiment.	apms_screen;cellular_complex_not_binary;database_routes_not_independent_replication;lumier_below_threshold_or_unavailable;no_pair_specific_HSP90_assay;not_client_evidence;single_cell_line;tagged_expression;reverse_APMS_below_threshold;source_alias_normalized;USP19_construct_specific_reverse_assays	local_main_article_and_complete_Table_S1_workbook_reviewed	focused_primary_review_complete	close_pair
COCHSRCREV-2026-09-13-CDC37L1-FKBP4-PMID11413142	2026-09-13	CDC37L1::FKBP4	CDC37L1	FKBP4	FKBP4	CDC37L1	PMID:11413142	11413142		10.1074/jbc.M103889200	Identification and Characterization of Harc, a Novel Hsp90-associating Relative of Cdc37	supports_context_qualified_pair_relationship	physical_association;shared_complex	CDC37L1_Harc_and_FKBP4_FKBP52_Hsp90_heterocomplex_corecovery	undirected_or_not_applicable			cellular_heterocomplex_corecovery_not_binary	tagged_cellular_and_reciprocal_heterocomplex_coIP_context	cytosolic_HSP90_paralog_unresolved_heterocomplex_context	Human 293T cells transiently expressed FLAG-Harc/CDC37L1. Anti-FLAG and reciprocal endogenous-complex immunoprecipitations were performed with ATP and molybdate; normal rabbit serum and empty-vector samples served as controls.	cultured_cell_line	human	cytosol;whole_cell_or_unspecified_fraction	localization_trafficking_or_secretion;physical_interaction_or_proximity	FKBP52/FKBP4 was recovered with FLAG-Harc in an Hsp90/Hsp70/Hop/immunophilin heterocomplex; reciprocal immunoprecipitation conditions support complex membership. FLAG-Harc was cytosolic.	Fig. 2B-C cytosolic localization; Fig. 7A-B FLAG-Harc complex composition and reciprocal immunoprecipitations with normal-rabbit-serum control	Co-recovery in a multicomponent chaperone heterocomplex does not establish direct Harc-FKBP52 contact or biological direction.	p23 was not recovered with FLAG-Harc. FKBP52 and CyP40 were not detected in anti-Hsp90/anti-Hsp70 IPs, while Hsp90 was recovered in reciprocal immunoprecipitations; the authors attribute this to antibody-dependent complex recovery, not absence from heterocomplexes.	Tagged Harc expression in one transformed cell line; no purified pair assay, pair-specific perturbation, client phenotype, or cytosolic HSP90 paralog resolution.	cellular_heterocomplex_not_binary;cytosolic_HSP90_paralog_unresolved;not_client_evidence;tagged_expression	local_complete_main_article_reviewed;no_separate_supplement_required	focused_primary_review_complete	close_pair
COCHSRCREV-2026-09-13-CDC37L1-FKBP4-PMID25036637	2026-09-13	CDC37L1::FKBP4	CDC37L1	FKBP4	FKBP4	CDC37L1	PMID:25036637	25036637	PMC4104544	10.1016/j.cell.2014.05.039	A quantitative chaperone interaction network reveals the architecture of cellular protein homeostasis pathways	supports_context_qualified_pair_relationship	physical_association;shared_complex	CDC37L1_bait_APMS_cellular_association_with_FKBP4_with_subthreshold_LUMIER	undirected_or_not_applicable			cellular_complex_not_binary	tagged_expression_duplicate_APMS_cellular_association	no_pair_specific_HSP90_mediation_established	Human 293T cells stably expressed mostly C-terminal 3xFLAG-V5-tagged bait proteins for duplicate AP-MS scored by SAINT (qualifying AvgP at least 0.85). Separate stable Renilla-reporter cells and transient 3xFLAG query expression supplied LUMIER measurements (qualifying score at least 7). Query/reporter and bait/prey orientations are assay configurations.	cultured_cell_line	human	whole_cell_or_unspecified_fraction	omics_or_screening_measurement;physical_interaction_or_proximity	CDC37L1/Harc-bait AP-MS recovered FKBP4 at AvgP 1.00 with spectra 210|217, above the source's 0.85 threshold.	Table S1 decision workbook: AP-MS, general LUMIER, and targeted domain-panel sheets rechecked at source thresholds	AP-MS co-recovery and LUMIER signal in cells do not establish purified pairwise contact, biological direction, client status, or HSP90 mediation.	Both LUMIER orientations (CDC37L1-query/FKBP4-reporter 0.680057; FKBP4-query/CDC37L1-reporter 2.085773) were below 7. The database LUMIER projection is not positive validation and is not a biological negative.	One tagged-expression 293T study. BioGRID and IntAct routes are encodings of the same publication, not independent experiments or replication.	LUMIER_below_threshold;cellular_complex_not_binary;database_routes_not_independent_replication;no_pair_specific_HSP90_mediation;not_client_evidence;same_subthreshold_LUMIER_database_projection;single_cell_line;tagged_expression	local_main_article_and_decision_complete_Table_S1_workbook_reviewed;optional_other_publication_supplements_not_decision_blocking	focused_primary_review_complete	close_pair
COCHSRCREV-2026-09-13-FKBP5-CDC37L1-PMID25036637	2026-09-13	CDC37L1::FKBP5	CDC37L1	FKBP5	FKBP5	CDC37L1	PMID:25036637	25036637	PMC4104544	10.1016/j.cell.2014.05.039	A quantitative chaperone interaction network reveals the architecture of cellular protein homeostasis pathways	supports_context_qualified_pair_relationship	physical_association;shared_complex	reciprocal_CDC37L1_FKBP5_APMS_cellular_association	undirected_or_not_applicable			cellular_complex_not_binary	same_study_reciprocal_tagged_expression_APMS_cellular_association	no_pair_specific_HSP90_assay_in_this_source	Human stable polyclonal 293T cells expressing predominantly C-terminal 3xFLAG-V5-tagged chaperone or co-chaperone AP-MS baits were analyzed by anti-FLAG affinity-purification mass spectrometry from whole-cell lysate with sodium molybdate. Two AP-MS replicates were scored with SAINT; the high-confidence cutoff was AvgP >= 0.85 (estimated FDR 1.8%). LUMIER used transient 3xFLAG query baits and stable Renilla-fused reporter preys in 293T cells; normalized luminescence Z-scores were evaluated at the source's high-confidence cutoff of approximately 7 (estimated upper FDR 4.4%).	cultured_cell_line	human	whole_cell_or_unspecified_fraction	omics_or_screening_measurement;physical_interaction_or_proximity	CDC37L1-bait and reciprocal FKBP5-bait AP-MS each recovered the other protein above the source's SAINT AvgP 0.85 threshold.	Table S1 workbook, AvgP scores row 115: bait CDC37L1, prey FKBP5, AvgP 0.95, Spec 10|15, CtrlCounts 0|3|0|0|3|0|0; reciprocal row 177: bait FKBP5, prey CDC37L1, AvgP 1.00, Spec 5|7, CtrlCounts 0|0|0|0|0|0|0|0|0|0; LUMIER scores row 193, CDC37L1-FLAG query bait with FKBP5-Renilla reporter prey, 1.275670; reverse LUMIER configuration unavailable	Affinity-purification mass spectrometry from cellular lysate supports co-recovery or shared-complex membership, not purified binary binding. Bait-to-prey orientation records assay configuration rather than biological direction. Within-study replicate or reciprocal AP-MS does not establish HSP90 mediation, client status, or regulation.	No requested pair received a purified-protein binding test, regulatory direction test, pair-specific client-stability assay, functional perturbation, or HSP90-isoform-resolved mediation test. A database luminescence route represents a screened configuration and is counted as within-study cross-assay support only when the author's curated AP-MS-plus-LUMIER table passes both cutoffs. The measured LUMIER configuration failed the score 7 threshold, and the reverse configuration was unavailable.	The source uses tagged, expressed proteins in one transformed 293T lineage. Negative or missing LUMIER measurements do not disprove an association because assay sensitivity and construct configuration differ from AP-MS. The main text and combined sheet use LUMIER score >= 7, while the workbook information sheet says > 7; no requested measurement is near that boundary. BioGRID and IntAct records can project the same AP-MS or screened LUMIER configuration and are not independent source replications. IntAct's anti-tag coimmunoprecipitation label does not establish a separate pair-specific co-IP experiment.	apms_screen;cellular_complex_not_binary;database_routes_not_independent_replication;lumier_below_threshold_or_unavailable;no_pair_specific_HSP90_assay;not_client_evidence;single_cell_line;tagged_expression;reciprocal_APMS;reverse_LUMIER_unavailable	local_main_article_and_complete_Table_S1_workbook_reviewed	focused_primary_review_complete	close_pair
COCHSRCREV-2026-09-13-PPP5C-CDC37L1-PMID25036637	2026-09-13	CDC37L1::PPP5C	CDC37L1	PPP5C	PPP5C	CDC37L1	PMID:25036637	25036637	PMC4104544	10.1016/j.cell.2014.05.039	A quantitative chaperone interaction network reveals the architecture of cellular protein homeostasis pathways	supports_context_qualified_pair_relationship	physical_association;shared_complex	CDC37L1_bait_APMS_cellular_association_with_PPP5C	undirected_or_not_applicable			cellular_complex_not_binary	tagged_expression_duplicate_APMS_cellular_association	no_pair_specific_HSP90_assay_in_this_source	Human stable polyclonal 293T cells expressing predominantly C-terminal 3xFLAG-V5-tagged chaperone or co-chaperone AP-MS baits were analyzed by anti-FLAG affinity-purification mass spectrometry from whole-cell lysate with sodium molybdate. Two AP-MS replicates were scored with SAINT; the high-confidence cutoff was AvgP >= 0.85 (estimated FDR 1.8%). LUMIER used transient 3xFLAG query baits and stable Renilla-fused reporter preys in 293T cells; normalized luminescence Z-scores were evaluated at the source's high-confidence cutoff of approximately 7 (estimated upper FDR 4.4%).	cultured_cell_line	human	whole_cell_or_unspecified_fraction	omics_or_screening_measurement;physical_interaction_or_proximity	CDC37L1-bait AP-MS recovered PPP5C above the source's SAINT AvgP 0.85 threshold.	Table S1 workbook, AvgP scores row 119: bait CDC37L1, prey PPP5C, AvgP 1.00, Spec 9|11, CtrlCounts 0|0|0|0|1|1|0; no PPP5C-bait CDC37L1 prey row among detected proteins despite PPP5C bait coverage; LUMIER scores row 193, CDC37L1 query with PPP5C reporter, 3.934326; row 186, PPP5C query with CDC37L1 reporter, 4.130790	Affinity-purification mass spectrometry from cellular lysate supports co-recovery or shared-complex membership, not purified binary binding. Bait-to-prey orientation records assay configuration rather than biological direction. Within-study replicate or reciprocal AP-MS does not establish HSP90 mediation, client status, or regulation.	No requested pair received a purified-protein binding test, regulatory direction test, pair-specific client-stability assay, functional perturbation, or HSP90-isoform-resolved mediation test. A database luminescence route represents a screened configuration and is counted as within-study cross-assay support only when the author's curated AP-MS-plus-LUMIER table passes both cutoffs. Reverse AP-MS was not reported, and both LUMIER configurations failed the score 7 threshold.	The source uses tagged, expressed proteins in one transformed 293T lineage. Negative or missing LUMIER measurements do not disprove an association because assay sensitivity and construct configuration differ from AP-MS. The main text and combined sheet use LUMIER score >= 7, while the workbook information sheet says > 7; no requested measurement is near that boundary. BioGRID and IntAct records can project the same AP-MS or screened LUMIER configuration and are not independent source replications. IntAct's anti-tag coimmunoprecipitation label does not establish a separate pair-specific co-IP experiment.	apms_screen;cellular_complex_not_binary;database_routes_not_independent_replication;lumier_below_threshold_or_unavailable;no_pair_specific_HSP90_assay;not_client_evidence;single_cell_line;tagged_expression;reverse_APMS_not_reported	local_main_article_and_complete_Table_S1_workbook_reviewed	focused_primary_review_complete	close_pair
COCHSRCREV-2026-09-13-STIP1-CDC37L1-PMID11413142	2026-09-13	CDC37L1::STIP1	CDC37L1	STIP1	STIP1	CDC37L1	PMID:11413142	11413142		10.1074/jbc.M103889200	Identification and Characterization of Harc, a Novel Hsp90-associating Relative of Cdc37	supports_context_qualified_pair_relationship	shared_complex;chaperone_cycle_component	CDC37L1_Harc_and_STIP1_co_recover_in_Hsp70_Hsp90_heterocomplex	undirected_or_not_applicable			cellular_complex_not_binary	cellular_Hsp70_Hsp90_heterocomplex_coIP_context	cytosolic_hsp90_unresolved;no_pair_specific_HSP90_mediation_established	Transient FLAG-Harc in 293T cells; anti-FLAG IP with radiolabel and p60Hop immunoblotting in Figure 7A, and NRS, anti-FLAG, anti-Hsp90, anti-Hsp70, and anti-p23 IPs immunoblotted for FLAG-Harc, Hsp90, p60Hop, Hsp70, FKBP52, and CyP40 in Figure 7B.	cultured_cell_line	human	whole_cell_or_unspecified_fraction	omics_or_screening_measurement;physical_interaction_or_proximity	FLAG-Harc/CDC37L1 and p60Hop/STIP1 co-occur in cellular Hsp70-Hsp90 heterocomplex immunoprecipitations.	Figure 7A, 293T FLAG-Harc IP detects Hsp90, p60Hop/STIP1, FLAG-Harc, and p22; Figure 7B, FLAG-Harc is detected in anti-Hsp90 and anti-Hsp70 IPs, while p60Hop is detected in anti-FLAG, anti-Hsp90, and anti-Hsp70 IPs; anti-p23 does not support pair recovery	Co-immunoprecipitation from cellular lysate supports membership in an Hsp70-Hsp90 heterocomplex, not direct CDC37L1-STIP1 binding.	Figure 7 does not provide reciprocal CDC37L1-STIP1 immunoprecipitation or a pair-specific HSP90-dependence experiment. There is no reciprocal anti-STIP1/anti-CDC37L1 pairwise IP, purified binary test, or pair-specific HSP90 mediation assay.	Transient tagged expression in one 293T lineage; no purified-protein test, quantitative replication, or HSP90 paralog resolution.	cellular_complex_not_binary;hsp90_paralog_unresolved;no_pair_specific_HSP90_mediation;not_client_evidence;not_reciprocal_pairwise_IP;single_cell_line;tagged_expression;Hsp70_Hsp90_heterocomplex	complete_main_article_figure_reviewed_no_separate_supplement_required	focused_primary_review_complete	close_pair
COCHSRCREV-2026-09-13-STIP1-CDC37L1-PMID25036637	2026-09-13	CDC37L1::STIP1	CDC37L1	STIP1	STIP1	CDC37L1	PMID:25036637	25036637	PMC4104544	10.1016/j.cell.2014.05.039	A quantitative chaperone interaction network reveals the architecture of cellular protein homeostasis pathways	supports_context_qualified_pair_relationship	physical_association;shared_complex	CDC37L1_bait_APMS_plus_LUMIER_association_with_STIP1	undirected_or_not_applicable			cellular_complex_not_binary	tagged_expression_APMS_plus_LUMIER_cellular_association	no_pair_specific_HSP90_assay_in_this_source	Human stable polyclonal 293T cells expressing predominantly C-terminal 3xFLAG-V5-tagged chaperone or co-chaperone AP-MS baits were analyzed in duplicate from whole-cell lysate with sodium molybdate. SAINT high-confidence AP-MS required AvgP >= 0.85. LUMIER used transient 3xFLAG query baits and stable Renilla reporters in 293T cells and a high-confidence score >= 7.	cultured_cell_line	human	whole_cell_or_unspecified_fraction	omics_or_screening_measurement;physical_interaction_or_proximity	CDC37L1-bait AP-MS and LUMIER both pass the source thresholds for STIP1.	AvgP scores row 122: CDC37L1 bait, STIP1 prey, AvgP 0.87, Spec 176|124, CtrlCounts 15|33|10|25|60|50|16; LUMIER CDC37L1 query/STIP1 reporter 7.081068; AP-MS and LUMIER row 31: CDC37L1-STIP1, LUMIER 7.081068, AvgP 0.87	AP-MS and LUMIER use cellular lysates and support association or shared-complex membership, not purified binary binding. Assay orientation is not biological direction.	Subthreshold or unavailable AP-MS or LUMIER configurations are source-specific assay results, not evidence that the proteins cannot interact in another context.	One transformed 293T lineage with tagged expressed proteins. BioGRID and IntAct routes can encode the same source measurement and are not independent replications.	apms_screen;cellular_complex_not_binary;database_routes_not_independent_replication;no_pair_specific_HSP90_assay;not_client_evidence;single_cell_line;tagged_expression;author_curated_APMS_plus_LUMIER_positive	local_main_article_and_complete_Table_S1_workbook_reviewed	focused_primary_review_complete	close_pair
COCHSRCREV-2026-09-13-STUB1-CDC37L1-PMID25036637	2026-09-13	CDC37L1::STUB1	CDC37L1	STUB1	STUB1	CDC37L1	PMID:25036637	25036637	PMC4104544	10.1016/j.cell.2014.05.039	A quantitative chaperone interaction network reveals the architecture of cellular protein homeostasis pathways	supports_context_qualified_pair_relationship	physical_association;shared_complex	STUB1_CDC37L1_high_confidence_human_cellular_co_complex	undirected_or_not_applicable			cellular_complex_not_binary	high_confidence_cellular_apms_co_complex	no_pair_specific_HSP90_assay_in_this_source	Stable human 293T cell lines expressing C-terminal 3xFLAG-V5-tagged chaperome proteins for AP-MS and Renilla-tagged proteins for quantitative LUMIER assays; high-confidence cutoffs were SAINT AvgP >= 0.85 and LUMIER score >= 7	cultured_cell_line	human	whole_cell_or_unspecified_fraction	omics_or_screening_measurement;physical_interaction_or_proximity	CDC37L1 and STUB1 passed the source's high-confidence AP-MS cutoff; this supports a human cellular physical association or shared complex.	AP-MS SAINT AvgP 0.97 (Table S1 row 123); LUMIER orientations were subthreshold at 1.290 and 0.663	High-confidence cellular AP-MS supports co-complex membership. Absent or subthreshold LUMIER evidence adds no orthogonal support, and the AP-MS result does not establish purified binary binding.	The pair assays do not test client stabilization, ubiquitination, pair-specific HSP90 dependence, or direct binding.	Tagged proteins in one human cell-line background. Database assay labels and pair expansions cannot substitute for the source matrix thresholds.	cellular_complex_not_binary;no_pair_specific_HSP90_assay;not_client_evidence;not_direct_binding;single_publication_multiple_pair_routes;tagged_expression;database_encodings_exceed_primary_matrix	local_native_table_s1_reviewed_supplemental_figure_pdf_missing_not_decision_limiting	focused_primary_review_complete	close_pair
COCHSRCREV-2026-09-13-FKBP5-CDK11A-PMID25036637	2026-09-13	CDK11A::FKBP5	CDK11A	FKBP5	FKBP5	CDK11A	PMID:25036637	25036637	PMC4104544	10.1016/j.cell.2014.05.039	A quantitative chaperone interaction network reveals the architecture of cellular protein homeostasis pathways	supports_context_qualified_pair_relationship	physical_association;shared_complex	FKBP5_bait_APMS_cellular_association_with_CDK11A	undirected_or_not_applicable			cellular_complex_not_binary	tagged_expression_duplicate_APMS_cellular_association	no_pair_specific_HSP90_mediation_established	Human stable polyclonal 293T cells expressing predominantly C-terminal 3xFLAG-V5-tagged chaperones or co-chaperones were analyzed by anti-FLAG affinity-purification mass spectrometry from whole-cell lysate with sodium molybdate. Two AP-MS replicates were scored with SAINT; the high-confidence cutoff was AvgP >= 0.85 (estimated FDR 1.8%). An orthogonal Renilla-luciferase affinity-capture assay used LUMIER score >= 7 (estimated upper FDR 4.4%).	cultured_cell_line	human	whole_cell_or_unspecified_fraction	omics_or_screening_measurement;physical_interaction_or_proximity	FKBP5-bait AP-MS recovered CDK11A above the source's SAINT AvgP 0.85 threshold.	Table S1 workbook, AvgP scores sheet row 178: bait FKBP5, prey CDK11A, AvgP 0.99, replicate spectral counts 5|4; canonical symbol	AP-MS and LUMIER both recover proteins from cellular lysates and support cellular association or shared-complex membership. Neither assay establishes purified binary binding. Bait-to-prey orientation records assay configuration rather than biological direction.	No requested pair received a purified-protein binding test, regulatory direction test, pair-specific client-stability assay, or HSP90-isoform-resolved mediation test. A database luminescence route can represent a screened configuration and is not counted as validation unless the source's author-curated AP-MS-plus-LUMIER table passes both cutoffs.	The source uses tagged, expressed proteins in one transformed 293T lineage. Taipale 2014 and OpenCell 2022 are independent studies with different tagging strategies and interaction-calling methods, but both use the 293T/HEK293T lineage and therefore do not provide cross-lineage replication. BioGRID and IntAct routes within this source can encode the same AP-MS, LUMIER, or follow-up measurement and are not independent source replications.	cellular_complex_not_binary;database_routes_not_independent_replication;no_pair_specific_HSP90_mediation;not_client_evidence;same_293T_lineage_across_sources;single_cell_line_lineage;tagged_expression	local_main_article_and_complete_Table_S1_workbook_reviewed	focused_primary_review_complete	close_pair
COCHSRCREV-2026-09-13-FKBP5-CDK11A-PMID28514442	2026-09-13	CDK11A::FKBP5	CDK11A	FKBP5	FKBP5	CDK11A	PMID:28514442	28514442	PMC5531611	10.1038/nature22366	Architecture of the human interactome defines protein communities and disease networks	supports_context_qualified_pair_relationship	physical_association;shared_complex	CDK11A_bait_BioPlex2_APMS_association_with_FKBP5	undirected_or_not_applicable			cellular_complex_not_binary	single_direction_tagged_expression_APMS_cellular_association	no_pair_specific_HSP90_mediation_established	BioPlex 2.0 expressed C-terminal HA-FLAG-tagged human ORFeome baits in HEK293T cells, recovered associated proteins by affinity purification-mass spectrometry, and called high-confidence interacting proteins with CompPASS-Plus. The database route records a 0.75 score threshold; the exact official directed release is preserved locally.	cultured_cell_line	human	whole_cell_or_unspecified_fraction	omics_or_screening_measurement;physical_interaction_or_proximity	The BioPlex 2.0 293T directed release contains CDK11A bait to FKBP5 prey as a high-confidence AP-MS association.	Official BioPlex 2.0 293T directed release line 52183: bait Entrez 728642 CDK11A, prey Entrez 2289 FKBP5; BioGRID interaction 2223123, CompPASS-Plus score 0.999989387 at the database-recorded 0.75 cutoff	Affinity-purification mass spectrometry from cellular lysate supports co-recovery or shared-complex membership, not purified binary binding. Bait-to-prey orientation records assay configuration rather than a regulatory direction.	No reciprocal CDK11A-FKBP5 direction is present in the official BioPlex 2.0 directed release. The study did not test purified binding, regulatory direction, client stability, or HSP90-dependent mediation for this pair.	This is one tagged-expression 293T AP-MS network. BioGRID and IntAct project the same source edge and are not independent replications. BioPlex 3.0 carries forward and re-scores BioPlex 2.0 measurements, so its 293T release is not an independent repeat of this source lineage. Publication supplements are not in the article package, but the exact official directed matrix is local and resolves the requested route.	apms_screen;BioPlex3_carries_forward_BioPlex2;cellular_complex_not_binary;database_routes_not_independent_replication;no_pair_specific_HSP90_assay;not_client_evidence;single_cell_line;tagged_expression;publication_supplements_not_local_archive_gap	local_main_and_exact_official_directed_matrix_reviewed;publication_supplements_not_local_archive_gap_not_decision_blocker	focused_primary_review_complete	close_pair
COCHSRCREV-2026-09-13-FKBP5-CDK11A-PMID33961781	2026-09-13	CDK11A::FKBP5	CDK11A	FKBP5	FKBP5	CDK11A	PMID:33961781	33961781	PMC8165030	10.1016/j.cell.2021.04.011	Dual proteome-scale networks reveal cell-specific remodeling of the human interactome	supports_context_qualified_pair_relationship	physical_association;shared_complex	reciprocal_cross_cell_line_BioPlex3_APMS_association_CDK11A_FKBP5	undirected_or_not_applicable			cellular_complex_not_binary	same_study_cross_cell_line_reciprocal_tagged_expression_APMS_cellular_association	no_pair_specific_HSP90_mediation_established	BioPlex 3.0 used lentiviral expression of affinity-tagged human baits and affinity-purification mass spectrometry to build final interaction networks in 293T and HCT116 cells. Official directed releases preserve the bait-prey configurations, while final undirected network releases provide pInt, pW, and pNI scores.	cultured_cell_line	human	whole_cell_or_unspecified_fraction	omics_or_screening_measurement;physical_interaction_or_proximity	BioPlex 3.0 recovered CDK11A-FKBP5 in both bait-prey directions in both 293T and HCT116 cells.	Official BioPlex 3.0 directed releases: 293T lines 93451-93452, CDK11A->FKBP5 and FKBP5->CDK11A; HCT116 lines 15269-15270, FKBP5->CDK11A and CDK11A->FKBP5. Final undirected network lines 82657 and 12806: pInt 0.99999999996588 and 0.99999999082894	Affinity-purification mass spectrometry from cellular lysate supports co-recovery or shared-complex membership, not purified binary binding. Bait-to-prey orientation records assay configuration rather than a regulatory direction.	The source did not test purified binding, regulatory direction, client stability, or HSP90-dependent mediation for either requested pair.	Both contexts use tagged, expressed baits and the same AP-MS platform. Cross-lineage recovery and reciprocal bait-prey recovery strengthen cellular association but do not establish binary contact. BioGRID, IntAct, and the local final-network rows project the same study rather than independent evidence. The 293T network carries forward and re-scores BioPlex 2.0. Publication supplements are not in the article package, but exact official directed and final-network matrices are local and resolve the requested routes.	apms_screen;BioPlex3_293T_carries_forward_prior_releases;cellular_complex_not_binary;database_routes_not_independent_replication;no_pair_specific_HSP90_assay;not_client_evidence;tagged_expression;same_study_cross_cell_line_replication;publication_supplements_not_local_archive_gap	local_main_and_exact_official_directed_and_final_network_matrices_reviewed;publication_supplements_not_local_archive_gap_not_decision_blocker	focused_primary_review_complete	close_pair
COCHSRCREV-2026-09-13-FKBP5-CDK11A-PMID33973408	2026-09-13	CDK11A::FKBP5	CDK11A	FKBP5	FKBP5	CDK11A	PMID:33973408	33973408	PMC8111494	10.15252/msb.202010016	hu.MAP 2.0: integration of over 15,000 proteomic experiments builds a global compendium of human multiprotein assemblies	supports_context_qualified_pair_relationship	physical_association;shared_complex	huMAP2_predicted_complex_comembership_CDK11A_FKBP5_HSP90AB1_context	undirected_or_not_applicable			integrative_predicted_complex_not_pairwise	medium_confidence_integrative_predicted_complex_comembership	no_pair_specific_HSP90_mediation_established	hu.MAP 2.0 computationally integrates more than 15,000 human proteomic experiments into predicted multiprotein assemblies. The local medium-confidence record HuMAP2_04784 has confidence 5 and 16 accession-level members; its source symbol field contains 21 tokens.	computational_or_database	human	not_reported	computational_or_secondary_context	hu.MAP 2.0 predicts CDK11A and FKBP5 as co-members of HuMAP2_04784, which also contains HSP90AB1. This is integrative complex context, not a new pairwise experiment.	Official huMAP2 complex release line 4749: HuMAP2_04784, confidence 5; CDK11A, FKBP5, and HSP90AB1 occur in the source symbol field; 16 UniProt accession tokens and 21 source gene-symbol tokens	Predicted co-membership in an integrative complex does not establish pairwise contact, AP-MS bait-prey direction, or HSP90 mediation.	No pairwise CDK11A-FKBP5 assay, purified binding experiment, client stability test, or pair-specific HSP90-dependence experiment is reported by this record.	The complex model integrates many input datasets, including BioPlex, so it is not an independent experimental replication of the BioPlex edges. The article package is not archived locally, but the exact official matrix is local and fully resolves this context route.	computational_integrative_prediction;database_context_only;HuMAP_incorporates_BioPlex_inputs;not_client_evidence;not_independent_pairwise_support;predicted_complex_not_pairwise;publication_package_not_local_archive_gap	exact_official_complex_matrix_reviewed;publication_package_not_local_archive_gap_not_decision_blocker	focused_primary_review_complete	close_pair
COCHSRCREV-2026-09-13-FKBP5-CDK11A-PMID35271311	2026-09-13	CDK11A::FKBP5	CDK11A	FKBP5	FKBP5	CDK11A	PMID:35271311	35271311	PMC9119736	10.1126/science.abi6983	OpenCell: proteome-scale endogenous tagging enables the cartography of human cellular organization	supports_context_qualified_pair_relationship	physical_association;shared_complex	OpenCell_endogenous_tag_IPMS_association_FKBP5->CDK11A	undirected_or_not_applicable			cellular_complex_not_binary	single_direction_endogenous_tag_triplicate_IPMS_cellular_association	no_pair_specific_HSP90_mediation_established	Human HEK293T polyclonal pools bearing CRISPR-generated endogenous split-mNeonGreen2 tags were lysed in 1.5% digitonin with Benzonase and captured using an anti-mNeonGreen nanobody. Each bait was analyzed in biological triplicate by label-free IP-MS. Interaction calls compared log2 LFQ measurements with bootstrapped null distributions built from an average of 349 unrelated tagged cell lines and used a bait-specific dynamic enrichment boundary. The released CSV contains accepted calls; its field named pval stores -log10(P), not a raw P value.	cultured_cell_line	human	whole_cell_or_unspecified_fraction	omics_or_screening_measurement;physical_interaction_or_proximity	The OpenCell accepted interaction release contains FKBP5->CDK11A as an endogenous-tag, triplicate cellular IP-MS association.	Official processed interaction CSV line(s) 9136: native orientation FKBP5->CDK11A; pval field -log10(P) 21.6687131380882; enrichment 4.86612802547523; interaction stoichiometry 0.00580989677629264; cellular-abundance stoichiometry 0.820713501722316; CDK11A lacks a prey Ensembl ID in the release; UniProt mapping supports identity	Endogenous-tag IP-MS measures association after lysis and can recover indirect members of larger complexes. It does not establish spatial proximity in vivo or purified binary contact. Bait-to-prey orientation is assay provenance rather than biological direction.	None of the 15 pairs passes both secondary core-cluster stoichiometry filters (interaction stoichiometry 0.05-10 and cellular-abundance stoichiometry 0.1-10). This secondary filter is not the initial interaction-calling rule. The manuscript does not discuss these rows or provide pair-specific perturbation, direct-binding, regulatory, client-stability, ubiquitination, or HSP90-dependence evidence. Only FKBP5 had released bait coverage for this pair, so reciprocal testing was unavailable and the missing reverse orientation is neutral.	One transformed, pseudo-triploid HEK293T lineage; endogenous tags can still alter abundance, localization, or interfaces. The split-fluorophore strategy mainly accesses nucleo-cytoplasmic proteins and cytosol-exposed membrane termini. Taipale 2014 is an independent source and method, but both studies use the 293T/HEK293T lineage. The publication supplement bundle is not archived locally; the exact official 29,922-row processed interaction release used for these decisions is local, so this is an archive-completeness gap rather than a review blocker.	cellular_complex_not_binary;endogenous_tag_IPMS;no_pair_specific_HSP90_mediation;not_client_evidence;publication_supplements_not_local_archive_gap;same_293T_lineage_across_sources;single_cell_line_lineage	local_main_and_official_processed_interaction_matrix_reviewed;publication_supplement_bundle_not_local_archive_gap_not_decision_blocker	focused_primary_review_complete	close_pair
COCHSRCREV-2026-09-13-FKBP5-CDK4-PMID32707033	2026-09-13	CDK4::FKBP5	CDK4	FKBP5	FKBP5	CDK4	PMID:32707033	32707033	PMC7427327	10.1016/j.molcel.2020.07.001	Kinase Interaction Network Expands Functional and Disease Roles of Human Kinases	supports_context_qualified_pair_relationship	physical_association;shared_complex	CDK4_bait_APMS_co_recovers_FKBP5	undirected_or_not_applicable			cellular_complex_not_binary	high_confidence_cellular_apms_co_complex	no_pair_specific_HSP90_assay_in_this_source	Human HEK Flp-In 293 T-REx cells with single-locus doxycycline-induced N-terminal Strep-HA-tagged kinase baits; more than 100 million cells per purification, rapid single-step Strep affinity recovery, and duplicate LC-MS/MS runs. Final interactors required WD score > 73.6, GFP-control abundance ratio > 18.4, and at least two total spectra, followed by CRAPome, contaminant, and carry-over filters calibrated to a global false-positive rate below 1%.	cultured_cell_line	human	whole_cell_or_unspecified_fraction	omics_or_screening_measurement;physical_interaction_or_proximity	CDK4-bait AP-MS recovered FKBP5 in the source's final high-confidence interaction matrix.	Table S2 final interactome Excel row 969: bait CDK4, prey FKBP5, WD 136.79, GFP-control ratio 918, total spectra 27; Table S4: inherited Taipale class Strong; HSP.members 3 (HSP90AA1, HSP90AB1, CDC37); Table S9: target kinase construct matches canonical UniProt sequence	Affinity purification-mass spectrometry supports cellular co-recovery or shared-complex membership, not purified binary binding.	No requested pair received reciprocal purification, western blot, BioID, genetic perturbation, or purified-protein validation in this study. Table S4 client classes were inherited from Taipale et al. 2012 and are not new client evidence. The source reports no pair-level q-value for these AP-MS rows.	One tagged-expression cell-line background; N-terminal tags and induced expression may alter abundance, localization, folding, or binding. The authors note that overexpressed or misfolded kinases can recover more HSP90 and co-chaperones and that some associations may form after lysis. BioGRID and IntAct are duplicate route encodings of this source, not independent replication. The source label HSP90B denotes cytosolic HSP90AB1.	apms_screen;cellular_complex_not_binary;database_routes_not_independent_replication;no_pair_specific_HSP90_assay;not_client_evidence;possible_post_lysis_association;single_cell_line;tagged_induced_expression	local_article_figures_and_tables_S2_S4_S9_reviewed	focused_primary_review_complete	close_pair
COCHSRCREV-2026-09-14-CDK7-FKBP5-PMID33961781	2026-09-14	CDK7::FKBP5	CDK7	FKBP5	FKBP5	CDK7	PMID:33961781	33961781	PMC8165030	10.1016/j.cell.2021.04.026	Dual proteome-scale networks reveal cell-specific remodeling of the human interactome	supports_context_qualified_pair_relationship	physical_association;shared_complex	BioPlex3_reciprocal_CDK7_FKBP5_APMS_association	undirected_or_not_applicable			tagged_bait_APMS_association_not_binary_binding	BioPlex3_same_cell_line_reciprocal_cellular_APMS_association	no_pair_specific_HSP90_assay_in_this_source	Human BioPlex 3 tagged-bait affinity-purification mass spectrometry in 293T cells.	cultured_cell_line	human	whole_cell_or_unspecified_fraction	omics_or_screening_measurement;physical_interaction_or_proximity	Official BioPlex directed and final-network matrices contain reciprocal CDK7 FKBP5 with final-network pInt value(s) 0.99996193878811 in 293T.	Official BioPlex 3 293T/HCT116 directed-edge and final-network matrices; exact gene-symbol rows	Bait-to-prey is assay orientation rather than biological regulation. Tagged-bait AP-MS supports cellular or lysate co-recovery, not purified pairwise binding.	Absence from the other cell-line matrix is not biological negative evidence. The source supplies no pair-specific functional or HSP90-dependence result.	Tagged exogenous bait and cell-line context limit physiological generalization. BioGRID and IntAct routes from this PMID are projections of the same BioPlex experiment and are not independent evidence.	APMS_association_not_direct_binding;assay_bait_prey_not_biological_direction;cell_line_context;database_routes_not_independent_replication;no_HSP90_assay_in_source;not_client_evidence;not_isoform_exclusivity_evidence;tagged_bait_context	local_main_and_exact_official_BioPlex_matrices_reviewed_complete	focused_primary_review_complete	retain_pair
COCHSRCREV-2026-09-13-FKBP5-CDK9-PMID32707033	2026-09-13	CDK9::FKBP5	CDK9	FKBP5	FKBP5	CDK9	PMID:32707033	32707033	PMC7427327	10.1016/j.molcel.2020.07.001	Kinase Interaction Network Expands Functional and Disease Roles of Human Kinases	supports_context_qualified_pair_relationship	physical_association;shared_complex	CDK9_bait_APMS_co_recovers_FKBP5	undirected_or_not_applicable			cellular_complex_not_binary	high_confidence_cellular_apms_co_complex	no_pair_specific_HSP90_assay_in_this_source	Human HEK Flp-In 293 T-REx cells with single-locus doxycycline-induced N-terminal Strep-HA-tagged kinase baits; more than 100 million cells per purification, rapid single-step Strep affinity recovery, and duplicate LC-MS/MS runs. Final interactors required WD score > 73.6, GFP-control abundance ratio > 18.4, and at least two total spectra, followed by CRAPome, contaminant, and carry-over filters calibrated to a global false-positive rate below 1%.	cultured_cell_line	human	whole_cell_or_unspecified_fraction	omics_or_screening_measurement;physical_interaction_or_proximity	CDK9-bait AP-MS recovered FKBP5 in the source's final high-confidence interaction matrix.	Table S2 final interactome Excel row 2081: bait CDK9, prey FKBP5, WD 830.87, GFP-control ratio 5576, total spectra 164; Table S4: inherited Taipale class Strong; HSP.members 3 (HSP90AA1, HSP90AB1, CDC37); Table S9: target kinase construct matches canonical UniProt sequence	Affinity purification-mass spectrometry supports cellular co-recovery or shared-complex membership, not purified binary binding.	No requested pair received reciprocal purification, western blot, BioID, genetic perturbation, or purified-protein validation in this study. Table S4 client classes were inherited from Taipale et al. 2012 and are not new client evidence. The source reports no pair-level q-value for these AP-MS rows.	One tagged-expression cell-line background; N-terminal tags and induced expression may alter abundance, localization, folding, or binding. The authors note that overexpressed or misfolded kinases can recover more HSP90 and co-chaperones and that some associations may form after lysis. BioGRID and IntAct are duplicate route encodings of this source, not independent replication. The source label HSP90B denotes cytosolic HSP90AB1.	apms_screen;cellular_complex_not_binary;database_routes_not_independent_replication;no_pair_specific_HSP90_assay;not_client_evidence;possible_post_lysis_association;single_cell_line;tagged_induced_expression	local_article_figures_and_tables_S2_S4_S9_reviewed	focused_primary_review_complete	close_pair
COCHSRCREV-2026-09-13-PPP5C-CDK9-PMID28330616	2026-09-13	CDK9::PPP5C	CDK9	PPP5C	PPP5C	CDK9	PMID:28330616	28330616		10.1016/j.cels.2017.02.011	Systematic Analysis of Human Protein Phosphatase Interactions and Dynamics	supports_context_qualified_pair_relationship	physical_association;shared_complex	PPP5C_bait_APMS_plus_BioID_and_tagged_coIP_for_CDK9	undirected_or_not_applicable			tagged_cellular_APMS_plus_proximity_and_tagged_coIP_not_direct_binding	PPP5C_bait_high_confidence_APMS_plus_BioID_and_tagged_coIP	no_HSP90_assay_in_this_source	Stable isogenic Flp-In T-REx 293 cells expressed full-length N-terminal Strep-HA-tagged PPP5C after tetracycline induction. Single-step Strep affinity purification used two biological and two technical AP-MS replicates. High-confidence interactors passed SAINT >=0.87 together with CRAPome occurrence >=40% and spectral-count fold change >=2. Selected validation used stable N-terminal BirA-myc PPP5C BioID and/or HEK293-MSR coexpression of HA-PPP5C with V5-tagged prey followed by anti-HA IP/anti-V5 immunoblot; for this pair: BioID positive and tagged co-IP positive.	cultured_cell_line	human	whole_cell_or_unspecified_fraction	omics_or_screening_measurement;physical_interaction_or_proximity	PPP5C-bait AP-MS recovered CDK9 as a high-confidence interactor with SAINT 0.92; the source validation table reports BioID positive and tagged co-IP positive.	Table S1A row 34: full-length PPP5C, N-terminal Strep-HA; Table S1F row 366: PPP5C bait/CDK9 prey, SAINT 0.92; Table S1G row 163: BioID positive and tagged co-IP positive; Table S2F row 20: OA/without-OA fold change 0.996320, p=0.967576493	AP-MS and co-IP recover cellular lysate complexes, while BioID reports proximity. None establishes purified binary contact. Bait/prey orientation is assay configuration, not biological direction.	The OA comparison was null-like (fold change 0.996320, p=0.967576493); it is condition-dynamics context, not evidence against the physical association.	All measurements are from a transformed HEK293-lineage system with tagged expression. OA abundance dynamics are condition context only, not client, regulatory, or direct-binding evidence. BioGRID and IntAct routes are projections of this one publication, not independent replications. No HSP90 dependence, client phenotype, purified binding, or HSP90 isoform-resolved mechanism was tested.	OA_condition_change_not_pair_mechanism;OA_condition_dynamics_context_only;cellular_complex_not_binary;database_routes_not_independent_replication;direct_binding_unclear;no_HSP90_assay;not_client_evidence;single_cell_line_lineage;tagged_expression	complete_local_article_with_STAR_Methods_plus_six_claim_or_context_supplement_objects_reviewed;Tables_S1_and_S2_claim_bearing	focused_primary_review_complete	close_pair
COCHSRCREV-2026-09-14-CEP97-SUGT1-PMID33961781	2026-09-14	CEP97::SUGT1	CEP97	SUGT1	SUGT1	CEP97	PMID:33961781	33961781	PMC8165030	10.1016/j.cell.2021.04.026	Dual proteome-scale networks reveal cell-specific remodeling of the human interactome	supports_context_qualified_pair_relationship	physical_association;shared_complex	BioPlex3_SUGT1_to_CEP97_APMS_association	undirected_or_not_applicable			tagged_bait_APMS_association_not_binary_binding	BioPlex3_single_direction_293T_cellular_APMS_association	no_pair_specific_HSP90_assay_in_this_source	Human BioPlex 3 tagged-bait affinity-purification mass spectrometry in 293T cells.	cultured_cell_line	human	whole_cell_or_unspecified_fraction	omics_or_screening_measurement;physical_interaction_or_proximity	Official BioPlex directed and final-network matrices contain SUGT1 to CEP97 with final-network pInt value(s) 0.95701139196691 in 293T.	Official BioPlex 3 293T/HCT116 directed-edge and final-network matrices; exact gene-symbol rows	Bait-to-prey is assay orientation rather than biological regulation. Tagged-bait AP-MS supports cellular or lysate co-recovery, not purified pairwise binding.	Absence from the other cell-line matrix is not biological negative evidence. The source supplies no pair-specific functional or HSP90-dependence result.	Tagged exogenous bait and cell-line context limit physiological generalization. BioGRID and IntAct routes from this PMID are projections of the same BioPlex experiment and are not independent evidence.	APMS_association_not_direct_binding;assay_bait_prey_not_biological_direction;cell_line_context;database_routes_not_independent_replication;no_HSP90_assay_in_source;not_client_evidence;not_isoform_exclusivity_evidence;tagged_bait_context	local_main_and_exact_official_BioPlex_matrices_reviewed_complete	focused_primary_review_complete	retain_pair
COCHSRCREV-2026-09-14-CFLAR-STUB1-PMID23256568	2026-09-14	CFLAR::STUB1	CFLAR	STUB1	STUB1	CFLAR	PMID:23256568	23256568	PMC3558364	10.1186/1475-2867-12-54	Down-regulation of cellular FLICE-inhibitory protein (Long Form) contributes to apoptosis induced by Hsp90 inhibition in human lung cancer cells	supports_pair_relationship	functional_complex;physical_association;protein_stability_regulation;protein_ubiquitylation;shared_complex;ubiquitin_ligase_substrate	STUB1_CHIP_directed_ubiquitylation_and_degradation_of_CFLAR_long_isoform	directed	STUB1	CFLAR	cellular_co_complex_and_ubiquitylation_regulation_not_purified_binary	reciprocal_tagged_coIP_genetic_loss_catalytic_mutant_ubiquitylation_and_proteasome_rescue	HSP90AA1_and_HSP90AB1_each_support_CFLAR_long_stability_context_without_exclusivity_or_pair_specific_binding	Human Calu-1 and H157 non-small-cell lung cancer cells supplied the principal pharmacologic, knockdown, reciprocal tagged-immunoprecipitation, ubiquitylation, rescue, and apoptosis experiments in a cytosolic chaperone complex context.	cultured_cell_line	human	cytosol	functional_or_phenotypic_readout;genetic_perturbation;pharmacologic_or_chemical_perturbation;physical_interaction_or_proximity;protein_abundance_stability_or_folding	HSP90 inhibition reduced c-FLIP long isoform abundance and MG132 blocked the loss. STUB1/CHIP depletion prevented drug-induced c-FLIPL loss; reciprocal tagged IP recovered CHIP, c-FLIPL, and Hsp90; wild-type CHIP promoted c-FLIPL ubiquitylation whereas H260Q suppressed it. c-FLIPL rescue reduced apoptosis.	HSP90AA1/HSP90AB1 knockdown and c-FLIPL stability figures; reciprocal tagged IP after 17-AAG plus MG132; wild-type versus H260Q CHIP ubiquitylation; c-FLIPL rescue/apoptosis	The source supports STUB1-to-CFLAR-long ubiquitylation/degradation in cells, but the co-complex experiments do not establish purified binary binding. Separate HSP90AA1 and HSP90AB1 knockdowns support shared CFLAR-long stability context, not paralog exclusivity or a pair-level client promotion.	Control siRNA, MG132, reciprocal epitope tags, wild-type versus H260Q CHIP, and LacZ versus c-FLIPL rescue constrain the mechanism.	The directed call is product-specific to c-FLIP long isoform. It is represented at the CFLAR gene endpoint with the isoform boundary retained in the label and source detail. This source does not establish purified STUB1-CFLAR binding or HSP90 isoform exclusivity.	cellular_complex_not_purified_binary;CFLAR_long_isoform_specific;directed_STUB1_to_CFLAR_long_only;HSP90AA1_HSP90AB1_both_supported_not_exclusive;not_new_client_promotion;proteasome_context	local_complete_main_article_reviewed;no_separate_supplement_declared	focused_primary_review_complete	close_pair
COCHSRCREV-2026-09-14-CFLAR-STUB1-PMID25036637	2026-09-14	CFLAR::STUB1	CFLAR	STUB1	STUB1	CFLAR	PMID:25036637	25036637	PMC4104544	10.1016/j.cell.2014.05.039	A quantitative chaperone interaction network reveals the architecture of cellular protein homeostasis pathways	supports_context_qualified_pair_relationship	physical_association	CFLAR_query_STUB1_reporter_LUMIER_near_threshold_cellular_association	undirected_or_not_applicable			tagged_expression_LUMIER_cellular_association_not_binary	single_orientation_LUMIER_at_or_near_source_threshold_without_APMS	no_pair_specific_HSP90_mediation_or_isoform_dependency_established	Human 293T stable Renilla-reporter cells and transient 3xFLAG query expression supplied LUMIER measurements; score at least 7 defined a qualifying source result. Query/reporter orientation is assay configuration, not biological direction.	cultured_cell_line	human	whole_cell_or_unspecified_fraction	omics_or_screening_measurement;physical_interaction_or_proximity	CFLAR query to STUB1 reporter LUMIER scored 7.061385, just above the source threshold of 7.	Table S1 decision workbook, general LUMIER matrix exact query/reporter cell	One tagged-expression LUMIER result supports cellular association only. It does not establish purified binding, biological direction, client status, pair-specific HSP90 mediation, or isoform dependence.	No qualifying AP-MS result or reciprocal LUMIER result is used for this pair. Database assay labels are source projections and do not add independent replication.	One 293T tagged-expression study. Values near the cutoff remain numeric and source-qualified; assay orientation and separate HSP90 measurements are not converted into biology or client evidence.	database_route_not_independent_replication;LUMIER_assay_orientation_not_biological_direction;no_pair_specific_HSP90_mediation;not_client_evidence;single_cell_line;single_orientation;tagged_expression	local_main_article_and_decision_complete_Table_S1_workbook_reviewed;optional_other_supplements_not_decision_blocking	focused_primary_review_complete	close_pair
COCHSRCREV-2026-09-14-CFTR-DNAJA2-PMID36012204	2026-09-14	CFTR::DNAJA2	CFTR	DNAJA2	DNAJA2	CFTR	PMID:36012204	36012204	PMC9408702	10.3390/ijms23168937	Differential CFTR-Interactome Proximity Labeling Procedures Identify Enrichment in Multiple SLC Transporters	supports_context_qualified_pair_relationship	physical_association	APEX2_CFTR_proximity_association_with_DNAJA2	undirected_or_not_applicable			cytosolic_N_terminal_CFTR_proximity_labeling_not_binary_binding	single_modality_high_confidence_APEX2_proximity_association	no_HSP90_assay_or_isoform_resolution_in_this_source	Transiently transfected human HEK293 cells expressing full-length N-terminal APEX2-CFTR or TurboID-CFTR versus matched non-transfected controls; APEX2 n=3 and TurboID n=4. High-confidence proximal partners require SAINT FDR <0.01.	cultured_cell_line	human	whole_cell_or_unspecified_fraction	omics_or_screening_measurement;physical_interaction_or_proximity	DNAJA2 passes APEX2-CFTR SAINT (FDR 0.0038; WT-control P=5.29029e-05, log2 fold change 4.95405) but not TurboID SAINT (FDR 0.0345) at the source's FDR <0.01 cutoff.	Supplementary Table S1: APEX2 WT-control row 257 and SAINT APEX row 1127; TurboID WT-control row 254 and SAINT Turbo row 2414	The source supports a CFTR-proximal protein in one labeling modality, not direct binding, stable-complex membership, biological direction, or client status.	Mutant-CFTR comparisons do not establish a pair-specific functional consequence. Repeated IntAct/IMEx routes are database representations of this one publication, not independent confirmations.	Proximity labeling captures proteins within roughly 10-20 nm and cannot by itself establish contact or complex membership. Exact IMEx records cannot be mapped one-to-one to workbook conditions, but the complete source table resolves the publication-level pair call.	APEX2_positive_TurboID_subthreshold;cytosolic_side_labeler_context;proximity_labeling_not_direct_binding;no_HSP90_assay_in_source;not_client_evidence;not_isoform_exclusivity_evidence;database_routes_not_independent_replication;IMEx_route_to_condition_granularity_unresolved	local_full_text_and_complete_native_Supplementary_Table_S1_reviewed;exact_rows_present	focused_primary_review_complete	retain_pair
COCHSRCREV-2026-09-14-CFTR-DNAJB11-PMID36012204	2026-09-14	CFTR::DNAJB11	CFTR	DNAJB11	DNAJB11	CFTR	PMID:36012204	36012204	PMC9408702	10.3390/ijms23168937	Differential CFTR-Interactome Proximity Labeling Procedures Identify Enrichment in Multiple SLC Transporters	supports_context_qualified_pair_relationship	physical_association	topology_caveated_APEX2_CFTR_proximity_signal_for_DNAJB11	undirected_or_not_applicable			cytosolic_N_terminal_CFTR_proximity_labeling_not_binary_binding	single_modality_high_confidence_APEX2_proximity_with_topology_conflict	no_HSP90_assay_or_isoform_resolution_in_this_source	Transiently transfected human HEK293 cells expressing full-length N-terminal APEX2-CFTR or TurboID-CFTR versus matched non-transfected controls; APEX2 n=3 and TurboID n=4. High-confidence proximal partners require SAINT FDR <0.01.	cultured_cell_line	human	whole_cell_or_unspecified_fraction	omics_or_screening_measurement;physical_interaction_or_proximity	DNAJB11 passes APEX2-CFTR SAINT (FDR 0.0068; WT-control P=0.00171084, log2 fold change 4.01847) but not TurboID SAINT (FDR 0.1204). The exact source-table signal is retained despite a topology conflict.	Supplementary Table S1: APEX2 WT-control row 2807 and SAINT APEX row 1132; TurboID WT-control row 2778 and SAINT Turbo row 1917	DNAJB11 is ER luminal, whereas the labeler is fused to the cytosolic CFTR N terminus and the source states that membrane-separated proteins should not label. The observed signal cannot establish a native physical encounter.	Mutant-CFTR comparisons do not establish a pair-specific functional consequence. Repeated IntAct/IMEx routes are database representations of this one publication, not independent confirmations.	Proximity labeling captures proteins within roughly 10-20 nm and cannot by itself establish contact or complex membership. Exact IMEx records cannot be mapped one-to-one to workbook conditions, but the complete source table resolves the publication-level pair call.	APEX2_positive_TurboID_subthreshold;cytosolic_labeler_vs_ER_luminal_DNAJB11_topology_conflict;possible_post_lysis_or_indirect_signal;proximity_labeling_not_direct_binding;no_HSP90_assay_in_source;not_client_evidence;database_routes_not_independent_replication;IMEx_route_to_condition_granularity_unresolved	local_full_text_and_complete_native_Supplementary_Table_S1_reviewed;exact_rows_present	focused_primary_review_complete	retain_pair
COCHSRCREV-2026-09-13-STUB1-CFTR-PMID15215316	2026-09-13	CFTR::STUB1	CFTR	STUB1	STUB1	CFTR	PMID:15215316	15215316	PMC515335	10.1091/mbc.E04-04-0293	The cochaperone HspBP1 inhibits the CHIP ubiquitin ligase and stimulates the maturation of the cystic fibrosis transmembrane conductance regulator	supports_context_qualified_pair_relationship	protein_ubiquitylation;ubiquitin_ligase_substrate;protein_stability_regulation	STUB1_promotes_CFTR_ubiquitylation_and_degradation_in_Hsc70_linked_quality_control	directed	STUB1	CFTR	functional_catalytic_relationship_not_binary_binding	cellular_stability_and_cell_free_ubiquitylation_support	Hsc70_quality_control_branch_no_pair_specific_HSP90_test	Human HEK293 transient WT or DeltaF508 CFTR with CHIP and HSPBP1, pulse-chase and surface biotinylation; human CFTR translated in rabbit reticulocyte lysate with porcine microsomes followed by CHIP and UbcH5b reaction	cultured_cell_line;purified_or_cell_free	human;rabbit;pig	endoplasmic_reticulum;plasma_membrane_or_cell_surface;whole_cell_or_unspecified_fraction	biochemical_or_structural;functional_or_phenotypic_readout;localization_trafficking_or_secretion;protein_abundance_stability_or_folding	CHIP lowered WT and DeltaF508 CFTR abundance, accelerated CFTR turnover, and increased microsome-associated CFTR ubiquitylation; HSPBP1 opposed these effects.	Results, HspBP1 Interferes with the CHIP-induced Degradation of CFTR and Stimulates CFTR Maturation; Figures 4A-B, 5A-B, and 6A-B	Multicomponent cellular and cell-free catalytic evidence supports a directed quality-control relationship, not pairwise binding.	HSPBP1 counteracts CHIP in this branch; no HSP90 isoform or pair-specific HSP90 experiment was performed.	Cellular overexpression and a mixed-species, multicomponent cell-free system prevent a binary-binding or HSP90-specific interpretation.	cellular_overexpression;cell_free_multicomponent_reaction;Hsc70_branch_not_HSP90_specific;mixed_species_cell_free_system;not_binary_binding	local_full_text_reviewed_no_separate_supplement_indicated	focused_primary_review_complete	close_pair
COCHSRCREV-2026-09-14-CFTR-SUGT1-PMID36012204	2026-09-14	CFTR::SUGT1	CFTR	SUGT1	SUGT1	CFTR	PMID:36012204	36012204	PMC9408702	10.3390/ijms23168937	Differential CFTR-Interactome Proximity Labeling Procedures Identify Enrichment in Multiple SLC Transporters	supports_context_qualified_pair_relationship	physical_association	APEX2_and_TurboID_CFTR_proximity_association_with_SUGT1	undirected_or_not_applicable			cytosolic_N_terminal_CFTR_proximity_labeling_not_binary_binding	same_publication_two_modality_high_confidence_proximity_association	no_HSP90_assay_or_isoform_resolution_in_this_source	Transiently transfected human HEK293 cells expressing full-length N-terminal APEX2-CFTR or TurboID-CFTR versus matched non-transfected controls; APEX2 n=3 and TurboID n=4. High-confidence proximal partners require SAINT FDR <0.01.	cultured_cell_line	human	whole_cell_or_unspecified_fraction	omics_or_screening_measurement;physical_interaction_or_proximity	SUGT1 passes both APEX2-CFTR and TurboID-CFTR SAINT with FDR 0 in each assay; WT-control P values are 0.000758776 and 0.000157583 with log2 fold changes 6.15714 and 4.68331.	Supplementary Table S1: APEX2 WT-control row 2992 and SAINT APEX row 3837; TurboID WT-control row 2957 and SAINT Turbo row 2873	Two proximity-labeling modalities within one study support a reproducible proximal association, not independent publications, direct binding, stable-complex membership, biological direction, or client status.	Mutant-CFTR comparisons do not establish a pair-specific functional consequence. Repeated IntAct/IMEx routes are database representations of this one publication, not independent confirmations.	Proximity labeling captures proteins within roughly 10-20 nm and cannot by itself establish contact or complex membership. Exact IMEx records cannot be mapped one-to-one to workbook conditions, but the complete source table resolves the publication-level pair call.	cytosolic_side_labeler_context;proximity_labeling_not_direct_binding;same_publication_assays_not_independent_sources;no_HSP90_assay_in_source;not_client_evidence;not_isoform_exclusivity_evidence;database_routes_not_independent_replication;IMEx_route_to_condition_granularity_unresolved	local_full_text_and_complete_native_Supplementary_Table_S1_reviewed;exact_rows_present	focused_primary_review_complete	retain_pair
COCHSRCREV-2026-09-13-FKBP4-CHORDC1-PMID25036637	2026-09-13	CHORDC1::FKBP4	CHORDC1	FKBP4	FKBP4	CHORDC1	PMID:25036637	25036637	PMC4104544	10.1016/j.cell.2014.05.039	A quantitative chaperone interaction network reveals the architecture of cellular protein homeostasis pathways	supports_context_qualified_pair_relationship	physical_association;shared_complex	reciprocal_CHORDC1_FKBP4_APMS_cellular_association	undirected_or_not_applicable			cellular_complex_not_binary	same_study_reciprocal_tagged_expression_APMS_cellular_association	no_pair_specific_HSP90_assay_in_this_source	Human stable polyclonal 293T cells expressing predominantly C-terminal 3xFLAG-V5-tagged chaperone or co-chaperone AP-MS baits were analyzed by anti-FLAG affinity-purification mass spectrometry from whole-cell lysate with sodium molybdate. Two AP-MS replicates were scored with SAINT; the high-confidence cutoff was AvgP >= 0.85 (estimated FDR 1.8%). LUMIER used transient 3xFLAG query baits and stable Renilla-fused reporter preys in 293T cells; normalized luminescence Z-scores were evaluated at the source's high-confidence cutoff of approximately 7 (estimated upper FDR 4.4%).	cultured_cell_line	human	whole_cell_or_unspecified_fraction	omics_or_screening_measurement;physical_interaction_or_proximity	CHORDC1-bait and reciprocal FKBP4-bait AP-MS each recovered the other protein above the source's SAINT AvgP 0.85 threshold.	Table S1 workbook, AvgP scores row 129: bait CHORDC1, prey FKBP4, AvgP 1.00, Spec 82|135, CtrlCounts 9|19|3|7|22|20|5; reciprocal row 161: FKBP4 bait, CHORDC1 prey, AvgP 1.00, Spec 29|21, CtrlCounts 0|0|0|0|0|0|0; LUMIER scores row 114, FKBP4-FLAG query bait with CHORDC1-Renilla reporter prey, -0.449148; reverse row 619, CHORDC1-FLAG query bait with FKBP4-Renilla reporter prey, -0.893287; Bait protein list rows 16 and 21: CHORDC1/CHP1 and FKBP4/FKBP52, C-terminal AP-MS tags	Affinity-purification mass spectrometry from cellular lysate supports co-recovery or shared-complex membership, not purified binary binding. Bait-to-prey orientation records assay configuration rather than biological direction. Within-study replicate or reciprocal AP-MS does not establish HSP90 mediation, client status, or regulation.	No requested pair received a purified-protein binding test, regulatory direction test, pair-specific client-stability assay, functional perturbation, or HSP90-isoform-resolved mediation test. None appears in the author's AP-MS-and-LUMIER overlap sheet. A database luminescence route is not counted as orthogonal validation when its source-matrix score is below the author threshold or unavailable. Both LUMIER configurations failed the source threshold.	The source uses tagged, expressed proteins in one transformed 293T lineage. Negative or missing LUMIER measurements do not disprove an association because assay sensitivity and construct configuration differ from AP-MS. The main text and combined sheet use LUMIER score >= 7, while the workbook information sheet says > 7; no requested measurement is near that boundary. BioGRID and IntAct records can project the same AP-MS or screened LUMIER configuration and are not independent source replications. IntAct's anti-tag coimmunoprecipitation label does not establish a separate pair-specific co-IP experiment.	apms_screen;cellular_complex_not_binary;database_routes_not_independent_replication;lumier_below_threshold_or_unavailable;no_pair_specific_HSP90_assay;not_client_evidence;single_cell_line;tagged_expression;source_alias_normalized	local_main_article_and_complete_Table_S1_workbook_reviewed	focused_primary_review_complete	close_pair
COCHSRCREV-2026-09-13-FKBP5-CHORDC1-PMID25036637	2026-09-13	CHORDC1::FKBP5	CHORDC1	FKBP5	FKBP5	CHORDC1	PMID:25036637	25036637	PMC4104544	10.1016/j.cell.2014.05.039	A quantitative chaperone interaction network reveals the architecture of cellular protein homeostasis pathways	supports_context_qualified_pair_relationship	physical_association;shared_complex	FKBP5_bait_APMS_cellular_association_with_CHORDC1	undirected_or_not_applicable			cellular_complex_not_binary	tagged_expression_duplicate_APMS_cellular_association	no_pair_specific_HSP90_assay_in_this_source	Human stable polyclonal 293T cells expressing predominantly C-terminal 3xFLAG-V5-tagged chaperone or co-chaperone AP-MS baits were analyzed by anti-FLAG affinity-purification mass spectrometry from whole-cell lysate with sodium molybdate. Two AP-MS replicates were scored with SAINT; the high-confidence cutoff was AvgP >= 0.85 (estimated FDR 1.8%). LUMIER used transient 3xFLAG query baits and stable Renilla-fused reporter preys in 293T cells; normalized luminescence Z-scores were evaluated at the source's high-confidence cutoff of approximately 7 (estimated upper FDR 4.4%).	cultured_cell_line	human	whole_cell_or_unspecified_fraction	omics_or_screening_measurement;physical_interaction_or_proximity	FKBP5-bait AP-MS recovered CHORDC1 above the source's SAINT AvgP 0.85 threshold.	Table S1 workbook, AvgP scores row 181: bait FKBP5, prey CHORDC1, AvgP 1.00, Spec 45|17, CtrlCounts 1|0|0|0|0|0|0|0|0|0; reverse row 6942: bait CHORDC1, prey FKBP5, AvgP 0.48, Spec 6|5, CtrlCounts 0|3|0|0|3|0|0; LUMIER scores row 619, CHORDC1-FLAG query with FKBP5-Renilla reporter, 0.243053	Affinity-purification mass spectrometry from cellular lysate supports co-recovery or shared-complex membership, not purified binary binding. Bait-to-prey orientation records assay configuration rather than biological direction. Within-study replicate or reciprocal AP-MS does not establish HSP90 mediation, client status, or regulation.	No requested pair received a purified-protein binding test, regulatory direction test, pair-specific client-stability assay, functional perturbation, or HSP90-isoform-resolved mediation test. A database luminescence route represents a screened configuration and is counted as within-study cross-assay support only when the author's curated AP-MS-plus-LUMIER table passes both cutoffs. The reverse AP-MS row and measured LUMIER configuration failed their source thresholds.	The source uses tagged, expressed proteins in one transformed 293T lineage. Negative or missing LUMIER measurements do not disprove an association because assay sensitivity and construct configuration differ from AP-MS. The main text and combined sheet use LUMIER score >= 7, while the workbook information sheet says > 7; no requested measurement is near that boundary. BioGRID and IntAct records can project the same AP-MS or screened LUMIER configuration and are not independent source replications. IntAct's anti-tag coimmunoprecipitation label does not establish a separate pair-specific co-IP experiment.	apms_screen;cellular_complex_not_binary;database_routes_not_independent_replication;lumier_below_threshold_or_unavailable;no_pair_specific_HSP90_assay;not_client_evidence;single_cell_line;tagged_expression;reverse_APMS_below_threshold	local_main_article_and_complete_Table_S1_workbook_reviewed	focused_primary_review_complete	close_pair
COCHSRCREV-2026-09-13-CHUK-FKBP5-PMID14743216	2026-09-13	CHUK::FKBP5	CHUK	FKBP5	FKBP5	CHUK	PMID:14743216	14743216		10.1038/ncb1086	A physical and functional map of the human TNF-alpha/NF-kappaB signal transduction pathway	supports_context_qualified_pair_relationship	functional_complex;shared_complex	FKBP5_CHUK_reciprocal_cellular_co_complex_with_pathway_function	undirected_or_not_applicable			cellular_complex_not_binary	reciprocal_cellular_co_complex_with_genetic_functional_support	cytosolic_hsp90_unresolved	TAP-MS and targeted co-immunoprecipitation of tagged FKBP51 and IKKalpha in human HEK293 cells, plus FKBP51 RNAi and TNF/NF-kappaB reporter assays	cultured_cell_line	human	whole_cell_or_unspecified_fraction	functional_or_phenotypic_readout;genetic_perturbation;physical_interaction_or_proximity	FKBP5/FKBP51 co-purifies with CHUK/IKKalpha, the association is confirmed by co-immunoprecipitation, and reciprocal FKBP51 purification recovers endogenous IKKalpha; FKBP51 RNAi also alters TNF/NF-kappaB reporter output.	Supplementary Table S2 row 11 (IKKalpha-FKBP51); Figure 3a; Results, FKBP51	Reciprocal cellular recovery and co-immunoprecipitation support a robust co-complex relationship but not purified binary FKBP5-CHUK binding; the reporter experiment does not prove that this pair causes the functional effect.	No purified interaction, contact interface, or pair-specific rescue test is reported.	Tagged expression in one human cell line and unresolved HSP90alpha versus HSP90beta contribution; pathway-level RNAi support is not pair-specific.	cellular_co_complex_not_binary;hsp90_paralog_unresolved;single_publication_multiple_pair_routes;tagged_overexpression	local_supplement_reviewed	focused_primary_review_complete	close_pair
COCHSRCREV-2026-09-13-DNAJB11-DDR2-PMID35384245	2026-09-13	DDR2::DNAJB11	DDR2	DNAJB11	DNAJB11	DDR2	PMID:35384245	35384245	PMC9171411	10.15252/embr.202154041	Physical and functional interactome atlas of human receptor tyrosine kinases	supports_context_qualified_pair_relationship	physical_association;shared_complex	DNAJB11_DDR2_APMS_BioID_and_targeted_coIP_dotblot_association	undirected_or_not_applicable			cellular_complex_not_binary	high_confidence_cellular_apms_and_bioid_with_targeted_coip_dotblot	no_pair_specific_HSP90_assay_in_this_source	Human HEK293 Flp-In T-REx cells with single-locus tetracycline-induced C-terminal MAC-tagged RTK baits, 24-hour BioID labeling followed by 15-minute pervanadate activation, and AP-MS/BioID in two biological replicates; high-confidence interactors passed SAINT Bayesian FDR < 0.05 and the source CRAPome filter; targeted validation used transient HEK293 Strep-HA-DNAJB11 and V5-RTK affinity recovery followed by anti-V5 and anti-HA dot blots	cultured_cell_line	human	endoplasmic_reticulum;plasma_membrane_or_cell_surface	omics_or_screening_measurement;physical_interaction_or_proximity	DNAJB11 was a DDR2 AP-MS interactor in WT and kinase-deficient contexts, a WT BioID interactor, and positive in targeted pull-down/dot-blot validation.	Dataset EV1A row 507: KD AP AvgSpec 8, BFDR 0; row 665: WT BIOID AvgSpec 2, BFDR 0.01; row 1051: WT AP AvgSpec 3, BFDR 0; Dataset EV1C row 28/B8: V5 positive and HA positive	AP-MS and targeted affinity recovery/dot blot support a tagged, detergent-solubilized cellular association. DNAJB11 is ER luminal, whereas the C-terminal RTK BioID enzyme is cytosolic, so any BioID signal cannot establish native luminal proximity or direct contact.	These assays do not establish purified pairwise binding, client status, pair-specific HSP90 dependence, or HSP90 isoform selectivity.	Tagged RTK expression in one human cell-line background, two biological replicates, and pervanadate activation. BioGRID and IntAct entries are duplicate encodings of this source, not independent replication. The ER-lumen/cytosolic-tag topology is unresolved and targeted validation was qualitative rather than a pairwise affinity measurement. Threshold-passing WT and kinase-deficient rows do not establish kinase-activity independence without pair-specific differential statistics. BioID labeling accumulated for 24 hours before the 15-minute pervanadate activation, so most proximity signal may predate the brief activated state.	assay_only;database_routes_not_independent_replication;direct_binding_unclear;no_pair_specific_HSP90_assay;not_client_evidence;single_cell_line;tagged_expression;compartment_topology_unresolved;organelle_context;bioid_24h_labeling_precedes_15min_activation	local_expanded_view_figures_dataset_EV1_and_source_data_reviewed	focused_primary_review_complete	close_pair
COCHSRCREV-2026-09-13-DNAJA2-DNAJA4-PMID25036637	2026-09-13	DNAJA2::DNAJA4	DNAJA2	DNAJA4	DNAJA2	DNAJA4	PMID:25036637	25036637	PMC4104544	10.1016/j.cell.2014.05.039	A quantitative chaperone interaction network reveals the architecture of cellular protein homeostasis pathways	supports_context_qualified_pair_relationship	physical_association;shared_complex	DNAJA4_bait_APMS_plus_LUMIER_association_with_DNAJA2	undirected_or_not_applicable			cellular_complex_not_binary	tagged_expression_APMS_plus_LUMIER_cellular_association	no_pair_specific_HSP90_assay_in_this_source	Human stable polyclonal 293T cells expressing predominantly C-terminal 3xFLAG-V5-tagged chaperone or co-chaperone AP-MS baits were analyzed in duplicate from whole-cell lysate with sodium molybdate. SAINT high-confidence AP-MS required AvgP >= 0.85. LUMIER used transient 3xFLAG query baits and stable Renilla reporters in 293T cells and a high-confidence score >= 7.	cultured_cell_line	human	whole_cell_or_unspecified_fraction	omics_or_screening_measurement;physical_interaction_or_proximity	DNAJA4-bait AP-MS and LUMIER both pass the source thresholds for DNAJA2.	AvgP scores row 149: DNAJA4 bait, DNAJA2 prey, AvgP 1.00, Spec 164|141, CtrlCounts 1|6|2|0|6|2|3; LUMIER DNAJA2 query/DNAJA4 reporter 10.326290; AP-MS and LUMIER row 33: DNAJA4-DNAJA2, LUMIER 10.326290, AvgP 1.00	AP-MS and LUMIER use cellular lysates and support association or shared-complex membership, not purified binary binding. Assay orientation is not biological direction.	Subthreshold or unavailable AP-MS or LUMIER configurations are source-specific assay results, not evidence that the proteins cannot interact in another context.	One transformed 293T lineage with tagged expressed proteins. BioGRID and IntAct routes can encode the same source measurement and are not independent replications.	apms_screen;cellular_complex_not_binary;database_routes_not_independent_replication;no_pair_specific_HSP90_assay;not_client_evidence;single_cell_line;tagged_expression;author_curated_APMS_plus_LUMIER_positive	local_main_article_and_complete_Table_S1_workbook_reviewed	focused_primary_review_complete	close_pair
COCHSRCREV-2026-09-13-DNAJA2-DNAJA4-PMID33957083	2026-09-13	DNAJA2::DNAJA4	DNAJA2	DNAJA4	DNAJA2	DNAJA4	PMID:33957083	33957083		10.1016/j.molcel.2021.04.012	Comprehensive interactome profiling of the human Hsp70 network highlights functional differentiation of J domains	supports_context_qualified_pair_relationship	physical_association;shared_complex	reciprocal_DNAJA2_DNAJA4_Hsp70_network_APMS_association	undirected_or_not_applicable			cellular_complex_not_binary	same_study_reciprocal_high_confidence_Hsp70_APMS_cellular_association	no_pair_specific_HSP90_assay_in_this_source	Human HEK293 Flp-In T-REx cells stably expressed BirA*-FLAG-tagged Hsp70/J-domain network baits; DNAJA2 and DNAJA4 were C-terminally tagged. Duplicate AP-MS and BioID purifications were scored with SAINTexpress; final reported interactions required AvgP >= 0.98 in each assay after separate AP-MS and BioID control compression.	cultured_cell_line	human	whole_cell_or_unspecified_fraction	omics_or_screening_measurement;physical_interaction_or_proximity	The Hsp70-network AP-MS screen recovered DNAJA2 and DNAJA4 reciprocally at final AvgP 1.00.	Table S2 AP-MS sheet A: row 45 DNAJA2 bait/DNAJA4 prey, Spec 21|13, AvgP 1.00, FC 170, BFDR 0; row 71 DNAJA4 bait/DNAJA2 prey, Spec 486|340, AvgP 1.00, FC 20.65, BFDR 0. Table S3 BioID rows 4835 and 4902 each have AvgP 0.50 and are below the final 0.98 rule.	AP-MS and BioID support cellular co-recovery or proximity, not purified binary binding; bait-prey orientation is assay provenance.	Subthreshold BioID measurements do not negate qualifying AP-MS and are not biological negatives. No pair-specific client, regulatory, or HSP90-mediation experiment was reported. The reciprocal BioID measurements were below the final AvgP 0.98 admission rule; they are subthreshold assay observations, not biological negatives.	Tagged-expression screening in one transformed cell lineage with two biological replicates. BioGRID routes are projections of this source.	apms_screen;BioID_below_reported_threshold_not_biological_negative;cellular_complex_not_binary;database_routes_not_independent_replication;no_pair_specific_HSP90_assay;not_client_evidence;single_cell_line;tagged_expression;two_biological_replicates;reciprocal_APMS_same_study;subthreshold_BioID_not_biological_negative	local_main_article_and_complete_native_supplement_package_reviewed	focused_primary_review_complete	close_pair
COCHSRCREV-2026-09-13-DNAJA2-DNAJA4-PMID33961781	2026-09-13	DNAJA2::DNAJA4	DNAJA2	DNAJA4	DNAJA2	DNAJA4	PMID:33961781	33961781	PMC8165030	10.1016/j.cell.2021.04.011	Dual proteome-scale networks reveal cell-specific remodeling of the human interactome	supports_context_qualified_pair_relationship	physical_association;shared_complex	DNAJA2_bait_BioPlex3_HCT116_APMS_co_recovers_DNAJA4	undirected_or_not_applicable			cellular_complex_not_binary	high_confidence_cellular_APMS_co_complex	no_pair_specific_HSP90_mediation_established	BioPlex 3.0 used lentiviral expression of affinity-tagged human baits and AP-MS in 293T and HCT116 cells. Official directed releases preserve bait-prey configuration; final network releases provide pInt, pW, and pNI scores, with the local database route using pInt >= 0.75.	cultured_cell_line	human	whole_cell_or_unspecified_fraction	omics_or_screening_measurement;physical_interaction_or_proximity	DNAJA2-bait BioPlex 3.0 HCT116 AP-MS recovered DNAJA4 above pInt 0.75.	HCT116 directed line 72655: DNAJA2 bait, DNAJA4 prey; HCT116 final-network line 66463, pInt 0.990414562958097	AP-MS supports cellular co-recovery or shared-complex membership, not purified binary contact. Reciprocal capture or recovery in two cell lines remains same-study evidence, and bait-prey orientation is not regulatory direction.	No pair-specific direct-binding, regulatory, client-stability, or HSP90 mediation experiment was reported.	Tagged-expression AP-MS in two transformed cell lines. BioGRID, IntAct, directed releases, and final-network rows project one study rather than independent evidence. The 293T network carries forward prior releases.	apms_screen;BioPlex3_293T_carries_forward_prior_releases;cellular_complex_not_binary;database_routes_not_independent_replication;no_pair_specific_HSP90_assay;not_client_evidence;tagged_expression;same_study_cross_cell_line_replication	local_main_and_exact_official_directed_and_final_network_matrices_reviewed	focused_primary_review_complete	close_pair
COCHSRCREV-2026-09-13-DNAJA2-EGFR-PMID24189400	2026-09-13	DNAJA2::EGFR	DNAJA2	EGFR	DNAJA2	EGFR	PMID:24189400	24189400	PMC4039310	10.1038/msb.2013.61	Perturbation of the mutated EGFR interactome identifies vulnerabilities and resistance mechanisms	supports_context_qualified_pair_relationship	physical_association;shared_complex	EGFR_bait_TAPMS_co_recovers_DNAJA2	undirected_or_not_applicable			cellular_complex_not_binary	single_peptide_cellular_tap_ms_co_complex	no_pair_specific_HSP90_assay_in_this_source	Human PC9 EGFR-exon-19-deletion non-small-cell lung-cancer cells expressing C-terminal Strep-HA-tagged baits near endogenous levels. Two-step tandem-affinity-purification mass spectrometry removed GFP control contaminants and used 1% peptide false-discovery rate; admission required at least two distinct peptides or one stricter peptide plus at least one protein-specific peptide.	cultured_cell_line	human	whole_cell_or_unspecified_fraction	omics_or_screening_measurement;physical_interaction_or_proximity	EGFR-bait tandem-affinity-purification MS recovered DNAJA2 in the source's admitted PC9 interactome.	Supplementary Table S2 sheet PC9-EGFR row 11: 1 unique peptide(s), 1 spectrum/spectra, 6% sequence coverage; source symbol DNJA2 maps to canonical DNAJA2	Tandem affinity-purification mass spectrometry supports cellular co-recovery or shared-complex membership, not purified binary binding. Bait-to-prey orientation records assay configuration only.	None of the four requested pairs appears in the targeted Supplementary Fig. 1C validation panel. The study reports essentially one tandem purification per bait and no pair-level replicate or enrichment statistic.	One mutant-EGFR lung-cancer cell line, tagged baits, and sparse spectral evidence for some preys. BioGRID and IntAct routes are duplicate encodings of the same source measurements rather than independent replication. The separate CDK11 RNAi viability phenotype does not validate CDC37-CDK11 complex membership. The row has one unique peptide and one spectrum and therefore sits at the source's low-support admission boundary.	cellular_complex_not_binary;database_routes_not_independent_replication;no_pair_specific_HSP90_assay;no_pair_specific_orthogonal_validation;not_client_evidence;single_cell_line;single_tap_per_bait;tagged_expression;single_peptide_low_support	local_main_article_supplementary_methods_and_TAP_matrix_reviewed	focused_primary_review_complete	close_pair
COCHSRCREV-2026-09-14-DNAJA2-HIRA-PMID33961781	2026-09-14	DNAJA2::HIRA	DNAJA2	HIRA	DNAJA2	HIRA	PMID:33961781	33961781	PMC8165030	10.1016/j.cell.2021.04.026	Dual proteome-scale networks reveal cell-specific remodeling of the human interactome	supports_context_qualified_pair_relationship	physical_association;shared_complex	BioPlex3_reciprocal_in_293T_DNAJA2_to_HIRA_in_HCT116_APMS_association	undirected_or_not_applicable			tagged_bait_APMS_association_not_binary_binding	BioPlex3_cross_cell_line_with_293T_reciprocity_cellular_APMS_association	no_pair_specific_HSP90_assay_in_this_source	Human BioPlex 3 tagged-bait affinity-purification mass spectrometry in 293T and HCT116 cells.	cultured_cell_line	human	whole_cell_or_unspecified_fraction	omics_or_screening_measurement;physical_interaction_or_proximity	Official BioPlex directed and final-network matrices contain reciprocal in 293T DNAJA2 to HIRA in HCT116 with final-network pInt value(s) 0.99935433677829;0.994899702733953 in 293T and HCT116.	Official BioPlex 3 293T/HCT116 directed-edge and final-network matrices; exact gene-symbol rows	Bait-to-prey is assay orientation rather than biological regulation. Tagged-bait AP-MS supports cellular or lysate co-recovery, not purified pairwise binding.	Absence from the other cell-line matrix is not biological negative evidence. The source supplies no pair-specific functional or HSP90-dependence result.	Tagged exogenous bait and cell-line context limit physiological generalization. BioGRID and IntAct routes from this PMID are projections of the same BioPlex experiment and are not independent evidence.	APMS_association_not_direct_binding;assay_bait_prey_not_biological_direction;cell_line_context;database_routes_not_independent_replication;no_HSP90_assay_in_source;not_client_evidence;not_isoform_exclusivity_evidence;tagged_bait_context	local_main_and_exact_official_BioPlex_matrices_reviewed_complete	focused_primary_review_complete	retain_pair
COCHSRCREV-2026-09-14-DNAJA2_HSPA1A-PMID32687490	2026-09-14	DNAJA2::HSPA1A	DNAJA2	HSPA1A	DNAJA2	HSPA1A	PMID:32687490	32687490	PMC7392334	10.1371/journal.pbio.3000606	Proteome-wide identification of HSP70/HSC70 chaperone clients in human cells	supports_context_qualified_pair_relationship	chaperone_cycle_component;physical_association;shared_complex	HSPA1A_association_with_DNAJA2_in_BioID_and_UBAIT	undirected_or_not_applicable			engineered_cellular_UBAIT_or_BioID_association_not_purified_binary_binding	source_internal_orthogonal_BioID_and_partial_UBAIT_association	no_pair_specific_HSP90_assay_in_this_source	Human U2OS cells expressing full-length HSPA1A or HSPA8 UBAIT constructs, matched delta-GG controls, or inducible BioID2-HSPA1A. Denaturing streptavidin isolation and label-free LC-MS/MS were analyzed by bootstrap enrichment and modified Benjamini-Hochberg FDR 0.05.	cultured_cell_line	human	whole_cell_or_unspecified_fraction	omics_or_screening_measurement;physical_interaction_or_proximity	BioID S3 Data, HSP70 BioID row 310, reports DNAJA2 enrichment 2.335 versus 1.780 with q=0.0167. UBAIT S1 Data, HSP70 UBAIT row 268, passes experiments 2 and 3 (3.333 and 3.753; q=0.00950 and 0.00552) but not experiment 1.	pbio.3000606.s010.xlsx, HSP70 BioID row 310; pbio.3000606.s008.xlsx, HSP70 UBAIT row 268	BioID supports proximity and UBAIT supports engineered-bait covalent capture; neither isolates purified binary binding. The source does not designate DNAJA2 as an HSPA1A client.	Database bait-to-prey orientation is not biological direction. This source supplies no pair-specific HSP90 dependence, HSP90 isoform selectivity, or HSP90-client evidence.	Engineered induced bait proteins in one cell line provide a condition-specific snapshot. UBAIT and BioID are orthogonal assays within one publication, not independent publications. No reciprocal IP, purified reconstitution, functional dependency, or pair-specific localization was shown.	BioID_proximity_not_direct_binding;cell_line_construct_context;database_route_not_independent_of_source_table;no_HSP90_assay_in_source;not_HSP90_client_evidence;not_isoform_exclusivity_evidence;source_internal_assays_not_independent_publications;UBAIT_capture_not_purified_binary_binding	local_main_and_all_native_supplementary_workbooks_available;exact_claim_rows_reviewed_complete	focused_primary_review_complete	retain_pair
COCHSRCREV-2026-09-14-DNAJA2-HUWE1-PMID26496610	2026-09-14	DNAJA2::HUWE1	DNAJA2	HUWE1	DNAJA2	HUWE1	PMID:26496610	26496610		10.1016/j.cell.2015.09.053	A human interactome in three quantitative dimensions organized by stoichiometries and abundances	supports_context_qualified_pair_relationship	physical_association;shared_complex	HUWE1_bait_QUBIC_APMS_co_recovers_DNAJA2	undirected_or_not_applicable			cellular_complex_not_binary	weak_source_specific_QUBIC_APMS_association	no_pair_specific_HSP90_mediation_established	HeLa Kyoto BAC-GFP cell lines analyzed by anti-GFP affinity purification-mass spectrometry in three biological replicates. The exact row uses HUWE1 isoform Q7Z6Z7-2 as bait and DNAJA2 O60884 as prey.	cultured_cell_line	human	whole_cell_or_unspecified_fraction	omics_or_screening_measurement;physical_interaction_or_proximity	QUBIC Table S2 contains HUWE1 bait Q7Z6Z7-2 to DNAJA2 prey O60884 as a B-minus interaction with enrichment 2.211340, minus-log10 P 4.471179, and three valid values.	Table S2 interactions worksheet row 16684: HUWE1 Q7Z6Z7-2 bait, DNAJA2 O60884 prey, B-minus, enrichment 2.211340, -log10 P 4.471179, valid values 3	QUBIC affinity capture-MS supports cellular co-recovery or shared-complex membership, not purified binary binding or regulatory direction. Bait-to-prey records assay orientation only.	No pair-specific reciprocal capture, biochemical binding, perturbation, or HSP90-dependence assay was identified.	The interaction is weak/B-minus and source-specific. Table S1 is absent, so tag-terminus and detailed construct provenance remain unresolved. BioGRID and IntAct project the same publication rather than independent replication.	B_minus_confidence;cellular_complex_not_binary;construct_terminus_unavailable;database_routes_not_independent_replication;DNAJA2_O60884;HUWE1_isoform_Q7Z6Z7_2;no_pair_specific_HSP90_assay;tagged_BAC_construct	local_main_and_claim_bearing_Table_S2_complete;Table_S1_construct_metadata_not_local	focused_primary_review_complete	retain_pair
COCHSRCREV-2026-09-14-DNAJA2-HUWE1-PMID37167062-RECHECK	2026-09-14	DNAJA2::HUWE1	DNAJA2	HUWE1	DNAJA2	HUWE1	PMID:37167062	37167062	PMC10279472	10.1016/j.celrep.2023.112496	HAPSTR1 localizes HUWE1 to the nucleus to limit stress signaling pathways	inconclusive_or_recheck_required		database_curated_HUWE1_DNAJA2_APMS_route_requires_Table_S6_recheck	undirected_or_not_applicable			exact_pair_result_not_local_for_HUWE1_HAPSTR1_affinity_enrichment_MS	source_route_unconfirmed_at_exact_pair_level	no_pair_specific_HSP90_mediation_confirmed_in_local_source	Human cultured-cell HUWE1/HAPSTR1 affinity-enrichment mass spectrometry and HUWE1 perturbation systems described in the local article; exact DNAJA2 result is expected in the source interaction table.	cultured_cell_line	human	nucleus_or_chromatin;whole_cell_or_unspecified_fraction	omics_or_screening_measurement;physical_interaction_or_proximity	The local article defines HUWE1 and HAPSTR1 affinity-enrichment-MS experiments, but accessible text does not name DNAJA2. The BioGRID route cannot yet be confirmed or rejected at the exact table-row level.	Fig. 3 and Supplementary Table S6, HUWE1- and HAPSTR1-interacting proteins; exact DNAJA2 row requires NIHMS1905370-supplement-6.xlsx	A recovered affinity-enrichment-MS row would support cellular co-recovery or shared-complex membership, not purified binary binding or regulatory direction.	Absence of DNAJA2 from article prose is not a biological negative.	The claim-bearing Supplementary Table S6 is advertised but not local. No exact pair-level abundance, enrichment, or validation metric can be assigned from the article text alone.	database_route_not_yet_source_confirmed;exact_pair_not_found_in_accessible_source_text;not_client_evidence;not_direct_binding;supplementary_Table_S6_missing	claim_bearing_Supplementary_Table_S6_advertised_but_not_local;recheck_required	recheck_required	retain_pair
COCHSRCREV-2026-09-13-DNAJA2-IRS4-PMID25036637	2026-09-13	DNAJA2::IRS4	DNAJA2	IRS4	DNAJA2	IRS4	PMID:25036637	25036637	PMC4104544	10.1016/j.cell.2014.05.039	A quantitative chaperone interaction network reveals the architecture of cellular protein homeostasis pathways	supports_context_qualified_pair_relationship	physical_association;shared_complex	IRS4_bait_APMS_cellular_association_with_DNAJA2	undirected_or_not_applicable			cellular_complex_not_binary	tagged_expression_duplicate_APMS_cellular_association	no_pair_specific_HSP90_assay_in_this_source	Human stable polyclonal 293T cells expressing predominantly C-terminal 3xFLAG-V5-tagged chaperone or co-chaperone AP-MS baits were analyzed by anti-FLAG affinity-purification mass spectrometry from whole-cell lysate with sodium molybdate. Two AP-MS replicates were scored with SAINT; the high-confidence cutoff was AvgP >= 0.85 (estimated FDR 1.8%). LUMIER used transient 3xFLAG query baits and stable Renilla-fused reporter preys in 293T cells; normalized luminescence Z-scores were evaluated at the source's high-confidence cutoff of approximately 7 (estimated upper FDR 4.4%).	cultured_cell_line	human	whole_cell_or_unspecified_fraction	omics_or_screening_measurement;physical_interaction_or_proximity	IRS4-bait AP-MS recovered DNAJA2 above the source's SAINT AvgP 0.85 threshold.	Table S1 workbook, AvgP scores row 306: bait IRS4, prey DNAJA2, AvgP 0.99, Spec 17|20, CtrlCounts 1|6|2|0|6|2|3; DNAJA2 was not an AP-MS bait; LUMIER scores row 27, DNAJA2-FLAG query with IRS4-Renilla reporter, 1.786008	Affinity-purification mass spectrometry from cellular lysate supports co-recovery or shared-complex membership, not purified binary binding. Bait-to-prey orientation records assay configuration rather than biological direction. Within-study replicate or reciprocal AP-MS does not establish HSP90 mediation, client status, or regulation.	No requested pair received a purified-protein binding test, regulatory direction test, pair-specific client-stability assay, functional perturbation, or HSP90-isoform-resolved mediation test. A database luminescence route represents a screened configuration and is counted as within-study cross-assay support only when the author's curated AP-MS-plus-LUMIER table passes both cutoffs. Reverse AP-MS was unavailable, and the measured LUMIER configuration failed the score 7 threshold.	The source uses tagged, expressed proteins in one transformed 293T lineage. Negative or missing LUMIER measurements do not disprove an association because assay sensitivity and construct configuration differ from AP-MS. The main text and combined sheet use LUMIER score >= 7, while the workbook information sheet says > 7; no requested measurement is near that boundary. BioGRID and IntAct records can project the same AP-MS or screened LUMIER configuration and are not independent source replications. IntAct's anti-tag coimmunoprecipitation label does not establish a separate pair-specific co-IP experiment.	apms_screen;cellular_complex_not_binary;database_routes_not_independent_replication;lumier_below_threshold_or_unavailable;no_pair_specific_HSP90_assay;not_client_evidence;single_cell_line;tagged_expression;reverse_APMS_not_reported	local_main_article_and_complete_Table_S1_workbook_reviewed	focused_primary_review_complete	close_pair
COCHSRCREV-2026-09-13-DNAJA2-NUDC-PMID25036637	2026-09-13	DNAJA2::NUDC	DNAJA2	NUDC	DNAJA2	NUDC	PMID:25036637	25036637	PMC4104544	10.1016/j.cell.2014.05.039	A quantitative chaperone interaction network reveals the architecture of cellular protein homeostasis pathways	supports_context_qualified_pair_relationship	physical_association;shared_complex	NUDC_bait_APMS_plus_LUMIER_association_with_DNAJA2	undirected_or_not_applicable			cellular_complex_not_binary	tagged_expression_APMS_plus_LUMIER_cellular_association	no_pair_specific_HSP90_assay_in_this_source	Human stable polyclonal 293T cells expressing predominantly C-terminal 3xFLAG-V5-tagged chaperone or co-chaperone AP-MS baits were analyzed in duplicate from whole-cell lysate with sodium molybdate. SAINT high-confidence AP-MS required AvgP >= 0.85. LUMIER used transient 3xFLAG query baits and stable Renilla reporters in 293T cells and a high-confidence score >= 7.	cultured_cell_line	human	whole_cell_or_unspecified_fraction	omics_or_screening_measurement;physical_interaction_or_proximity	NUDC-bait AP-MS and LUMIER both pass the source thresholds for DNAJA2.	AvgP scores row 366: NUDC bait, DNAJA2 prey, AvgP 1.00, Spec 44|44, CtrlCounts 1|6|2|0|6|2|3; LUMIER DNAJA2 query/NUDC reporter 9.101825; AP-MS and LUMIER row 61: NUDC-DNAJA2, LUMIER 9.101825, AvgP 1.00	AP-MS and LUMIER use cellular lysates and support association or shared-complex membership, not purified binary binding. Assay orientation is not biological direction.	Subthreshold or unavailable AP-MS or LUMIER configurations are source-specific assay results, not evidence that the proteins cannot interact in another context.	One transformed 293T lineage with tagged expressed proteins. BioGRID and IntAct routes can encode the same source measurement and are not independent replications.	apms_screen;cellular_complex_not_binary;database_routes_not_independent_replication;no_pair_specific_HSP90_assay;not_client_evidence;single_cell_line;tagged_expression;author_curated_APMS_plus_LUMIER_positive	local_main_article_and_complete_Table_S1_workbook_reviewed	focused_primary_review_complete	close_pair
COCHSRCREV-2026-09-13-DNAJA2-NUDC-PMID33957083	2026-09-13	DNAJA2::NUDC	DNAJA2	NUDC	DNAJA2	NUDC	PMID:33957083	33957083		10.1016/j.molcel.2021.04.012	Comprehensive interactome profiling of the human Hsp70 network highlights functional differentiation of J domains	supports_context_qualified_pair_relationship	physical_association;shared_complex	DNAJA2_bait_Hsp70_network_APMS_association_with_NUDC	undirected_or_not_applicable			cellular_complex_not_binary	high_confidence_Hsp70_network_APMS_cellular_association	no_pair_specific_HSP90_assay_in_this_source	Human HEK293 Flp-In T-REx cells stably expressed BirA*-FLAG-tagged Hsp70/J-domain network baits; DNAJA2 and DNAJA4 were C-terminally tagged. Duplicate AP-MS and BioID purifications were scored with SAINTexpress; final reported interactions required AvgP >= 0.98 in each assay after separate AP-MS and BioID control compression.	cultured_cell_line	human	whole_cell_or_unspecified_fraction	omics_or_screening_measurement;physical_interaction_or_proximity	The Hsp70-network DNAJA2-bait AP-MS screen recovered NUDC at AvgP 1.00.	Table S2 AP-MS sheet A row 35 prey NUDC: DNAJA2 bait, Spec 211|176, AvgP 1.00, MaxP 1.00, FC 5.06, BFDR 0; Table S3 BioID row 11921: DNAJA2 bait/NUDC prey, Spec 151|150, AvgP 0, MaxP 0, FC 1.91, BFDR 0.73	AP-MS and BioID support cellular co-recovery or proximity, not purified binary binding; bait-prey orientation is assay provenance.	Subthreshold BioID measurements do not negate qualifying AP-MS and are not biological negatives. No pair-specific client, regulatory, or HSP90-mediation experiment was reported. BioID was below the final AvgP 0.98 admission rule and is not a biological negative.	Tagged-expression screening in one transformed cell lineage with two biological replicates. BioGRID routes are projections of this source.	apms_screen;BioID_below_reported_threshold_not_biological_negative;cellular_complex_not_binary;database_routes_not_independent_replication;no_pair_specific_HSP90_assay;not_client_evidence;single_cell_line;tagged_expression;two_biological_replicates;subthreshold_BioID_not_biological_negative	local_main_article_and_complete_native_supplement_package_reviewed	focused_primary_review_complete	close_pair
COCHSRCREV-2026-09-13-DNAJA2-NUDC-PMID33961781	2026-09-13	DNAJA2::NUDC	DNAJA2	NUDC	DNAJA2	NUDC	PMID:33961781	33961781	PMC8165030	10.1016/j.cell.2021.04.011	Dual proteome-scale networks reveal cell-specific remodeling of the human interactome	supports_context_qualified_pair_relationship	physical_association;shared_complex	DNAJA2_bait_BioPlex3_APMS_co_recovers_NUDC_in_293T_and_HCT116	undirected_or_not_applicable			cellular_complex_not_binary	same_study_cross_cell_line_cellular_APMS_association	no_pair_specific_HSP90_mediation_established	BioPlex 3.0 used lentiviral expression of affinity-tagged human baits and AP-MS in 293T and HCT116 cells. Official directed releases preserve bait-prey configuration; final network releases provide pInt, pW, and pNI scores, with the local database route using pInt >= 0.75.	cultured_cell_line	human	whole_cell_or_unspecified_fraction	omics_or_screening_measurement;physical_interaction_or_proximity	DNAJA2-bait BioPlex 3.0 AP-MS recovered NUDC above pInt 0.75 in both 293T and HCT116.	293T directed line 62019 and final-network line 53582, pInt 0.799282280819328; HCT116 directed line 72650 and final-network line 66458, pInt 0.823834166752469	AP-MS supports cellular co-recovery or shared-complex membership, not purified binary contact. Reciprocal capture or recovery in two cell lines remains same-study evidence, and bait-prey orientation is not regulatory direction.	No pair-specific direct-binding, regulatory, client-stability, or HSP90 mediation experiment was reported.	Tagged-expression AP-MS in two transformed cell lines. BioGRID, IntAct, directed releases, and final-network rows project one study rather than independent evidence. The 293T network carries forward prior releases.	apms_screen;BioPlex3_293T_carries_forward_prior_releases;cellular_complex_not_binary;database_routes_not_independent_replication;no_pair_specific_HSP90_assay;not_client_evidence;tagged_expression;same_study_cross_cell_line_replication	local_main_and_exact_official_directed_and_final_network_matrices_reviewed	focused_primary_review_complete	close_pair
COCHSRCREV-2026-09-13-DNAJB11-EPHA8-PMID35384245	2026-09-13	DNAJB11::EPHA8	DNAJB11	EPHA8	DNAJB11	EPHA8	PMID:35384245	35384245	PMC9171411	10.15252/embr.202154041	Physical and functional interactome atlas of human receptor tyrosine kinases	supports_context_qualified_pair_relationship	physical_association;shared_complex	DNAJB11_EPHA8_APMS_with_targeted_coIP_dotblot_association	undirected_or_not_applicable			cellular_complex_not_binary	high_confidence_cellular_apms_with_targeted_coip_dotblot	no_pair_specific_HSP90_assay_in_this_source	Human HEK293 Flp-In T-REx cells with single-locus tetracycline-induced C-terminal MAC-tagged RTK baits, 24-hour BioID labeling followed by 15-minute pervanadate activation, and AP-MS/BioID in two biological replicates; high-confidence interactors passed SAINT Bayesian FDR < 0.05 and the source CRAPome filter; targeted validation used transient HEK293 Strep-HA-DNAJB11 and V5-RTK affinity recovery followed by anti-V5 and anti-HA dot blots	cultured_cell_line	human	endoplasmic_reticulum;plasma_membrane_or_cell_surface	omics_or_screening_measurement;physical_interaction_or_proximity	WT EPHA8 AP-MS recovered DNAJB11 and targeted pull-down/dot-blot validation was positive.	Dataset EV1A row 3848: AP AvgSpec 2.5, BFDR 0.01; Dataset EV1C row 35/C3: V5 positive and HA positive	AP-MS and targeted affinity recovery/dot blot support a tagged, detergent-solubilized cellular association. DNAJB11 is ER luminal, whereas the C-terminal RTK BioID enzyme is cytosolic, so any BioID signal cannot establish native luminal proximity or direct contact.	These assays do not establish purified pairwise binding, client status, pair-specific HSP90 dependence, or HSP90 isoform selectivity.	Tagged RTK expression in one human cell-line background, two biological replicates, and pervanadate activation. BioGRID and IntAct entries are duplicate encodings of this source, not independent replication. The ER-lumen/cytosolic-tag topology is unresolved and targeted validation was qualitative rather than a pairwise affinity measurement. No BioID support was present in Dataset EV1A.	assay_only;database_routes_not_independent_replication;direct_binding_unclear;no_pair_specific_HSP90_assay;not_client_evidence;single_cell_line;tagged_expression;compartment_topology_unresolved;organelle_context;apms_only	local_expanded_view_figures_dataset_EV1_and_source_data_reviewed	focused_primary_review_complete	close_pair
COCHSRCREV-2026-09-13-DNAJB11-ERBB2-PMID35384245	2026-09-13	DNAJB11::ERBB2	DNAJB11	ERBB2	DNAJB11	ERBB2	PMID:35384245	35384245	PMC9171411	10.15252/embr.202154041	Physical and functional interactome atlas of human receptor tyrosine kinases	supports_context_qualified_pair_relationship	physical_association;shared_complex	DNAJB11_ERBB2_APMS_with_targeted_coIP_dotblot_association	undirected_or_not_applicable			cellular_complex_not_binary	high_confidence_cellular_apms_with_targeted_coip_dotblot	no_pair_specific_HSP90_assay_in_this_source	Human HEK293 Flp-In T-REx cells with single-locus tetracycline-induced C-terminal MAC-tagged RTK baits, 24-hour BioID labeling followed by 15-minute pervanadate activation, and AP-MS/BioID in two biological replicates; high-confidence interactors passed SAINT Bayesian FDR < 0.05 and the source CRAPome filter; targeted validation used transient HEK293 Strep-HA-DNAJB11 and V5-RTK affinity recovery followed by anti-V5 and anti-HA dot blots	cultured_cell_line	human	endoplasmic_reticulum;plasma_membrane_or_cell_surface	omics_or_screening_measurement;physical_interaction_or_proximity	WT ERBB2 AP-MS recovered DNAJB11 and targeted pull-down/dot-blot validation was positive.	Dataset EV1A row 6357: AP AvgSpec 5.5, BFDR 0; Dataset EV1C row 69/F1: V5 positive and HA positive	AP-MS and targeted affinity recovery/dot blot support a tagged, detergent-solubilized cellular association. DNAJB11 is ER luminal, whereas the C-terminal RTK BioID enzyme is cytosolic, so any BioID signal cannot establish native luminal proximity or direct contact.	These assays do not establish purified pairwise binding, client status, pair-specific HSP90 dependence, or HSP90 isoform selectivity.	Tagged RTK expression in one human cell-line background, two biological replicates, and pervanadate activation. BioGRID and IntAct entries are duplicate encodings of this source, not independent replication. The ER-lumen/cytosolic-tag topology is unresolved and targeted validation was qualitative rather than a pairwise affinity measurement. No BioID support was present in Dataset EV1A.	assay_only;database_routes_not_independent_replication;direct_binding_unclear;no_pair_specific_HSP90_assay;not_client_evidence;single_cell_line;tagged_expression;compartment_topology_unresolved;organelle_context;apms_only	local_expanded_view_figures_dataset_EV1_and_source_data_reviewed	focused_primary_review_complete	close_pair
COCHSRCREV-2026-09-13-DNAJB11-HSPA1A-PMID11584023	2026-09-13	DNAJB11::HSPA1A	DNAJB11	HSPA1A	DNAJB11	HSPA1A	PMID:11584023	11584023		10.1074/jbc.M109215200	A DnaJ protein, Apobec-1-binding protein-2, modulates apolipoprotein B mRNA editing	database_route_not_supported_by_source		DNAJB11_ABBP2_Hsp72_family_signal_does_not_resolve_HSPA1A_from_HSPA1B	not_applicable			source_gene_identity_unresolved	database_projection_not_supported_by_source	no_HSP90_assay_in_this_source	Anti-DNAJB11/ABBP-2 IP from human HepG2 S-100 was immunoblotted with an antibody reported jointly as Hsp73/72. Basal ATP favored constitutive Hsp73/HSPA8 recovery; added ATP increased Hsp73 and inducible Hsp72-family recovery, while apyrase abolished the combined Hsp72/73 signal. A separate defined ATPase assay used purified GST-ABBP-2 and bovine Hsc70 (HSPA8 ortholog), not HSPA1A.	cultured_cell_line;purified_or_cell_free	cow;escherichia_coli;human	cytosol	biochemical_or_structural;functional_or_phenotypic_readout;physical_interaction_or_proximity	DNAJB11/ABBP-2 co-immunoprecipitated constitutive Hsp73/HSPA8 and an inducible Hsp72-family signal from HepG2 S-100 in an ATP-sensitive manner. The antibody and reporting do not resolve HSPA1A from HSPA1B, so this source does not support the database's exact DNAJB11-HSPA1A assignment.	Fig. 5A-B: purified GST-ABBP-2 stimulates bovine Hsc70 (HSPA8 ortholog) ATPase about 120-fold at 20 minutes; Fig. 5D: anti-ABBP-2 IP recovers primarily Hsp73 at basal ATP and both Hsp73 plus Hsp72 after 5 mM ATP, with little or no Hsp78/BiP; Fig. 5E: apyrase eliminates the combined Hsp72/73 signal; Fig. 7B: broad anti-Hsp70 immunodepletion inhibits editing	The HepG2 co-IP is a cellular complex assay and the Hsp72 band cannot distinguish HSPA1A from HSPA1B. The purified ATPase experiment used HSPA8, so it cannot validate direct DNAJB11-HSPA1A binding or function.	Little or no ER Hsp78/BiP was recovered. Apyrase eliminated Hsp72/73 co-recovery, whereas boiled apyrase did not. These condition-specific results do not resolve HSPA1A versus HSPA1B.	The exact HSPA1A database record remains family-level context because Hsp72 can represent HSPA1A or HSPA1B. The defined purified functional assay is HSPA8. BioGRID and HPRD are same-publication encodings, not replication. No HSP90 role, client relationship, or HSP90 isoform-specific mechanism was tested. This is not a biological negative; it is an exact-gene identity limit.	ABBP2_HDJ9_maps_to_DNAJB11;database_route_not_supported_by_source;database_routes_not_independent_replication;exact_HSPA1A_HSPA1B_unresolved;Hsp72_family_band;HSPA8_not_HSPA1A_in_purified_ATPase_assay;no_HSP90_assay;not_a_biological_negative;not_client_evidence;source_gene_identity_unresolved	local_complete_publisher_article_reviewed;no_supplement_advertised_or_required	focused_primary_review_complete	close_pair
COCHSRCREV-2026-09-13-DNAJB11-HSPA5-PMID24189400	2026-09-13	DNAJB11::HSPA5	DNAJB11	HSPA5	DNAJB11	HSPA5	PMID:24189400	24189400	PMC4039310	10.1038/msb.2013.61	Perturbation of the mutated EGFR interactome identifies vulnerabilities and resistance mechanisms	supports_context_qualified_pair_relationship	physical_association;shared_complex	HSPA5_bait_TAPMS_co_recovers_DNAJB11	undirected_or_not_applicable			cellular_complex_not_binary	single_peptide_cellular_tap_ms_co_complex	no_pair_specific_HSP90_assay_in_this_source	Human PC9 EGFR-exon-19-deletion non-small-cell lung-cancer cells expressing C-terminal Strep-HA-tagged baits near endogenous levels. Two-step tandem-affinity-purification mass spectrometry removed GFP control contaminants and used 1% peptide false-discovery rate; admission required at least two distinct peptides or one stricter peptide plus at least one protein-specific peptide.	cultured_cell_line	human	whole_cell_or_unspecified_fraction	omics_or_screening_measurement;physical_interaction_or_proximity	HSPA5-bait tandem-affinity-purification MS recovered DNAJB11 in the source's admitted PC9 interactome.	Supplementary Table S2 sheet PC9-GRP78 row 31: 1 unique peptide(s), 2 spectrum/spectra, 3% sequence coverage; bait GRP78 maps to HSPA5 and prey DJB11 maps to DNAJB11	Tandem affinity-purification mass spectrometry supports cellular co-recovery or shared-complex membership, not purified binary binding. Bait-to-prey orientation records assay configuration only.	None of the four requested pairs appears in the targeted Supplementary Fig. 1C validation panel. The study reports essentially one tandem purification per bait and no pair-level replicate or enrichment statistic.	One mutant-EGFR lung-cancer cell line, tagged baits, and sparse spectral evidence for some preys. BioGRID and IntAct routes are duplicate encodings of the same source measurements rather than independent replication. The separate CDK11 RNAi viability phenotype does not validate CDC37-CDK11 complex membership. HSPA5 and DNAJB11 are canonically ER proteins, but this source did not experimentally localize the recovered pair or resolve ER topology. The one-unique-peptide row is low-support.	cellular_complex_not_binary;database_routes_not_independent_replication;no_pair_specific_HSP90_assay;no_pair_specific_orthogonal_validation;not_client_evidence;single_cell_line;single_tap_per_bait;tagged_expression;compartment_topology_unresolved;single_peptide_low_support	local_main_article_supplementary_methods_and_TAP_matrix_reviewed	focused_primary_review_complete	close_pair
COCHSRCREV-2026-09-13-DNAJB11-IGF1R-PMID35384245	2026-09-13	DNAJB11::IGF1R	DNAJB11	IGF1R	DNAJB11	IGF1R	PMID:35384245	35384245	PMC9171411	10.15252/embr.202154041	Physical and functional interactome atlas of human receptor tyrosine kinases	supports_context_qualified_pair_relationship	physical_association;shared_complex	DNAJB11_IGF1R_APMS_BioID_and_targeted_coIP_dotblot_association	undirected_or_not_applicable			cellular_complex_not_binary	high_confidence_cellular_apms_and_bioid_with_targeted_coip_dotblot	no_pair_specific_HSP90_assay_in_this_source	Human HEK293 Flp-In T-REx cells with single-locus tetracycline-induced C-terminal MAC-tagged RTK baits, 24-hour BioID labeling followed by 15-minute pervanadate activation, and AP-MS/BioID in two biological replicates; high-confidence interactors passed SAINT Bayesian FDR < 0.05 and the source CRAPome filter; targeted validation used transient HEK293 Strep-HA-DNAJB11 and V5-RTK affinity recovery followed by anti-V5 and anti-HA dot blots	cultured_cell_line	human	endoplasmic_reticulum;plasma_membrane_or_cell_surface	omics_or_screening_measurement;physical_interaction_or_proximity	WT IGF1R recovered DNAJB11 by AP-MS and BioID, and targeted pull-down/dot-blot validation was positive.	Dataset EV1A row 142: AP AvgSpec 17.5, BFDR 0; row 423: BIOID AvgSpec 5, BFDR 0; Dataset EV1C row 72/F4: V5 positive and HA positive	AP-MS and targeted affinity recovery/dot blot support a tagged, detergent-solubilized cellular association. DNAJB11 is ER luminal, whereas the C-terminal RTK BioID enzyme is cytosolic, so any BioID signal cannot establish native luminal proximity or direct contact.	These assays do not establish purified pairwise binding, client status, pair-specific HSP90 dependence, or HSP90 isoform selectivity.	Tagged RTK expression in one human cell-line background, two biological replicates, and pervanadate activation. BioGRID and IntAct entries are duplicate encodings of this source, not independent replication. The ER-lumen/cytosolic-tag topology is unresolved and targeted validation was qualitative rather than a pairwise affinity measurement. BioID labeling accumulated for 24 hours before the 15-minute pervanadate activation, so most proximity signal may predate the brief activated state.	assay_only;database_routes_not_independent_replication;direct_binding_unclear;no_pair_specific_HSP90_assay;not_client_evidence;single_cell_line;tagged_expression;compartment_topology_unresolved;organelle_context;bioid_24h_labeling_precedes_15min_activation	local_expanded_view_figures_dataset_EV1_and_source_data_reviewed	focused_primary_review_complete	close_pair
COCHSRCREV-2026-09-13-DNAJB11-INSR-PMID35384245	2026-09-13	DNAJB11::INSR	DNAJB11	INSR	DNAJB11	INSR	PMID:35384245	35384245	PMC9171411	10.15252/embr.202154041	Physical and functional interactome atlas of human receptor tyrosine kinases	supports_context_qualified_pair_relationship	physical_association;shared_complex	DNAJB11_INSR_APMS_BioID_and_targeted_coIP_dotblot_association	undirected_or_not_applicable			cellular_complex_not_binary	high_confidence_cellular_apms_and_bioid_with_targeted_coip_dotblot	no_pair_specific_HSP90_assay_in_this_source	Human HEK293 Flp-In T-REx cells with single-locus tetracycline-induced C-terminal MAC-tagged RTK baits, 24-hour BioID labeling followed by 15-minute pervanadate activation, and AP-MS/BioID in two biological replicates; high-confidence interactors passed SAINT Bayesian FDR < 0.05 and the source CRAPome filter; targeted validation used transient HEK293 Strep-HA-DNAJB11 and V5-RTK affinity recovery followed by anti-V5 and anti-HA dot blots	cultured_cell_line	human	endoplasmic_reticulum;plasma_membrane_or_cell_surface	omics_or_screening_measurement;physical_interaction_or_proximity	WT INSR recovered DNAJB11 by AP-MS and BioID, and targeted pull-down/dot-blot validation was positive.	Dataset EV1A row 5763: AP AvgSpec 23.5, BFDR 0; row 5878: BIOID AvgSpec 11, BFDR 0; Dataset EV1C row 83/G3: V5 positive and HA positive	AP-MS and targeted affinity recovery/dot blot support a tagged, detergent-solubilized cellular association. DNAJB11 is ER luminal, whereas the C-terminal RTK BioID enzyme is cytosolic, so any BioID signal cannot establish native luminal proximity or direct contact.	These assays do not establish purified pairwise binding, client status, pair-specific HSP90 dependence, or HSP90 isoform selectivity.	Tagged RTK expression in one human cell-line background, two biological replicates, and pervanadate activation. BioGRID and IntAct entries are duplicate encodings of this source, not independent replication. The ER-lumen/cytosolic-tag topology is unresolved and targeted validation was qualitative rather than a pairwise affinity measurement. BioID labeling accumulated for 24 hours before the 15-minute pervanadate activation, so most proximity signal may predate the brief activated state.	assay_only;database_routes_not_independent_replication;direct_binding_unclear;no_pair_specific_HSP90_assay;not_client_evidence;single_cell_line;tagged_expression;compartment_topology_unresolved;organelle_context;bioid_24h_labeling_precedes_15min_activation	local_expanded_view_figures_dataset_EV1_and_source_data_reviewed	focused_primary_review_complete	close_pair
COCHSRCREV-2026-09-13-DNAJB11-MET-PMID35384245	2026-09-13	DNAJB11::MET	DNAJB11	MET	DNAJB11	MET	PMID:35384245	35384245	PMC9171411	10.15252/embr.202154041	Physical and functional interactome atlas of human receptor tyrosine kinases	supports_context_qualified_pair_relationship	physical_association;shared_complex	DNAJB11_MET_APMS_BioID_and_targeted_coIP_dotblot_association	undirected_or_not_applicable			cellular_complex_not_binary	high_confidence_cellular_apms_and_bioid_with_targeted_coip_dotblot	no_pair_specific_HSP90_assay_in_this_source	Human HEK293 Flp-In T-REx cells with single-locus tetracycline-induced C-terminal MAC-tagged RTK baits, 24-hour BioID labeling followed by 15-minute pervanadate activation, and AP-MS/BioID in two biological replicates; high-confidence interactors passed SAINT Bayesian FDR < 0.05 and the source CRAPome filter; targeted validation used transient HEK293 Strep-HA-DNAJB11 and V5-RTK affinity recovery followed by anti-V5 and anti-HA dot blots	cultured_cell_line	human	endoplasmic_reticulum;plasma_membrane_or_cell_surface	omics_or_screening_measurement;physical_interaction_or_proximity	WT MET recovered DNAJB11 by AP-MS and BioID, and targeted pull-down/dot-blot validation was positive.	Dataset EV1A row 3379: AP AvgSpec 12.5, BFDR 0; row 7562: BIOID AvgSpec 10.5, BFDR 0; Dataset EV1C row 56/D12: V5 positive and HA positive	AP-MS and targeted affinity recovery/dot blot support a tagged, detergent-solubilized cellular association. DNAJB11 is ER luminal, whereas the C-terminal RTK BioID enzyme is cytosolic, so any BioID signal cannot establish native luminal proximity or direct contact.	These assays do not establish purified pairwise binding, client status, pair-specific HSP90 dependence, or HSP90 isoform selectivity.	Tagged RTK expression in one human cell-line background, two biological replicates, and pervanadate activation. BioGRID and IntAct entries are duplicate encodings of this source, not independent replication. The ER-lumen/cytosolic-tag topology is unresolved and targeted validation was qualitative rather than a pairwise affinity measurement. BioID labeling accumulated for 24 hours before the 15-minute pervanadate activation, so most proximity signal may predate the brief activated state.	assay_only;database_routes_not_independent_replication;direct_binding_unclear;no_pair_specific_HSP90_assay;not_client_evidence;single_cell_line;tagged_expression;compartment_topology_unresolved;organelle_context;bioid_24h_labeling_precedes_15min_activation	local_expanded_view_figures_dataset_EV1_and_source_data_reviewed	focused_primary_review_complete	close_pair
COCHSRCREV-2026-09-14-DNAJB11-MYC-PMID21150319	2026-09-14	DNAJB11::MYC	DNAJB11	MYC	DNAJB11	MYC	PMID:21150319	21150319	PMC3047814	10.4161/cc.9.24.14199	Proteomic profiling of Myc-associated proteins	supports_context_qualified_pair_relationship	physical_association;shared_complex	TAP_MYC_nuclear_affinity_proteomics_co_recovers_DNAJB11	undirected_or_not_applicable			cellular_nuclear_extract_complex_not_binary	source_table_affinity_proteomics_association_without_pair_validation	no_pair_specific_HSP90_mediation_established	Human LF1-derived fibroblasts transformed with hTERT and SV40 large/small T antigens, expressing biologically active N- or C-terminal TAP-tagged MYC near physiological levels. Nuclear extracts were analyzed by tandem or single-step affinity purification with label-free and SILAC MudPIT/MS workflows.	cultured_cell_line	human	nucleus_or_chromatin	omics_or_screening_measurement;physical_interaction_or_proximity	The source's MYC-associated protein table lists DNAJB11 (DnaJ/Hsp40 homolog) with M=4 and C=0 observations and 28 versus 9 peptides in the reported columns, supporting MYC-bait co-recovery from nuclear extract.	Table 2 DNAJB11 row: Entrez 51726, M 4, C 0, peptide counts 28 and 9	Affinity purification from nuclear extract supports cellular or lysate complex association, not purified binary binding. The source does not establish whether DNAJB11 and MYC encountered one another before lysis.	No reciprocal capture, pair-specific validation, regulatory direction, or HSP90-dependence experiment was reported for DNAJB11.	Tagged MYC was expressed in one transformed fibroblast lineage; the exact DNAJB11 row is a screen result. BioGRID and IntAct encode the same source and are not independent replication.	cellular_complex_not_binary;database_routes_not_independent_replication;no_pair_specific_HSP90_assay;no_targeted_pair_validation;single_cell_line;tagged_MYC_expression	local_main_article_contains_claim_bearing_Table_2;no_separate_supplement_required	focused_primary_review_complete	retain_pair
COCHSRCREV-2026-09-14-DNAJB11-MYC-PMID29467282-RECHECK	2026-09-14	DNAJB11::MYC	DNAJB11	MYC	DNAJB11	MYC	PMID:29467282	29467282	PMC5891417	10.15252/embr.201744754	Proteomic profiling of VCP substrates links VCP to K6-linked ubiquitylation and c-Myc function	inconclusive_or_recheck_required		database_curated_MYC_DNAJB11_APMS_route_requires_Dataset_EV6_recheck	undirected_or_not_applicable			exact_pair_result_not_local_for_MYC_GFP_affinity_MS	source_route_unconfirmed_at_exact_pair_level	no_pair_specific_HSP90_mediation_confirmed_in_local_source	Human U2OS cells expressing GFP-tagged MYC; MYC-GFP and associated proteins were enriched from SILAC-labeled lysates with GFP-Trap agarose and analyzed by LC-MS/MS across three replicate experiments.	cultured_cell_line	human	whole_cell_or_unspecified_fraction	omics_or_screening_measurement;physical_interaction_or_proximity	The local article defines the MYC-GFP affinity-MS experiment and points to Dataset EV6 for all quantified MYC-associated proteins, but accessible text does not name DNAJB11. The exact BioGRID route is therefore unresolved.	Fig. 5D-E, MYC-GFP affinity-MS and interaction network; Dataset EV6, complete quantified MYC interaction partners (EMBR-19-e44754-s007.zip)	A recovered Dataset EV6 row would support tagged-cell lysate co-recovery, not purified binary binding or regulatory direction.	Absence of DNAJB11 from article prose and the displayed network is not a biological negative because the full result table is external.	Dataset EV6 is advertised but not local. Pair-level enrichment, P value, and replicate behavior cannot yet be verified.	database_route_not_yet_source_confirmed;exact_pair_not_found_in_accessible_source_text;not_client_evidence;not_direct_binding;supplementary_Dataset_EV6_missing;tagged_MYC_expression	claim_bearing_Dataset_EV6_advertised_but_not_local;recheck_required	recheck_required	retain_pair
COCHSRCREV-2026-09-14-DNAJB11-MYC-PMID35013218-UNSUPPORTED	2026-09-14	DNAJB11::MYC	DNAJB11	MYC	DNAJB11	MYC	PMID:35013218	35013218	PMC8748958	10.1038/s41467-021-27609-6	EZH2 depletion potentiates MYC degradation inhibiting neuroblastoma and small cell carcinoma tumor formation	database_route_not_supported_by_source		BioGRID_DNAJB11_MYC_projection_not_present_in_complete_local_source_package	not_applicable			source_high_confidence_pair_not_supported	database_projection_not_supported_by_source	no_pair_specific_HSP90_assay_in_this_source	Human neuroblastoma and small-cell-lung-carcinoma systems with EZH2 perturbation and MYC-family degradation analyses. The complete local article and three native XLSX supplementary data objects were searched for the exact DNAJB11-MYC assignment.	cultured_cell_line	human	whole_cell_or_unspecified_fraction	methods_or_source_object_only;omics_or_screening_measurement	The complete local main article and all three local XLSX supplements contain no exact DNAJB11-MYC result row. This source package therefore does not support BioGRID's exact pair projection.	Complete main text/XML and supplementary data workbooks MOESM4, MOESM5, and MOESM7 searched for DNAJB11 and the exact pair; no matching row	This is a database-to-primary-source reconciliation result, not a biological test showing that DNAJB11 and MYC cannot interact elsewhere.	No exact pair row was found in the complete available package. Source non-support is not biological negative evidence.	The database record may reflect a curation or identifier projection that cannot be reconstructed from the source package. It must not contribute an interaction edge unless provenance is repaired.	complete_local_package_reviewed;database_projection_not_supported;not_biological_negative;not_client_evidence;source_provenance_mismatch	local_main_and_all_three_native_XLSX_supplements_reviewed_complete	focused_primary_review_complete	retain_pair
COCHSRCREV-2026-09-14-DNAJB11-MYC-PMID38884001	2026-09-14	DNAJB11::MYC	DNAJB11	MYC	DNAJB11	MYC	PMID:38884001	38884001	PMC11180226	10.1093/biomethods/bpae039	Mapping adipocyte interactome networks by HaloTag-enrichment-mass spectrometry	supports_context_qualified_pair_relationship	physical_association;shared_complex	HaloMS_adipocyte_class_table_contains_DNAJB11_MYC	undirected_or_not_applicable			cellular_or_lysate_complex_not_binary	weak_source_specific_HaloMS_association	no_pair_specific_HSP90_mediation_established	Human cell-based HaloTag-enrichment mass spectrometry used to construct adipocyte-class interaction networks; source Table S14 reports the exact DNAJB11-MYC pair and a separate ColabFold score.	cultured_cell_line;computational_or_database	human	whole_cell_or_unspecified_fraction	computational_or_secondary_context;omics_or_screening_measurement;physical_interaction_or_proximity	Supplementary Table S14 contains an exact DNAJB11-MYC row in the adipocyte class, marked as overlapping BioGRID, with ColabFold score 0.312.	Supplementary archive Table S14.xlsx, exact DNAJB11-MYC row: adipocyte class, BioGRID-overlap label, ColabFold score 0.312	HaloTag enrichment-MS supports cellular or post-lysis co-recovery, not purified binary contact. The ColabFold score is computational context rather than experimental validation.	No pair-specific reciprocal capture, purified binding, regulatory direction, or HSP90-dependence assay was reported.	DNAJB11 is ER-luminal whereas MYC is predominantly nuclear; native encounter topology is unresolved and post-lysis capture remains plausible. BioGRID overlap is not independent evidence.	BioGRID_overlap_not_independent;ColabFold_not_experimental_validation;ER_luminal_DNAJB11_vs_nuclear_MYC_topology_unresolved;HaloMS_complex_not_binary;no_pair_specific_HSP90_assay;not_client_evidence;possible_post_lysis_association	local_main_and_complete_supplementary_archive_reviewed;Table_S14_exact_row_present	focused_primary_review_complete	retain_pair
COCHSRCREV-2026-09-13-DNAJB11-NTRK3-PMID35384245	2026-09-13	DNAJB11::NTRK3	DNAJB11	NTRK3	DNAJB11	NTRK3	PMID:35384245	35384245	PMC9171411	10.15252/embr.202154041	Physical and functional interactome atlas of human receptor tyrosine kinases	supports_context_qualified_pair_relationship	physical_association;shared_complex	DNAJB11_NTRK3_APMS_with_KD_BioID_and_targeted_coIP_dotblot_association	undirected_or_not_applicable			cellular_complex_not_binary	high_confidence_cellular_apms_with_KD_bioid_and_targeted_coip_dotblot	no_pair_specific_HSP90_assay_in_this_source	Human HEK293 Flp-In T-REx cells with single-locus tetracycline-induced C-terminal MAC-tagged RTK baits, 24-hour BioID labeling followed by 15-minute pervanadate activation, and AP-MS/BioID in two biological replicates; high-confidence interactors passed SAINT Bayesian FDR < 0.05 and the source CRAPome filter; targeted validation used transient HEK293 Strep-HA-DNAJB11 and V5-RTK affinity recovery followed by anti-V5 and anti-HA dot blots	cultured_cell_line	human	endoplasmic_reticulum;plasma_membrane_or_cell_surface	omics_or_screening_measurement;physical_interaction_or_proximity	DNAJB11 was a WT and kinase-deficient NTRK3 AP-MS interactor, a kinase-deficient-only BioID interactor, and positive in targeted pull-down/dot-blot validation.	Dataset EV1A row 1508: WT AP AvgSpec 17.5, BFDR 0; row 1648: KD AP AvgSpec 13, BFDR 0; row 2223: KD BIOID AvgSpec 2, BFDR 0.01; Dataset EV1C row 101/H9: V5 positive and HA positive	AP-MS and targeted affinity recovery/dot blot support a tagged, detergent-solubilized cellular association. DNAJB11 is ER luminal, whereas the C-terminal RTK BioID enzyme is cytosolic, so any BioID signal cannot establish native luminal proximity or direct contact.	These assays do not establish purified pairwise binding, client status, pair-specific HSP90 dependence, or HSP90 isoform selectivity.	Tagged RTK expression in one human cell-line background, two biological replicates, and pervanadate activation. BioGRID and IntAct entries are duplicate encodings of this source, not independent replication. The ER-lumen/cytosolic-tag topology is unresolved and targeted validation was qualitative rather than a pairwise affinity measurement. The BioID support is kinase-deficient-only and must not be interpreted as a WT BioID result or activity independence. BioID labeling accumulated for 24 hours before the 15-minute pervanadate activation, so most proximity signal may predate the brief activated state.	assay_only;database_routes_not_independent_replication;direct_binding_unclear;no_pair_specific_HSP90_assay;not_client_evidence;single_cell_line;tagged_expression;compartment_topology_unresolved;organelle_context;bioid_24h_labeling_precedes_15min_activation	local_expanded_view_figures_dataset_EV1_and_source_data_reviewed	focused_primary_review_complete	close_pair
COCHSRCREV-2026-09-13-FKBP5-DNAJB6-PMID25036637	2026-09-13	DNAJB6::FKBP5	DNAJB6	FKBP5	FKBP5	DNAJB6	PMID:25036637	25036637	PMC4104544	10.1016/j.cell.2014.05.039	A quantitative chaperone interaction network reveals the architecture of cellular protein homeostasis pathways	supports_context_qualified_pair_relationship	physical_association;shared_complex	FKBP5_bait_APMS_cellular_association_with_DNAJB6	undirected_or_not_applicable			cellular_complex_not_binary	tagged_expression_duplicate_APMS_cellular_association	no_pair_specific_HSP90_mediation_established	Human stable polyclonal 293T cells expressing predominantly C-terminal 3xFLAG-V5-tagged chaperones or co-chaperones were analyzed by anti-FLAG affinity-purification mass spectrometry from whole-cell lysate with sodium molybdate. Two AP-MS replicates were scored with SAINT; the high-confidence cutoff was AvgP >= 0.85 (estimated FDR 1.8%). An orthogonal Renilla-luciferase affinity-capture assay used LUMIER score >= 7 (estimated upper FDR 4.4%).	cultured_cell_line	human	whole_cell_or_unspecified_fraction	omics_or_screening_measurement;physical_interaction_or_proximity	FKBP5-bait AP-MS recovered DNAJB6 above the source's SAINT AvgP 0.85 threshold.	Table S1 workbook, AvgP scores sheet row 184: bait FKBP5, prey DNAJB6, AvgP 0.97, replicate spectral counts 4|7; canonical symbol; LUMIER scores sheet row 153: score 0.943979	AP-MS and LUMIER both recover proteins from cellular lysates and support cellular association or shared-complex membership. Neither assay establishes purified binary binding. Bait-to-prey orientation records assay configuration rather than biological direction.	No requested pair received a purified-protein binding test, regulatory direction test, pair-specific client-stability assay, or HSP90-isoform-resolved mediation test. A database luminescence route can represent a screened configuration and is not counted as validation unless the source's author-curated AP-MS-plus-LUMIER table passes both cutoffs.	The source uses tagged, expressed proteins in one transformed 293T lineage. Taipale 2014 and OpenCell 2022 are independent studies with different tagging strategies and interaction-calling methods, but both use the 293T/HEK293T lineage and therefore do not provide cross-lineage replication. BioGRID and IntAct routes within this source can encode the same AP-MS, LUMIER, or follow-up measurement and are not independent source replications.	cellular_complex_not_binary;database_routes_not_independent_replication;no_pair_specific_HSP90_mediation;not_client_evidence;same_293T_lineage_across_sources;single_cell_line_lineage;tagged_expression	local_main_article_and_complete_Table_S1_workbook_reviewed	focused_primary_review_complete	close_pair
COCHSRCREV-2026-09-13-FKBP5-DNAJB6-PMID35271311	2026-09-13	DNAJB6::FKBP5	DNAJB6	FKBP5	FKBP5	DNAJB6	PMID:35271311	35271311	PMC9119736	10.1126/science.abi6983	OpenCell: proteome-scale endogenous tagging enables the cartography of human cellular organization	supports_context_qualified_pair_relationship	physical_association;shared_complex	OpenCell_endogenous_tag_IPMS_association_DNAJB6->FKBP5	undirected_or_not_applicable			cellular_complex_not_binary	single_direction_endogenous_tag_triplicate_IPMS_cellular_association	no_pair_specific_HSP90_mediation_established	Human HEK293T polyclonal pools bearing CRISPR-generated endogenous split-mNeonGreen2 tags were lysed in 1.5% digitonin with Benzonase and captured using an anti-mNeonGreen nanobody. Each bait was analyzed in biological triplicate by label-free IP-MS. Interaction calls compared log2 LFQ measurements with bootstrapped null distributions built from an average of 349 unrelated tagged cell lines and used a bait-specific dynamic enrichment boundary. The released CSV contains accepted calls; its field named pval stores -log10(P), not a raw P value.	cultured_cell_line	human	whole_cell_or_unspecified_fraction	omics_or_screening_measurement;physical_interaction_or_proximity	The OpenCell accepted interaction release contains DNAJB6->FKBP5 as an endogenous-tag, triplicate cellular IP-MS association.	Official processed interaction CSV line(s) 7348: native orientation DNAJB6->FKBP5; pval field -log10(P) 14.6467952003801; enrichment 4.78815496700736; interaction stoichiometry 640.464589875907; cellular-abundance stoichiometry blank; canonical symbol	Endogenous-tag IP-MS measures association after lysis and can recover indirect members of larger complexes. It does not establish spatial proximity in vivo or purified binary contact. Bait-to-prey orientation is assay provenance rather than biological direction.	None of the 15 pairs passes both secondary core-cluster stoichiometry filters (interaction stoichiometry 0.05-10 and cellular-abundance stoichiometry 0.1-10). This secondary filter is not the initial interaction-calling rule. The manuscript does not discuss these rows or provide pair-specific perturbation, direct-binding, regulatory, client-stability, ubiquitination, or HSP90-dependence evidence. FKBP5 and DNAJB6 were both available as baits, but only the DNAJB6-bait orientation passes. The extreme interaction stoichiometry and blank abundance denominator are unsuitable for strength ranking; the missing reverse call is not evidence of absence.	One transformed, pseudo-triploid HEK293T lineage; endogenous tags can still alter abundance, localization, or interfaces. The split-fluorophore strategy mainly accesses nucleo-cytoplasmic proteins and cytosol-exposed membrane termini. Taipale 2014 is an independent source and method, but both studies use the 293T/HEK293T lineage. The publication supplement bundle is not archived locally; the exact official 29,922-row processed interaction release used for these decisions is local, so this is an archive-completeness gap rather than a review blocker.	cellular_complex_not_binary;endogenous_tag_IPMS;no_pair_specific_HSP90_mediation;not_client_evidence;publication_supplements_not_local_archive_gap;same_293T_lineage_across_sources;single_cell_line_lineage;reverse_bait_available_but_not_called;stoichiometry_unusable_missing_abundance_denominator	local_main_and_official_processed_interaction_matrix_reviewed;publication_supplement_bundle_not_local_archive_gap_not_decision_blocker	focused_primary_review_complete	close_pair
COCHSRCREV-2026-09-13-STIP1-DNAJB6-PMID33239621	2026-09-13	DNAJB6::STIP1	DNAJB6	STIP1	STIP1	DNAJB6	PMID:33239621	33239621	PMC7688965	10.1038/s41467-020-19783-w	The Hsp70-Hsp90 co-chaperone Hop/Stip1 shifts the proteostatic balance from folding towards degradation	supports_context_qualified_pair_relationship	shared_complex	STIP1_DNAJB6_human_cellular_shared_complex	undirected_or_not_applicable			cellular_complex_not_binary	high_confidence_cellular_apms_co_complex	cytosolic_hsp90_unresolved	Human HEK293T STIP1-KO1 cells rescued with HA-tagged wild-type Hop or the K8A/K229A TPR mutant; anti-HA IP-LFQ-MS in two biological replicates, with endogenous Hop co-immunoprecipitation for HSPA8	cultured_cell_line	human	whole_cell_or_unspecified_fraction	omics_or_screening_measurement;physical_interaction_or_proximity	DNAJB6 was recovered with wild-type Hop but not the K8A/K229A TPR mutant in rescued STIP1-KO1 cells.	Supplementary Data 3 (MOESM5), proteinGroups_filtered_m1 row 249 and chaperone summary row 12; 12 peptides, wild-type-only	Tagged affinity-purification LFQ-MS supports cellular co-complex membership only; it does not establish purified binary binding.	The pair assays do not establish client status, pair-specific HSP90 dependence, or a cytosolic HSP90 paralog.	Tagged rescue in one human cell-line background with two biological replicates; no candidate-specific reciprocal or endogenous validation was reported for this pair, and complex topology remains unresolved.	cellular_complex_not_binary;hsp90_paralog_unresolved;not_client_evidence;single_publication_multiple_pair_routes;tagged_rescue_construct	local_supplementary_information_and_five_native_data_workbooks_reviewed	focused_primary_review_complete	close_pair
COCHSRCREV-2026-09-13-STUB1-DNAJB6-PMID25036637	2026-09-13	DNAJB6::STUB1	DNAJB6	STUB1	STUB1	DNAJB6	PMID:25036637	25036637	PMC4104544	10.1016/j.cell.2014.05.039	A quantitative chaperone interaction network reveals the architecture of cellular protein homeostasis pathways	supports_context_qualified_pair_relationship	physical_association;shared_complex	STUB1_DNAJB6_high_confidence_human_cellular_co_complex	undirected_or_not_applicable			cellular_complex_not_binary	high_confidence_cellular_apms_co_complex	no_pair_specific_HSP90_assay_in_this_source	Stable human 293T cell lines expressing C-terminal 3xFLAG-V5-tagged chaperome proteins for AP-MS and Renilla-tagged proteins for quantitative LUMIER assays; high-confidence cutoffs were SAINT AvgP >= 0.85 and LUMIER score >= 7	cultured_cell_line	human	whole_cell_or_unspecified_fraction	omics_or_screening_measurement;physical_interaction_or_proximity	DNAJB6 and STUB1 passed the source's high-confidence AP-MS cutoff; this supports a human cellular physical association or shared complex.	STUB1-bait AP-MS SAINT AvgP 1.00 (Table S1 row 450); the available LUMIER orientation was subthreshold at 4.189	High-confidence cellular AP-MS supports co-complex membership. Absent or subthreshold LUMIER evidence adds no orthogonal support, and the AP-MS result does not establish purified binary binding.	The pair assays do not test client stabilization, ubiquitination, pair-specific HSP90 dependence, or direct binding.	Tagged proteins in one human cell-line background. Database assay labels and pair expansions cannot substitute for the source matrix thresholds.	cellular_complex_not_binary;no_pair_specific_HSP90_assay;not_client_evidence;not_direct_binding;single_publication_multiple_pair_routes;tagged_expression;database_encodings_exceed_primary_matrix	local_native_table_s1_reviewed_supplemental_figure_pdf_missing_not_decision_limiting	focused_primary_review_complete	close_pair
COCHSRCREV-2026-09-14-DNAJC13-STUB1-PMID33961781	2026-09-14	DNAJC13::STUB1	DNAJC13	STUB1	STUB1	DNAJC13	PMID:33961781	33961781	PMC8165030	10.1016/j.cell.2021.04.026	Dual proteome-scale networks reveal cell-specific remodeling of the human interactome	supports_context_qualified_pair_relationship	physical_association;shared_complex	BioPlex3_STUB1_to_DNAJC13_APMS_association	undirected_or_not_applicable			tagged_bait_APMS_association_not_binary_binding	BioPlex3_cross_cell_line_single_direction_cellular_APMS_association	no_pair_specific_HSP90_assay_in_this_source	Human BioPlex 3 tagged-bait affinity-purification mass spectrometry in 293T and HCT116 cells.	cultured_cell_line	human	whole_cell_or_unspecified_fraction	omics_or_screening_measurement;physical_interaction_or_proximity	Official BioPlex directed and final-network matrices contain STUB1 to DNAJC13 with final-network pInt value(s) 0.999953289109794;0.999932795892452 in 293T and HCT116.	Official BioPlex 3 293T/HCT116 directed-edge and final-network matrices; exact gene-symbol rows	Bait-to-prey is assay orientation rather than biological regulation. Tagged-bait AP-MS supports cellular or lysate co-recovery, not purified pairwise binding.	Absence from the other cell-line matrix is not biological negative evidence. The source supplies no pair-specific functional or HSP90-dependence result.	Tagged exogenous bait and cell-line context limit physiological generalization. BioGRID and IntAct routes from this PMID are projections of the same BioPlex experiment and are not independent evidence.	APMS_association_not_direct_binding;assay_bait_prey_not_biological_direction;cell_line_context;database_routes_not_independent_replication;no_HSP90_assay_in_source;not_client_evidence;not_isoform_exclusivity_evidence;tagged_bait_context	local_main_and_exact_official_BioPlex_matrices_reviewed_complete	focused_primary_review_complete	retain_pair
COCHSRCREV-2026-09-14-DNAJC7_HSPA1A-PMID32687490	2026-09-14	DNAJC7::HSPA1A	DNAJC7	HSPA1A	DNAJC7	HSPA1A	PMID:32687490	32687490	PMC7392334	10.1371/journal.pbio.3000606	Proteome-wide identification of HSP70/HSC70 chaperone clients in human cells	supports_context_qualified_pair_relationship	chaperone_cycle_component;physical_association;shared_complex	HSPA1A_association_with_DNAJC7_in_BioID_and_UBAIT	undirected_or_not_applicable			engineered_cellular_UBAIT_or_BioID_association_not_purified_binary_binding	source_internal_orthogonal_BioID_and_partial_UBAIT_association	no_pair_specific_HSP90_assay_in_this_source	Human U2OS cells expressing full-length HSPA1A or HSPA8 UBAIT constructs, matched delta-GG controls, or inducible BioID2-HSPA1A. Denaturing streptavidin isolation and label-free LC-MS/MS were analyzed by bootstrap enrichment and modified Benjamini-Hochberg FDR 0.05.	cultured_cell_line	human	whole_cell_or_unspecified_fraction	omics_or_screening_measurement;physical_interaction_or_proximity	BioID S3 Data, HSP70 BioID row 98, reports DNAJC7 enrichment 2.807 versus 1.886 with q=0.00524. UBAIT S1 Data, HSP70 UBAIT row 1009, passes experiments 1 and 3 but not experiment 2.	pbio.3000606.s010.xlsx, HSP70 BioID row 98; pbio.3000606.s008.xlsx, HSP70 UBAIT row 1009	The source supports a DNAJ/HSP40-family HSP70-cycle association, but not direct binary binding, biological direction, or client status.	Database bait-to-prey orientation is not biological direction. This source supplies no pair-specific HSP90 dependence, HSP90 isoform selectivity, or HSP90-client evidence.	Engineered induced bait proteins in one cell line provide a condition-specific snapshot. UBAIT and BioID are orthogonal assays within one publication, not independent publications. No reciprocal IP, purified reconstitution, functional dependency, or pair-specific localization was shown.	BioID_proximity_not_direct_binding;cell_line_construct_context;database_route_not_independent_of_source_table;no_HSP90_assay_in_source;not_HSP90_client_evidence;not_isoform_exclusivity_evidence;source_internal_assays_not_independent_publications;UBAIT_capture_not_purified_binary_binding	local_main_and_all_native_supplementary_workbooks_available;exact_claim_rows_reviewed_complete	focused_primary_review_complete	retain_pair
COCHSRCREV-2026-09-14-DNAJC7_HSPA8-PMID32687490	2026-09-14	DNAJC7::HSPA8	DNAJC7	HSPA8	DNAJC7	HSPA8	PMID:32687490	32687490	PMC7392334	10.1371/journal.pbio.3000606	Proteome-wide identification of HSP70/HSC70 chaperone clients in human cells	supports_pair_relationship	chaperone_cycle_component;physical_association;shared_complex	HSPA8_HSC70_association_with_DNAJC7_across_UBAIT_sets_and_V438F_test	undirected_or_not_applicable			engineered_cellular_UBAIT_or_BioID_association_not_purified_binary_binding	source_internal_replicated_UBAIT_plus_variant_sensitive_association	no_pair_specific_HSP90_assay_in_this_source	Human U2OS cells expressing full-length HSPA1A or HSPA8 UBAIT constructs, matched delta-GG controls, or inducible BioID2-HSPA1A. Denaturing streptavidin isolation and label-free LC-MS/MS were analyzed by bootstrap enrichment and modified Benjamini-Hochberg FDR 0.05.	cultured_cell_line	human	whole_cell_or_unspecified_fraction	omics_or_screening_measurement;physical_interaction_or_proximity	HSC70 UBAIT S1 Data row 687 passes all three sets (2.474, 3.805, 2.447; q=0.0102, 0.0213, 0.0132). S2 Data row 943 detects DNAJC7 with wild-type HSPA8 but not V438F, consistent with the paper's TPR-mediated HSP70-cycle interpretation.	pbio.3000606.s008.xlsx, HSC70 UBAIT row 687; pbio.3000606.s009.xlsx, V438F comparison row 943	The variant-sensitive cellular capture supports a specific HSP70-cycle association, not purified binary binding. DNAJC7 is interpreted as a DNAJ/HSP40 co-chaperone rather than an HSPA8 client.	Database bait-to-prey orientation is not biological direction. This source supplies no pair-specific HSP90 dependence, HSP90 isoform selectivity, or HSP90-client evidence.	Engineered induced bait proteins in one cell line provide a condition-specific snapshot. UBAIT and BioID are orthogonal assays within one publication, not independent publications. No reciprocal IP, purified reconstitution, functional dependency, or pair-specific localization was shown.	BioID_proximity_not_direct_binding;cell_line_construct_context;database_route_not_independent_of_source_table;no_HSP90_assay_in_source;not_HSP90_client_evidence;not_isoform_exclusivity_evidence;source_internal_assays_not_independent_publications;UBAIT_capture_not_purified_binary_binding	local_main_and_all_native_supplementary_workbooks_available;exact_claim_rows_reviewed_complete	focused_primary_review_complete	retain_pair
COCHSRCREV-2026-09-14-DNAJC7_HSPA8-PMID35831314	2026-09-14	DNAJC7::HSPA8	DNAJC7	HSPA8	DNAJC7	HSPA8	PMID:35831314	35831314	PMC9279285	10.1038/s41467-022-31809-z	Scalable multiplex co-fractionation/mass spectrometry platform for accelerated protein interactome discovery	supports_context_qualified_pair_relationship	physical_association;shared_complex	EPIC_cofractionation_association_DNAJC7_HSPA8_qualifies_in_all_three_cell_lines	undirected_or_not_applicable			classifier_inferred_endogenous_coelution_association_not_binary_binding	EPIC_cofractionation_association_above_0.625_in_at_least_one_cell_line	no_HSP90_assay_for_this_pair_in_source	Soluble extracts from human MCF10A, MCF7, and MDA-MB-231 cells were resolved by duplicate triple-phase ion-exchange HPLC, quantified by TMT LC-MS/MS, and scored for co-elution by the EPIC random-forest classifier.	cultured_cell_line	human	whole_cell_or_unspecified_fraction	omics_or_screening_measurement;physical_interaction_or_proximity	Supplementary Data 2, EPIC PPI row 9409, reports MCF10A, MCF7, and MDA-MB-231 scores 0.807;0.840;0.810. With the source cutoff 0.625, the pair qualifies in all three cell lines.	MOESM4 Supplementary Data 2, worksheet EPIC PPI, row 9409; EPIC cutoff 0.625	Protein co-elution and classifier scoring support association or co-complex context only; they do not establish pairwise contact, stoichiometry, binding direction, or mechanism.	A displayed score below 0.625 or no score in another cell line is not a biological negative. The source provides no pair-specific perturbation or HSP90-dependence result.	The prediction can reflect membership in a larger assembly. Cell-line differences can reflect abundance or detectability. The table marks these pairs as overlapping BioGRID, so the source is an experimental re-detection/context observation rather than independent database corroboration.	BioGRID_overlap_not_independent;classifier_inferred_association;cofractionation_not_direct_binding;no_HSP90_assay_in_source;not_client_evidence;not_directional_regulation;not_isoform_exclusivity_evidence;soluble_extract_context	local_main_and_exact_native_Supplementary_Data_2_reviewed_complete	focused_primary_review_complete	retain_pair
COCHSRCREV-2026-09-13-DNAJC7-HUS1-PMID11573955	2026-09-13	DNAJC7::HUS1	DNAJC7	HUS1	DNAJC7	HUS1	PMID:11573955	11573955		10.1006/bbrc.2001.5685	The J domain of Tpr2 regulates its interaction with the proapoptotic and cell-cycle checkpoint protein, Rad9	supports_context_qualified_pair_relationship	physical_association;shared_complex	DNAJC7_Tpr2_tagged_cellular_coIP_with_HUS1_and_reticulocyte_lysate_pull_down_context	undirected_or_not_applicable			tagged_cellular_complex_plus_reticulocyte_lysate_pull_down_not_purified_binary	one_study_tagged_cellular_coIP_plus_reticulocyte_lysate_pull_down_data_not_shown	no_HSP90_assay_in_this_source	Human full-length HA-RAD9A (amino acids 1-391), HA-RAD1 (1-282), or HA-HUS1 (1-280) was coexpressed with FLAG-human DNAJC7/Tpr2 full length (1-484), Delta-J (1-384), or mapped mutants in COS-7 cells for anti-FLAG IP/immunoblot. Bacterially expressed GST-Tpr2 proteins were incubated with each full-length human partner translated in rabbit reticulocyte lysate. Only RAD9A-DNAJC7 was tested by yeast two-hybrid.	cultured_cell_line;purified_or_cell_free	african_green_monkey;escherichia_coli;human;rabbit	whole_cell_or_unspecified_fraction	biochemical_or_structural;physical_interaction_or_proximity	FLAG-Tpr2 full-length and the J-domain-deleted Tpr2 construct each co-immunoprecipitated HA-HUS1 from transfected COS-7 lysate. The paper also reports similar GST-Tpr2 recovery of reticulocyte-lysate-translated HUS1, but those pull-down data are not shown.	Fig. 1C: anti-FLAG IP of full-length or Delta-J Tpr2 co-recovers HA-HUS1; Fig. 2B: cellular Tpr2 deletion mapping indicates that N- and C-terminal TPR motifs and the J domain contribute to HUS1 recovery; Results text: GST-Tpr2/HUS1 pull-down reported as data not shown	Cellular co-IP supports co-recovery but not pairwise contact. The GST bait was bacterially purified, but the prey came from rabbit reticulocyte lysate; these assays are not purified binary binding. Reporter or bait-prey orientation is not biological direction.	This pair was not the Tpr2 pair selected in the Rad9-bait yeast two-hybrid screen. The GST-HUS1 result is reported only as data not shown and cannot serve as an independently inspectable validation.	The cellular assays use tagged overexpression in transformed cell lines. The study did not test endogenous pair recovery or a pair-specific functional consequence. It speculates about Hsp70 in J-domain-dependent regulation but does not establish HSP70 mediation, an HSP90 role, an HSP90 client relationship, or HSP90 isoform specificity. BioGRID and HPRD routes are same-publication encodings, not independent replications.	HUS1_pull_down_data_not_shown;cellular_complex_not_binary;database_routes_not_independent_replication;no_HSP90_assay;no_pair_specific_Y2H;not_client_evidence;reticulocyte_lysate_not_purified_binary;single_cell_line;tagged_expression	local_complete_author_manuscript_reviewed;no_supplement_advertised_or_required	focused_primary_review_complete	close_pair
COCHSRCREV-2026-09-13-DNAJC7-RAD1-PMID11573955	2026-09-13	DNAJC7::RAD1	DNAJC7	RAD1	DNAJC7	RAD1	PMID:11573955	11573955		10.1006/bbrc.2001.5685	The J domain of Tpr2 regulates its interaction with the proapoptotic and cell-cycle checkpoint protein, Rad9	supports_context_qualified_pair_relationship	physical_association;shared_complex	DNAJC7_Tpr2_tagged_cellular_coIP_with_RAD1_and_reticulocyte_lysate_pull_down_context	undirected_or_not_applicable			tagged_cellular_complex_plus_reticulocyte_lysate_pull_down_not_purified_binary	one_study_tagged_cellular_coIP_plus_reticulocyte_lysate_pull_down_data_not_shown	no_HSP90_assay_in_this_source	Human full-length HA-RAD9A (amino acids 1-391), HA-RAD1 (1-282), or HA-HUS1 (1-280) was coexpressed with FLAG-human DNAJC7/Tpr2 full length (1-484), Delta-J (1-384), or mapped mutants in COS-7 cells for anti-FLAG IP/immunoblot. Bacterially expressed GST-Tpr2 proteins were incubated with each full-length human partner translated in rabbit reticulocyte lysate. Only RAD9A-DNAJC7 was tested by yeast two-hybrid.	cultured_cell_line;purified_or_cell_free	african_green_monkey;escherichia_coli;human;rabbit	whole_cell_or_unspecified_fraction	biochemical_or_structural;physical_interaction_or_proximity	FLAG-Tpr2 full-length and the J-domain-deleted Tpr2 construct each co-immunoprecipitated HA-RAD1 from transfected COS-7 lysate. The paper also reports similar GST-Tpr2 recovery of reticulocyte-lysate-translated RAD1, but those pull-down data are not shown.	Fig. 1C: anti-FLAG IP of full-length or Delta-J Tpr2 co-recovers HA-RAD1; Fig. 2B: cellular Tpr2 deletion mapping implicates the N-terminal TPR region in RAD1 recovery; Results text: GST-Tpr2/RAD1 pull-down reported as data not shown	Cellular co-IP supports co-recovery but not pairwise contact. The GST bait was bacterially purified, but the prey came from rabbit reticulocyte lysate; these assays are not purified binary binding. Reporter or bait-prey orientation is not biological direction.	This pair was not tested by the Rad9-bait yeast two-hybrid screen. The GST-RAD1 result is reported only as data not shown and cannot serve as an independently inspectable validation.	The cellular assays use tagged overexpression in transformed cell lines. The study did not test endogenous pair recovery or a pair-specific functional consequence. It speculates about Hsp70 in J-domain-dependent regulation but does not establish HSP70 mediation, an HSP90 role, an HSP90 client relationship, or HSP90 isoform specificity. BioGRID and HPRD routes are same-publication encodings, not independent replications.	RAD1_pull_down_data_not_shown;cellular_complex_not_binary;database_routes_not_independent_replication;no_HSP90_assay;no_pair_specific_Y2H;not_client_evidence;reticulocyte_lysate_not_purified_binary;single_cell_line;tagged_expression	local_complete_author_manuscript_reviewed;no_supplement_advertised_or_required	focused_primary_review_complete	close_pair
COCHSRCREV-2026-09-13-DNAJC7-RAD9A-PMID11573955	2026-09-13	DNAJC7::RAD9A	DNAJC7	RAD9A	DNAJC7	RAD9A	PMID:11573955	11573955		10.1006/bbrc.2001.5685	The J domain of Tpr2 regulates its interaction with the proapoptotic and cell-cycle checkpoint protein, Rad9	supports_pair_relationship	physical_association;shared_complex	DNAJC7_Tpr2_RAD9A_Y2H_tagged_cellular_coIP_and_reticulocyte_lysate_pull_down	undirected_or_not_applicable			heterologous_binary_reporter_plus_tagged_cellular_complex_and_reticulocyte_lysate_pull_down_not_purified_binary	one_study_heterologous_Y2H_plus_tagged_cellular_coIP_and_reticulocyte_lysate_pull_down	no_HSP90_assay_in_this_source	Human full-length HA-RAD9A (amino acids 1-391), HA-RAD1 (1-282), or HA-HUS1 (1-280) was coexpressed with FLAG-human DNAJC7/Tpr2 full length (1-484), Delta-J (1-384), or mapped mutants in COS-7 cells for anti-FLAG IP/immunoblot. Bacterially expressed GST-Tpr2 proteins were incubated with each full-length human partner translated in rabbit reticulocyte lysate. Only RAD9A-DNAJC7 was tested by yeast two-hybrid. Stable MCF-7 lines expressing wild-type or HPD-mutant Tpr2 were used to assess transiently expressed RAD9A localization.	cultured_cell_line;purified_or_cell_free	african_green_monkey;budding_yeast;escherichia_coli;human;rabbit	cytosol;nucleus_or_chromatin;whole_cell_or_unspecified_fraction	biochemical_or_structural;localization_trafficking_or_secretion;physical_interaction_or_proximity	Full-length RAD9A bait recovered a J-domain-deleted DNAJC7/Tpr2 clone in yeast. In COS-7 cells, FLAG-Tpr2 recovered HA-RAD9A; the Delta-J and HPD mutants recovered more RAD9A than full-length Tpr2. GST-Tpr2 constructs also recovered reticulocyte-lysate-translated RAD9A. In stable MCF-7 lines, wild-type versus HPD-mutant Tpr2 expression changed the nuclear/cytoplasmic distribution and colocalization of transiently expressed RAD9A.	Y2H Results: approximately 10 million human-lymphocyte-library cotransformants screened with full-length human RAD9A bait and a Tpr2 Delta-J clone recovered; Fig. 1B-D: COS-7 anti-FLAG co-IP; Fig. 1E: GST pull-down of rabbit-reticulocyte-lysate RAD9A with ATP condition; Figs. 2B and 3B: cellular domain mapping; Fig. 4: heat-shock time course; Fig. 5: MCF-7 RAD9A/Tpr2 localization with wild-type and HPD-mutant Tpr2	Cellular co-IP supports co-recovery but not pairwise contact. The GST bait was bacterially purified, but the prey came from rabbit reticulocyte lysate; these assays are not purified binary binding. Reporter or bait-prey orientation is not biological direction.	GST alone was the pull-down control. ATP reduced RAD9A recovery by full-length GST-Tpr2 but not the Delta-J construct in Mg2+-containing buffer. Heat shock transiently reduced full-length Tpr2-RAD9A co-IP; neither result is a biological noninteraction.	The cellular assays use tagged overexpression in transformed cell lines. The study did not test a downstream checkpoint or apoptosis phenotype; an unpublished apoptosis observation is excluded. It speculates about Hsp70 in J-domain-dependent regulation but does not establish HSP70 mediation, an HSP90 role, an HSP90 client relationship, or HSP90 isoform specificity. BioGRID and HPRD routes are same-publication encodings, not independent replications.	ATP_sensitive_association_context;Y2H_clone_lacks_J_domain;cellular_complex_not_binary;database_routes_not_independent_replication;heat_shock_association_dynamics;no_HSP90_assay;not_client_evidence;reticulocyte_lysate_not_purified_binary;tagged_expression	local_complete_author_manuscript_reviewed;no_supplement_advertised_or_required	focused_primary_review_complete	close_pair
COCHSRCREV-2026-09-14-DNAJC7-TP53-PMID33961781	2026-09-14	DNAJC7::TP53	DNAJC7	TP53	DNAJC7	TP53	PMID:33961781	33961781	PMC8165030	10.1016/j.cell.2021.04.026	Dual proteome-scale networks reveal cell-specific remodeling of the human interactome	supports_context_qualified_pair_relationship	physical_association;shared_complex	BioPlex3_TP53_to_DNAJC7_APMS_association	undirected_or_not_applicable			tagged_bait_APMS_association_not_binary_binding	BioPlex3_single_direction_HCT116_cellular_APMS_association	no_pair_specific_HSP90_assay_in_this_source	Human BioPlex 3 tagged-bait affinity-purification mass spectrometry in HCT116 cells.	cultured_cell_line	human	whole_cell_or_unspecified_fraction	omics_or_screening_measurement;physical_interaction_or_proximity	Official BioPlex directed and final-network matrices contain TP53 to DNAJC7 with final-network pInt value(s) 0.878596626431737 in HCT116.	Official BioPlex 3 293T/HCT116 directed-edge and final-network matrices; exact gene-symbol rows	Bait-to-prey is assay orientation rather than biological regulation. Tagged-bait AP-MS supports cellular or lysate co-recovery, not purified pairwise binding.	Absence from the other cell-line matrix is not biological negative evidence. The source supplies no pair-specific functional or HSP90-dependence result.	Tagged exogenous bait and cell-line context limit physiological generalization. BioGRID and IntAct routes from this PMID are projections of the same BioPlex experiment and are not independent evidence.	APMS_association_not_direct_binding;assay_bait_prey_not_biological_direction;cell_line_context;database_routes_not_independent_replication;no_HSP90_assay_in_source;not_client_evidence;not_isoform_exclusivity_evidence;tagged_bait_context	local_main_and_exact_official_BioPlex_matrices_reviewed_complete	focused_primary_review_complete	retain_pair
COCHSRCREV-2026-09-13-FKBP4-EGFR-PMID20029029	2026-09-13	EGFR::FKBP4	EGFR	FKBP4	FKBP4	EGFR	PMID:20029029	20029029		10.1126/scisignal.2000576	Regulation of Epidermal Growth Factor Receptor Trafficking by Lysine Deacetylase HDAC6	supports_context_qualified_pair_relationship	physical_association	EGFR_bait_MYTH_reporter_association_with_FKBP4	undirected_or_not_applicable			heterologous_membrane_reporter_association_not_native_binary	single_heterologous_membrane_reporter_association	no_pair_specific_HSP90_assay_in_this_source	Human EGFR lacking its native signal peptide was fused to the yeast mating-factor alpha signal sequence and Cub-transcription-factor reporter and expressed as a plasma-membrane bait in budding yeast. A human fetal-brain NubG prey library was screened across about 30 million transformants; 295 initial positives were reduced to 87 candidates by triple-reporter selection, retransformation, and EGFR-versus-transferrin-receptor/empty-bait specificity controls at 5 mM 3-amino-1,2,4-triazole. The bait was ligand-unoccupied and unphosphorylated in this heterologous system.	cultured_cell_line	human;budding_yeast	plasma_membrane_or_cell_surface	omics_or_screening_measurement;physical_interaction_or_proximity	EGFR-bait membrane split-ubiquitin screening recovered FKBP4 through the source's specificity controls.	2009 Supplementary Table S1 PDF page 17: EGFR bait and FKBP4 prey; 2020 derivative MYTH matrix row 310 reproduces this EGFR edge	The membrane split-ubiquitin reporter supports proximity sufficient for reporter reconstitution in engineered yeast. It does not by itself establish native mammalian co-complex membership, purified binary binding, or a direct interface.	No pair in this tranche was tested for HSP90 dependence, HSP90 isoform selectivity, client handling, or purified-protein binding.	The engineered yeast-membrane assay bypasses normal mammalian EGFR trafficking, ligand activation, phosphorylation, and native cellular stoichiometry. The 2020 Kennedy paper newly screened ERBB2, ERBB3, and ERBB4; its EGFR rows were imported from this 2009 experiment and IID context, so PMID31980649 route encodings are derivative lineage records rather than independent replication. IntAct's 'ubiquitin reconstruction' label describes split-ubiquitin reporter reconstitution, not enzymatic substrate ubiquitination.	database_routes_not_independent_replication;derivative_republication_not_independent;engineered_EGFR_bait;heterologous_membrane_reporter;ligand_unoccupied_unphosphorylated_bait;no_pair_specific_HSP90_assay;not_client_evidence;split_ubiquitin_not_enzymatic_ubiquitination	local_2009_main_and_supplement_reviewed_with_2020_derivative_Myth_matrix_for_lineage_reconciliation	focused_primary_review_complete	close_pair
COCHSRCREV-2026-09-13-PPP5C-EGFR-PMID20029029	2026-09-13	EGFR::PPP5C	EGFR	PPP5C	PPP5C	EGFR	PMID:20029029	20029029		10.1126/scisignal.2000576	Regulation of Epidermal Growth Factor Receptor Trafficking by Lysine Deacetylase HDAC6	supports_context_qualified_pair_relationship	physical_association	EGFR_bait_MYTH_reporter_association_with_PPP5C	undirected_or_not_applicable			heterologous_membrane_reporter_association_not_native_binary	single_heterologous_membrane_reporter_association	no_pair_specific_HSP90_assay_in_this_source	Human EGFR lacking its native signal peptide was fused to the yeast mating-factor alpha signal sequence and Cub-transcription-factor reporter and expressed as a plasma-membrane bait in budding yeast. A human fetal-brain NubG prey library was screened across about 30 million transformants; 295 initial positives were reduced to 87 candidates by triple-reporter selection, retransformation, and EGFR-versus-transferrin-receptor/empty-bait specificity controls at 5 mM 3-amino-1,2,4-triazole. The bait was ligand-unoccupied and unphosphorylated in this heterologous system.	cultured_cell_line	human;budding_yeast	plasma_membrane_or_cell_surface	omics_or_screening_measurement;physical_interaction_or_proximity	EGFR-bait membrane split-ubiquitin screening recovered PPP5C through the source's specificity controls.	2009 Supplementary Table S1 PDF page 20: EGFR bait and PPP5C prey; the source clone is labeled Q53XV2 and maps to canonical PPP5C; 2020 derivative MYTH matrix row 303 reproduces this EGFR edge	The membrane split-ubiquitin reporter supports proximity sufficient for reporter reconstitution in engineered yeast. It does not by itself establish native mammalian co-complex membership, purified binary binding, or a direct interface.	No pair in this tranche was tested for HSP90 dependence, HSP90 isoform selectivity, client handling, or purified-protein binding. PP5/PPP5C was included in a mammalian follow-up panel but did not show convincing pair-specific co-immunoprecipitation; this is an orthogonal test not validated, not evidence of absence.	The engineered yeast-membrane assay bypasses normal mammalian EGFR trafficking, ligand activation, phosphorylation, and native cellular stoichiometry. The 2020 Kennedy paper newly screened ERBB2, ERBB3, and ERBB4; its EGFR rows were imported from this 2009 experiment and IID context, so PMID31980649 route encodings are derivative lineage records rather than independent replication. IntAct's 'ubiquitin reconstruction' label describes split-ubiquitin reporter reconstitution, not enzymatic substrate ubiquitination.	database_routes_not_independent_replication;derivative_republication_not_independent;engineered_EGFR_bait;heterologous_membrane_reporter;ligand_unoccupied_unphosphorylated_bait;no_pair_specific_HSP90_assay;not_client_evidence;split_ubiquitin_not_enzymatic_ubiquitination;orthogonal_tested_not_validated;source_alias_Q53XV2	local_2009_main_and_supplement_reviewed_with_2020_derivative_Myth_matrix_for_lineage_reconciliation	focused_primary_review_complete	close_pair
COCHSRCREV-2026-09-13-STIP1-EGFR-PMID20029029	2026-09-13	EGFR::STIP1	EGFR	STIP1	STIP1	EGFR	PMID:20029029	20029029		10.1126/scisignal.2000576	Regulation of Epidermal Growth Factor Receptor Trafficking by Lysine Deacetylase HDAC6	supports_context_qualified_pair_relationship	physical_association;shared_complex	EGFR_bait_MYTH_reporter_association_with_STIP1	undirected_or_not_applicable			heterologous_membrane_reporter_plus_cellular_co_complex_not_purified	heterologous_membrane_reporter_plus_cellular_coip	no_pair_specific_HSP90_assay_in_this_source	Human EGFR lacking its native signal peptide was fused to the yeast mating-factor alpha signal sequence and Cub-transcription-factor reporter and expressed as a plasma-membrane bait in budding yeast. A human fetal-brain NubG prey library was screened across about 30 million transformants; 295 initial positives were reduced to 87 candidates by triple-reporter selection, retransformation, and EGFR-versus-transferrin-receptor/empty-bait specificity controls at 5 mM 3-amino-1,2,4-triazole. The bait was ligand-unoccupied and unphosphorylated in this heterologous system.	cultured_cell_line	human;budding_yeast	plasma_membrane_or_cell_surface	omics_or_screening_measurement;physical_interaction_or_proximity	EGFR-bait membrane split-ubiquitin screening recovered STIP1 through the source's specificity controls. A separate tagged-STIP1/endogenous-EGFR co-immunoprecipitation in HeLa cells provided weak-to-moderate cellular co-complex support.	2009 Supplementary Table S1 PDF page 15: EGFR bait and STIP1 prey; 2020 derivative MYTH matrix row 385 reproduces this EGFR edge; Supplementary Fig. S3C image PDF page 6 and caption page 7: tagged STIP1 immunoprecipitation/endogenous EGFR immunoblot, IntAct EBI-4398140	The membrane split-ubiquitin reporter supports proximity sufficient for reporter reconstitution in engineered yeast. It does not by itself establish native mammalian co-complex membership, purified binary binding, or a direct interface.	No pair in this tranche was tested for HSP90 dependence, HSP90 isoform selectivity, client handling, or purified-protein binding.	The engineered yeast-membrane assay bypasses normal mammalian EGFR trafficking, ligand activation, phosphorylation, and native cellular stoichiometry. The 2020 Kennedy paper newly screened ERBB2, ERBB3, and ERBB4; its EGFR rows were imported from this 2009 experiment and IID context, so PMID31980649 route encodings are derivative lineage records rather than independent replication. IntAct's 'ubiquitin reconstruction' label describes split-ubiquitin reporter reconstitution, not enzymatic substrate ubiquitination. The STIP1 mammalian follow-up is a single unquantified weak-to-moderate co-immunoprecipitation and still does not resolve direct contact.	database_routes_not_independent_replication;derivative_republication_not_independent;engineered_EGFR_bait;heterologous_membrane_reporter;ligand_unoccupied_unphosphorylated_bait;no_pair_specific_HSP90_assay;not_client_evidence;split_ubiquitin_not_enzymatic_ubiquitination;single_unquantified_cellular_coip	local_2009_main_and_supplement_reviewed_with_2020_derivative_Myth_matrix_for_lineage_reconciliation	focused_primary_review_complete	close_pair
COCHSRCREV-2026-09-13-STUB1-EGFR-PMID20029029	2026-09-13	EGFR::STUB1	EGFR	STUB1	STUB1	EGFR	PMID:20029029	20029029		10.1126/scisignal.2000576	Regulation of Epidermal Growth Factor Receptor Trafficking by Lysine Deacetylase HDAC6	supports_context_qualified_pair_relationship	physical_association	EGFR_bait_MYTH_reporter_association_with_STUB1	undirected_or_not_applicable			heterologous_membrane_reporter_association_not_native_binary	single_heterologous_membrane_reporter_association	no_pair_specific_HSP90_assay_in_this_source	Human EGFR lacking its native signal peptide was fused to the yeast mating-factor alpha signal sequence and Cub-transcription-factor reporter and expressed as a plasma-membrane bait in budding yeast. A human fetal-brain NubG prey library was screened across about 30 million transformants; 295 initial positives were reduced to 87 candidates by triple-reporter selection, retransformation, and EGFR-versus-transferrin-receptor/empty-bait specificity controls at 5 mM 3-amino-1,2,4-triazole. The bait was ligand-unoccupied and unphosphorylated in this heterologous system.	cultured_cell_line	human;budding_yeast	plasma_membrane_or_cell_surface	omics_or_screening_measurement;physical_interaction_or_proximity	EGFR-bait membrane split-ubiquitin screening recovered STUB1 through the source's specificity controls.	2009 Supplementary Table S1 PDF page 22: EGFR bait and STUB1 prey; 2020 derivative MYTH matrix row 326 reproduces this EGFR edge	The membrane split-ubiquitin reporter supports proximity sufficient for reporter reconstitution in engineered yeast. It does not by itself establish native mammalian co-complex membership, purified binary binding, or a direct interface.	No pair in this tranche was tested for HSP90 dependence, HSP90 isoform selectivity, client handling, or purified-protein binding.	The engineered yeast-membrane assay bypasses normal mammalian EGFR trafficking, ligand activation, phosphorylation, and native cellular stoichiometry. The 2020 Kennedy paper newly screened ERBB2, ERBB3, and ERBB4; its EGFR rows were imported from this 2009 experiment and IID context, so PMID31980649 route encodings are derivative lineage records rather than independent replication. IntAct's 'ubiquitin reconstruction' label describes split-ubiquitin reporter reconstitution, not enzymatic substrate ubiquitination.	database_routes_not_independent_replication;derivative_republication_not_independent;engineered_EGFR_bait;heterologous_membrane_reporter;ligand_unoccupied_unphosphorylated_bait;no_pair_specific_HSP90_assay;not_client_evidence;split_ubiquitin_not_enzymatic_ubiquitination	local_2009_main_and_supplement_reviewed_with_2020_derivative_Myth_matrix_for_lineage_reconciliation	focused_primary_review_complete	close_pair
COCHSRCREV-2026-09-14-EGLN1-PTGES3-PMID33961781	2026-09-14	EGLN1::PTGES3	EGLN1	PTGES3	PTGES3	EGLN1	PMID:33961781	33961781	PMC8165030	10.1016/j.cell.2021.04.026	Dual proteome-scale networks reveal cell-specific remodeling of the human interactome	supports_context_qualified_pair_relationship	physical_association;shared_complex	BioPlex3_PTGES3_to_EGLN1_APMS_association	undirected_or_not_applicable			tagged_bait_APMS_association_not_binary_binding	BioPlex3_cross_cell_line_single_direction_cellular_APMS_association	no_pair_specific_HSP90_assay_in_this_source	Human BioPlex 3 tagged-bait affinity-purification mass spectrometry in 293T and HCT116 cells.	cultured_cell_line	human	whole_cell_or_unspecified_fraction	omics_or_screening_measurement;physical_interaction_or_proximity	Official BioPlex directed and final-network matrices contain PTGES3 to EGLN1 with final-network pInt value(s) 0.999537388944307;0.999931321964548 in 293T and HCT116.	Official BioPlex 3 293T/HCT116 directed-edge and final-network matrices; exact gene-symbol rows	Bait-to-prey is assay orientation rather than biological regulation. Tagged-bait AP-MS supports cellular or lysate co-recovery, not purified pairwise binding.	Absence from the other cell-line matrix is not biological negative evidence. The source supplies no pair-specific functional or HSP90-dependence result.	Tagged exogenous bait and cell-line context limit physiological generalization. BioGRID and IntAct routes from this PMID are projections of the same BioPlex experiment and are not independent evidence.	APMS_association_not_direct_binding;assay_bait_prey_not_biological_direction;cell_line_context;database_routes_not_independent_replication;no_HSP90_assay_in_source;not_client_evidence;not_isoform_exclusivity_evidence;tagged_bait_context	local_main_and_exact_official_BioPlex_matrices_reviewed_complete	focused_primary_review_complete	retain_pair
COCHSRCREV-2026-09-14-EIF2AK2-PTGES3-PMID11447118	2026-09-14	EIF2AK2::PTGES3	EIF2AK2	PTGES3	PTGES3	EIF2AK2	PMID:11447118	11447118	PMC125551	10.1093/emboj/20.14.3771	The Hsp90 chaperone complex is both a facilitator and a repressor of the dsRNA-dependent kinase PKR	supports_pair_relationship	physical_association;shared_complex	endogenous_PTGES3_p23_EIF2AK2_PKR_HSP90_cellular_complex	undirected_or_not_applicable			exact_human_cellular_complex_not_purified_binary	endogenous_and_tagged_cellular_coIP_with_complex_dissociation_controls	broad_cytosolic_HSP90_PKR_client_context_without_paralog_resolution_or_exact_PTGES3_direction	Endogenous human p23/PTGES3, PKR/EIF2AK2, and Hsp90 were tested in HeLa cells; tagged kinase-dead human PKR was tested in mouse NIH3T3 cells, and human PKR was also studied in budding-yeast chaperone backgrounds and human 293T cells.	cultured_cell_line	budding_yeast;human;mouse	cytosol	functional_or_phenotypic_readout;genetic_perturbation;pharmacologic_or_chemical_perturbation;physical_interaction_or_proximity;protein_abundance_stability_or_folding	Endogenous p23 immunoprecipitation from HeLa cells recovered endogenous PKR and Hsp90, whereas an unrelated antibody did not. p23 also recovered kinase-dead PKR K296R in NIH3T3 cells. dsRNA and geldanamycin dissociated the complex, and PKR kinase activity was not required for co-recovery.	Main-article Figs. 3-5: endogenous p23-PKR-Hsp90 IP, kinase-dead PKR complex, and dsRNA/geldanamycin dissociation	The exact human pair is supported as a cellular HSP90-p23-PKR complex, not purified binary binding. Yeast SBA1 loss supports an ortholog-family functional role but cannot be encoded as exact human PTGES3-to-EIF2AK2 direction.	An unrelated immunoprecipitating antibody was negative; kinase-dead PKR retained p23; dsRNA and geldanamycin disrupted the complex. These condition-specific results do not establish pairwise contact or HSP90 paralog specificity.	The main figures are decision-complete despite one advertised supplement remaining an archive-only gap. BioGRID and HPRD are duplicate projections of one publication. Broad PKR client context is kept separate from the exact PTGES3 pair call.	advertised_supplement_archive_gap_nonblocking;database_routes_not_independent_replication;exact_human_pair_undirected;HSP90_paralog_unresolved;not_new_client_promotion;ortholog_SBA1_function_not_exact_PTGES3_direction	local_main_figures_decision_complete;advertised_supplement_archive_gap_not_decision_blocking	focused_primary_review_complete	close_pair
COCHSRCREV-2026-09-14-FKBP4-GLMN-PMID33961781	2026-09-14	FKBP4::GLMN	FKBP4	GLMN	FKBP4	GLMN	PMID:33961781	33961781	PMC8165030	10.1016/j.cell.2021.04.026	Dual proteome-scale networks reveal cell-specific remodeling of the human interactome	supports_context_qualified_pair_relationship	physical_association;shared_complex	BioPlex3_GLMN_to_FKBP4_APMS_association	undirected_or_not_applicable			tagged_bait_APMS_association_not_binary_binding	BioPlex3_single_direction_HCT116_cellular_APMS_association	no_pair_specific_HSP90_assay_in_this_source	Human BioPlex 3 tagged-bait affinity-purification mass spectrometry in HCT116 cells.	cultured_cell_line	human	whole_cell_or_unspecified_fraction	omics_or_screening_measurement;physical_interaction_or_proximity	Official BioPlex directed and final-network matrices contain GLMN to FKBP4 with final-network pInt value(s) 0.764823174899156 in HCT116.	Official BioPlex 3 293T/HCT116 directed-edge and final-network matrices; exact gene-symbol rows	Bait-to-prey is assay orientation rather than biological regulation. Tagged-bait AP-MS supports cellular or lysate co-recovery, not purified pairwise binding.	Absence from the other cell-line matrix is not biological negative evidence. The source supplies no pair-specific functional or HSP90-dependence result.	Tagged exogenous bait and cell-line context limit physiological generalization. BioGRID and IntAct routes from this PMID are projections of the same BioPlex experiment and are not independent evidence.	APMS_association_not_direct_binding;assay_bait_prey_not_biological_direction;cell_line_context;database_routes_not_independent_replication;no_HSP90_assay_in_source;not_client_evidence;not_isoform_exclusivity_evidence;tagged_bait_context	local_main_and_exact_official_BioPlex_matrices_reviewed_complete	focused_primary_review_complete	retain_pair
COCHSRCREV-2026-09-13-FKBP4-HSPB1-PMID25277244	2026-09-13	FKBP4::HSPB1	FKBP4	HSPB1	FKBP4	HSPB1	PMID:25277244	25277244	PMC4256507	10.1074/mcp.M114.041228	The Functional Landscape of Hsp27 Reveals New Cellular Processes such as DNA Repair and Alternative Splicing and Proposes Novel Anticancer Targets	supports_pair_relationship	physical_association;shared_complex	HSPB1_bait_cytoplasmic_Y2H_plus_endogenous_coIP_with_FKBP4	undirected_or_not_applicable			heterologous_binary_reporter_plus_endogenous_cellular_coIP_not_direct_binding	one_study_cytoplasmic_Y2H_plus_endogenous_cellular_coIP	no_HSP90_assay_in_this_source	The SRS CytoTrap reverse-Ras yeast two-hybrid screen used HSP27/HSPB1 as bait against human HeLa and testis cDNA libraries in the yeast cytoplasm. Pair-specific validation used endogenous anti-HSP27 IP versus rabbit-IgG control from cleared human PC-3 total-cell lysate followed by anti-FKBP4 immunoblot.	cultured_cell_line	budding_yeast;human	whole_cell_or_unspecified_fraction	omics_or_screening_measurement;physical_interaction_or_proximity	HSPB1 bait recovered FKBP4 once from the HeLa cDNA library in the cytoplasmic Y2H screen, and Supplementary Table S1 marks the pair confirmed by a positive endogenous HSP27 IP/FKBP4 immunoblot in PC-3 cells.	Supplementary Table S1 Interactome row 91: HSP27, FKBP4, HeLa, NM_002014.3, one occurrence, confirmed; Figure 1B: one-way endogenous anti-HSP27 IP versus IgG and anti-FKBP4 immunoblot	The heterologous cytoplasmic reporter and cellular co-IP support the pair, but neither establishes purified direct binding. The co-IP is one-way, not reciprocal.	The pair was not recovered from the testis library. No pair-specific HSP90 assay, perturbation, functional consequence, or domain-mapping experiment was reported; absence from the second library is not a biological negative.	The source does not report FKBP4 clone boundaries or fusion architecture. PC-3 total lysate does not resolve subcellular localization. BioGRID's Q02790 synonym text includes the misleading label FKBP51; identity is FKBP4/FKBP52/FKBP59, not FKBP5. Database routes are projections of this one study and are not independent replication.	database_routes_not_independent_replication;direct_binding_unclear;FKBP51_alias_collision_do_not_map_to_FKBP5;HSP27_maps_to_HSPB1;no_HSP90_assay;not_client_evidence;one_way_endogenous_coIP;single_Y2H_occurrence;Y2H_clone_boundaries_unreported	local_main_HTML_text_and_figure_plus_complete_seven_file_supplement_package_reviewed;Supplementary_Table_S1_claim_bearing	focused_primary_review_complete	close_pair
COCHSRCREV-2026-09-13-FKBP4-LSM7-PMID25036637	2026-09-13	FKBP4::LSM7	FKBP4	LSM7	FKBP4	LSM7	PMID:25036637	25036637	PMC4104544	10.1016/j.cell.2014.05.039	A quantitative chaperone interaction network reveals the architecture of cellular protein homeostasis pathways	supports_context_qualified_pair_relationship	physical_association;shared_complex	FKBP4_bait_APMS_cellular_association_with_LSM7	undirected_or_not_applicable			cellular_complex_not_binary	tagged_expression_duplicate_APMS_cellular_association	no_pair_specific_HSP90_assay_in_this_source	Human stable polyclonal 293T cells expressing predominantly C-terminal 3xFLAG-V5-tagged chaperone or co-chaperone AP-MS baits were analyzed by anti-FLAG affinity-purification mass spectrometry from whole-cell lysate with sodium molybdate. Two AP-MS replicates were scored with SAINT; the high-confidence cutoff was AvgP >= 0.85 (estimated FDR 1.8%). LUMIER used transient 3xFLAG query baits and stable Renilla-fused reporter preys in 293T cells; normalized luminescence Z-scores were evaluated at the source's high-confidence cutoff of approximately 7 (estimated upper FDR 4.4%).	cultured_cell_line	human	whole_cell_or_unspecified_fraction	omics_or_screening_measurement;physical_interaction_or_proximity	FKBP4-bait AP-MS recovered LSM7 above the source's SAINT AvgP 0.85 threshold.	Table S1 workbook, AvgP scores row 165: bait FKBP4, prey LSM7, AvgP 0.94, Spec 4|3, CtrlCounts 0|0|0|0|0|0|0; LSM7 was not an AP-MS bait; LUMIER scores row 291, LSM7-FLAG query bait with FKBP4-Renilla reporter prey, 0.384884; no LSM7 reporter column; Bait protein list row 21: FKBP4/FKBP52, C-terminal AP-MS tag	Affinity-purification mass spectrometry from cellular lysate supports co-recovery or shared-complex membership, not purified binary binding. Bait-to-prey orientation records assay configuration rather than biological direction. Within-study replicate or reciprocal AP-MS does not establish HSP90 mediation, client status, or regulation.	No requested pair received a purified-protein binding test, regulatory direction test, pair-specific client-stability assay, functional perturbation, or HSP90-isoform-resolved mediation test. None appears in the author's AP-MS-and-LUMIER overlap sheet. A database luminescence route is not counted as orthogonal validation when its source-matrix score is below the author threshold or unavailable. Reverse AP-MS was unavailable because LSM7 was not an AP-MS bait. The tested LUMIER configuration failed the source threshold and the reverse configuration was unavailable.	The source uses tagged, expressed proteins in one transformed 293T lineage. Negative or missing LUMIER measurements do not disprove an association because assay sensitivity and construct configuration differ from AP-MS. The main text and combined sheet use LUMIER score >= 7, while the workbook information sheet says > 7; no requested measurement is near that boundary. BioGRID and IntAct records can project the same AP-MS or screened LUMIER configuration and are not independent source replications. IntAct's anti-tag coimmunoprecipitation label does not establish a separate pair-specific co-IP experiment.	apms_screen;cellular_complex_not_binary;database_routes_not_independent_replication;lumier_below_threshold_or_unavailable;no_pair_specific_HSP90_assay;not_client_evidence;single_cell_line;tagged_expression;reverse_APMS_not_reported;source_alias_normalized	local_main_article_and_complete_Table_S1_workbook_reviewed	focused_primary_review_complete	close_pair
COCHSRCREV-2026-09-14-FKBP4_MAPT-PMID35831314	2026-09-14	FKBP4::MAPT	FKBP4	MAPT	FKBP4	MAPT	PMID:35831314	35831314	PMC9279285	10.1038/s41467-022-31809-z	Scalable multiplex co-fractionation/mass spectrometry platform for accelerated protein interactome discovery	supports_context_qualified_pair_relationship	physical_association;shared_complex	EPIC_cofractionation_association_FKBP4_MAPT_qualifies_in_MCF10A_and_MCF7	undirected_or_not_applicable			classifier_inferred_endogenous_coelution_association_not_binary_binding	EPIC_cofractionation_association_above_0.625_in_at_least_one_cell_line	no_HSP90_assay_for_this_pair_in_source	Soluble extracts from human MCF10A, MCF7, and MDA-MB-231 cells were resolved by duplicate triple-phase ion-exchange HPLC, quantified by TMT LC-MS/MS, and scored for co-elution by the EPIC random-forest classifier.	cultured_cell_line	human	whole_cell_or_unspecified_fraction	omics_or_screening_measurement;physical_interaction_or_proximity	Supplementary Data 2, EPIC PPI row 11372, reports MCF10A, MCF7, and MDA-MB-231 scores 0.683;0.641;not_scored. With the source cutoff 0.625, the pair qualifies in MCF10A and MCF7.	MOESM4 Supplementary Data 2, worksheet EPIC PPI, row 11372; EPIC cutoff 0.625	Protein co-elution and classifier scoring support association or co-complex context only; they do not establish pairwise contact, stoichiometry, binding direction, or mechanism.	A displayed score below 0.625 or no score in another cell line is not a biological negative. The source provides no pair-specific perturbation or HSP90-dependence result.	The prediction can reflect membership in a larger assembly. Cell-line differences can reflect abundance or detectability. The table marks these pairs as overlapping BioGRID, so the source is an experimental re-detection/context observation rather than independent database corroboration.	BioGRID_overlap_not_independent;classifier_inferred_association;cofractionation_not_direct_binding;no_HSP90_assay_in_source;not_client_evidence;not_directional_regulation;not_isoform_exclusivity_evidence;soluble_extract_context	local_main_and_exact_native_Supplementary_Data_2_reviewed_complete	focused_primary_review_complete	retain_pair
COCHSRCREV-2026-09-08-FKBP4-NR3C1-PMID20661446	2026-09-08	FKBP4::NR3C1	FKBP4	NR3C1	FKBP4	NR3C1	PMID:20661446	20661446	PMC2908686	10.1371/journal.pone.0011717	Differential impact of tetratricopeptide repeat proteins on the steroid hormone receptors	supports_context_qualified_pair_relationship	cochaperone_client_regulation;shared_complex	FKBP4_supports_NR3C1_HSP90_complex_function	directed	FKBP4	NR3C1	cellular_complex_not_binary	cellular_co_complex_with_genetic_perturbation_and_rescue	cytosolic_hsp90_unresolved	Tagged FKBP4/FKBP52 and NR3C1/GR co-immunoprecipitation in human cells plus reporter assays in human SK-N-MC cells and FKBP4-knockout or wild-type mouse embryonic fibroblasts	cultured_cell_line	human;mouse	whole_cell_or_unspecified_fraction	functional_or_phenotypic_readout;genetic_perturbation;physical_interaction_or_proximity	FKBP4 and NR3C1 associate in a cellular HSP90 heterocomplex; FKBP4 loss shifts the GR cortisol-response curve and FKBP4 re-expression restores wild-type responsiveness.	Figures 3A-B, 7, and 12	Cellular co-complex and loss/rescue evidence support FKBP4-dependent GR regulation, but do not establish purified binary FKBP4-NR3C1 binding.	FKBP4 overexpression had little effect on the GR reporter under the principal human-cell assay conditions, and knockout effects diminished at saturating hormone.	Tagged overexpression for association assays, mixed human and mouse systems, unresolved cytosolic HSP90 paralog, and one multiplexed publication.	cellular_co_complex_not_binary;cross_system_functional_support;hsp90_paralog_unresolved;single_publication_multiple_pair_routes;tagged_overexpression	local_claim_figure_objects_reviewed_no_separate_supplement	focused_primary_review_complete	close_pair
COCHSRCREV-2026-09-08-FKBP4-NR3C2-PMID20661446	2026-09-08	FKBP4::NR3C2	FKBP4	NR3C2	FKBP4	NR3C2	PMID:20661446	20661446	PMC2908686	10.1371/journal.pone.0011717	Differential impact of tetratricopeptide repeat proteins on the steroid hormone receptors	supports_context_qualified_pair_relationship	shared_complex	FKBP4_NR3C2_cellular_HSP90_heterocomplex	undirected_or_not_applicable			cellular_complex_not_binary	cellular_co_complex_with_neutral_functional_test	cytosolic_hsp90_unresolved	Tagged FKBP4/FKBP52 and NR3C2/MR reciprocal co-immunoprecipitation in human HEK-293 cells with receptor reporter assays in human SK-N-MC cells	cultured_cell_line	human	whole_cell_or_unspecified_fraction	functional_or_phenotypic_readout;physical_interaction_or_proximity	FKBP4 and NR3C2 reciprocally co-immunoprecipitate in a cellular HSP90-containing complex.	Figures 3C-D and 8	Reciprocal cellular co-immunoprecipitation supports co-complex association, not purified binary FKBP4-NR3C2 binding.	FKBP4 produced little or no material change in NR3C2 reporter activity under the tested conditions.	Tagged overexpression, qualitative co-immunoprecipitation, unresolved cytosolic HSP90 paralog, and one multiplexed publication.	cellular_co_complex_not_binary;functional_test_neutral;hsp90_paralog_unresolved;single_publication_multiple_pair_routes;tagged_overexpression	local_claim_figure_objects_reviewed_no_separate_supplement	focused_primary_review_complete	close_pair
COCHSRCREV-2026-09-13-FKBP4-RPS10-NUDT3-PMID25036637	2026-09-13	FKBP4::RPS10-NUDT3	FKBP4	RPS10-NUDT3	FKBP4	RPS10-NUDT3	PMID:25036637	25036637	PMC4104544	10.1016/j.cell.2014.05.039	A quantitative chaperone interaction network reveals the architecture of cellular protein homeostasis pathways	supports_context_qualified_pair_relationship	physical_association;shared_complex	FKBP4_bait_APMS_cellular_association_with_RPS10-NUDT3	undirected_or_not_applicable			cellular_complex_not_binary	tagged_expression_duplicate_APMS_cellular_association	no_pair_specific_HSP90_assay_in_this_source	Human stable polyclonal 293T cells expressing predominantly C-terminal 3xFLAG-V5-tagged chaperone or co-chaperone AP-MS baits were analyzed by anti-FLAG affinity-purification mass spectrometry from whole-cell lysate with sodium molybdate. Two AP-MS replicates were scored with SAINT; the high-confidence cutoff was AvgP >= 0.85 (estimated FDR 1.8%). LUMIER used transient 3xFLAG query baits and stable Renilla-fused reporter preys in 293T cells; normalized luminescence Z-scores were evaluated at the source's high-confidence cutoff of approximately 7 (estimated upper FDR 4.4%).	cultured_cell_line	human	whole_cell_or_unspecified_fraction	omics_or_screening_measurement;physical_interaction_or_proximity	FKBP4-bait AP-MS recovered the exact RPS10-NUDT3 source prey above the source's SAINT AvgP 0.85 threshold.	Table S1 workbook, AvgP scores row 167: bait FKBP4, prey exact source string RPS10-NUDT3, AvgP 0.89, Spec 3|3, CtrlCounts 0|0|0|0|0|0|0; RPS10-NUDT3 was not an AP-MS bait and is absent from both LUMIER query rows and reporter columns; the workbook also contains distinct RPS10 prey rows, which are not collapsed into this readthrough record; Bait protein list row 21: FKBP4/FKBP52, C-terminal AP-MS tag	Affinity-purification mass spectrometry from cellular lysate supports co-recovery or shared-complex membership, not purified binary binding. Bait-to-prey orientation records assay configuration rather than biological direction. Within-study replicate or reciprocal AP-MS does not establish HSP90 mediation, client status, or regulation.	No requested pair received a purified-protein binding test, regulatory direction test, pair-specific client-stability assay, functional perturbation, or HSP90-isoform-resolved mediation test. None appears in the author's AP-MS-and-LUMIER overlap sheet. A database luminescence route is not counted as orthogonal validation when its source-matrix score is below the author threshold or unavailable. Reverse AP-MS and both LUMIER configurations were unavailable. The database luminescence route therefore lacks a source-matrix positive and is not counted as orthogonal support.	The source uses tagged, expressed proteins in one transformed 293T lineage. Negative or missing LUMIER measurements do not disprove an association because assay sensitivity and construct configuration differ from AP-MS. The main text and combined sheet use LUMIER score >= 7, while the workbook information sheet says > 7; no requested measurement is near that boundary. BioGRID and IntAct records can project the same AP-MS or screened LUMIER configuration and are not independent source replications. IntAct's anti-tag coimmunoprecipitation label does not establish a separate pair-specific co-IP experiment.	apms_screen;cellular_complex_not_binary;database_routes_not_independent_replication;lumier_below_threshold_or_unavailable;no_pair_specific_HSP90_assay;not_client_evidence;single_cell_line;tagged_expression;reverse_APMS_not_reported;lumier_unavailable_exact_readthrough;RPS10_NUDT3_identity_preserved;source_alias_normalized	local_main_article_and_complete_Table_S1_workbook_reviewed	focused_primary_review_complete	close_pair
COCHSRCREV-2026-09-13-FKBP4-USP19-PMID25036637	2026-09-13	FKBP4::USP19	FKBP4	USP19	FKBP4	USP19	PMID:25036637	25036637	PMC4104544	10.1016/j.cell.2014.05.039	A quantitative chaperone interaction network reveals the architecture of cellular protein homeostasis pathways	supports_context_qualified_pair_relationship	physical_association;shared_complex	FKBP4_bait_APMS_cellular_association_with_USP19	undirected_or_not_applicable			cellular_complex_not_binary	tagged_expression_duplicate_APMS_cellular_association	no_pair_specific_HSP90_assay_in_this_source	Human stable polyclonal 293T cells expressing predominantly C-terminal 3xFLAG-V5-tagged chaperone or co-chaperone AP-MS baits were analyzed by anti-FLAG affinity-purification mass spectrometry from whole-cell lysate with sodium molybdate. Two AP-MS replicates were scored with SAINT; the high-confidence cutoff was AvgP >= 0.85 (estimated FDR 1.8%). LUMIER used transient 3xFLAG query baits and stable Renilla-fused reporter preys in 293T cells; normalized luminescence Z-scores were evaluated at the source's high-confidence cutoff of approximately 7 (estimated upper FDR 4.4%).	cultured_cell_line	human	whole_cell_or_unspecified_fraction	omics_or_screening_measurement;physical_interaction_or_proximity	FKBP4-bait AP-MS recovered generic USP19 above the source's SAINT AvgP 0.85 threshold.	Table S1 workbook, AvgP scores row 169: bait FKBP4, prey USP19, AvgP 0.99, Spec 4|5, CtrlCounts 0|0|0|0|0|0|0; reverse construct rows 35351 and 36087: USP19-MEEVD bait AvgP 0.00, Spec 10|32, and USP19-TM bait AvgP 0.00, Spec 20|8, both with CtrlCounts 9|19|3|7|22|20|5; LUMIER scores row 432, generic USP19-FLAG query bait with FKBP4-Renilla reporter prey, 2.127619; construct rows 127 and 128: USP19-TM -0.616010 and USP19-MEEVD -0.542000; reverse FKBP4 row 114 with USP19-TM and USP19-MEEVD reporters, 2.299640 and 1.559306; Bait protein list row 21: FKBP4/FKBP52, C-terminal AP-MS tag; rows 68-69: USP19/ZMYND9 N-terminally tagged mouse cDNA constructs NP_082080.3 (MEEVD) and NP_001161844.1 (C-terminal transmembrane form)	Affinity-purification mass spectrometry from cellular lysate supports co-recovery or shared-complex membership, not purified binary binding. Bait-to-prey orientation records assay configuration rather than biological direction. Within-study replicate or reciprocal AP-MS does not establish HSP90 mediation, client status, or regulation.	No requested pair received a purified-protein binding test, regulatory direction test, pair-specific client-stability assay, functional perturbation, or HSP90-isoform-resolved mediation test. None appears in the author's AP-MS-and-LUMIER overlap sheet. A database luminescence route is not counted as orthogonal validation when its source-matrix score is below the author threshold or unavailable. Both reverse construct AP-MS rows failed AvgP 0.85. Generic and construct-specific LUMIER configurations all failed the source threshold; they do not establish reciprocal or isoform-specific support for the generic USP19 pair.	The source uses tagged, expressed proteins in one transformed 293T lineage. Negative or missing LUMIER measurements do not disprove an association because assay sensitivity and construct configuration differ from AP-MS. The main text and combined sheet use LUMIER score >= 7, while the workbook information sheet says > 7; no requested measurement is near that boundary. BioGRID and IntAct records can project the same AP-MS or screened LUMIER configuration and are not independent source replications. IntAct's anti-tag coimmunoprecipitation label does not establish a separate pair-specific co-IP experiment.	apms_screen;cellular_complex_not_binary;database_routes_not_independent_replication;lumier_below_threshold_or_unavailable;no_pair_specific_HSP90_assay;not_client_evidence;single_cell_line;tagged_expression;reverse_APMS_below_threshold;source_alias_normalized;USP19_construct_specific_reverse_assays	local_main_article_and_complete_Table_S1_workbook_reviewed	focused_primary_review_complete	close_pair
COCHSRCREV-2026-09-13-FKBP5-GLMN-PMID25036637	2026-09-13	FKBP5::GLMN	FKBP5	GLMN	FKBP5	GLMN	PMID:25036637	25036637	PMC4104544	10.1016/j.cell.2014.05.039	A quantitative chaperone interaction network reveals the architecture of cellular protein homeostasis pathways	supports_context_qualified_pair_relationship	physical_association;shared_complex	FKBP5_bait_APMS_cellular_association_with_GLMN	undirected_or_not_applicable			cellular_complex_not_binary	tagged_expression_duplicate_APMS_cellular_association	no_pair_specific_HSP90_mediation_established	Human stable polyclonal 293T cells expressing predominantly C-terminal 3xFLAG-V5-tagged chaperones or co-chaperones were analyzed by anti-FLAG affinity-purification mass spectrometry from whole-cell lysate with sodium molybdate. Two AP-MS replicates were scored with SAINT; the high-confidence cutoff was AvgP >= 0.85 (estimated FDR 1.8%). An orthogonal Renilla-luciferase affinity-capture assay used LUMIER score >= 7 (estimated upper FDR 4.4%).	cultured_cell_line	human	whole_cell_or_unspecified_fraction	omics_or_screening_measurement;physical_interaction_or_proximity	FKBP5-bait AP-MS recovered GLMN above the source's SAINT AvgP 0.85 threshold.	Table S1 workbook, AvgP scores sheet row 189: bait FKBP5, prey GLMN, AvgP 1.0, replicate spectral counts 83|65; canonical symbol; LUMIER scores sheet row 675: score 4.283215	AP-MS and LUMIER both recover proteins from cellular lysates and support cellular association or shared-complex membership. Neither assay establishes purified binary binding. Bait-to-prey orientation records assay configuration rather than biological direction.	No requested pair received a purified-protein binding test, regulatory direction test, pair-specific client-stability assay, or HSP90-isoform-resolved mediation test. A database luminescence route can represent a screened configuration and is not counted as validation unless the source's author-curated AP-MS-plus-LUMIER table passes both cutoffs.	The source uses tagged, expressed proteins in one transformed 293T lineage. Taipale 2014 and OpenCell 2022 are independent studies with different tagging strategies and interaction-calling methods, but both use the 293T/HEK293T lineage and therefore do not provide cross-lineage replication. BioGRID and IntAct routes within this source can encode the same AP-MS, LUMIER, or follow-up measurement and are not independent source replications.	cellular_complex_not_binary;database_routes_not_independent_replication;no_pair_specific_HSP90_mediation;not_client_evidence;same_293T_lineage_across_sources;single_cell_line_lineage;tagged_expression	local_main_article_and_complete_Table_S1_workbook_reviewed	focused_primary_review_complete	close_pair
COCHSRCREV-2026-09-13-FKBP5-GLMN-PMID31490997	2026-09-13	FKBP5::GLMN	FKBP5	GLMN	FKBP5	GLMN	PMID:31490997	31490997	PMC6730887	10.1371/journal.pone.0221926	FKBP51 and FKBP12.6 - Novel and tight interactors of Glomulin	supports_pair_relationship	direct_binding	purified_FKBP51_FK1_domain_direct_binding_to_GST_GLMN	undirected_or_not_applicable			direct_purified_protein_binding	purified_HTRF_direct_binding_with_domain_ligand_and_mutational_mapping	no_HSP90_assay_in_this_source	A purified recombinant human FKBP51 FK1-domain reporter and unlabeled full-length FKBP51 competitor were tested with GST-Glmn in cell-free HTRF assays. Domain truncations, ligand competition, and FK1-site mutations provided supporting evidence for a candidate interface.	purified_or_cell_free	escherichia_coli;human	not_reported	biochemical_or_structural;physical_interaction_or_proximity	Direct HTRF binding between recombinant FKBP51 FK1 and GST-Glmn is supported by full-length FKBP51 competition and FK1-site and ligand mapping.	Figure 2B: His-FKBP51 FK1 aa1-140 C103A/C107I/E140C, fluorescein-labeled at engineered C-terminal Cys140, titrated with GST-Glmn plus anti-GST-Tb for HTRF direct binding; Figure 3B competition IC50: full-length FKBP51 96 +/- 4 nM and FK1 aa16-140 372 +/- 41 nM; Figure 4: qualitative FKBP-ligand competition; Figure 5B IC50: FK1 aa16-140 380 +/- 34 nM, aa1-140 383 +/- 36 nM, F67V 880 +/- 84 nM, FD67/68DV 15,557 +/- 2,286 nM; S1 File contains primary-data sheets for Figures 2A through 5B	Figure 2B directly measures purified His-FKBP51 FK1 aa1-140 C103A/C107I/E140C, fluorescein-labeled at engineered C-terminal Cys140, binding to GST-Glmn plus anti-GST-Tb. Full-length FKBP51 is assessed by competition, and the reported IC50 values are assay potencies rather than equilibrium Kd values.	The study did not establish the FKBP51-Glmn interaction in intact cells, its role in an HSP90 cycle, or a client relationship.	The direct reporter uses a purified FK1-domain fragment and GST fusion, and the GLMN construct boundaries are not reported. Full-length support is competitive rather than a second direct reporter. The FD67/68DV fit exceeds the 10,000 nM maximum tested and tracer binding is also impaired; ligand-unit presentation is inconsistent. Domain, ligand, and mutation experiments therefore localize a candidate interface within one source and are not independent replications.	direct_binding_FK1_fragment;full_length_competition_not_direct_reporter;double_mutant_fit_exceeds_tested_range;GLMN_construct_boundaries_unreported;HTRF_IC50_not_Kd;ligand_unit_presentation_inconsistent;mutation_supports_interface_localization_not_definitive_mapping;no_cellular_validation;no_HSP90_assay;not_client_evidence;purified_protein_system	local_main_text_and_all_six_expected_supplementary_objects_complete	focused_primary_review_complete	close_pair
COCHSRCREV-2026-09-13-FKBP5-GLMN-PMID33961781	2026-09-13	FKBP5::GLMN	FKBP5	GLMN	FKBP5	GLMN	PMID:33961781	33961781	PMC8165030	10.1016/j.cell.2021.04.011	Dual proteome-scale networks reveal cell-specific remodeling of the human interactome	supports_context_qualified_pair_relationship	physical_association;shared_complex	reciprocal_cross_cell_line_BioPlex3_APMS_association_GLMN_FKBP5	undirected_or_not_applicable			cellular_complex_not_binary	same_study_reciprocal_cross_cell_line_cellular_APMS_association	no_pair_specific_HSP90_assay_in_this_source	BioPlex 3.0 used lentiviral expression of affinity-tagged human baits and AP-MS in 293T and HCT116 cells. Official directed releases preserve bait-prey configurations; final networks provide pInt, pW, and pNI, with the frozen database route using pInt >= 0.75.	cultured_cell_line	human	whole_cell_or_unspecified_fraction	omics_or_screening_measurement;physical_interaction_or_proximity	BioPlex 3.0 recovered GLMN-FKBP5 reciprocally in both 293T and HCT116 cells above the final pInt threshold.	293T directed lines 98107-98108: GLMN->FKBP5 and FKBP5->GLMN; final line 87159 pInt 0.99723612704712. HCT116 directed lines 6293-6294: GLMN->FKBP5 and FKBP5->GLMN; final line 5240 pInt 0.99999996090982	AP-MS supports cellular co-recovery or shared-complex membership, not purified binary contact. Reciprocal bait recovery and recovery in two cell lines remain measurements from one study.	The source did not test purified binding, regulatory direction, client stability, or pair-specific HSP90 mediation for these pairs.	Tagged-expression AP-MS in two transformed lineages. BioGRID, IntAct, directed releases, and final-network rows project one study rather than independent evidence. The 293T network carries forward prior releases.	apms_screen;BioPlex3_293T_carries_forward_prior_releases;cellular_complex_not_binary;database_routes_not_independent_replication;no_pair_specific_HSP90_assay;not_client_evidence;tagged_expression;reciprocal_APMS_same_study;same_study_cross_cell_line_replication	local_main_and_exact_official_directed_and_final_network_matrices_reviewed	focused_primary_review_complete	close_pair
COCHSRCREV-2026-09-13-FKBP5-GLMN-PMID35271311	2026-09-13	FKBP5::GLMN	FKBP5	GLMN	FKBP5	GLMN	PMID:35271311	35271311	PMC9119736	10.1126/science.abi6983	OpenCell: proteome-scale endogenous tagging enables the cartography of human cellular organization	supports_context_qualified_pair_relationship	physical_association;shared_complex	OpenCell_endogenous_tag_IPMS_association_FKBP5->GLMN	undirected_or_not_applicable			cellular_complex_not_binary	single_direction_endogenous_tag_triplicate_IPMS_cellular_association	no_pair_specific_HSP90_mediation_established	Human HEK293T polyclonal pools bearing CRISPR-generated endogenous split-mNeonGreen2 tags were lysed in 1.5% digitonin with Benzonase and captured using an anti-mNeonGreen nanobody. Each bait was analyzed in biological triplicate by label-free IP-MS. Interaction calls compared log2 LFQ measurements with bootstrapped null distributions built from an average of 349 unrelated tagged cell lines and used a bait-specific dynamic enrichment boundary. The released CSV contains accepted calls; its field named pval stores -log10(P), not a raw P value.	cultured_cell_line	human	whole_cell_or_unspecified_fraction	omics_or_screening_measurement;physical_interaction_or_proximity	The OpenCell accepted interaction release contains FKBP5->GLMN as an endogenous-tag, triplicate cellular IP-MS association.	Official processed interaction CSV line(s) 9169: native orientation FKBP5->GLMN; pval field -log10(P) 6.13471447433343; enrichment 2.18765503903533; interaction stoichiometry 0.00500443021931666; cellular-abundance stoichiometry 1.14601943873513; canonical symbol	Endogenous-tag IP-MS measures association after lysis and can recover indirect members of larger complexes. It does not establish spatial proximity in vivo or purified binary contact. Bait-to-prey orientation is assay provenance rather than biological direction.	None of the 15 pairs passes both secondary core-cluster stoichiometry filters (interaction stoichiometry 0.05-10 and cellular-abundance stoichiometry 0.1-10). This secondary filter is not the initial interaction-calling rule. The manuscript does not discuss these rows or provide pair-specific perturbation, direct-binding, regulatory, client-stability, ubiquitination, or HSP90-dependence evidence. Only FKBP5 had released bait coverage for this pair, so reciprocal testing was unavailable and the missing reverse orientation is neutral.	One transformed, pseudo-triploid HEK293T lineage; endogenous tags can still alter abundance, localization, or interfaces. The split-fluorophore strategy mainly accesses nucleo-cytoplasmic proteins and cytosol-exposed membrane termini. Taipale 2014 is an independent source and method, but both studies use the 293T/HEK293T lineage. The publication supplement bundle is not archived locally; the exact official 29,922-row processed interaction release used for these decisions is local, so this is an archive-completeness gap rather than a review blocker.	cellular_complex_not_binary;endogenous_tag_IPMS;no_pair_specific_HSP90_mediation;not_client_evidence;publication_supplements_not_local_archive_gap;same_293T_lineage_across_sources;single_cell_line_lineage	local_main_and_official_processed_interaction_matrix_reviewed;publication_supplement_bundle_not_local_archive_gap_not_decision_blocker	focused_primary_review_complete	close_pair
COCHSRCREV-2026-09-13-FKBP5-HGH1-PMID25036637	2026-09-13	FKBP5::HGH1	FKBP5	HGH1	FKBP5	HGH1	PMID:25036637	25036637	PMC4104544	10.1016/j.cell.2014.05.039	A quantitative chaperone interaction network reveals the architecture of cellular protein homeostasis pathways	supports_context_qualified_pair_relationship	physical_association;shared_complex	FKBP5_bait_APMS_cellular_association_with_HGH1_alias_FAM203B	undirected_or_not_applicable			cellular_complex_not_binary	tagged_expression_duplicate_APMS_cellular_association	no_pair_specific_HSP90_mediation_established	Stable polyclonal human 293T cells expressing predominantly C-terminal 3xFLAG-V5-tagged chaperones or co-chaperones were analyzed by anti-FLAG AP-MS from whole-cell lysate with sodium molybdate. Two AP-MS replicates were scored by SAINT with AvgP >=0.85 (estimated FDR 1.8%). Orthogonal Renilla-luciferase affinity capture used LUMIER score >=7 (estimated upper FDR 4.4%).	cultured_cell_line	human	whole_cell_or_unspecified_fraction	omics_or_screening_measurement;physical_interaction_or_proximity	FKBP5-bait AP-MS recovered source prey FAM203B above the source's SAINT AvgP 0.85 threshold; FAM203A and FAM203B are synonyms of approved HGH1 (Entrez 51236).	Table S1 AvgP scores row 188: FKBP5/FAM203B, AvgP 1.00, Spec 8|13, CtrlCounts 2|0|0|0|0|0|0|0|0|0; LUMIER scores H23: FAM203A, Entrez 51236, displayed Q9P0T5_HUMAN, FKBP5 reporter score 1.990357; HGNC complete set row for HGNC:24161 maps FAM203A/FAM203B to HGH1, Entrez 51236, approved UniProt Q9BTY7	AP-MS and LUMIER recover proteins from cellular lysates and do not establish purified binary binding. Bait/query orientation records assay configuration, not biological direction.	The measured LUMIER configuration scored 1.990357 below 7 and is not validation. Its displayed Q9P0T5 accession conflicts with the approved HGH1 accession Q9BTY7, so the identity anomaly is retained rather than reinterpreted.	The source uses tagged expression in one transformed 293T lineage. BioGRID and IntAct records can encode the same AP-MS or LUMIER measurement and are not independent replications. No pair-specific client stability, functional perturbation, regulatory direction, or HSP90 isoform-resolved mediation test was performed.	FAM203A_FAM203B_map_to_HGH1;LUMIER_1_990357_below_threshold;LUMIER_displayed_accession_Q9P0T5_identity_anomaly;cellular_complex_not_binary;database_routes_not_independent_replication;direct_binding_unclear;no_pair_specific_HSP90_mediation;not_client_evidence;single_cell_line_lineage;source_alias_normalized;tagged_expression	local_main_article_and_complete_Table_S1_workbook_reviewed	focused_primary_review_complete	close_pair
COCHSRCREV-2026-09-13-FKBP5-HSF4-PMID25036637	2026-09-13	FKBP5::HSF4	FKBP5	HSF4	FKBP5	HSF4	PMID:25036637	25036637	PMC4104544	10.1016/j.cell.2014.05.039	A quantitative chaperone interaction network reveals the architecture of cellular protein homeostasis pathways	supports_context_qualified_pair_relationship	physical_association;shared_complex	HSF4_bait_APMS_cellular_association_with_FKBP5	undirected_or_not_applicable			cellular_complex_not_binary	tagged_expression_duplicate_APMS_cellular_association	no_pair_specific_HSP90_assay_in_this_source	Human stable polyclonal 293T cells expressing predominantly C-terminal 3xFLAG-V5-tagged chaperone or co-chaperone AP-MS baits were analyzed by anti-FLAG affinity-purification mass spectrometry from whole-cell lysate with sodium molybdate. Two AP-MS replicates were scored with SAINT; the high-confidence cutoff was AvgP >= 0.85 (estimated FDR 1.8%). LUMIER used transient 3xFLAG query baits and stable Renilla-fused reporter preys in 293T cells; normalized luminescence Z-scores were evaluated at the source's high-confidence cutoff of approximately 7 (estimated upper FDR 4.4%).	cultured_cell_line	human	whole_cell_or_unspecified_fraction	omics_or_screening_measurement;physical_interaction_or_proximity	HSF4-bait AP-MS recovered FKBP5 above the source's SAINT AvgP 0.85 threshold.	Table S1 workbook, AvgP scores row 237: bait HSF4, prey FKBP5, AvgP 1.00, Spec 32|33, CtrlCounts 8|0|0|0|3|0|1|0|2|0; no FKBP5-bait HSF4 prey row among detected proteins despite FKBP5 bait coverage; neither LUMIER configuration was available	Affinity-purification mass spectrometry from cellular lysate supports co-recovery or shared-complex membership, not purified binary binding. Bait-to-prey orientation records assay configuration rather than biological direction. Within-study replicate or reciprocal AP-MS does not establish HSP90 mediation, client status, or regulation.	No requested pair received a purified-protein binding test, regulatory direction test, pair-specific client-stability assay, functional perturbation, or HSP90-isoform-resolved mediation test. A database luminescence route represents a screened configuration and is counted as within-study cross-assay support only when the author's curated AP-MS-plus-LUMIER table passes both cutoffs. Reverse AP-MS was not reported, and both LUMIER configurations were unavailable.	The source uses tagged, expressed proteins in one transformed 293T lineage. Negative or missing LUMIER measurements do not disprove an association because assay sensitivity and construct configuration differ from AP-MS. The main text and combined sheet use LUMIER score >= 7, while the workbook information sheet says > 7; no requested measurement is near that boundary. BioGRID and IntAct records can project the same AP-MS or screened LUMIER configuration and are not independent source replications. IntAct's anti-tag coimmunoprecipitation label does not establish a separate pair-specific co-IP experiment.	apms_screen;cellular_complex_not_binary;database_routes_not_independent_replication;lumier_below_threshold_or_unavailable;no_pair_specific_HSP90_assay;not_client_evidence;single_cell_line;tagged_expression;reverse_APMS_not_reported;lumier_unavailable	local_main_article_and_complete_Table_S1_workbook_reviewed	focused_primary_review_complete	close_pair
COCHSRCREV-2026-09-13-FKBP5-IKBKG-PMID25036637	2026-09-13	FKBP5::IKBKG	FKBP5	IKBKG	FKBP5	IKBKG	PMID:25036637	25036637	PMC4104544	10.1016/j.cell.2014.05.039	A quantitative chaperone interaction network reveals the architecture of cellular protein homeostasis pathways	supports_context_qualified_pair_relationship	physical_association;shared_complex	FKBP5_bait_APMS_cellular_association_with_IKBKG	undirected_or_not_applicable			cellular_complex_not_binary	tagged_expression_duplicate_APMS_cellular_association	no_pair_specific_HSP90_mediation_established	Human stable polyclonal 293T cells expressing predominantly C-terminal 3xFLAG-V5-tagged chaperones or co-chaperones were analyzed by anti-FLAG affinity-purification mass spectrometry from whole-cell lysate with sodium molybdate. Two AP-MS replicates were scored with SAINT; the high-confidence cutoff was AvgP >= 0.85 (estimated FDR 1.8%). An orthogonal Renilla-luciferase affinity-capture assay used LUMIER score >= 7 (estimated upper FDR 4.4%).	cultured_cell_line	human	whole_cell_or_unspecified_fraction	omics_or_screening_measurement;physical_interaction_or_proximity	FKBP5-bait AP-MS recovered IKBKG above the source's SAINT AvgP 0.85 threshold.	Table S1 workbook, AvgP scores sheet row 192: bait FKBP5, prey IKBKG, AvgP 1.0, replicate spectral counts 5|10; canonical symbol; LUMIER scores sheet row 272: score -0.445223	AP-MS and LUMIER both recover proteins from cellular lysates and support cellular association or shared-complex membership. Neither assay establishes purified binary binding. Bait-to-prey orientation records assay configuration rather than biological direction.	No requested pair received a purified-protein binding test, regulatory direction test, pair-specific client-stability assay, or HSP90-isoform-resolved mediation test. A database luminescence route can represent a screened configuration and is not counted as validation unless the source's author-curated AP-MS-plus-LUMIER table passes both cutoffs.	The source uses tagged, expressed proteins in one transformed 293T lineage. Taipale 2014 and OpenCell 2022 are independent studies with different tagging strategies and interaction-calling methods, but both use the 293T/HEK293T lineage and therefore do not provide cross-lineage replication. BioGRID and IntAct routes within this source can encode the same AP-MS, LUMIER, or follow-up measurement and are not independent source replications.	cellular_complex_not_binary;database_routes_not_independent_replication;no_pair_specific_HSP90_mediation;not_client_evidence;same_293T_lineage_across_sources;single_cell_line_lineage;tagged_expression	local_main_article_and_complete_Table_S1_workbook_reviewed	focused_primary_review_complete	close_pair
COCHSRCREV-2026-09-13-FKBP5-IKBKG-PMID33961781	2026-09-13	FKBP5::IKBKG	FKBP5	IKBKG	FKBP5	IKBKG	PMID:33961781	33961781	PMC8165030	10.1016/j.cell.2021.04.011	Dual proteome-scale networks reveal cell-specific remodeling of the human interactome	supports_context_qualified_pair_relationship	physical_association;shared_complex	cross_cell_line_FKBP5_bait_BioPlex3_APMS_association_with_IKBKG	undirected_or_not_applicable			cellular_complex_not_binary	same_study_cross_cell_line_single_direction_cellular_APMS_association	no_pair_specific_HSP90_assay_in_this_source	BioPlex 3.0 used lentiviral expression of affinity-tagged human baits and AP-MS in 293T and HCT116 cells. Official directed releases preserve bait-prey configurations; final networks provide pInt, pW, and pNI, with the frozen database route using pInt >= 0.75.	cultured_cell_line	human	whole_cell_or_unspecified_fraction	omics_or_screening_measurement;physical_interaction_or_proximity	BioPlex 3.0 recovered IKBKG with FKBP5 bait in both 293T and HCT116 cells above the final pInt threshold.	293T directed line 107271: FKBP5->IKBKG; final line 96016 pInt 0.99999210741309. HCT116 directed line 15271: FKBP5->IKBKG; final line 12807 pInt 0.999999670766658; final matrices use IKBKG accession Q9Y6K9-2	AP-MS supports cellular co-recovery or shared-complex membership, not purified binary contact. Reciprocal bait recovery and recovery in two cell lines remain measurements from one study.	The source did not test purified binding, regulatory direction, client stability, or pair-specific HSP90 mediation for these pairs. No IKBKG-bait reverse edge occurs in either official directed release. The prior Taipale FKBP5-bait AP-MS result qualifies, whereas its measured LUMIER value -0.445223 is below threshold and is not orthogonal positive support or a biological negative.	Tagged-expression AP-MS in two transformed lineages. BioGRID, IntAct, directed releases, and final-network rows project one study rather than independent evidence. The 293T network carries forward prior releases. Both BioPlex cell lines contain only the FKBP5-bait orientation.	apms_screen;BioPlex3_293T_carries_forward_prior_releases;cellular_complex_not_binary;database_routes_not_independent_replication;no_pair_specific_HSP90_assay;not_client_evidence;tagged_expression;same_study_cross_cell_line_replication;single_direction_APMS;Taipale_LUMIER_below_threshold_not_orthogonal_support	local_main_and_exact_official_directed_and_final_network_matrices_reviewed	focused_primary_review_complete	close_pair
COCHSRCREV-2026-09-13-FKBP5-IKBKG-PMID35271311	2026-09-13	FKBP5::IKBKG	FKBP5	IKBKG	FKBP5	IKBKG	PMID:35271311	35271311	PMC9119736	10.1126/science.abi6983	OpenCell: proteome-scale endogenous tagging enables the cartography of human cellular organization	supports_context_qualified_pair_relationship	physical_association;shared_complex	OpenCell_endogenous_tag_IPMS_association_FKBP5->IKBKG	undirected_or_not_applicable			cellular_complex_not_binary	single_direction_endogenous_tag_triplicate_IPMS_cellular_association	no_pair_specific_HSP90_mediation_established	Human HEK293T polyclonal pools bearing CRISPR-generated endogenous split-mNeonGreen2 tags were lysed in 1.5% digitonin with Benzonase and captured using an anti-mNeonGreen nanobody. Each bait was analyzed in biological triplicate by label-free IP-MS. Interaction calls compared log2 LFQ measurements with bootstrapped null distributions built from an average of 349 unrelated tagged cell lines and used a bait-specific dynamic enrichment boundary. The released CSV contains accepted calls; its field named pval stores -log10(P), not a raw P value.	cultured_cell_line	human	whole_cell_or_unspecified_fraction	omics_or_screening_measurement;physical_interaction_or_proximity	The OpenCell accepted interaction release contains FKBP5->IKBKG as an endogenous-tag, triplicate cellular IP-MS association.	Official processed interaction CSV line(s) 9184: native orientation FKBP5->IKBKG; pval field -log10(P) 12.5318765221323; enrichment 3.40679006025005; interaction stoichiometry 0.0179569455741735; cellular-abundance stoichiometry 0.407282973107924; canonical symbol	Endogenous-tag IP-MS measures association after lysis and can recover indirect members of larger complexes. It does not establish spatial proximity in vivo or purified binary contact. Bait-to-prey orientation is assay provenance rather than biological direction.	None of the 15 pairs passes both secondary core-cluster stoichiometry filters (interaction stoichiometry 0.05-10 and cellular-abundance stoichiometry 0.1-10). This secondary filter is not the initial interaction-calling rule. The manuscript does not discuss these rows or provide pair-specific perturbation, direct-binding, regulatory, client-stability, ubiquitination, or HSP90-dependence evidence. Only FKBP5 had released bait coverage for this pair, so reciprocal testing was unavailable and the missing reverse orientation is neutral.	One transformed, pseudo-triploid HEK293T lineage; endogenous tags can still alter abundance, localization, or interfaces. The split-fluorophore strategy mainly accesses nucleo-cytoplasmic proteins and cytosol-exposed membrane termini. Taipale 2014 is an independent source and method, but both studies use the 293T/HEK293T lineage. The publication supplement bundle is not archived locally; the exact official 29,922-row processed interaction release used for these decisions is local, so this is an archive-completeness gap rather than a review blocker.	cellular_complex_not_binary;endogenous_tag_IPMS;no_pair_specific_HSP90_mediation;not_client_evidence;publication_supplements_not_local_archive_gap;same_293T_lineage_across_sources;single_cell_line_lineage	local_main_and_official_processed_interaction_matrix_reviewed;publication_supplement_bundle_not_local_archive_gap_not_decision_blocker	focused_primary_review_complete	close_pair
COCHSRCREV-2026-09-13-FKBP5-ILK-PMID32707033	2026-09-13	FKBP5::ILK	FKBP5	ILK	FKBP5	ILK	PMID:32707033	32707033	PMC7427327	10.1016/j.molcel.2020.07.001	Kinase Interaction Network Expands Functional and Disease Roles of Human Kinases	supports_context_qualified_pair_relationship	physical_association;shared_complex	ILK_bait_APMS_co_recovers_FKBP5	undirected_or_not_applicable			cellular_complex_not_binary	high_confidence_cellular_apms_co_complex	no_pair_specific_HSP90_assay_in_this_source	Human HEK Flp-In 293 T-REx cells with single-locus doxycycline-induced N-terminal Strep-HA-tagged kinase baits; more than 100 million cells per purification, rapid single-step Strep affinity recovery, and duplicate LC-MS/MS runs. Final interactors required WD score > 73.6, GFP-control abundance ratio > 18.4, and at least two total spectra, followed by CRAPome, contaminant, and carry-over filters calibrated to a global false-positive rate below 1%.	cultured_cell_line	human	whole_cell_or_unspecified_fraction	omics_or_screening_measurement;physical_interaction_or_proximity	ILK-bait AP-MS recovered FKBP5 in the source's final high-confidence interaction matrix.	Table S2 final interactome Excel row 3345: bait ILK, prey FKBP5, WD 1053.78, GFP-control ratio 7072, total spectra 208; Table S4: inherited Taipale class Weak; HSP.members 3 (HSP90AA1, HSP90AB1, CDC37); Table S9: target kinase construct matches canonical UniProt sequence	Affinity purification-mass spectrometry supports cellular co-recovery or shared-complex membership, not purified binary binding.	No requested pair received reciprocal purification, western blot, BioID, genetic perturbation, or purified-protein validation in this study. Table S4 client classes were inherited from Taipale et al. 2012 and are not new client evidence. The source reports no pair-level q-value for these AP-MS rows.	One tagged-expression cell-line background; N-terminal tags and induced expression may alter abundance, localization, folding, or binding. The authors note that overexpressed or misfolded kinases can recover more HSP90 and co-chaperones and that some associations may form after lysis. BioGRID and IntAct are duplicate route encodings of this source, not independent replication. The source label HSP90B denotes cytosolic HSP90AB1.	apms_screen;cellular_complex_not_binary;database_routes_not_independent_replication;no_pair_specific_HSP90_assay;not_client_evidence;possible_post_lysis_association;single_cell_line;tagged_induced_expression	local_article_figures_and_tables_S2_S4_S9_reviewed	focused_primary_review_complete	close_pair
COCHSRCREV-2026-09-13-FKBP5-IRS4-PMID25036637	2026-09-13	FKBP5::IRS4	FKBP5	IRS4	FKBP5	IRS4	PMID:25036637	25036637	PMC4104544	10.1016/j.cell.2014.05.039	A quantitative chaperone interaction network reveals the architecture of cellular protein homeostasis pathways	supports_context_qualified_pair_relationship	physical_association;shared_complex	IRS4_bait_APMS_cellular_association_with_FKBP5	undirected_or_not_applicable			cellular_complex_not_binary	tagged_expression_duplicate_APMS_cellular_association	no_pair_specific_HSP90_assay_in_this_source	Human stable polyclonal 293T cells expressing predominantly C-terminal 3xFLAG-V5-tagged chaperone or co-chaperone AP-MS baits were analyzed by anti-FLAG affinity-purification mass spectrometry from whole-cell lysate with sodium molybdate. Two AP-MS replicates were scored with SAINT; the high-confidence cutoff was AvgP >= 0.85 (estimated FDR 1.8%). LUMIER used transient 3xFLAG query baits and stable Renilla-fused reporter preys in 293T cells; normalized luminescence Z-scores were evaluated at the source's high-confidence cutoff of approximately 7 (estimated upper FDR 4.4%).	cultured_cell_line	human	whole_cell_or_unspecified_fraction	omics_or_screening_measurement;physical_interaction_or_proximity	IRS4-bait AP-MS recovered FKBP5 above the source's SAINT AvgP 0.85 threshold.	Table S1 workbook, AvgP scores row 309: bait IRS4, prey FKBP5, AvgP 0.98, Spec 12|16, CtrlCounts 0|3|0|0|3|0|0; reverse row 11166: bait FKBP5, prey IRS4, AvgP 0.00, Spec 29|13, CtrlCounts 17|9|6|0|15|13|9|3|30|27; LUMIER scores row 51, IRS4-FLAG query with FKBP5-Renilla reporter, 6.399509	Affinity-purification mass spectrometry from cellular lysate supports co-recovery or shared-complex membership, not purified binary binding. Bait-to-prey orientation records assay configuration rather than biological direction. Within-study replicate or reciprocal AP-MS does not establish HSP90 mediation, client status, or regulation.	No requested pair received a purified-protein binding test, regulatory direction test, pair-specific client-stability assay, functional perturbation, or HSP90-isoform-resolved mediation test. A database luminescence route represents a screened configuration and is counted as within-study cross-assay support only when the author's curated AP-MS-plus-LUMIER table passes both cutoffs. The reverse AP-MS row failed AvgP 0.85. The LUMIER score 6.399509 is below the source's score 7 threshold and is not orthogonal support.	The source uses tagged, expressed proteins in one transformed 293T lineage. Negative or missing LUMIER measurements do not disprove an association because assay sensitivity and construct configuration differ from AP-MS. The main text and combined sheet use LUMIER score >= 7, while the workbook information sheet says > 7; no requested measurement is near that boundary. BioGRID and IntAct records can project the same AP-MS or screened LUMIER configuration and are not independent source replications. IntAct's anti-tag coimmunoprecipitation label does not establish a separate pair-specific co-IP experiment.	apms_screen;cellular_complex_not_binary;database_routes_not_independent_replication;lumier_below_threshold_or_unavailable;no_pair_specific_HSP90_assay;not_client_evidence;single_cell_line;tagged_expression;reverse_APMS_below_threshold;LUMIER_6_399509_below_threshold	local_main_article_and_complete_Table_S1_workbook_reviewed	focused_primary_review_complete	close_pair
COCHSRCREV-2026-09-13-FKBP5-KIFBP-PMID25036637	2026-09-13	FKBP5::KIFBP	FKBP5	KIFBP	FKBP5	KIFBP	PMID:25036637	25036637	PMC4104544	10.1016/j.cell.2014.05.039	A quantitative chaperone interaction network reveals the architecture of cellular protein homeostasis pathways	supports_context_qualified_pair_relationship	physical_association;shared_complex	FKBP5_bait_APMS_cellular_association_with_KIFBP	undirected_or_not_applicable			cellular_complex_not_binary	tagged_expression_duplicate_APMS_cellular_association	no_pair_specific_HSP90_mediation_established	Human stable polyclonal 293T cells expressing predominantly C-terminal 3xFLAG-V5-tagged chaperones or co-chaperones were analyzed by anti-FLAG affinity-purification mass spectrometry from whole-cell lysate with sodium molybdate. Two AP-MS replicates were scored with SAINT; the high-confidence cutoff was AvgP >= 0.85 (estimated FDR 1.8%). An orthogonal Renilla-luciferase affinity-capture assay used LUMIER score >= 7 (estimated upper FDR 4.4%).	cultured_cell_line	human	whole_cell_or_unspecified_fraction	omics_or_screening_measurement;physical_interaction_or_proximity	FKBP5-bait AP-MS recovered KIAA1279 above the source's SAINT AvgP 0.85 threshold.	Table S1 workbook, AvgP scores sheet row 194: bait FKBP5, prey KIAA1279, AvgP 1.0, replicate spectral counts 17|14; source KIAA1279 maps to KIFBP; LUMIER scores sheet row 284: score -0.470061	AP-MS and LUMIER both recover proteins from cellular lysates and support cellular association or shared-complex membership. Neither assay establishes purified binary binding. Bait-to-prey orientation records assay configuration rather than biological direction.	No requested pair received a purified-protein binding test, regulatory direction test, pair-specific client-stability assay, or HSP90-isoform-resolved mediation test. A database luminescence route can represent a screened configuration and is not counted as validation unless the source's author-curated AP-MS-plus-LUMIER table passes both cutoffs.	The source uses tagged, expressed proteins in one transformed 293T lineage. Taipale 2014 and OpenCell 2022 are independent studies with different tagging strategies and interaction-calling methods, but both use the 293T/HEK293T lineage and therefore do not provide cross-lineage replication. BioGRID and IntAct routes within this source can encode the same AP-MS, LUMIER, or follow-up measurement and are not independent source replications.	cellular_complex_not_binary;database_routes_not_independent_replication;no_pair_specific_HSP90_mediation;not_client_evidence;same_293T_lineage_across_sources;single_cell_line_lineage;tagged_expression	local_main_article_and_complete_Table_S1_workbook_reviewed	focused_primary_review_complete	close_pair
COCHSRCREV-2026-09-13-FKBP5-KIFBP-PMID35271311	2026-09-13	FKBP5::KIFBP	FKBP5	KIFBP	FKBP5	KIFBP	PMID:35271311	35271311	PMC9119736	10.1126/science.abi6983	OpenCell: proteome-scale endogenous tagging enables the cartography of human cellular organization	supports_context_qualified_pair_relationship	physical_association;shared_complex	OpenCell_endogenous_tag_IPMS_association_FKBP5->KIAA1279	undirected_or_not_applicable			cellular_complex_not_binary	single_direction_endogenous_tag_triplicate_IPMS_cellular_association	no_pair_specific_HSP90_mediation_established	Human HEK293T polyclonal pools bearing CRISPR-generated endogenous split-mNeonGreen2 tags were lysed in 1.5% digitonin with Benzonase and captured using an anti-mNeonGreen nanobody. Each bait was analyzed in biological triplicate by label-free IP-MS. Interaction calls compared log2 LFQ measurements with bootstrapped null distributions built from an average of 349 unrelated tagged cell lines and used a bait-specific dynamic enrichment boundary. The released CSV contains accepted calls; its field named pval stores -log10(P), not a raw P value.	cultured_cell_line	human	whole_cell_or_unspecified_fraction	omics_or_screening_measurement;physical_interaction_or_proximity	The OpenCell accepted interaction release contains FKBP5->KIAA1279 as an endogenous-tag, triplicate cellular IP-MS association.	Official processed interaction CSV line(s) 9188: native orientation FKBP5->KIAA1279; pval field -log10(P) 10.8623250146854; enrichment 2.82764643992994; interaction stoichiometry 0.00441163607012802; cellular-abundance stoichiometry 1.71652208266802; KIAA1279 maps to KIFBP and lacks a prey Ensembl ID in the release	Endogenous-tag IP-MS measures association after lysis and can recover indirect members of larger complexes. It does not establish spatial proximity in vivo or purified binary contact. Bait-to-prey orientation is assay provenance rather than biological direction.	None of the 15 pairs passes both secondary core-cluster stoichiometry filters (interaction stoichiometry 0.05-10 and cellular-abundance stoichiometry 0.1-10). This secondary filter is not the initial interaction-calling rule. The manuscript does not discuss these rows or provide pair-specific perturbation, direct-binding, regulatory, client-stability, ubiquitination, or HSP90-dependence evidence. Only FKBP5 had released bait coverage for this pair, so reciprocal testing was unavailable and the missing reverse orientation is neutral.	One transformed, pseudo-triploid HEK293T lineage; endogenous tags can still alter abundance, localization, or interfaces. The split-fluorophore strategy mainly accesses nucleo-cytoplasmic proteins and cytosol-exposed membrane termini. Taipale 2014 is an independent source and method, but both studies use the 293T/HEK293T lineage. The publication supplement bundle is not archived locally; the exact official 29,922-row processed interaction release used for these decisions is local, so this is an archive-completeness gap rather than a review blocker.	cellular_complex_not_binary;endogenous_tag_IPMS;no_pair_specific_HSP90_mediation;not_client_evidence;publication_supplements_not_local_archive_gap;same_293T_lineage_across_sources;single_cell_line_lineage	local_main_and_official_processed_interaction_matrix_reviewed;publication_supplement_bundle_not_local_archive_gap_not_decision_blocker	focused_primary_review_complete	close_pair
COCHSRCREV-2026-09-13-FKBP5-LRRC40-PMID25036637	2026-09-13	FKBP5::LRRC40	FKBP5	LRRC40	FKBP5	LRRC40	PMID:25036637	25036637	PMC4104544	10.1016/j.cell.2014.05.039	A quantitative chaperone interaction network reveals the architecture of cellular protein homeostasis pathways	supports_context_qualified_pair_relationship	physical_association;shared_complex	FKBP5_bait_APMS_cellular_association_with_LRRC40	undirected_or_not_applicable			cellular_complex_not_binary	tagged_expression_duplicate_APMS_cellular_association	no_pair_specific_HSP90_assay_in_this_source	Human stable polyclonal 293T cells expressing predominantly C-terminal 3xFLAG-V5-tagged chaperone or co-chaperone AP-MS baits were analyzed by anti-FLAG affinity-purification mass spectrometry from whole-cell lysate with sodium molybdate. Two AP-MS replicates were scored with SAINT; the high-confidence cutoff was AvgP >= 0.85 (estimated FDR 1.8%). LUMIER used transient 3xFLAG query baits and stable Renilla-fused reporter preys in 293T cells; normalized luminescence Z-scores were evaluated at the source's high-confidence cutoff of approximately 7 (estimated upper FDR 4.4%).	cultured_cell_line	human	whole_cell_or_unspecified_fraction	omics_or_screening_measurement;physical_interaction_or_proximity	FKBP5-bait AP-MS recovered LRRC40 above the source's SAINT AvgP 0.85 threshold.	Table S1 workbook, AvgP scores row 195: bait FKBP5, prey LRRC40, AvgP 1.00, Spec 17|17, CtrlCounts 0|0|0|0|1|0|0|0|0|0; LRRC40 was not an AP-MS bait; LUMIER scores row 552, LRRC40-FLAG query with FKBP5-Renilla reporter, -0.104647	Affinity-purification mass spectrometry from cellular lysate supports co-recovery or shared-complex membership, not purified binary binding. Bait-to-prey orientation records assay configuration rather than biological direction. Within-study replicate or reciprocal AP-MS does not establish HSP90 mediation, client status, or regulation.	No requested pair received a purified-protein binding test, regulatory direction test, pair-specific client-stability assay, functional perturbation, or HSP90-isoform-resolved mediation test. A database luminescence route represents a screened configuration and is counted as within-study cross-assay support only when the author's curated AP-MS-plus-LUMIER table passes both cutoffs. Reverse AP-MS was unavailable, and the measured LUMIER configuration failed the score 7 threshold.	The source uses tagged, expressed proteins in one transformed 293T lineage. Negative or missing LUMIER measurements do not disprove an association because assay sensitivity and construct configuration differ from AP-MS. The main text and combined sheet use LUMIER score >= 7, while the workbook information sheet says > 7; no requested measurement is near that boundary. BioGRID and IntAct records can project the same AP-MS or screened LUMIER configuration and are not independent source replications. IntAct's anti-tag coimmunoprecipitation label does not establish a separate pair-specific co-IP experiment.	apms_screen;cellular_complex_not_binary;database_routes_not_independent_replication;lumier_below_threshold_or_unavailable;no_pair_specific_HSP90_assay;not_client_evidence;single_cell_line;tagged_expression;reverse_APMS_not_reported	local_main_article_and_complete_Table_S1_workbook_reviewed	focused_primary_review_complete	close_pair
COCHSRCREV-2026-09-13-FKBP5-MCM4-PMID25036637	2026-09-13	FKBP5::MCM4	FKBP5	MCM4	FKBP5	MCM4	PMID:25036637	25036637	PMC4104544	10.1016/j.cell.2014.05.039	A quantitative chaperone interaction network reveals the architecture of cellular protein homeostasis pathways	supports_context_qualified_pair_relationship	physical_association;shared_complex	FKBP5_bait_APMS_cellular_association_with_MCM4	undirected_or_not_applicable			cellular_complex_not_binary	tagged_expression_duplicate_APMS_cellular_association	no_pair_specific_HSP90_mediation_established	Human stable polyclonal 293T cells expressing predominantly C-terminal 3xFLAG-V5-tagged chaperones or co-chaperones were analyzed by anti-FLAG affinity-purification mass spectrometry from whole-cell lysate with sodium molybdate. Two AP-MS replicates were scored with SAINT; the high-confidence cutoff was AvgP >= 0.85 (estimated FDR 1.8%). An orthogonal Renilla-luciferase affinity-capture assay used LUMIER score >= 7 (estimated upper FDR 4.4%).	cultured_cell_line	human	whole_cell_or_unspecified_fraction	omics_or_screening_measurement;physical_interaction_or_proximity	FKBP5-bait AP-MS recovered MCM4 above the source's SAINT AvgP 0.85 threshold.	Table S1 workbook, AvgP scores sheet row 196: bait FKBP5, prey MCM4, AvgP 0.89, replicate spectral counts 43|41; canonical symbol	AP-MS and LUMIER both recover proteins from cellular lysates and support cellular association or shared-complex membership. Neither assay establishes purified binary binding. Bait-to-prey orientation records assay configuration rather than biological direction.	No requested pair received a purified-protein binding test, regulatory direction test, pair-specific client-stability assay, or HSP90-isoform-resolved mediation test. A database luminescence route can represent a screened configuration and is not counted as validation unless the source's author-curated AP-MS-plus-LUMIER table passes both cutoffs.	The source uses tagged, expressed proteins in one transformed 293T lineage. Taipale 2014 and OpenCell 2022 are independent studies with different tagging strategies and interaction-calling methods, but both use the 293T/HEK293T lineage and therefore do not provide cross-lineage replication. BioGRID and IntAct routes within this source can encode the same AP-MS, LUMIER, or follow-up measurement and are not independent source replications.	cellular_complex_not_binary;database_routes_not_independent_replication;no_pair_specific_HSP90_mediation;not_client_evidence;same_293T_lineage_across_sources;single_cell_line_lineage;tagged_expression	local_main_article_and_complete_Table_S1_workbook_reviewed	focused_primary_review_complete	close_pair
COCHSRCREV-2026-09-13-FKBP5-MCM4-PMID35271311	2026-09-13	FKBP5::MCM4	FKBP5	MCM4	FKBP5	MCM4	PMID:35271311	35271311	PMC9119736	10.1126/science.abi6983	OpenCell: proteome-scale endogenous tagging enables the cartography of human cellular organization	supports_context_qualified_pair_relationship	physical_association;shared_complex	OpenCell_endogenous_tag_IPMS_association_FKBP5->MCM4	undirected_or_not_applicable			cellular_complex_not_binary	single_direction_endogenous_tag_triplicate_IPMS_cellular_association	no_pair_specific_HSP90_mediation_established	Human HEK293T polyclonal pools bearing CRISPR-generated endogenous split-mNeonGreen2 tags were lysed in 1.5% digitonin with Benzonase and captured using an anti-mNeonGreen nanobody. Each bait was analyzed in biological triplicate by label-free IP-MS. Interaction calls compared log2 LFQ measurements with bootstrapped null distributions built from an average of 349 unrelated tagged cell lines and used a bait-specific dynamic enrichment boundary. The released CSV contains accepted calls; its field named pval stores -log10(P), not a raw P value.	cultured_cell_line	human	whole_cell_or_unspecified_fraction	omics_or_screening_measurement;physical_interaction_or_proximity	The OpenCell accepted interaction release contains FKBP5->MCM4 as an endogenous-tag, triplicate cellular IP-MS association.	Official processed interaction CSV line(s) 9197: native orientation FKBP5->MCM4; pval field -log10(P) 7.94747017025194; enrichment 2.69048345672096; interaction stoichiometry 0.00118626972506913; cellular-abundance stoichiometry 4.28798416434838; canonical symbol	Endogenous-tag IP-MS measures association after lysis and can recover indirect members of larger complexes. It does not establish spatial proximity in vivo or purified binary contact. Bait-to-prey orientation is assay provenance rather than biological direction.	None of the 15 pairs passes both secondary core-cluster stoichiometry filters (interaction stoichiometry 0.05-10 and cellular-abundance stoichiometry 0.1-10). This secondary filter is not the initial interaction-calling rule. The manuscript does not discuss these rows or provide pair-specific perturbation, direct-binding, regulatory, client-stability, ubiquitination, or HSP90-dependence evidence. Only FKBP5 had released bait coverage for this pair, so reciprocal testing was unavailable and the missing reverse orientation is neutral.	One transformed, pseudo-triploid HEK293T lineage; endogenous tags can still alter abundance, localization, or interfaces. The split-fluorophore strategy mainly accesses nucleo-cytoplasmic proteins and cytosol-exposed membrane termini. Taipale 2014 is an independent source and method, but both studies use the 293T/HEK293T lineage. The publication supplement bundle is not archived locally; the exact official 29,922-row processed interaction release used for these decisions is local, so this is an archive-completeness gap rather than a review blocker.	cellular_complex_not_binary;endogenous_tag_IPMS;no_pair_specific_HSP90_mediation;not_client_evidence;publication_supplements_not_local_archive_gap;same_293T_lineage_across_sources;single_cell_line_lineage	local_main_and_official_processed_interaction_matrix_reviewed;publication_supplement_bundle_not_local_archive_gap_not_decision_blocker	focused_primary_review_complete	close_pair
COCHSRCREV-2026-09-13-FKBP5-MCMBP-PMID25036637	2026-09-13	FKBP5::MCMBP	FKBP5	MCMBP	FKBP5	MCMBP	PMID:25036637	25036637	PMC4104544	10.1016/j.cell.2014.05.039	A quantitative chaperone interaction network reveals the architecture of cellular protein homeostasis pathways	supports_context_qualified_pair_relationship	physical_association;shared_complex	FKBP5_bait_APMS_cellular_association_with_MCMBP	undirected_or_not_applicable			cellular_complex_not_binary	same_study_reciprocal_tagged_expression_APMS_cellular_association_HSP90_independent	no_pair_specific_HSP90_mediation_established	Human stable polyclonal 293T cells expressing predominantly C-terminal 3xFLAG-V5-tagged chaperones or co-chaperones were analyzed by anti-FLAG affinity-purification mass spectrometry from whole-cell lysate with sodium molybdate. Two AP-MS replicates were scored with SAINT; the high-confidence cutoff was AvgP >= 0.85 (estimated FDR 1.8%). An orthogonal Renilla-luciferase affinity-capture assay used LUMIER score >= 7 (estimated upper FDR 4.4%).	cultured_cell_line	human	whole_cell_or_unspecified_fraction	omics_or_screening_measurement;physical_interaction_or_proximity	FKBP5-bait AP-MS recovered MCMBP above the source's SAINT AvgP 0.85 threshold. A reciprocal bait purification also passed the AP-MS cutoff.	Table S1 workbook, AvgP scores sheet row 197: bait FKBP5, prey MCMBP, AvgP 1.0, replicate spectral counts 66|38; canonical symbol; row 349: MCMBP bait, FKBP5 prey, AvgP 1.0, Spec 192|167; LUMIER scores sheet row 447: score 17.892357	AP-MS and LUMIER both recover proteins from cellular lysates and support cellular association or shared-complex membership. Neither assay establishes purified binary binding. Bait-to-prey orientation records assay configuration rather than biological direction.	No requested pair received a purified-protein binding test, regulatory direction test, pair-specific client-stability assay, or HSP90-isoform-resolved mediation test. A database luminescence route can represent a screened configuration and is not counted as validation unless the source's author-curated AP-MS-plus-LUMIER table passes both cutoffs. Despite the raw LUMIER score, this pair is absent from the author-curated AP-MS-plus-LUMIER overlap sheet. The article reports reciprocal MCMBP purification, no HSP90 enrichment in MCMBP purifications, and no HSP90-MCMBP association by LUMIER or co-IP; the authors therefore interpret the FKBP5-MCMBP complex as HSP90-independent.	The source uses tagged, expressed proteins in one transformed 293T lineage. Taipale 2014 and OpenCell 2022 are independent studies with different tagging strategies and interaction-calling methods, but both use the 293T/HEK293T lineage and therefore do not provide cross-lineage replication. BioGRID and IntAct routes within this source can encode the same AP-MS, LUMIER, or follow-up measurement and are not independent source replications.	cellular_complex_not_binary;database_routes_not_independent_replication;no_pair_specific_HSP90_mediation;not_client_evidence;same_293T_lineage_across_sources;single_cell_line_lineage;tagged_expression;author_curated_overlap_discrepancy;reciprocal_APMS;source_supported_HSP90_independent_complex	local_main_article_and_complete_Table_S1_workbook_reviewed	focused_primary_review_complete	close_pair
COCHSRCREV-2026-09-13-FKBP5-MCMBP-PMID32296183	2026-09-13	FKBP5::MCMBP	FKBP5	MCMBP	FKBP5	MCMBP	PMID:32296183	32296183	PMC7169983	10.1038/s41586-020-2188-x	A reference map of the human binary protein interactome	supports_context_qualified_pair_relationship	physical_association;shared_complex	HuRI_Y2H_and_MAPPIT_association_MCMBP_FKBP5	undirected_or_not_applicable			heterologous_binary_assay_plus_mammalian_reporter_not_native_complex	verified_Y2H_pair_with_positive_MAPPIT_validation	no_pair_specific_HSP90_mediation_established	Human ORFeome constructs were screened in yeast Gal4 Y2H. HuRI inclusion required quadruplicate pairwise retesting and sequence confirmation. The exact MCMBP-FKBP5 pair was detected in Y2H assay version 1 and also tested positive in the mammalian MAPPIT reporter assay.	cultured_cell_line	human;budding_yeast	not_reported	omics_or_screening_measurement;physical_interaction_or_proximity	HuRI reports MCMBP bait to FKBP5 prey in Y2H, after mandatory quadruplicate retest and sequence confirmation, with positive MAPPIT validation for the same pair.	Supplementary Table 9 line 10576: ENSG00000096060-ENSG00000197771, screen 1 positive, assay version 1; Supplementary Table 16 line 5065: ORF pair 5222-100002460, category Lit_and_HuRI, MAPPIT result 1.0, one HuRI screen; BioGRID route notes mandatory quadruplicate pairwise retesting and sequence confirmation	Pairwise Y2H supports contact in a heterologous nuclear reporter system, and MAPPIT supplies orthogonal mammalian reporter support. Neither assay establishes an endogenous cellular complex, native subcellular context, or HSP90-mediated assembly.	The study provides no endogenous co-complex, purified-protein, client stability, regulatory-direction, or HSP90-dependence experiment for MCMBP-FKBP5. These findings neither test nor contradict Taipale's source-supported HSP90-independent FKBP5-MCMBP complex interpretation.	Y2H and MAPPIT use engineered reporter contexts and do not reproduce native stoichiometry or localization. BioGRID and three IntAct routes are projections of the same HuRI pair and its validation records, not four independent experiments.	database_routes_not_independent_replication;heterologous_Y2H;MAPPIT_reporter_validation;no_pair_specific_HSP90_assay;not_client_evidence;not_native_cellular_complex;Taipale_HSP90_independent_interpretation_preserved	local_main_and_complete_Table_1_29_bundle_reviewed	focused_primary_review_complete	close_pair
COCHSRCREV-2026-09-13-FKBP5-MCMBP-PMID33961781	2026-09-13	FKBP5::MCMBP	FKBP5	MCMBP	FKBP5	MCMBP	PMID:33961781	33961781	PMC8165030	10.1016/j.cell.2021.04.011	Dual proteome-scale networks reveal cell-specific remodeling of the human interactome	supports_context_qualified_pair_relationship	physical_association;shared_complex	cross_cell_line_FKBP5_bait_BioPlex3_APMS_association_with_MCMBP	undirected_or_not_applicable			cellular_complex_not_binary	same_study_cross_cell_line_single_direction_tagged_expression_APMS_cellular_association	no_pair_specific_HSP90_mediation_established	BioPlex 3.0 used lentiviral expression of affinity-tagged human baits and affinity-purification mass spectrometry to build final interaction networks in 293T and HCT116 cells. Official directed releases preserve the bait-prey configurations, while final undirected network releases provide pInt, pW, and pNI scores.	cultured_cell_line	human	whole_cell_or_unspecified_fraction	omics_or_screening_measurement;physical_interaction_or_proximity	BioPlex 3.0 recovered FKBP5 bait to MCMBP prey in both 293T and HCT116 cells.	Official BioPlex 3.0 directed releases: 293T line 107267 and HCT116 line 15264, FKBP5->MCMBP. Final undirected network lines 96012 and 12802: pInt 0.999980794909662 and 0.999933400769661	Affinity-purification mass spectrometry from cellular lysate supports co-recovery or shared-complex membership, not purified binary binding. Bait-to-prey orientation records assay configuration rather than a regulatory direction.	The source did not test purified binding, regulatory direction, client stability, or HSP90-dependent mediation for either requested pair. No MCMBP-bait reverse edge appears in either official directed release. This does not test or contradict Taipale's source-supported HSP90-independent FKBP5-MCMBP complex interpretation.	Both cell-line contexts use tagged, expressed baits and the same AP-MS platform. Cross-cell-line recovery strengthens the cellular association, but the absence of an MCMBP-bait reverse edge means this is not reciprocal bait-prey support and does not establish binary contact. BioGRID, IntAct, and the local final-network rows project the same study rather than independent evidence. The 293T network carries forward and re-scores prior BioPlex measurements. Publication supplements are not in the article package, but exact official directed and final-network matrices are local and resolve the requested routes.	apms_screen;BioPlex3_293T_carries_forward_prior_releases;cellular_complex_not_binary;database_routes_not_independent_replication;no_pair_specific_HSP90_assay;not_client_evidence;tagged_expression;same_study_cross_cell_line_replication;publication_supplements_not_local_archive_gap;reverse_APMS_not_reported;Taipale_HSP90_independent_interpretation_preserved	local_main_and_exact_official_directed_and_final_network_matrices_reviewed;publication_supplements_not_local_archive_gap_not_decision_blocker	focused_primary_review_complete	close_pair
COCHSRCREV-2026-09-13-FKBP5-MCMBP-PMID35271311	2026-09-13	FKBP5::MCMBP	FKBP5	MCMBP	FKBP5	MCMBP	PMID:35271311	35271311	PMC9119736	10.1126/science.abi6983	OpenCell: proteome-scale endogenous tagging enables the cartography of human cellular organization	supports_context_qualified_pair_relationship	physical_association;shared_complex	OpenCell_endogenous_tag_IPMS_association_FKBP5->MCMBP	undirected_or_not_applicable			cellular_complex_not_binary	single_direction_endogenous_tag_triplicate_IPMS_cellular_association	no_pair_specific_HSP90_mediation_established	Human HEK293T polyclonal pools bearing CRISPR-generated endogenous split-mNeonGreen2 tags were lysed in 1.5% digitonin with Benzonase and captured using an anti-mNeonGreen nanobody. Each bait was analyzed in biological triplicate by label-free IP-MS. Interaction calls compared log2 LFQ measurements with bootstrapped null distributions built from an average of 349 unrelated tagged cell lines and used a bait-specific dynamic enrichment boundary. The released CSV contains accepted calls; its field named pval stores -log10(P), not a raw P value.	cultured_cell_line	human	whole_cell_or_unspecified_fraction	omics_or_screening_measurement;physical_interaction_or_proximity	The OpenCell accepted interaction release contains FKBP5->MCMBP as an endogenous-tag, triplicate cellular IP-MS association.	Official processed interaction CSV line(s) 9201: native orientation FKBP5->MCMBP; pval field -log10(P) 6.71960665567589; enrichment 2.36777400256044; interaction stoichiometry 0.00809615608078273; cellular-abundance stoichiometry 2.26391733667573; canonical symbol	Endogenous-tag IP-MS measures association after lysis and can recover indirect members of larger complexes. It does not establish spatial proximity in vivo or purified binary contact. Bait-to-prey orientation is assay provenance rather than biological direction.	None of the 15 pairs passes both secondary core-cluster stoichiometry filters (interaction stoichiometry 0.05-10 and cellular-abundance stoichiometry 0.1-10). This secondary filter is not the initial interaction-calling rule. The manuscript does not discuss these rows or provide pair-specific perturbation, direct-binding, regulatory, client-stability, ubiquitination, or HSP90-dependence evidence. Only FKBP5 had released bait coverage for this pair, so reciprocal testing was unavailable and the missing reverse orientation is neutral.	One transformed, pseudo-triploid HEK293T lineage; endogenous tags can still alter abundance, localization, or interfaces. The split-fluorophore strategy mainly accesses nucleo-cytoplasmic proteins and cytosol-exposed membrane termini. Taipale 2014 is an independent source and method, but both studies use the 293T/HEK293T lineage. The publication supplement bundle is not archived locally; the exact official 29,922-row processed interaction release used for these decisions is local, so this is an archive-completeness gap rather than a review blocker.	cellular_complex_not_binary;endogenous_tag_IPMS;no_pair_specific_HSP90_mediation;not_client_evidence;publication_supplements_not_local_archive_gap;same_293T_lineage_across_sources;single_cell_line_lineage	local_main_and_official_processed_interaction_matrix_reviewed;publication_supplement_bundle_not_local_archive_gap_not_decision_blocker	focused_primary_review_complete	close_pair
COCHSRCREV-2026-09-08-FKBP5-NR3C1-PMID20661446	2026-09-08	FKBP5::NR3C1	FKBP5	NR3C1	FKBP5	NR3C1	PMID:20661446	20661446	PMC2908686	10.1371/journal.pone.0011717	Differential impact of tetratricopeptide repeat proteins on the steroid hormone receptors	supports_context_qualified_pair_relationship	cochaperone_client_regulation;shared_complex	FKBP5_inhibits_NR3C1_within_cellular_HSP90_complex	directed	FKBP5	NR3C1	cellular_complex_not_binary	cellular_co_complex_with_functional_perturbation	cytosolic_hsp90_unresolved	Tagged FKBP5/FKBP51 and NR3C1/GR reciprocal co-immunoprecipitation in human HEK-293 cells with receptor reporter assays in human SK-N-MC cells	cultured_cell_line	human	whole_cell_or_unspecified_fraction	functional_or_phenotypic_readout;physical_interaction_or_proximity	FKBP5 and NR3C1 show strong reciprocal cellular co-complex association, and FKBP5 overexpression inhibits GR reporter activity.	Figures 3A-B, 6, and 7	Cellular HSP90-heterocomplex association and functional inhibition do not establish purified binary FKBP5-NR3C1 binding.	Inhibition was less pronounced at saturating hormone concentration.	Tagged overexpression, unresolved cytosolic HSP90 paralog, and one multiplexed publication.	cellular_co_complex_not_binary;hormone_concentration_dependent;hsp90_paralog_unresolved;single_publication_multiple_pair_routes;tagged_overexpression	local_claim_figure_objects_reviewed_no_separate_supplement	focused_primary_review_complete	close_pair
COCHSRCREV-2026-09-13-FKBP5-NUDC-PMID25036637	2026-09-13	FKBP5::NUDC	FKBP5	NUDC	FKBP5	NUDC	PMID:25036637	25036637	PMC4104544	10.1016/j.cell.2014.05.039	A quantitative chaperone interaction network reveals the architecture of cellular protein homeostasis pathways	supports_context_qualified_pair_relationship	physical_association;shared_complex	FKBP5_bait_APMS_cellular_association_with_NUDC	undirected_or_not_applicable			cellular_complex_not_binary	tagged_expression_APMS_plus_LUMIER_cellular_association	no_pair_specific_HSP90_mediation_established	Human stable polyclonal 293T cells expressing predominantly C-terminal 3xFLAG-V5-tagged chaperones or co-chaperones were analyzed by anti-FLAG affinity-purification mass spectrometry from whole-cell lysate with sodium molybdate. Two AP-MS replicates were scored with SAINT; the high-confidence cutoff was AvgP >= 0.85 (estimated FDR 1.8%). An orthogonal Renilla-luciferase affinity-capture assay used LUMIER score >= 7 (estimated upper FDR 4.4%).	cultured_cell_line	human	whole_cell_or_unspecified_fraction	omics_or_screening_measurement;physical_interaction_or_proximity	FKBP5-bait AP-MS recovered NUDC above the source's SAINT AvgP 0.85 threshold. The author-curated cross-assay table also passes LUMIER.	Table S1 workbook, AvgP scores sheet row 199: bait FKBP5, prey NUDC, AvgP 1.0, replicate spectral counts 74|57; canonical symbol; AP-MS and LUMIER sheet row 41: LUMIER 10.424631, AvgP 1.0	AP-MS and LUMIER both recover proteins from cellular lysates and support cellular association or shared-complex membership. Neither assay establishes purified binary binding. Bait-to-prey orientation records assay configuration rather than biological direction.	No requested pair received a purified-protein binding test, regulatory direction test, pair-specific client-stability assay, or HSP90-isoform-resolved mediation test. A database luminescence route can represent a screened configuration and is not counted as validation unless the source's author-curated AP-MS-plus-LUMIER table passes both cutoffs. Reverse NUDC-bait AP-MS row 25995 had AvgP 0.79 and did not pass the 0.85 admission threshold.	The source uses tagged, expressed proteins in one transformed 293T lineage. Taipale 2014 and OpenCell 2022 are independent studies with different tagging strategies and interaction-calling methods, but both use the 293T/HEK293T lineage and therefore do not provide cross-lineage replication. BioGRID and IntAct routes within this source can encode the same AP-MS, LUMIER, or follow-up measurement and are not independent source replications.	cellular_complex_not_binary;database_routes_not_independent_replication;no_pair_specific_HSP90_mediation;not_client_evidence;same_293T_lineage_across_sources;single_cell_line_lineage;tagged_expression;author_curated_APMS_plus_LUMIER_positive;reverse_APMS_below_threshold	local_main_article_and_complete_Table_S1_workbook_reviewed	focused_primary_review_complete	close_pair
COCHSRCREV-2026-09-13-FKBP5-NUDC-PMID35271311	2026-09-13	FKBP5::NUDC	FKBP5	NUDC	FKBP5	NUDC	PMID:35271311	35271311	PMC9119736	10.1126/science.abi6983	OpenCell: proteome-scale endogenous tagging enables the cartography of human cellular organization	supports_context_qualified_pair_relationship	physical_association;shared_complex	OpenCell_endogenous_tag_IPMS_association_FKBP5->NUDC	undirected_or_not_applicable			cellular_complex_not_binary	single_direction_endogenous_tag_triplicate_IPMS_cellular_association	no_pair_specific_HSP90_mediation_established	Human HEK293T polyclonal pools bearing CRISPR-generated endogenous split-mNeonGreen2 tags were lysed in 1.5% digitonin with Benzonase and captured using an anti-mNeonGreen nanobody. Each bait was analyzed in biological triplicate by label-free IP-MS. Interaction calls compared log2 LFQ measurements with bootstrapped null distributions built from an average of 349 unrelated tagged cell lines and used a bait-specific dynamic enrichment boundary. The released CSV contains accepted calls; its field named pval stores -log10(P), not a raw P value.	cultured_cell_line	human	whole_cell_or_unspecified_fraction	omics_or_screening_measurement;physical_interaction_or_proximity	The OpenCell accepted interaction release contains FKBP5->NUDC as an endogenous-tag, triplicate cellular IP-MS association.	Official processed interaction CSV line(s) 9217: native orientation FKBP5->NUDC; pval field -log10(P) 31.8442258074988; enrichment 5.65307383440967; interaction stoichiometry 0.0789688285161687; cellular-abundance stoichiometry 14.093016620301; canonical symbol	Endogenous-tag IP-MS measures association after lysis and can recover indirect members of larger complexes. It does not establish spatial proximity in vivo or purified binary contact. Bait-to-prey orientation is assay provenance rather than biological direction.	None of the 15 pairs passes both secondary core-cluster stoichiometry filters (interaction stoichiometry 0.05-10 and cellular-abundance stoichiometry 0.1-10). This secondary filter is not the initial interaction-calling rule. The manuscript does not discuss these rows or provide pair-specific perturbation, direct-binding, regulatory, client-stability, ubiquitination, or HSP90-dependence evidence. Only FKBP5 had released bait coverage for this pair, so reciprocal testing was unavailable and the missing reverse orientation is neutral.	One transformed, pseudo-triploid HEK293T lineage; endogenous tags can still alter abundance, localization, or interfaces. The split-fluorophore strategy mainly accesses nucleo-cytoplasmic proteins and cytosol-exposed membrane termini. Taipale 2014 is an independent source and method, but both studies use the 293T/HEK293T lineage. The publication supplement bundle is not archived locally; the exact official 29,922-row processed interaction release used for these decisions is local, so this is an archive-completeness gap rather than a review blocker.	cellular_complex_not_binary;endogenous_tag_IPMS;no_pair_specific_HSP90_mediation;not_client_evidence;publication_supplements_not_local_archive_gap;same_293T_lineage_across_sources;single_cell_line_lineage	local_main_and_official_processed_interaction_matrix_reviewed;publication_supplement_bundle_not_local_archive_gap_not_decision_blocker	focused_primary_review_complete	close_pair
COCHSRCREV-2026-09-13-FKBP5-NUDCD3-PMID25036637	2026-09-13	FKBP5::NUDCD3	FKBP5	NUDCD3	FKBP5	NUDCD3	PMID:25036637	25036637	PMC4104544	10.1016/j.cell.2014.05.039	A quantitative chaperone interaction network reveals the architecture of cellular protein homeostasis pathways	supports_context_qualified_pair_relationship	physical_association;shared_complex	FKBP5_bait_APMS_cellular_association_with_NUDCD3	undirected_or_not_applicable			cellular_complex_not_binary	same_study_reciprocal_tagged_expression_APMS_plus_LUMIER_cellular_association	no_pair_specific_HSP90_mediation_established	Human stable polyclonal 293T cells expressing predominantly C-terminal 3xFLAG-V5-tagged chaperones or co-chaperones were analyzed by anti-FLAG affinity-purification mass spectrometry from whole-cell lysate with sodium molybdate. Two AP-MS replicates were scored with SAINT; the high-confidence cutoff was AvgP >= 0.85 (estimated FDR 1.8%). An orthogonal Renilla-luciferase affinity-capture assay used LUMIER score >= 7 (estimated upper FDR 4.4%).	cultured_cell_line	human	whole_cell_or_unspecified_fraction	omics_or_screening_measurement;physical_interaction_or_proximity	FKBP5-bait AP-MS recovered NUDCD3 above the source's SAINT AvgP 0.85 threshold. A reciprocal bait purification also passed the AP-MS cutoff. The author-curated cross-assay table also passes LUMIER.	Table S1 workbook, AvgP scores sheet row 200: bait FKBP5, prey NUDCD3, AvgP 1.0, replicate spectral counts 31|28; canonical symbol; row 393: NUDCD3 bait, FKBP5 prey, AvgP 0.85, Spec 26|11; AP-MS and LUMIER sheet row 37: LUMIER 14.887127, AvgP 1.0	AP-MS and LUMIER both recover proteins from cellular lysates and support cellular association or shared-complex membership. Neither assay establishes purified binary binding. Bait-to-prey orientation records assay configuration rather than biological direction.	No requested pair received a purified-protein binding test, regulatory direction test, pair-specific client-stability assay, or HSP90-isoform-resolved mediation test. A database luminescence route can represent a screened configuration and is not counted as validation unless the source's author-curated AP-MS-plus-LUMIER table passes both cutoffs.	The source uses tagged, expressed proteins in one transformed 293T lineage. Taipale 2014 and OpenCell 2022 are independent studies with different tagging strategies and interaction-calling methods, but both use the 293T/HEK293T lineage and therefore do not provide cross-lineage replication. BioGRID and IntAct routes within this source can encode the same AP-MS, LUMIER, or follow-up measurement and are not independent source replications.	cellular_complex_not_binary;database_routes_not_independent_replication;no_pair_specific_HSP90_mediation;not_client_evidence;same_293T_lineage_across_sources;single_cell_line_lineage;tagged_expression;author_curated_APMS_plus_LUMIER_positive;reciprocal_APMS	local_main_article_and_complete_Table_S1_workbook_reviewed	focused_primary_review_complete	close_pair
COCHSRCREV-2026-09-13-FKBP5-NUDCD3-PMID28363942	2026-09-13	FKBP5::NUDCD3	FKBP5	NUDCD3	FKBP5	NUDCD3	PMID:28363942	28363942	PMC5430216	10.15252/embj.201695669	USP49 negatively regulates tumorigenesis and chemoresistance through FKBP51-AKT signaling	supports_context_qualified_pair_relationship	physical_association;shared_complex	FKBP51_bait_FLAG_affinity_capture_MS_screen_recovers_NUDCD3	undirected_or_not_applicable			cellular_complex_not_binary	FKBP51_bait_FLAG_affinity_capture_MS_screen_hit_without_pair_validation	cytosolic_hsp90_unresolved;no_pair_specific_HSP90_mediation_established	Human SU86 pancreatic cancer cells stably expressing FLAG-SBP-FKBP51 were lysed for anti-FLAG-bead capture, FLAG-peptide elution, SDS-PAGE, Coomassie staining, and mass spectrometry. Figure 1A reports screen hits and peptide counts.	cultured_cell_line	human	whole_cell_or_unspecified_fraction	omics_or_screening_measurement;physical_interaction_or_proximity	NUDCD3 was listed among proteins recovered from FLAG-SBP-FKBP51 complexes in the source's SU86 FLAG-affinity capture-MS screen.	Figure 1A, list of FKBP51-associated proteins: NUDCD3, 8 peptides; caption identifies SU86 cells stably expressing FLAG-SBP-FKBP51 and mass-spectrometric analysis of FKBP51 complexes	FKBP51-bait FLAG-affinity capture-MS supports cellular co-recovery from lysate, not pairwise direct binding. Only selected proteins elsewhere in Figure 1 received co-IP or purified-protein follow-up.	AGO1 and NUDCD3 were not subjected to targeted pair validation, reciprocal capture, perturbation, or pair-specific HSP90-dependence testing.	One transformed pancreatic cancer cell line with tagged FKBP51 bait. BioGRID is a projection of the Figure 1A source screen and is not an independent source.	cellular_complex_not_binary;database_routes_not_independent_replication;FKBP51_bait_FLAG_affinity_capture_MS_screen;no_pair_specific_HSP90_mediation;no_targeted_pair_validation;not_client_evidence;single_cell_line;tagged_expression	local_main_article_and_two_advertised_supporting_PDFs_complete	focused_primary_review_complete	close_pair
COCHSRCREV-2026-09-13-FKBP5-NUDCD3-PMID35271311	2026-09-13	FKBP5::NUDCD3	FKBP5	NUDCD3	FKBP5	NUDCD3	PMID:35271311	35271311	PMC9119736	10.1126/science.abi6983	OpenCell: proteome-scale endogenous tagging enables the cartography of human cellular organization	supports_context_qualified_pair_relationship	physical_association;shared_complex	OpenCell_endogenous_tag_IPMS_association_FKBP5->NUDCD3	undirected_or_not_applicable			cellular_complex_not_binary	single_direction_endogenous_tag_triplicate_IPMS_cellular_association	no_pair_specific_HSP90_mediation_established	Human HEK293T polyclonal pools bearing CRISPR-generated endogenous split-mNeonGreen2 tags were lysed in 1.5% digitonin with Benzonase and captured using an anti-mNeonGreen nanobody. Each bait was analyzed in biological triplicate by label-free IP-MS. Interaction calls compared log2 LFQ measurements with bootstrapped null distributions built from an average of 349 unrelated tagged cell lines and used a bait-specific dynamic enrichment boundary. The released CSV contains accepted calls; its field named pval stores -log10(P), not a raw P value.	cultured_cell_line	human	whole_cell_or_unspecified_fraction	omics_or_screening_measurement;physical_interaction_or_proximity	The OpenCell accepted interaction release contains FKBP5->NUDCD3 as an endogenous-tag, triplicate cellular IP-MS association.	Official processed interaction CSV line(s) 9219: native orientation FKBP5->NUDCD3; pval field -log10(P) 41.7026579915556; enrichment 6.82949120917172; interaction stoichiometry 0.0193587866501483; cellular-abundance stoichiometry 0.173632487777576; canonical symbol	Endogenous-tag IP-MS measures association after lysis and can recover indirect members of larger complexes. It does not establish spatial proximity in vivo or purified binary contact. Bait-to-prey orientation is assay provenance rather than biological direction.	None of the 15 pairs passes both secondary core-cluster stoichiometry filters (interaction stoichiometry 0.05-10 and cellular-abundance stoichiometry 0.1-10). This secondary filter is not the initial interaction-calling rule. The manuscript does not discuss these rows or provide pair-specific perturbation, direct-binding, regulatory, client-stability, ubiquitination, or HSP90-dependence evidence. Only FKBP5 had released bait coverage for this pair, so reciprocal testing was unavailable and the missing reverse orientation is neutral.	One transformed, pseudo-triploid HEK293T lineage; endogenous tags can still alter abundance, localization, or interfaces. The split-fluorophore strategy mainly accesses nucleo-cytoplasmic proteins and cytosol-exposed membrane termini. Taipale 2014 is an independent source and method, but both studies use the 293T/HEK293T lineage. The publication supplement bundle is not archived locally; the exact official 29,922-row processed interaction release used for these decisions is local, so this is an archive-completeness gap rather than a review blocker.	cellular_complex_not_binary;endogenous_tag_IPMS;no_pair_specific_HSP90_mediation;not_client_evidence;publication_supplements_not_local_archive_gap;same_293T_lineage_across_sources;single_cell_line_lineage	local_main_and_official_processed_interaction_matrix_reviewed;publication_supplement_bundle_not_local_archive_gap_not_decision_blocker	focused_primary_review_complete	close_pair
COCHSRCREV-2026-09-13-FKBP5-PDCD2-PMID25036637	2026-09-13	FKBP5::PDCD2	FKBP5	PDCD2	FKBP5	PDCD2	PMID:25036637	25036637	PMC4104544	10.1016/j.cell.2014.05.039	A quantitative chaperone interaction network reveals the architecture of cellular protein homeostasis pathways	supports_context_qualified_pair_relationship	physical_association;shared_complex	FKBP5_bait_APMS_cellular_association_with_PDCD2	undirected_or_not_applicable			cellular_complex_not_binary	tagged_expression_duplicate_APMS_cellular_association	no_pair_specific_HSP90_assay_in_this_source	Human stable polyclonal 293T cells expressing predominantly C-terminal 3xFLAG-V5-tagged chaperone or co-chaperone AP-MS baits were analyzed by anti-FLAG affinity-purification mass spectrometry from whole-cell lysate with sodium molybdate. Two AP-MS replicates were scored with SAINT; the high-confidence cutoff was AvgP >= 0.85 (estimated FDR 1.8%). LUMIER used transient 3xFLAG query baits and stable Renilla-fused reporter preys in 293T cells; normalized luminescence Z-scores were evaluated at the source's high-confidence cutoff of approximately 7 (estimated upper FDR 4.4%).	cultured_cell_line	human	whole_cell_or_unspecified_fraction	omics_or_screening_measurement;physical_interaction_or_proximity	FKBP5-bait AP-MS recovered PDCD2 above the source's SAINT AvgP 0.85 threshold.	Table S1 workbook, AvgP scores row 201: bait FKBP5, prey PDCD2, AvgP 1.00, Spec 12|15, CtrlCounts 0|0|0|0|0|0|0|0|0|0; PDCD2 was not an AP-MS bait and neither LUMIER configuration was available	Affinity-purification mass spectrometry from cellular lysate supports co-recovery or shared-complex membership, not purified binary binding. Bait-to-prey orientation records assay configuration rather than biological direction. Within-study replicate or reciprocal AP-MS does not establish HSP90 mediation, client status, or regulation.	No requested pair received a purified-protein binding test, regulatory direction test, pair-specific client-stability assay, functional perturbation, or HSP90-isoform-resolved mediation test. A database luminescence route represents a screened configuration and is counted as within-study cross-assay support only when the author's curated AP-MS-plus-LUMIER table passes both cutoffs. Reverse AP-MS and both LUMIER configurations were unavailable.	The source uses tagged, expressed proteins in one transformed 293T lineage. Negative or missing LUMIER measurements do not disprove an association because assay sensitivity and construct configuration differ from AP-MS. The main text and combined sheet use LUMIER score >= 7, while the workbook information sheet says > 7; no requested measurement is near that boundary. BioGRID and IntAct records can project the same AP-MS or screened LUMIER configuration and are not independent source replications. IntAct's anti-tag coimmunoprecipitation label does not establish a separate pair-specific co-IP experiment.	apms_screen;cellular_complex_not_binary;database_routes_not_independent_replication;lumier_below_threshold_or_unavailable;no_pair_specific_HSP90_assay;not_client_evidence;single_cell_line;tagged_expression;reverse_APMS_not_reported;lumier_unavailable	local_main_article_and_complete_Table_S1_workbook_reviewed	focused_primary_review_complete	close_pair
COCHSRCREV-2026-09-08-FKBP5-PGR-PMID20661446	2026-09-08	FKBP5::PGR	FKBP5	PGR	FKBP5	PGR	PMID:20661446	20661446	PMC2908686	10.1371/journal.pone.0011717	Differential impact of tetratricopeptide repeat proteins on the steroid hormone receptors	supports_context_qualified_pair_relationship	cochaperone_client_regulation;shared_complex	FKBP5_inhibits_PGR_within_cellular_HSP90_complex	directed	FKBP5	PGR	cellular_complex_not_binary	cellular_co_complex_with_functional_perturbation	cytosolic_hsp90_unresolved	Tagged FKBP5/FKBP51 and PGR/PR reciprocal co-immunoprecipitation in human HEK-293 cells with receptor reporter assays in human SK-N-MC cells	cultured_cell_line	human	whole_cell_or_unspecified_fraction	functional_or_phenotypic_readout;physical_interaction_or_proximity	FKBP5 and PGR show strong reciprocal cellular co-complex association, and FKBP5 overexpression inhibits PR reporter activity.	Figures 4A and 9	Cellular HSP90-heterocomplex association and functional inhibition do not establish purified binary FKBP5-PGR binding.	The source did not test purified binding or an FKBP5-PGR contact interface.	Tagged overexpression, unresolved cytosolic HSP90 paralog, and one multiplexed publication; the Figure 9 caption says HA-MR although the panel, blot, and Results identify PR.	caption_copy_forward_error;cellular_co_complex_not_binary;hsp90_paralog_unresolved;single_publication_multiple_pair_routes;tagged_overexpression	local_claim_figure_objects_reviewed_no_separate_supplement	focused_primary_review_complete	close_pair
COCHSRCREV-2026-09-14-FKBP5-PINK1-PMID33961781	2026-09-14	FKBP5::PINK1	FKBP5	PINK1	FKBP5	PINK1	PMID:33961781	33961781	PMC8165030	10.1016/j.cell.2021.04.026	Dual proteome-scale networks reveal cell-specific remodeling of the human interactome	supports_context_qualified_pair_relationship	physical_association;shared_complex	BioPlex3_PINK1_to_FKBP5_APMS_association	undirected_or_not_applicable			tagged_bait_APMS_association_not_binary_binding	BioPlex3_single_direction_293T_cellular_APMS_association	no_pair_specific_HSP90_assay_in_this_source	Human BioPlex 3 tagged-bait affinity-purification mass spectrometry in 293T cells.	cultured_cell_line	human	whole_cell_or_unspecified_fraction	omics_or_screening_measurement;physical_interaction_or_proximity	Official BioPlex directed and final-network matrices contain PINK1 to FKBP5 with final-network pInt value(s) 0.995403796164458 in 293T.	Official BioPlex 3 293T/HCT116 directed-edge and final-network matrices; exact gene-symbol rows	Bait-to-prey is assay orientation rather than biological regulation. Tagged-bait AP-MS supports cellular or lysate co-recovery, not purified pairwise binding.	Absence from the other cell-line matrix is not biological negative evidence. The source supplies no pair-specific functional or HSP90-dependence result.	Tagged exogenous bait and cell-line context limit physiological generalization. BioGRID and IntAct routes from this PMID are projections of the same BioPlex experiment and are not independent evidence.	APMS_association_not_direct_binding;assay_bait_prey_not_biological_direction;cell_line_context;database_routes_not_independent_replication;no_HSP90_assay_in_source;not_client_evidence;not_isoform_exclusivity_evidence;tagged_bait_context	local_main_and_exact_official_BioPlex_matrices_reviewed_complete	focused_primary_review_complete	retain_pair
COCHSRCREV-2026-09-13-FKBP5-PNPLA2-PMID25036637	2026-09-13	FKBP5::PNPLA2	FKBP5	PNPLA2	FKBP5	PNPLA2	PMID:25036637	25036637	PMC4104544	10.1016/j.cell.2014.05.039	A quantitative chaperone interaction network reveals the architecture of cellular protein homeostasis pathways	supports_context_qualified_pair_relationship	physical_association;shared_complex	FKBP5_bait_APMS_cellular_association_with_PNPLA2	undirected_or_not_applicable			cellular_complex_not_binary	tagged_expression_duplicate_APMS_cellular_association	no_pair_specific_HSP90_assay_in_this_source	Human stable polyclonal 293T cells expressing predominantly C-terminal 3xFLAG-V5-tagged chaperone or co-chaperone AP-MS baits were analyzed by anti-FLAG affinity-purification mass spectrometry from whole-cell lysate with sodium molybdate. Two AP-MS replicates were scored with SAINT; the high-confidence cutoff was AvgP >= 0.85 (estimated FDR 1.8%). LUMIER used transient 3xFLAG query baits and stable Renilla-fused reporter preys in 293T cells; normalized luminescence Z-scores were evaluated at the source's high-confidence cutoff of approximately 7 (estimated upper FDR 4.4%).	cultured_cell_line	human	whole_cell_or_unspecified_fraction	omics_or_screening_measurement;physical_interaction_or_proximity	FKBP5-bait AP-MS recovered PNPLA2 above the source's SAINT AvgP 0.85 threshold.	Table S1 workbook, AvgP scores row 202: bait FKBP5, prey PNPLA2, AvgP 0.98, Spec 4|4, CtrlCounts 0|0|0|0|0|0|0|0|0|0; PNPLA2 was not an AP-MS bait and neither LUMIER configuration was available	Affinity-purification mass spectrometry from cellular lysate supports co-recovery or shared-complex membership, not purified binary binding. Bait-to-prey orientation records assay configuration rather than biological direction. Within-study replicate or reciprocal AP-MS does not establish HSP90 mediation, client status, or regulation.	No requested pair received a purified-protein binding test, regulatory direction test, pair-specific client-stability assay, functional perturbation, or HSP90-isoform-resolved mediation test. A database luminescence route represents a screened configuration and is counted as within-study cross-assay support only when the author's curated AP-MS-plus-LUMIER table passes both cutoffs. Reverse AP-MS and both LUMIER configurations were unavailable.	The source uses tagged, expressed proteins in one transformed 293T lineage. Negative or missing LUMIER measurements do not disprove an association because assay sensitivity and construct configuration differ from AP-MS. The main text and combined sheet use LUMIER score >= 7, while the workbook information sheet says > 7; no requested measurement is near that boundary. BioGRID and IntAct records can project the same AP-MS or screened LUMIER configuration and are not independent source replications. IntAct's anti-tag coimmunoprecipitation label does not establish a separate pair-specific co-IP experiment.	apms_screen;cellular_complex_not_binary;database_routes_not_independent_replication;lumier_below_threshold_or_unavailable;no_pair_specific_HSP90_assay;not_client_evidence;single_cell_line;tagged_expression;reverse_APMS_not_reported;lumier_unavailable	local_main_article_and_complete_Table_S1_workbook_reviewed	focused_primary_review_complete	close_pair
COCHSRCREV-2026-09-13-FKBP5-PYGL-PMID25036637	2026-09-13	FKBP5::PYGL	FKBP5	PYGL	FKBP5	PYGL	PMID:25036637	25036637	PMC4104544	10.1016/j.cell.2014.05.039	A quantitative chaperone interaction network reveals the architecture of cellular protein homeostasis pathways	supports_context_qualified_pair_relationship	physical_association;shared_complex	FKBP5_bait_APMS_cellular_association_with_PYGL	undirected_or_not_applicable			cellular_complex_not_binary	tagged_expression_duplicate_APMS_cellular_association	no_pair_specific_HSP90_mediation_established	Human stable polyclonal 293T cells expressing predominantly C-terminal 3xFLAG-V5-tagged chaperones or co-chaperones were analyzed by anti-FLAG affinity-purification mass spectrometry from whole-cell lysate with sodium molybdate. Two AP-MS replicates were scored with SAINT; the high-confidence cutoff was AvgP >= 0.85 (estimated FDR 1.8%). An orthogonal Renilla-luciferase affinity-capture assay used LUMIER score >= 7 (estimated upper FDR 4.4%).	cultured_cell_line	human	whole_cell_or_unspecified_fraction	omics_or_screening_measurement;physical_interaction_or_proximity	FKBP5-bait AP-MS recovered PYGL above the source's SAINT AvgP 0.85 threshold.	Table S1 workbook, AvgP scores sheet row 204: bait FKBP5, prey PYGL, AvgP 0.91, replicate spectral counts 3|3; canonical symbol	AP-MS and LUMIER both recover proteins from cellular lysates and support cellular association or shared-complex membership. Neither assay establishes purified binary binding. Bait-to-prey orientation records assay configuration rather than biological direction.	No requested pair received a purified-protein binding test, regulatory direction test, pair-specific client-stability assay, or HSP90-isoform-resolved mediation test. A database luminescence route can represent a screened configuration and is not counted as validation unless the source's author-curated AP-MS-plus-LUMIER table passes both cutoffs.	The source uses tagged, expressed proteins in one transformed 293T lineage. Taipale 2014 and OpenCell 2022 are independent studies with different tagging strategies and interaction-calling methods, but both use the 293T/HEK293T lineage and therefore do not provide cross-lineage replication. BioGRID and IntAct routes within this source can encode the same AP-MS, LUMIER, or follow-up measurement and are not independent source replications.	cellular_complex_not_binary;database_routes_not_independent_replication;no_pair_specific_HSP90_mediation;not_client_evidence;same_293T_lineage_across_sources;single_cell_line_lineage;tagged_expression	local_main_article_and_complete_Table_S1_workbook_reviewed	focused_primary_review_complete	close_pair
COCHSRCREV-2026-09-13-FKBP5-PYGL-PMID35271311	2026-09-13	FKBP5::PYGL	FKBP5	PYGL	FKBP5	PYGL	PMID:35271311	35271311	PMC9119736	10.1126/science.abi6983	OpenCell: proteome-scale endogenous tagging enables the cartography of human cellular organization	supports_context_qualified_pair_relationship	physical_association;shared_complex	OpenCell_endogenous_tag_IPMS_association_FKBP5->PYGL	undirected_or_not_applicable			cellular_complex_not_binary	single_direction_endogenous_tag_triplicate_IPMS_cellular_association	no_pair_specific_HSP90_mediation_established	Human HEK293T polyclonal pools bearing CRISPR-generated endogenous split-mNeonGreen2 tags were lysed in 1.5% digitonin with Benzonase and captured using an anti-mNeonGreen nanobody. Each bait was analyzed in biological triplicate by label-free IP-MS. Interaction calls compared log2 LFQ measurements with bootstrapped null distributions built from an average of 349 unrelated tagged cell lines and used a bait-specific dynamic enrichment boundary. The released CSV contains accepted calls; its field named pval stores -log10(P), not a raw P value.	cultured_cell_line	human	whole_cell_or_unspecified_fraction	omics_or_screening_measurement;physical_interaction_or_proximity	The OpenCell accepted interaction release contains FKBP5->PYGL as an endogenous-tag, triplicate cellular IP-MS association.	Official processed interaction CSV line(s) 9255: native orientation FKBP5->PYGL; pval field -log10(P) 23.9911798289973; enrichment 4.97003716181947; interaction stoichiometry 0.00691664436362872; cellular-abundance stoichiometry 3.98876179562759; canonical symbol	Endogenous-tag IP-MS measures association after lysis and can recover indirect members of larger complexes. It does not establish spatial proximity in vivo or purified binary contact. Bait-to-prey orientation is assay provenance rather than biological direction.	None of the 15 pairs passes both secondary core-cluster stoichiometry filters (interaction stoichiometry 0.05-10 and cellular-abundance stoichiometry 0.1-10). This secondary filter is not the initial interaction-calling rule. The manuscript does not discuss these rows or provide pair-specific perturbation, direct-binding, regulatory, client-stability, ubiquitination, or HSP90-dependence evidence. Only FKBP5 had released bait coverage for this pair, so reciprocal testing was unavailable and the missing reverse orientation is neutral.	One transformed, pseudo-triploid HEK293T lineage; endogenous tags can still alter abundance, localization, or interfaces. The split-fluorophore strategy mainly accesses nucleo-cytoplasmic proteins and cytosol-exposed membrane termini. Taipale 2014 is an independent source and method, but both studies use the 293T/HEK293T lineage. The publication supplement bundle is not archived locally; the exact official 29,922-row processed interaction release used for these decisions is local, so this is an archive-completeness gap rather than a review blocker.	cellular_complex_not_binary;endogenous_tag_IPMS;no_pair_specific_HSP90_mediation;not_client_evidence;publication_supplements_not_local_archive_gap;same_293T_lineage_across_sources;single_cell_line_lineage	local_main_and_official_processed_interaction_matrix_reviewed;publication_supplement_bundle_not_local_archive_gap_not_decision_blocker	focused_primary_review_complete	close_pair
COCHSRCREV-2026-09-13-FKBP5-RADX-PMID25036637	2026-09-13	FKBP5::RADX	FKBP5	RADX	FKBP5	RADX	PMID:25036637	25036637	PMC4104544	10.1016/j.cell.2014.05.039	A quantitative chaperone interaction network reveals the architecture of cellular protein homeostasis pathways	supports_context_qualified_pair_relationship	physical_association;shared_complex	FKBP5_bait_APMS_cellular_association_with_RADX	undirected_or_not_applicable			cellular_complex_not_binary	tagged_expression_duplicate_APMS_cellular_association	no_pair_specific_HSP90_mediation_established	Human stable polyclonal 293T cells expressing predominantly C-terminal 3xFLAG-V5-tagged chaperones or co-chaperones were analyzed by anti-FLAG affinity-purification mass spectrometry from whole-cell lysate with sodium molybdate. Two AP-MS replicates were scored with SAINT; the high-confidence cutoff was AvgP >= 0.85 (estimated FDR 1.8%). An orthogonal Renilla-luciferase affinity-capture assay used LUMIER score >= 7 (estimated upper FDR 4.4%).	cultured_cell_line	human	whole_cell_or_unspecified_fraction	omics_or_screening_measurement;physical_interaction_or_proximity	FKBP5-bait AP-MS recovered CXorf57 above the source's SAINT AvgP 0.85 threshold.	Table S1 workbook, AvgP scores sheet row 183: bait FKBP5, prey CXorf57, AvgP 0.95, replicate spectral counts 10|11; source CXorf57 maps to RADX; LUMIER scores sheet row 680: FKBP5 score blank because the query did not yield a usable expression-qualified measurement	AP-MS and LUMIER both recover proteins from cellular lysates and support cellular association or shared-complex membership. Neither assay establishes purified binary binding. Bait-to-prey orientation records assay configuration rather than biological direction.	No requested pair received a purified-protein binding test, regulatory direction test, pair-specific client-stability assay, or HSP90-isoform-resolved mediation test. A database luminescence route can represent a screened configuration and is not counted as validation unless the source's author-curated AP-MS-plus-LUMIER table passes both cutoffs.	The source uses tagged, expressed proteins in one transformed 293T lineage. Taipale 2014 and OpenCell 2022 are independent studies with different tagging strategies and interaction-calling methods, but both use the 293T/HEK293T lineage and therefore do not provide cross-lineage replication. BioGRID and IntAct routes within this source can encode the same AP-MS, LUMIER, or follow-up measurement and are not independent source replications.	cellular_complex_not_binary;database_routes_not_independent_replication;no_pair_specific_HSP90_mediation;not_client_evidence;same_293T_lineage_across_sources;single_cell_line_lineage;tagged_expression;LUMIER_measurement_unavailable	local_main_article_and_complete_Table_S1_workbook_reviewed	focused_primary_review_complete	close_pair
COCHSRCREV-2026-09-13-FKBP5-RADX-PMID35271311	2026-09-13	FKBP5::RADX	FKBP5	RADX	FKBP5	RADX	PMID:35271311	35271311	PMC9119736	10.1126/science.abi6983	OpenCell: proteome-scale endogenous tagging enables the cartography of human cellular organization	supports_context_qualified_pair_relationship	physical_association;shared_complex	OpenCell_endogenous_tag_IPMS_association_FKBP5->CXORF57	undirected_or_not_applicable			cellular_complex_not_binary	single_direction_endogenous_tag_triplicate_IPMS_cellular_association	no_pair_specific_HSP90_mediation_established	Human HEK293T polyclonal pools bearing CRISPR-generated endogenous split-mNeonGreen2 tags were lysed in 1.5% digitonin with Benzonase and captured using an anti-mNeonGreen nanobody. Each bait was analyzed in biological triplicate by label-free IP-MS. Interaction calls compared log2 LFQ measurements with bootstrapped null distributions built from an average of 349 unrelated tagged cell lines and used a bait-specific dynamic enrichment boundary. The released CSV contains accepted calls; its field named pval stores -log10(P), not a raw P value.	cultured_cell_line	human	whole_cell_or_unspecified_fraction	omics_or_screening_measurement;physical_interaction_or_proximity	The OpenCell accepted interaction release contains FKBP5->CXORF57 as an endogenous-tag, triplicate cellular IP-MS association.	Official processed interaction CSV line(s) 9145: native orientation FKBP5->CXORF57; pval field -log10(P) 21.2616049350101; enrichment 4.9039582902643; interaction stoichiometry 0.0235930535220432; cellular-abundance stoichiometry 0.108402881803266; source CXORF57 maps to RADX (ENSG00000147231)	Endogenous-tag IP-MS measures association after lysis and can recover indirect members of larger complexes. It does not establish spatial proximity in vivo or purified binary contact. Bait-to-prey orientation is assay provenance rather than biological direction.	None of the 15 pairs passes both secondary core-cluster stoichiometry filters (interaction stoichiometry 0.05-10 and cellular-abundance stoichiometry 0.1-10). This secondary filter is not the initial interaction-calling rule. The manuscript does not discuss these rows or provide pair-specific perturbation, direct-binding, regulatory, client-stability, ubiquitination, or HSP90-dependence evidence. Only FKBP5 had released bait coverage for this pair, so reciprocal testing was unavailable and the missing reverse orientation is neutral.	One transformed, pseudo-triploid HEK293T lineage; endogenous tags can still alter abundance, localization, or interfaces. The split-fluorophore strategy mainly accesses nucleo-cytoplasmic proteins and cytosol-exposed membrane termini. Taipale 2014 is an independent source and method, but both studies use the 293T/HEK293T lineage. The publication supplement bundle is not archived locally; the exact official 29,922-row processed interaction release used for these decisions is local, so this is an archive-completeness gap rather than a review blocker.	cellular_complex_not_binary;endogenous_tag_IPMS;no_pair_specific_HSP90_mediation;not_client_evidence;publication_supplements_not_local_archive_gap;same_293T_lineage_across_sources;single_cell_line_lineage	local_main_and_official_processed_interaction_matrix_reviewed;publication_supplement_bundle_not_local_archive_gap_not_decision_blocker	focused_primary_review_complete	close_pair
COCHSRCREV-2026-09-13-FKBP5-STK11-PMID32707033	2026-09-13	FKBP5::STK11	FKBP5	STK11	FKBP5	STK11	PMID:32707033	32707033	PMC7427327	10.1016/j.molcel.2020.07.001	Kinase Interaction Network Expands Functional and Disease Roles of Human Kinases	supports_context_qualified_pair_relationship	physical_association;shared_complex	STK11_bait_APMS_co_recovers_FKBP5	undirected_or_not_applicable			cellular_complex_not_binary	high_confidence_cellular_apms_co_complex	no_pair_specific_HSP90_assay_in_this_source	Human HEK Flp-In 293 T-REx cells with single-locus doxycycline-induced N-terminal Strep-HA-tagged kinase baits; more than 100 million cells per purification, rapid single-step Strep affinity recovery, and duplicate LC-MS/MS runs. Final interactors required WD score > 73.6, GFP-control abundance ratio > 18.4, and at least two total spectra, followed by CRAPome, contaminant, and carry-over filters calibrated to a global false-positive rate below 1%.	cultured_cell_line	human	whole_cell_or_unspecified_fraction	omics_or_screening_measurement;physical_interaction_or_proximity	STK11-bait AP-MS recovered FKBP5 in the source's final high-confidence interaction matrix.	Table S2 final interactome Excel row 3714: bait STK11, prey FKBP5, WD 2396.34, GFP-control ratio 16082, total spectra 473; Table S4: inherited Taipale class Strong; HSP.members 3 (HSP90AA1, HSP90AB1, CDC37); Table S9: target kinase construct matches canonical UniProt sequence	Affinity purification-mass spectrometry supports cellular co-recovery or shared-complex membership, not purified binary binding.	No requested pair received reciprocal purification, western blot, BioID, genetic perturbation, or purified-protein validation in this study. Table S4 client classes were inherited from Taipale et al. 2012 and are not new client evidence. The source reports no pair-level q-value for these AP-MS rows.	One tagged-expression cell-line background; N-terminal tags and induced expression may alter abundance, localization, folding, or binding. The authors note that overexpressed or misfolded kinases can recover more HSP90 and co-chaperones and that some associations may form after lysis. BioGRID and IntAct are duplicate route encodings of this source, not independent replication. The source label HSP90B denotes cytosolic HSP90AB1.	apms_screen;cellular_complex_not_binary;database_routes_not_independent_replication;no_pair_specific_HSP90_assay;not_client_evidence;possible_post_lysis_association;single_cell_line;tagged_induced_expression	local_article_figures_and_tables_S2_S4_S9_reviewed	focused_primary_review_complete	close_pair
COCHSRCREV-2026-09-13-FKBP5-TEDC1-PMID25036637	2026-09-13	FKBP5::TEDC1	FKBP5	TEDC1	FKBP5	TEDC1	PMID:25036637	25036637	PMC4104544	10.1016/j.cell.2014.05.039	A quantitative chaperone interaction network reveals the architecture of cellular protein homeostasis pathways	supports_context_qualified_pair_relationship	physical_association;shared_complex	FKBP5_bait_APMS_cellular_association_with_TEDC1	undirected_or_not_applicable			cellular_complex_not_binary	tagged_expression_duplicate_APMS_cellular_association	no_pair_specific_HSP90_assay_in_this_source	Human stable polyclonal 293T cells expressing predominantly C-terminal 3xFLAG-V5-tagged chaperone or co-chaperone AP-MS baits were analyzed by anti-FLAG affinity-purification mass spectrometry from whole-cell lysate with sodium molybdate. Two AP-MS replicates were scored with SAINT; the high-confidence cutoff was AvgP >= 0.85 (estimated FDR 1.8%). LUMIER used transient 3xFLAG query baits and stable Renilla-fused reporter preys in 293T cells; normalized luminescence Z-scores were evaluated at the source's high-confidence cutoff of approximately 7 (estimated upper FDR 4.4%).	cultured_cell_line	human	whole_cell_or_unspecified_fraction	omics_or_screening_measurement;physical_interaction_or_proximity	FKBP5-bait AP-MS recovered source prey C14orf80 above the source's SAINT AvgP 0.85 threshold; C14orf80 maps to TEDC1.	Table S1 workbook, AvgP scores row 174: bait FKBP5, source prey C14orf80, AvgP 0.95, Spec 3|4, CtrlCounts 0|0|0|0|0|0|0|0|0|0; C14orf80 maps to TEDC1; C14orf80/TEDC1 was not an AP-MS bait and neither LUMIER configuration was available	Affinity-purification mass spectrometry from cellular lysate supports co-recovery or shared-complex membership, not purified binary binding. Bait-to-prey orientation records assay configuration rather than biological direction. Within-study replicate or reciprocal AP-MS does not establish HSP90 mediation, client status, or regulation.	No requested pair received a purified-protein binding test, regulatory direction test, pair-specific client-stability assay, functional perturbation, or HSP90-isoform-resolved mediation test. A database luminescence route represents a screened configuration and is counted as within-study cross-assay support only when the author's curated AP-MS-plus-LUMIER table passes both cutoffs. Reverse AP-MS and both LUMIER configurations were unavailable.	The source uses tagged, expressed proteins in one transformed 293T lineage. Negative or missing LUMIER measurements do not disprove an association because assay sensitivity and construct configuration differ from AP-MS. The main text and combined sheet use LUMIER score >= 7, while the workbook information sheet says > 7; no requested measurement is near that boundary. BioGRID and IntAct records can project the same AP-MS or screened LUMIER configuration and are not independent source replications. IntAct's anti-tag coimmunoprecipitation label does not establish a separate pair-specific co-IP experiment.	apms_screen;cellular_complex_not_binary;database_routes_not_independent_replication;lumier_below_threshold_or_unavailable;no_pair_specific_HSP90_assay;not_client_evidence;single_cell_line;tagged_expression;reverse_APMS_not_reported;lumier_unavailable;source_alias_normalized;C14orf80_maps_to_TEDC1	local_main_article_and_complete_Table_S1_workbook_reviewed	focused_primary_review_complete	close_pair
COCHSRCREV-2026-09-13-FKBP5-TTC4-PMID25036637	2026-09-13	FKBP5::TTC4	FKBP5	TTC4	FKBP5	TTC4	PMID:25036637	25036637	PMC4104544	10.1016/j.cell.2014.05.039	A quantitative chaperone interaction network reveals the architecture of cellular protein homeostasis pathways	supports_context_qualified_pair_relationship	physical_association;shared_complex	FKBP5_bait_APMS_cellular_association_with_TTC4	undirected_or_not_applicable			cellular_complex_not_binary	tagged_expression_duplicate_APMS_cellular_association	no_pair_specific_HSP90_mediation_established	Human stable polyclonal 293T cells expressing predominantly C-terminal 3xFLAG-V5-tagged chaperones or co-chaperones were analyzed by anti-FLAG affinity-purification mass spectrometry from whole-cell lysate with sodium molybdate. Two AP-MS replicates were scored with SAINT; the high-confidence cutoff was AvgP >= 0.85 (estimated FDR 1.8%). An orthogonal Renilla-luciferase affinity-capture assay used LUMIER score >= 7 (estimated upper FDR 4.4%).	cultured_cell_line	human	whole_cell_or_unspecified_fraction	omics_or_screening_measurement;physical_interaction_or_proximity	FKBP5-bait AP-MS recovered TTC4 above the source's SAINT AvgP 0.85 threshold.	Table S1 workbook, AvgP scores sheet row 206: bait FKBP5, prey TTC4, AvgP 1.0, replicate spectral counts 8|9; canonical symbol; LUMIER scores sheet row 465: score 0.200105	AP-MS and LUMIER both recover proteins from cellular lysates and support cellular association or shared-complex membership. Neither assay establishes purified binary binding. Bait-to-prey orientation records assay configuration rather than biological direction.	No requested pair received a purified-protein binding test, regulatory direction test, pair-specific client-stability assay, or HSP90-isoform-resolved mediation test. A database luminescence route can represent a screened configuration and is not counted as validation unless the source's author-curated AP-MS-plus-LUMIER table passes both cutoffs.	The source uses tagged, expressed proteins in one transformed 293T lineage. Taipale 2014 and OpenCell 2022 are independent studies with different tagging strategies and interaction-calling methods, but both use the 293T/HEK293T lineage and therefore do not provide cross-lineage replication. BioGRID and IntAct routes within this source can encode the same AP-MS, LUMIER, or follow-up measurement and are not independent source replications.	cellular_complex_not_binary;database_routes_not_independent_replication;no_pair_specific_HSP90_mediation;not_client_evidence;same_293T_lineage_across_sources;single_cell_line_lineage;tagged_expression	local_main_article_and_complete_Table_S1_workbook_reviewed	focused_primary_review_complete	close_pair
COCHSRCREV-2026-09-13-FKBP5-TTC4-PMID35271311	2026-09-13	FKBP5::TTC4	FKBP5	TTC4	FKBP5	TTC4	PMID:35271311	35271311	PMC9119736	10.1126/science.abi6983	OpenCell: proteome-scale endogenous tagging enables the cartography of human cellular organization	supports_context_qualified_pair_relationship	physical_association;shared_complex	OpenCell_endogenous_tag_IPMS_association_FKBP5->TTC4	undirected_or_not_applicable			cellular_complex_not_binary	single_direction_endogenous_tag_triplicate_IPMS_cellular_association	no_pair_specific_HSP90_mediation_established	Human HEK293T polyclonal pools bearing CRISPR-generated endogenous split-mNeonGreen2 tags were lysed in 1.5% digitonin with Benzonase and captured using an anti-mNeonGreen nanobody. Each bait was analyzed in biological triplicate by label-free IP-MS. Interaction calls compared log2 LFQ measurements with bootstrapped null distributions built from an average of 349 unrelated tagged cell lines and used a bait-specific dynamic enrichment boundary. The released CSV contains accepted calls; its field named pval stores -log10(P), not a raw P value.	cultured_cell_line	human	whole_cell_or_unspecified_fraction	omics_or_screening_measurement;physical_interaction_or_proximity	The OpenCell accepted interaction release contains FKBP5->TTC4 as an endogenous-tag, triplicate cellular IP-MS association.	Official processed interaction CSV line(s) 9279: native orientation FKBP5->TTC4; pval field -log10(P) 4.38219336791844; enrichment 1.92166699986258; interaction stoichiometry 0.00684843308635402; cellular-abundance stoichiometry 1.01203820788669; canonical symbol	Endogenous-tag IP-MS measures association after lysis and can recover indirect members of larger complexes. It does not establish spatial proximity in vivo or purified binary contact. Bait-to-prey orientation is assay provenance rather than biological direction.	None of the 15 pairs passes both secondary core-cluster stoichiometry filters (interaction stoichiometry 0.05-10 and cellular-abundance stoichiometry 0.1-10). This secondary filter is not the initial interaction-calling rule. The manuscript does not discuss these rows or provide pair-specific perturbation, direct-binding, regulatory, client-stability, ubiquitination, or HSP90-dependence evidence. Only FKBP5 had released bait coverage for this pair, so reciprocal testing was unavailable and the missing reverse orientation is neutral.	One transformed, pseudo-triploid HEK293T lineage; endogenous tags can still alter abundance, localization, or interfaces. The split-fluorophore strategy mainly accesses nucleo-cytoplasmic proteins and cytosol-exposed membrane termini. Taipale 2014 is an independent source and method, but both studies use the 293T/HEK293T lineage. The publication supplement bundle is not archived locally; the exact official 29,922-row processed interaction release used for these decisions is local, so this is an archive-completeness gap rather than a review blocker.	cellular_complex_not_binary;endogenous_tag_IPMS;no_pair_specific_HSP90_mediation;not_client_evidence;publication_supplements_not_local_archive_gap;same_293T_lineage_across_sources;single_cell_line_lineage	local_main_and_official_processed_interaction_matrix_reviewed;publication_supplement_bundle_not_local_archive_gap_not_decision_blocker	focused_primary_review_complete	close_pair
COCHSRCREV-2026-09-13-FKBP5-TUBA1A-PMID25036637	2026-09-13	FKBP5::TUBA1A	FKBP5	TUBA1A	FKBP5	TUBA1A	PMID:25036637	25036637	PMC4104544	10.1016/j.cell.2014.05.039	A quantitative chaperone interaction network reveals the architecture of cellular protein homeostasis pathways	supports_context_qualified_pair_relationship	physical_association;shared_complex	FKBP5_bait_APMS_cellular_association_with_TUBA1A	undirected_or_not_applicable			cellular_complex_not_binary	tagged_expression_duplicate_APMS_cellular_association	no_pair_specific_HSP90_assay_in_this_source	Human stable polyclonal 293T cells expressing predominantly C-terminal 3xFLAG-V5-tagged chaperone or co-chaperone AP-MS baits were analyzed in duplicate from whole-cell lysate with sodium molybdate. SAINT high-confidence AP-MS required AvgP >= 0.85. LUMIER used transient 3xFLAG query baits and stable Renilla reporters in 293T cells and a high-confidence score >= 7.	cultured_cell_line	human	whole_cell_or_unspecified_fraction	omics_or_screening_measurement;physical_interaction_or_proximity	FKBP5-bait AP-MS recovered TUBA1A above the source's AvgP 0.85 threshold.	AvgP scores row 207: FKBP5 bait, TUBA1A prey, AvgP 0.99, Spec 4|5, CtrlCounts 0|0|0|0|0|0|0	AP-MS and LUMIER use cellular lysates and support association or shared-complex membership, not purified binary binding. Assay orientation is not biological direction.	Subthreshold or unavailable AP-MS or LUMIER configurations are source-specific assay results, not evidence that the proteins cannot interact in another context. No usable LUMIER configuration was available.	One transformed 293T lineage with tagged expressed proteins. BioGRID and IntAct routes can encode the same source measurement and are not independent replications.	apms_screen;cellular_complex_not_binary;database_routes_not_independent_replication;no_pair_specific_HSP90_assay;not_client_evidence;single_cell_line;tagged_expression;lumier_unavailable	local_main_article_and_complete_Table_S1_workbook_reviewed	focused_primary_review_complete	close_pair
COCHSRCREV-2026-09-13-PTGES3-FKBP6-PMID25036637	2026-09-13	FKBP6::PTGES3	FKBP6	PTGES3	PTGES3	FKBP6	PMID:25036637	25036637	PMC4104544	10.1016/j.cell.2014.05.039	A quantitative chaperone interaction network reveals the architecture of cellular protein homeostasis pathways	supports_context_qualified_pair_relationship	physical_association;shared_complex	FKBP6_bait_APMS_cellular_association_with_PTGES3	undirected_or_not_applicable			cellular_complex_not_binary	tagged_expression_duplicate_APMS_cellular_association	no_pair_specific_HSP90_assay_in_this_source	Human stable polyclonal 293T cells expressing predominantly C-terminal 3xFLAG-V5-tagged chaperone or co-chaperone AP-MS baits were analyzed by anti-FLAG affinity-purification mass spectrometry from whole-cell lysate with sodium molybdate. Two AP-MS replicates were scored with SAINT; the high-confidence cutoff was AvgP >= 0.85 (estimated FDR 1.8%). LUMIER used transient 3xFLAG query baits and stable Renilla-fused reporter preys in 293T cells; normalized luminescence Z-scores were evaluated at the source's high-confidence cutoff of approximately 7 (estimated upper FDR 4.4%).	cultured_cell_line	human	whole_cell_or_unspecified_fraction	omics_or_screening_measurement;physical_interaction_or_proximity	FKBP6-bait AP-MS recovered PTGES3 above the source's SAINT AvgP 0.85 threshold.	Table S1 workbook, AvgP scores row 213: bait FKBP6, prey PTGES3, AvgP 1.00, Spec 5|8, CtrlCounts 0|0|0|0|0|0|0; PTGES3 was not an AP-MS bait; LUMIER scores row 405, FKBP6 query with PTGES3 reporter, 0.719623; row 434, PTGES3 query with FKBP6 reporter, 1.399135	Affinity-purification mass spectrometry from cellular lysate supports co-recovery or shared-complex membership, not purified binary binding. Bait-to-prey orientation records assay configuration rather than biological direction. Within-study replicate or reciprocal AP-MS does not establish HSP90 mediation, client status, or regulation.	No requested pair received a purified-protein binding test, regulatory direction test, pair-specific client-stability assay, functional perturbation, or HSP90-isoform-resolved mediation test. A database luminescence route represents a screened configuration and is counted as within-study cross-assay support only when the author's curated AP-MS-plus-LUMIER table passes both cutoffs. Reverse AP-MS was unavailable, and both LUMIER configurations failed the score 7 threshold.	The source uses tagged, expressed proteins in one transformed 293T lineage. Negative or missing LUMIER measurements do not disprove an association because assay sensitivity and construct configuration differ from AP-MS. The main text and combined sheet use LUMIER score >= 7, while the workbook information sheet says > 7; no requested measurement is near that boundary. BioGRID and IntAct records can project the same AP-MS or screened LUMIER configuration and are not independent source replications. IntAct's anti-tag coimmunoprecipitation label does not establish a separate pair-specific co-IP experiment.	apms_screen;cellular_complex_not_binary;database_routes_not_independent_replication;lumier_below_threshold_or_unavailable;no_pair_specific_HSP90_assay;not_client_evidence;single_cell_line;tagged_expression;reverse_APMS_not_reported	local_main_article_and_complete_Table_S1_workbook_reviewed	focused_primary_review_complete	close_pair
COCHSRCREV-2026-09-13-PTGES3-FKBP8-PMID25036637	2026-09-13	FKBP8::PTGES3	FKBP8	PTGES3	PTGES3	FKBP8	PMID:25036637	25036637	PMC4104544	10.1016/j.cell.2014.05.039	A quantitative chaperone interaction network reveals the architecture of cellular protein homeostasis pathways	supports_context_qualified_pair_relationship	physical_association;shared_complex	FKBP8_bait_APMS_cellular_association_with_PTGES3	undirected_or_not_applicable			cellular_complex_not_binary	tagged_expression_duplicate_APMS_cellular_association	no_pair_specific_HSP90_assay_in_this_source	Human stable polyclonal 293T cells expressing predominantly C-terminal 3xFLAG-V5-tagged chaperone or co-chaperone AP-MS baits were analyzed in duplicate from whole-cell lysate with sodium molybdate. SAINT high-confidence AP-MS required AvgP >= 0.85. LUMIER used transient 3xFLAG query baits and stable Renilla reporters in 293T cells and a high-confidence score >= 7.	cultured_cell_line	human	whole_cell_or_unspecified_fraction	omics_or_screening_measurement;physical_interaction_or_proximity	FKBP8-bait AP-MS recovered PTGES3 above the source's AvgP 0.85 threshold.	AvgP scores row 219: FKBP8 bait, PTGES3 prey, AvgP 0.99, Spec 4|8, CtrlCounts 0|0|0|0|0|0|0; LUMIER FKBP8 query/PTGES3 reporter 0.442129 and PTGES3 query/FKBP8 reporter 1.176398	AP-MS and LUMIER use cellular lysates and support association or shared-complex membership, not purified binary binding. Assay orientation is not biological direction.	Subthreshold or unavailable AP-MS or LUMIER configurations are source-specific assay results, not evidence that the proteins cannot interact in another context. Both LUMIER orientations were below 7.	One transformed 293T lineage with tagged expressed proteins. BioGRID and IntAct routes can encode the same source measurement and are not independent replications.	apms_screen;cellular_complex_not_binary;database_routes_not_independent_replication;no_pair_specific_HSP90_assay;not_client_evidence;single_cell_line;tagged_expression;lumier_below_threshold	local_main_article_and_complete_Table_S1_workbook_reviewed	focused_primary_review_complete	close_pair
COCHSRCREV-2026-09-13-PTGES3-FKBP8-PMID35271311	2026-09-13	FKBP8::PTGES3	FKBP8	PTGES3	PTGES3	FKBP8	PMID:35271311	35271311	PMC9119736	10.1126/science.abi6983	OpenCell: proteome-scale endogenous tagging enables the cartography of human cellular organization	supports_context_qualified_pair_relationship	physical_association;shared_complex	reciprocal_FKBP8_PTGES3_OpenCell_endogenous_tag_IPMS_association	undirected_or_not_applicable			cellular_complex_not_binary	same_study_reciprocal_endogenous_tag_IPMS_cellular_association	no_pair_specific_HSP90_mediation_established	Human HEK293T polyclonal pools bearing CRISPR-generated endogenous split-mNeonGreen2 tags were captured with an anti-mNeonGreen nanobody after digitonin/Benzonase lysis and analyzed by triplicate label-free IP-MS. The official processed CSV is the accepted set: calls were selected with a dynamic bait-specific enrichment-versus-significance boundary, not a universal P < 0.05 rule; pval stores -log10(P).	cultured_cell_line	human	whole_cell_or_unspecified_fraction	omics_or_screening_measurement;physical_interaction_or_proximity	OpenCell endogenous-tag IP-MS lists FKBP8-PTGES3 in both bait-prey orientations as accepted interactions.	CSV line 9313: FKBP8 bait, PTGES3 prey, -log10(P) 10.7891862025127, enrichment 3.83723884891004, interaction stoichiometry 0.0352211813330091, abundance stoichiometry 64.8584910856103; line 18591: PTGES3 bait, FKBP8 prey, -log10(P) 19.5644834502034, enrichment 3.91526053085857, interaction stoichiometry 0.0471371857828068, abundance stoichiometry 0.0154181816946688	Endogenous-tag IP-MS measures association after lysis and can recover indirect complex members. Accepted calls and reciprocal bait recovery do not establish binary contact or regulatory direction.	The secondary core-cluster filters, interaction stoichiometry 0.05-10 and cellular-abundance stoichiometry 0.1-10, were optional annotations and not the initial accepted-interaction calling rule. Failure of one or both filters is not a biological negative. Both orientations fail one or both optional core-cluster stoichiometry filters; these are not accepted-call criteria or biological negatives.	One HEK293T lineage. Official Supplementary Table 3 records both assayed bait configurations, FKBP8 and PTGES3, as successfully N-terminally tagged. The FKBP8 tail-anchor sequence is untagged, but tag effects on localization or function were not tested.	cellular_complex_not_binary;endogenous_tag_IPMS;no_pair_specific_HSP90_mediation;not_client_evidence;single_cell_line_lineage;FKBP8_N_terminal_tag_C_terminal_tail_anchor_untagged;optional_core_filters_not_met;reciprocal_IPMS_same_study	local_main_official_processed_interaction_matrix_and_claim_bearing_library_design_table_reviewed	focused_primary_review_complete	close_pair
COCHSRCREV-2026-09-13-SUGT1-FKBP8-PMID25036637	2026-09-13	FKBP8::SUGT1	FKBP8	SUGT1	SUGT1	FKBP8	PMID:25036637	25036637	PMC4104544	10.1016/j.cell.2014.05.039	A quantitative chaperone interaction network reveals the architecture of cellular protein homeostasis pathways	supports_context_qualified_pair_relationship	physical_association;shared_complex	FKBP8_bait_APMS_cellular_association_with_SUGT1	undirected_or_not_applicable			cellular_complex_not_binary	tagged_expression_duplicate_APMS_cellular_association	no_pair_specific_HSP90_assay_in_this_source	Human stable polyclonal 293T cells expressing predominantly C-terminal 3xFLAG-V5-tagged chaperone or co-chaperone AP-MS baits were analyzed in duplicate from whole-cell lysate with sodium molybdate. SAINT high-confidence AP-MS required AvgP >= 0.85. LUMIER used transient 3xFLAG query baits and stable Renilla reporters in 293T cells and a high-confidence score >= 7.	cultured_cell_line	human	whole_cell_or_unspecified_fraction	omics_or_screening_measurement;physical_interaction_or_proximity	FKBP8-bait AP-MS recovered SUGT1 above the source's AvgP 0.85 threshold.	AvgP scores row 220: FKBP8 bait, SUGT1 prey, AvgP 0.99, Spec 19|31, CtrlCounts 0|2|0|0|5|3|0; LUMIER FKBP8 query/SUGT1 reporter 2.333799 and SUGT1 query/FKBP8 reporter -0.747444	AP-MS and LUMIER use cellular lysates and support association or shared-complex membership, not purified binary binding. Assay orientation is not biological direction.	Subthreshold or unavailable AP-MS or LUMIER configurations are source-specific assay results, not evidence that the proteins cannot interact in another context. Both LUMIER orientations were below 7.	One transformed 293T lineage with tagged expressed proteins. BioGRID and IntAct routes can encode the same source measurement and are not independent replications.	apms_screen;cellular_complex_not_binary;database_routes_not_independent_replication;no_pair_specific_HSP90_assay;not_client_evidence;single_cell_line;tagged_expression;lumier_below_threshold	local_main_article_and_complete_Table_S1_workbook_reviewed	focused_primary_review_complete	close_pair
COCHSRCREV-2026-09-13-SUGT1-FKBP8-PMID35271311	2026-09-13	FKBP8::SUGT1	FKBP8	SUGT1	SUGT1	FKBP8	PMID:35271311	35271311	PMC9119736	10.1126/science.abi6983	OpenCell: proteome-scale endogenous tagging enables the cartography of human cellular organization	supports_context_qualified_pair_relationship	physical_association;shared_complex	FKBP8_bait_OpenCell_endogenous_tag_IPMS_association_with_SUGT1	undirected_or_not_applicable			cellular_complex_not_binary	endogenous_tag_IPMS_accepted_core_cluster_association	no_pair_specific_HSP90_mediation_established	Human HEK293T polyclonal pools bearing CRISPR-generated endogenous split-mNeonGreen2 tags were captured with an anti-mNeonGreen nanobody after digitonin/Benzonase lysis and analyzed by triplicate label-free IP-MS. The official processed CSV is the accepted set: calls were selected with a dynamic bait-specific enrichment-versus-significance boundary, not a universal P < 0.05 rule; pval stores -log10(P).	cultured_cell_line	human	whole_cell_or_unspecified_fraction	omics_or_screening_measurement;physical_interaction_or_proximity	FKBP8-bait OpenCell endogenous-tag IP-MS lists SUGT1 as an accepted interaction that passes both optional core-cluster stoichiometry filters.	CSV line 9322: FKBP8 bait, SUGT1 prey, -log10(P) 14.3304837394262, enrichment 4.60427900924063, interaction stoichiometry 0.110947695201091, abundance stoichiometry 7.34624478362716	Endogenous-tag IP-MS measures association after lysis and can recover indirect complex members. Accepted calls and reciprocal bait recovery do not establish binary contact or regulatory direction.	The secondary core-cluster filters, interaction stoichiometry 0.05-10 and cellular-abundance stoichiometry 0.1-10, were optional annotations and not the initial accepted-interaction calling rule. Failure of one or both filters is not a biological negative.	One HEK293T lineage. Official Supplementary Table 3 records the assayed FKBP8 bait as successfully N-terminally tagged, leaving its C-terminal tail-anchor sequence untagged; SUGT1 is the prey and has no successful tagged-bait row. Tag effects were not tested.	cellular_complex_not_binary;endogenous_tag_IPMS;no_pair_specific_HSP90_mediation;not_client_evidence;single_cell_line_lineage;FKBP8_N_terminal_tag_C_terminal_tail_anchor_untagged;optional_core_filters_passed	local_main_official_processed_interaction_matrix_and_claim_bearing_library_design_table_reviewed	focused_primary_review_complete	close_pair
COCHSRCREV-2026-09-08-FLCN-FNIP1-PMID24095279-GAP	2026-09-08	FLCN::FNIP1	FLCN	FNIP1	FNIP1	FLCN	PMID:24095279	24095279	PMC3867817	10.1016/j.molcel.2013.09.016	The Folliculin tumor suppressor is a GAP for RagC/D GTPases that signal amino acid levels to mTORC1	supports_pair_relationship	functional_complex;stable_complex	FLCN_FNIP1_RagC_D_GAP_complex	undirected_or_not_applicable			purified_stable_complex_not_atomic_contact	purified_functional_complex	unresolved	HEK293T-derived human FLCN-FNIP1 complex purified by affinity chromatography and Superdex 200; purified Rag heterodimer GTPase assays	cultured_cell_line;purified_or_cell_free	human	cytosol;endosome_or_lysosome	biochemical_or_structural;functional_or_phenotypic_readout	FLCN-FNIP1 forms a purified two-subunit complex with RagC/D GAP activity; the FNIP1 complex is less active overall than FLCN-FNIP2 and appears relatively RagD-preferring.	Figure 4B-C;Experimental Procedures, Protein Purification and Rag GTP Hydrolysis Assays	Affinity purification followed by size-exclusion chromatography and Coomassie verification supports a stable two-subunit complex, but the paper does not report a binary binding constant or an atomic FLCN-FNIP1 interface.	The FLCN-FNIP1 complex was less active overall than FLCN-FNIP2; HSP90 was not tested.	Complexes were produced in transfected HEK293T cells; the source establishes purified complex function but not a pairwise affinity or HSP90-dependent mechanism.	complex_portal_see_also_not_pair_source_route;hsp90_not_assayed_in_source;independent_source_from_hsp90_mechanism_paper;no_atomic_pair_interface;transfected_cell_derived_complex	not_local_not_decision_limiting	focused_primary_review_complete	close_pair
COCHSRCREV-2026-09-08-FLCN-FNIP1-PMID27353360-DIRECT	2026-09-08	FLCN::FNIP1	FLCN	FNIP1	FNIP1	FLCN	PMID:27353360	27353360	PMC4931344	10.1038/ncomms12037	The FNIP co-chaperones decelerate the Hsp90 chaperone cycle and enhance drug binding	supports_pair_relationship	direct_binding;stable_complex	direct_FLCN_FNIP1_binding_and_FNIP1_bridged_HSP90_loading_complex	undirected_or_not_applicable			direct_binary	purified_binary_and_ternary_reconstitution	HSP90AA1_alpha_resolved;cytosolic_hsp90_unresolved	Endogenous and tagged HEK293 co-immunoprecipitation; bacterially expressed purified human FNIP1, FLCN, and HSP90alpha binary and ternary pulldowns	cultured_cell_line;purified_or_cell_free	human	whole_cell_or_unspecified_fraction	biochemical_or_structural;physical_interaction_or_proximity	Purified full-length FNIP1 binds purified FLCN directly and enables assembly of an HSP90alpha-FNIP1-FLCN ternary complex; cellular co-immunoprecipitation independently supports the FLCN-FNIP1 complex.	Figure 2A-B,2E-F;Supplementary Figure 2A	Directness applies to FLCN-FNIP1 and to FNIP1-HSP90alpha. HSP90alpha did not bind FLCN detectably without FNIP1, and alpha-resolved reconstitution does not establish alpha specificity or exclusivity in cells.	Purified HSP90alpha and FLCN did not directly bind without FNIP1; HSP90 inhibition did not destabilize FNIP1.	Most cellular assays used HEK293 cells and tagged constructs; cellular HSP90 paralog identity was unresolved and no HSP90AB1 comparison established isoform preference.	cellular_hsp90_isoform_unresolved;hsp90_flcn_binding_fnip1_dependent;hsp90aa1_reconstitution_not_isoform_exclusivity;multiple_biogrid_records_single_publication	local_supplement_reviewed	focused_primary_review_complete	close_pair
COCHSRCREV-2026-09-08-FLCN-FNIP1-PMID27353360-LOADING	2026-09-08	FLCN::FNIP1	FLCN	FNIP1	FNIP1	FLCN	PMID:27353360	27353360	PMC4931344	10.1038/ncomms12037	The FNIP co-chaperones decelerate the Hsp90 chaperone cycle and enhance drug binding	supports_pair_relationship	cochaperone_client_regulation;protein_stability_regulation	FNIP1_supports_HSP90_dependent_FLCN_loading_and_stability	directed	FNIP1	FLCN	functional_direction_not_binary_contact	cellular_perturbation_with_mechanistic_reconstitution	HSP90AA1_alpha_resolved;cytosolic_hsp90_unresolved	HEK293 FNIP1/FNIP2 siRNA and individual overexpression; HSP90 inhibitor and client-abundance assays; purified HSP90alpha-FNIP1-FLCN reconstitution	cultured_cell_line;purified_or_cell_free	human	whole_cell_or_unspecified_fraction	biochemical_or_structural;genetic_perturbation;protein_abundance_stability_or_folding	FNIP1 is sufficient to increase FLCN abundance when overexpressed and, together with FNIP2, is required for full FLCN stability; direct reconstitution supports an FNIP1-mediated HSP90alpha client-loading mechanism.	Figure 1E-H;Figure 2C,F;Figure 4A-B;Supplementary Figure 3A-B	The directed claim is FNIP1-to-FLCN client loading and protein-level stabilization, not exclusive isoform necessity. Direct pair contact is documented in the separate direct-binding row.	Single FNIP1 depletion produced only a modest client decrease, whereas combined FNIP1/FNIP2 depletion was stronger; FNIP proteins themselves were not destabilized by HSP90 inhibition.	Paralog compensation and the combined-knockdown design limit isoform-specific necessity; protein abundance is not a direct folding-rate measurement.	cellular_hsp90_isoform_unresolved;combined_knockdown_not_isoform_specific;hsp90aa1_reconstitution_not_isoform_exclusivity;paralog_compensation;protein_abundance_not_folding_rate	local_supplement_reviewed	focused_primary_review_complete	close_pair
COCHSRCREV-2026-09-08-FLCN-FNIP2-PMID27353360-COMPLEX	2026-09-08	FLCN::FNIP2	FLCN	FNIP2	FNIP2	FLCN	PMID:27353360	27353360	PMC4931344	10.1038/ncomms12037	The FNIP co-chaperones decelerate the Hsp90 chaperone cycle and enhance drug binding	supports_pair_relationship	physical_association;stable_complex	cellular_FLCN_FNIP2_HSP90_client_loading_complex	undirected_or_not_applicable			cellular_complex_not_binary	endogenous_and_tagged_cellular_association	HSP90AA1_alpha_resolved;cytosolic_hsp90_unresolved	Endogenous and tagged HEK293 co-immunoprecipitation; tagged HSP90alpha-domain interaction assays	cultured_cell_line	human	whole_cell_or_unspecified_fraction	biochemical_or_structural;physical_interaction_or_proximity	Endogenous and tagged cellular assays recover FLCN, FNIP2, and HSP90 in the same complex; HSP90alpha-domain assays place FNIP2 at the middle domain in cells.	Figure 2A-B;Figure 3A;Supplementary Figure 2A	This source supports a cellular FLCN-FNIP2-HSP90 co-complex, not direct FNIP2-HSP90 binding. Direct FLCN-FNIP2 contact is established independently by PMID 31672913.	The authors could not purify adequate full-length FNIP2 for direct biophysical analysis; HSP90 inhibition did not destabilize FNIP2.	Co-immunoprecipitation cannot resolve whether HSP90 association is bridged; cellular HSP90 paralog identity was unresolved.	cellular_complex_not_binary;cellular_hsp90_isoform_unresolved;full_length_fnip2_not_purified;hsp90aa1_domain_assay_not_isoform_exclusivity;multiple_biogrid_records_single_publication	local_supplement_reviewed	focused_primary_review_complete	close_pair
COCHSRCREV-2026-09-08-FLCN-FNIP2-PMID27353360-LOADING	2026-09-08	FLCN::FNIP2	FLCN	FNIP2	FNIP2	FLCN	PMID:27353360	27353360	PMC4931344	10.1038/ncomms12037	The FNIP co-chaperones decelerate the Hsp90 chaperone cycle and enhance drug binding	supports_pair_relationship	cochaperone_client_regulation;protein_stability_regulation	FNIP2_supports_HSP90_dependent_FLCN_loading_and_stability	directed	FNIP2	FLCN	functional_direction_not_binary_contact	cellular_perturbation_support	HSP90AA1_alpha_resolved;cytosolic_hsp90_unresolved	HEK293 FNIP1/FNIP2 siRNA and individual overexpression; FLCN abundance and HSP90alpha ATPase assays	cultured_cell_line;purified_or_cell_free	human	whole_cell_or_unspecified_fraction	biochemical_or_structural;genetic_perturbation;protein_abundance_stability_or_folding	FNIP2 is sufficient to increase FLCN abundance when overexpressed and, together with FNIP1, is required for full FLCN stability; FNIP2 also suppresses HSP90alpha ATPase activity, supporting a co-chaperone mechanism.	Figure 4A-B,4D;Supplementary Figures 3A-B,4C-D	The directed claim is FNIP2-to-FLCN protein-level support. A pair-specific full-length FNIP2 ternary loading reaction was not reconstituted, so the precise loading mechanism is less direct than for FNIP1.	Single FNIP2 depletion produced only a modest client decrease, whereas combined FNIP1/FNIP2 depletion was stronger.	Paralog compensation and combined depletion limit isoform-specific necessity; purified full-length FNIP2 was unavailable and cellular HSP90 paralog identity was unresolved.	cellular_hsp90_isoform_unresolved;combined_knockdown_not_isoform_specific;full_length_fnip2_not_purified;pair_specific_loading_mechanism_not_reconstituted;paralog_compensation;protein_abundance_not_folding_rate	local_supplement_reviewed	focused_primary_review_complete	close_pair
COCHSRCREV-2026-09-08-FLCN-FNIP2-PMID31672913-STRUCTURE	2026-09-08	FLCN::FNIP2	FLCN	FNIP2	FNIP2	FLCN	PMID:31672913	31672913	PMC6945816	10.1126/science.aax0364	Structural mechanism of a Rag GTPase activation checkpoint by the lysosomal folliculin complex	supports_pair_relationship	direct_binding;functional_complex;stable_complex;structural_complex	FLCN_FNIP2_structural_Rag_GAP_complex	undirected_or_not_applicable			atomic_interface_resolved	cryo_em_structural_and_reconstituted_functional_complex	unresolved	Purified recombinant human FLCN-FNIP2 and Rag-Ragulator complexes; 3.6-Angstrom cryo-EM; HEK293A and HEK293T nutrient-response and rescue assays	cultured_cell_line;purified_or_cell_free	human	cytosol;endosome_or_lysosome	biochemical_or_structural;functional_or_phenotypic_readout;genetic_perturbation	FLCN and FNIP2 form a structurally resolved longin-longin and DENN-domain assembly within the lysosomal folliculin complex; reconstitution, SEC, mutagenesis, and GAP assays establish a stable state-dependent functional complex.	Figures 1D-E,2D-F,4B-E,5D-F;Table S1	The 3.6-Angstrom multicomponent cryo-EM reconstruction resolves an FLCN-FNIP2 interface, but it represents a defined Rag-Ragulator nucleotide state and includes disordered or homology-modeled regions rather than a binary affinity measurement.	The starvation-state lysosomal complex is GAP-inhibited; FLCN-FNIP2 did not form a stable complex with active-state Rag-Ragulator.	The structure is a state-specific reconstituted multicomponent assembly; the study did not test HSP90 or HSP90 isoforms.	complex_portal_see_also_not_pair_source_route;defined_nucleotide_state;hsp90_not_assayed_in_source;independent_source_from_hsp90_mechanism_paper;multicomponent_structure;state_specific_complex	not_local_not_decision_limiting	focused_primary_review_complete	close_pair
COCHSRCREV-2026-09-13-PPP5C-GNA12-PMID12176367	2026-09-13	GNA12::PPP5C	GNA12	PPP5C	PPP5C	GNA12	PMID:12176367	12176367		10.1016/S0960-9822(02)01034-5	Galpha(12) and Galpha(13) interact with Ser/Thr protein phosphatase type 5 and stimulate its phosphatase activity	supports_pair_relationship	functional_complex;physical_association;shared_complex	GNA12_PPP5C_multisystem_association_and_GNA12_directed_phosphatase_activation	directed	GNA12	PPP5C	heterologous_reporter_cellular_and_tissue_complex_plus_defined_purified_function_not_purified_binding	Y2H_cellular_and_endogenous_tissue_coIP_cell_lysate_pull_down_plus_defined_purified_activation	purified_activation_HSP90_independent_cellular_mediation_not_tested	Constitutively active GNA12-Q229L bait screened a rat-brain yeast two-hybrid library. COS-7 assays tested tagged rat PPP5C full length, TPR domain, or phosphatase domain with wild-type or QL GNA12 by co-IP, GST pull-down from transfected lysate, microscopy, and fractionation. Reciprocal endogenous co-IP used adult rat-brain lysate. Defined cell-free phosphatase assays combined bacterially expressed GST-PPP5C with GST-GNA12 proteins.	cultured_cell_line;purified_or_cell_free;tissue_or_biospecimen	african_green_monkey;budding_yeast;escherichia_coli;rat	cytosol;plasma_membrane_or_cell_surface;whole_cell_or_unspecified_fraction	biochemical_or_structural;functional_or_phenotypic_readout;localization_trafficking_or_secretion;physical_interaction_or_proximity	GNA12-QL bait recovered full-length PPP5C in yeast; GNA12 and PPP5C co-recovered in COS-7 cells and reciprocally from adult rat brain. GNA12 activation enhanced TPR-domain-dependent association, moved PPP5C from cytosol to the cell periphery/membrane, and increased purified GST-PPP5C phosphatase activity about 2.5-fold.	Y2H Results: approximately 12 million rat-brain-library clones screened with GNA12-QL; Fig. 1B-C: three replicate GST-PPP5C-TPR pull-downs from COS-7 lysate and purified GST constructs; Fig. 2A: COS-7 co-IP of full-length/TPR but not phosphatase-domain PPP5C; Fig. 2B-C: reciprocal endogenous adult-rat-brain co-IP with anti-GNA12, anti-PPP5C, and anti-GNAQ control; Fig. 3 and Supplementary Fig. S1: activation-dependent PPP5C relocalization; Fig. 4A-C: defined GST-protein phosphatase assays	The GST-PPP5C pull-down used transfected COS-7 lysate and does not establish purified binding. The defined purified-protein assay establishes direct functional activation under that assay, not a measured binding interface. The directed edge applies only to G-protein activation of PPP5C phosphatase activity; physical association remains undirected.	GST alone, GNAQ-QL, and GNAI2-QL did not bind PPP5C-TPR or activate PPP5C. PPP5C's isolated phosphatase domain did not co-IP with GNA12-QL or relocalize and was not activated. Anti-GNAQ did not recover endogenous PPP5C.	The constitutively active G-protein constructs and tagged proteins may not reproduce native stoichiometry. The authors note that HSP90 could mediate cellular GNA12-PPP5C association, but the source does not test HSP90 dependence or identify an HSP90 isoform. BioGRID and HPRD route labels aggregate this one paper and are not independent replication. These results are not HSP90 client evidence.	GNA12_Q229L_constitutive_active_construct;HSP90_adaptor_possible_not_tested;database_routes_not_independent_replication;defined_protein_function_not_binding_assay;endogenous_reciprocal_rat_brain_coIP;no_HSP90_isoform_resolution;not_client_evidence;pair_specific_Y2H_and_cellular_coIP;physical_association_not_directional	local_complete_publisher_article_and_one_advertised_claim_bearing_supplement_reviewed	focused_primary_review_complete	close_pair
COCHSRCREV-2026-09-13-PPP5C-GNA13-PMID12176367	2026-09-13	GNA13::PPP5C	GNA13	PPP5C	PPP5C	GNA13	PMID:12176367	12176367		10.1016/S0960-9822(02)01034-5	Galpha(12) and Galpha(13) interact with Ser/Thr protein phosphatase type 5 and stimulate its phosphatase activity	supports_pair_relationship	functional_complex;physical_association;shared_complex	GNA13_PPP5C_cell_lysate_pull_down_and_GNA13_directed_defined_protein_phosphatase_activation	directed	GNA13	PPP5C	cell_lysate_pull_down_plus_defined_purified_function_not_purified_binding	cell_lysate_pull_down_plus_defined_purified_protein_functional_activation	purified_activation_HSP90_independent_cellular_mediation_not_tested	Constitutively active GNA13-QL was expressed in COS-7 cells and tested by pull-down with bacterially expressed GST-PPP5C-TPR. A separate defined cell-free assay combined purified bacterially expressed GST-GNA13-QL and GST-PPP5C and measured pNPP phosphatase activity, with or without arachidonic acid.	cultured_cell_line;purified_or_cell_free	african_green_monkey;escherichia_coli;rat	whole_cell_or_unspecified_fraction	biochemical_or_structural;functional_or_phenotypic_readout;physical_interaction_or_proximity	GST-PPP5C-TPR recovered GNA13-QL from COS-7 lysate. In the defined protein assay, purified GST-GNA13-QL increased GST-PPP5C phosphatase activity about 2.5-fold and retained that effect across the arachidonic-acid dose series.	Fig. 1B-C: GST-PPP5C-TPR pull-down of COS-7-expressed GNA13-QL with GNAQ-QL and GNAI2-QL negative specificity controls, three experiments; Fig. 4A-B: purified GST-GNA13-QL activates GST-PPP5C alone and with arachidonic acid; Fig. 4 legend: 10 nM GST-fused GTPases and three independent assays	The GST-PPP5C pull-down used transfected COS-7 lysate and does not establish purified binding. The defined purified-protein assay establishes direct functional activation under that assay, not a measured binding interface. The directed edge applies only to G-protein activation of PPP5C phosphatase activity; physical association remains undirected.	GNAQ-QL and GNAI2-QL did not bind PPP5C-TPR or activate PPP5C, and GST alone did not activate it. GNA13 was not tested in the source's yeast two-hybrid, cellular co-IP, endogenous rat-brain co-IP, or localization experiments.	The constitutively active G-protein constructs and tagged proteins may not reproduce native stoichiometry. The authors note that HSP90 could mediate cellular GNA12-PPP5C association, but the source does not test HSP90 dependence or identify an HSP90 isoform. BioGRID and HPRD route labels aggregate this one paper and are not independent replication. These results are not HSP90 client evidence.	GNA13_QL_constitutive_active_construct;HSP90_adaptor_possible_not_tested;database_routes_not_independent_replication;defined_protein_function_not_binding_assay;no_GNA13_Y2H;no_GNA13_cellular_coIP;no_GNA13_in_vivo_or_tissue_assay;no_HSP90_isoform_resolution;not_client_evidence;physical_association_not_directional	local_complete_publisher_article_and_one_advertised_claim_bearing_supplement_reviewed	focused_primary_review_complete	close_pair
COCHSRCREV-2026-09-13-PPID-GPALPP1-PMID25036637	2026-09-13	GPALPP1::PPID	GPALPP1	PPID	PPID	GPALPP1	PMID:25036637	25036637	PMC4104544	10.1016/j.cell.2014.05.039	A quantitative chaperone interaction network reveals the architecture of cellular protein homeostasis pathways	supports_context_qualified_pair_relationship	physical_association;shared_complex	PPID_bait_APMS_cellular_association_with_GPALPP1	undirected_or_not_applicable			cellular_complex_not_binary	tagged_expression_duplicate_APMS_cellular_association	no_pair_specific_HSP90_assay_in_this_source	Human stable polyclonal 293T cells expressing predominantly C-terminal 3xFLAG-V5-tagged chaperone or co-chaperone AP-MS baits were analyzed by anti-FLAG affinity-purification mass spectrometry from whole-cell lysate with sodium molybdate. Two AP-MS replicates were scored with SAINT; the high-confidence cutoff was AvgP >= 0.85 (estimated FDR 1.8%). LUMIER used transient 3xFLAG query baits and stable Renilla-fused reporter preys in 293T cells; normalized luminescence Z-scores were evaluated at the source's high-confidence cutoff of approximately 7 (estimated upper FDR 4.4%).	cultured_cell_line	human	whole_cell_or_unspecified_fraction	omics_or_screening_measurement;physical_interaction_or_proximity	PPID-bait AP-MS recovered source prey KIAA1704 above the source's SAINT AvgP 0.85 threshold; KIAA1704 maps to GPALPP1.	Table S1 workbook, AvgP scores row 407: bait PPID, source prey KIAA1704, AvgP 1.00, Spec 50|90, CtrlCounts 0|0|0|0|0|0|0; KIAA1704 maps to GPALPP1 and was not an AP-MS bait; LUMIER scores row 596, KIAA1704-FLAG query with PPID-Renilla reporter, 1.310839	Affinity-purification mass spectrometry from cellular lysate supports co-recovery or shared-complex membership, not purified binary binding. Bait-to-prey orientation records assay configuration rather than biological direction. Within-study replicate or reciprocal AP-MS does not establish HSP90 mediation, client status, or regulation.	No requested pair received a purified-protein binding test, regulatory direction test, pair-specific client-stability assay, functional perturbation, or HSP90-isoform-resolved mediation test. A database luminescence route represents a screened configuration and is counted as within-study cross-assay support only when the author's curated AP-MS-plus-LUMIER table passes both cutoffs. Reverse AP-MS was unavailable, and the measured LUMIER configuration failed the score 7 threshold.	The source uses tagged, expressed proteins in one transformed 293T lineage. Negative or missing LUMIER measurements do not disprove an association because assay sensitivity and construct configuration differ from AP-MS. The main text and combined sheet use LUMIER score >= 7, while the workbook information sheet says > 7; no requested measurement is near that boundary. BioGRID and IntAct records can project the same AP-MS or screened LUMIER configuration and are not independent source replications. IntAct's anti-tag coimmunoprecipitation label does not establish a separate pair-specific co-IP experiment.	apms_screen;cellular_complex_not_binary;database_routes_not_independent_replication;lumier_below_threshold_or_unavailable;no_pair_specific_HSP90_assay;not_client_evidence;single_cell_line;tagged_expression;reverse_APMS_not_reported;source_alias_normalized;KIAA1704_maps_to_GPALPP1	local_main_article_and_complete_Table_S1_workbook_reviewed	focused_primary_review_complete	close_pair
COCHSRCREV-2026-09-14-HDAC6-STIP1-PMID25036637	2026-09-14	HDAC6::STIP1	HDAC6	STIP1	STIP1	HDAC6	PMID:25036637	25036637	PMC4104544	10.1016/j.cell.2014.05.039	A quantitative chaperone interaction network reveals the architecture of cellular protein homeostasis pathways	supports_context_qualified_pair_relationship	physical_association	HDAC6_query_STIP1_reporter_LUMIER_near_threshold_cellular_association	undirected_or_not_applicable			tagged_expression_LUMIER_cellular_association_not_binary	single_orientation_LUMIER_at_or_near_source_threshold_without_APMS	no_pair_specific_HSP90_mediation_or_isoform_dependency_established	Human 293T stable Renilla-reporter cells and transient 3xFLAG query expression supplied LUMIER measurements; score at least 7 defined a qualifying source result. Query/reporter orientation is assay configuration, not biological direction.	cultured_cell_line	human	whole_cell_or_unspecified_fraction	omics_or_screening_measurement;physical_interaction_or_proximity	HDAC6 query to STIP1 reporter LUMIER scored 7.135871, just above the source threshold of 7.	Table S1 decision workbook, general LUMIER matrix exact query/reporter cell	One tagged-expression LUMIER result supports cellular association only. It does not establish purified binding, biological direction, client status, pair-specific HSP90 mediation, or isoform dependence.	No qualifying AP-MS result or reciprocal LUMIER result is used for this pair. Database assay labels are source projections and do not add independent replication.	One 293T tagged-expression study. Values near the cutoff remain numeric and source-qualified; assay orientation and separate HSP90 measurements are not converted into biology or client evidence.	database_route_not_independent_replication;LUMIER_assay_orientation_not_biological_direction;no_pair_specific_HSP90_mediation;not_client_evidence;single_cell_line;single_orientation;tagged_expression	local_main_article_and_decision_complete_Table_S1_workbook_reviewed;optional_other_supplements_not_decision_blocking	focused_primary_review_complete	close_pair
COCHSRCREV-2026-09-14-HDAC6-STIP1-PMID35676659	2026-09-14	HDAC6::STIP1	HDAC6	STIP1	STIP1	HDAC6	PMID:35676659	35676659	PMC9175482	10.1186/s12885-022-09680-4	LukS-PV inhibits hepatocellular carcinoma cells migration by downregulating HDAC6 expression	supports_context_qualified_pair_relationship	physical_association;shared_complex	single_peptide_STIP1_recovery_in_FLAG_HDAC6_IPMS	undirected_or_not_applicable			single_bait_low_peptide_IPMS_not_binary	supplement_only_one_peptide_one_PSM_HDCA6_bait_IPMS_context	no_pair_specific_HSP90_mediation_or_isoform_dependency_established	Stable FLAG-HDAC6 hepatocellular-carcinoma cells, including Huh7 context, supplied affinity-purification mass spectrometry. STIP1 appears only in the exposed supplementary protein table and was not discussed or target-validated.	cultured_cell_line	human	cytosol	omics_or_screening_measurement;physical_interaction_or_proximity	Supplementary Additional file 2 row 420 reports STIP1/P31948 in the HDAC6 IP-MS list with q=0, score 2.85496, 3.144% coverage, one peptide, one PSM, one unique peptide, area 65,003,500, and emPAI 0.054.	Additional file 2 (MOESM2), Proteins worksheet row 420	A one-peptide single-bait IP-MS recovery supports low-confidence co-complex context only. It does not establish pairwise contact, biological direction, functional regulation, client status, HSP90 mediation, or isoform dependence.	The paper mentions an IgG control, but the exposed list lacks a pair-specific control comparison. No STIP1 immunoblot, reverse IP, or STIP1 perturbation was reported.	The pair is not discussed in the main text and rests on one peptide/one PSM in a supplementary screen table. The exact database route is therefore retained only as context-qualified association evidence.	database_route_not_independent_replication;low_peptide_count;no_pair_specific_control_value;no_pair_specific_HSP90_mediation;not_client_evidence;screen_only_not_target_validated;single_bait_IPMS;supplement_table_only	local_main_text_XML_and_all_three_advertised_supplements;claim_bearing_Additional_file_2_reviewed	focused_primary_review_complete	close_pair
COCHSRCREV-2026-09-13-SUGT1-HSF4-PMID25036637	2026-09-13	HSF4::SUGT1	HSF4	SUGT1	SUGT1	HSF4	PMID:25036637	25036637	PMC4104544	10.1016/j.cell.2014.05.039	A quantitative chaperone interaction network reveals the architecture of cellular protein homeostasis pathways	supports_context_qualified_pair_relationship	physical_association;shared_complex	HSF4_bait_APMS_cellular_association_with_SUGT1	undirected_or_not_applicable			cellular_complex_not_binary	tagged_expression_duplicate_APMS_cellular_association	no_pair_specific_HSP90_assay_in_this_source	Human stable polyclonal 293T cells expressing predominantly C-terminal 3xFLAG-V5-tagged chaperone or co-chaperone AP-MS baits were analyzed by anti-FLAG affinity-purification mass spectrometry from whole-cell lysate with sodium molybdate. Two AP-MS replicates were scored with SAINT; the high-confidence cutoff was AvgP >= 0.85 (estimated FDR 1.8%). LUMIER used transient 3xFLAG query baits and stable Renilla-fused reporter preys in 293T cells; normalized luminescence Z-scores were evaluated at the source's high-confidence cutoff of approximately 7 (estimated upper FDR 4.4%).	cultured_cell_line	human	whole_cell_or_unspecified_fraction	omics_or_screening_measurement;physical_interaction_or_proximity	HSF4-bait AP-MS recovered SUGT1 above the source's SAINT AvgP 0.85 threshold.	Table S1 workbook, AvgP scores row 243: bait HSF4, prey SUGT1, AvgP 0.99, Spec 17|26, CtrlCounts 4|0|0|0|5|3|3|0|5|0; no SUGT1-bait HSF4 prey row among detected proteins despite SUGT1 bait coverage; neither LUMIER configuration was available	Affinity-purification mass spectrometry from cellular lysate supports co-recovery or shared-complex membership, not purified binary binding. Bait-to-prey orientation records assay configuration rather than biological direction. Within-study replicate or reciprocal AP-MS does not establish HSP90 mediation, client status, or regulation.	No requested pair received a purified-protein binding test, regulatory direction test, pair-specific client-stability assay, functional perturbation, or HSP90-isoform-resolved mediation test. A database luminescence route represents a screened configuration and is counted as within-study cross-assay support only when the author's curated AP-MS-plus-LUMIER table passes both cutoffs. Reverse AP-MS was not reported, and both LUMIER configurations were unavailable.	The source uses tagged, expressed proteins in one transformed 293T lineage. Negative or missing LUMIER measurements do not disprove an association because assay sensitivity and construct configuration differ from AP-MS. The main text and combined sheet use LUMIER score >= 7, while the workbook information sheet says > 7; no requested measurement is near that boundary. BioGRID and IntAct records can project the same AP-MS or screened LUMIER configuration and are not independent source replications. IntAct's anti-tag coimmunoprecipitation label does not establish a separate pair-specific co-IP experiment.	apms_screen;cellular_complex_not_binary;database_routes_not_independent_replication;lumier_below_threshold_or_unavailable;no_pair_specific_HSP90_assay;not_client_evidence;single_cell_line;tagged_expression;reverse_APMS_not_reported;lumier_unavailable	local_main_article_and_complete_Table_S1_workbook_reviewed	focused_primary_review_complete	close_pair
COCHSRCREV-2026-09-14-HSPA14-STIP1-PMID10786835	2026-09-14	HSPA14::STIP1	HSPA14	STIP1	STIP1	HSPA14	PMID:10786835	10786835		10.1016/S0092-8674(00)80830-2	Structure of TPR domain-peptide complexes: critical elements in the assembly of the Hsp70-Hsp90 multichaperone machine	database_route_not_supported_by_source		generic_Hsp70_Hsc70_TPR1_structure_does_not_support_exact_HSPA14_STIP1_projection	not_applicable			source_gene_identity_mismatch	database_projection_not_supported_by_source	separate_TPR2A_Hsp90_peptide_structure_without_HSPA14_assay	Purified human Hop/STIP1 TPR1 was examined with canonical Hsp70/Hsc70 C-terminal domain or peptides, while TPR2A was examined separately with the Hsp90 MEEVD peptide in biochemical and crystallographic assays.	purified_or_cell_free	human	not_reported	biochemical_or_structural	The source supports direct TPR1 binding to canonical Hsp70/Hsc70 C-terminal material (approximately 15 micromolar, near 1:1) and a separate TPR2A-Hsp90 peptide structure. It never names, accesses, or tests HSPA14/HSP70L1.	TPR1-Hsp70/Hsc70 peptide binding and atomic structures; separate TPR2A-Hsp90 MEEVD complex	Direct structural evidence for generic canonical Hsp70/Hsc70 cannot be projected to HSPA14. Directness for the exact HSPA14-STIP1 pair is none, so this row is non-renderable and supplies no edge.	This is an exact-gene identity failure, not evidence that HSPA14 and STIP1 cannot interact in another experiment.	BioGRID and HPRD duplicate the same unsupported identity projection. The source does not support an HSPA14 interaction, direction, client relationship, or HSP90 isoform claim.	database_gene_identity_mismatch;database_routes_not_independent_replication;generic_Hsp70_not_HSPA14;not_biological_negative;not_client_evidence;source_gene_identity_unresolved	local_complete_main_article_reviewed;no_supplement_required	focused_primary_review_complete	close_pair
COCHSRCREV-2026-09-13-STUB1-HSPA1A-PMID25036637-UNSUPPORTED	2026-09-13	HSPA1A::STUB1	HSPA1A	STUB1	STUB1	HSPA1A	PMID:25036637	25036637	PMC4104544	10.1016/j.cell.2014.05.039	A quantitative chaperone interaction network reveals the architecture of cellular protein homeostasis pathways	database_route_not_supported_by_source		database_STUB1_HSPA1A_route_does_not_pass_source_thresholds	undirected_or_not_applicable			source_high_confidence_pair_not_supported	database_projection_not_supported_by_source	no_pair_specific_HSP90_assay_in_this_source	Stable human 293T cell lines expressing C-terminal 3xFLAG-V5-tagged chaperome proteins for AP-MS and Renilla-tagged proteins for quantitative LUMIER assays; high-confidence cutoffs were SAINT AvgP >= 0.85 and LUMIER score >= 7	cultured_cell_line	human	whole_cell_or_unspecified_fraction	omics_or_screening_measurement;physical_interaction_or_proximity	The source matrix contains no STUB1-HSPA1A AP-MS interaction; both exact LUMIER orientations are below the high-confidence cutoff.	Table S1: no AP-MS row; LUMIER 2.045 and 0.976, both below 7	The IntAct anti-tag co-immunoprecipitation label cannot replace the primary source's quantitative high-confidence matrix.	Failure to pass this study's matrix thresholds is not evidence that STUB1 and HSPA1A cannot interact in another context.	This is a database-to-primary-source reconciliation result, not a biological negative pair test.	database_projection_not_supported;database_encodings_exceed_primary_matrix;not_negative_evidence;single_publication_multiple_pair_routes	local_native_table_s1_reviewed_supplemental_figure_pdf_missing_not_decision_limiting	focused_primary_review_complete	retain_pair
COCHSRCREV-2026-09-14-HSPA1A_STUB1-PMID32687490	2026-09-14	HSPA1A::STUB1	HSPA1A	STUB1	STUB1	HSPA1A	PMID:32687490	32687490	PMC7392334	10.1371/journal.pbio.3000606	Proteome-wide identification of HSP70/HSC70 chaperone clients in human cells	supports_context_qualified_pair_relationship	physical_association;shared_complex	HSPA1A_BioID_proximity_to_STUB1_CHIP	undirected_or_not_applicable			engineered_cellular_UBAIT_or_BioID_association_not_purified_binary_binding	source_internal_BioID_positive_UBAIT_negative_context_association	no_pair_specific_HSP90_assay_in_this_source	Human U2OS cells expressing full-length HSPA1A or HSPA8 UBAIT constructs, matched delta-GG controls, or inducible BioID2-HSPA1A. Denaturing streptavidin isolation and label-free LC-MS/MS were analyzed by bootstrap enrichment and modified Benjamini-Hochberg FDR 0.05.	cultured_cell_line	human	whole_cell_or_unspecified_fraction	omics_or_screening_measurement;physical_interaction_or_proximity	BioID S3 Data, HSP70 BioID row 63, reports STUB1 enrichment 47.704 versus the 95% cutoff 2.276 with q=0.00335. UBAIT S1 Data finds STUB1 but rejects it in all three HSPA1A sets.	pbio.3000606.s010.xlsx, HSP70 BioID row 63; pbio.3000606.s008.xlsx, HSP70 UBAIT STUB1 row	BioID establishes HSPA1A-proximal context, while the orthogonal UBAIT assay did not pass for STUB1. This does not establish direct binding or a substrate/client relationship.	Database bait-to-prey orientation is not biological direction. This source supplies no pair-specific HSP90 dependence, HSP90 isoform selectivity, or HSP90-client evidence.	Engineered induced bait proteins in one cell line provide a condition-specific snapshot. UBAIT and BioID are orthogonal assays within one publication, not independent publications. No reciprocal IP, purified reconstitution, functional dependency, or pair-specific localization was shown.	BioID_proximity_not_direct_binding;cell_line_construct_context;database_route_not_independent_of_source_table;no_HSP90_assay_in_source;not_HSP90_client_evidence;not_isoform_exclusivity_evidence;source_internal_assays_not_independent_publications;UBAIT_capture_not_purified_binary_binding	local_main_and_all_native_supplementary_workbooks_available;exact_claim_rows_reviewed_complete	focused_primary_review_complete	retain_pair
COCHSRCREV-2026-09-13-STUB1-HSPA1B-PMID25036637	2026-09-13	HSPA1B::STUB1	HSPA1B	STUB1	STUB1	HSPA1B	PMID:25036637	25036637	PMC4104544	10.1016/j.cell.2014.05.039	A quantitative chaperone interaction network reveals the architecture of cellular protein homeostasis pathways	supports_context_qualified_pair_relationship	physical_association;shared_complex	STUB1_HSPA1B_high_confidence_human_cellular_co_complex	undirected_or_not_applicable			cellular_complex_not_binary	high_confidence_cellular_apms_co_complex	no_pair_specific_HSP90_assay_in_this_source	Stable human 293T cell lines expressing C-terminal 3xFLAG-V5-tagged chaperome proteins for AP-MS and Renilla-tagged proteins for quantitative LUMIER assays; high-confidence cutoffs were SAINT AvgP >= 0.85 and LUMIER score >= 7	cultured_cell_line	human	whole_cell_or_unspecified_fraction	omics_or_screening_measurement;physical_interaction_or_proximity	HSPA1B and STUB1 passed the source's high-confidence AP-MS cutoff; this supports a human cellular physical association or shared complex.	STUB1-bait AP-MS SAINT AvgP 1.00 (Table S1 row 451)	High-confidence cellular AP-MS supports co-complex membership. Absent or subthreshold LUMIER evidence adds no orthogonal support, and the AP-MS result does not establish purified binary binding.	The pair assays do not test client stabilization, ubiquitination, pair-specific HSP90 dependence, or direct binding.	Tagged proteins in one human cell-line background. Database assay labels and pair expansions cannot substitute for the source matrix thresholds.	cellular_complex_not_binary;no_pair_specific_HSP90_assay;not_client_evidence;not_direct_binding;single_publication_multiple_pair_routes;tagged_expression;database_encodings_exceed_primary_matrix	local_native_table_s1_reviewed_supplemental_figure_pdf_missing_not_decision_limiting	focused_primary_review_complete	close_pair
COCHSRCREV-2026-09-13-STUB1-HSPA1L-PMID25036637	2026-09-13	HSPA1L::STUB1	HSPA1L	STUB1	STUB1	HSPA1L	PMID:25036637	25036637	PMC4104544	10.1016/j.cell.2014.05.039	A quantitative chaperone interaction network reveals the architecture of cellular protein homeostasis pathways	supports_context_qualified_pair_relationship	physical_association;shared_complex	STUB1_HSPA1L_high_confidence_human_cellular_co_complex	undirected_or_not_applicable			cellular_complex_not_binary	high_confidence_cellular_apms_co_complex	no_pair_specific_HSP90_assay_in_this_source	Stable human 293T cell lines expressing C-terminal 3xFLAG-V5-tagged chaperome proteins for AP-MS and Renilla-tagged proteins for quantitative LUMIER assays; high-confidence cutoffs were SAINT AvgP >= 0.85 and LUMIER score >= 7	cultured_cell_line	human	whole_cell_or_unspecified_fraction	omics_or_screening_measurement;physical_interaction_or_proximity	HSPA1L and STUB1 passed the source's high-confidence AP-MS cutoff; this supports a human cellular physical association or shared complex.	STUB1-bait AP-MS SAINT AvgP 0.99 (Table S1 row 452)	High-confidence cellular AP-MS supports co-complex membership. Absent or subthreshold LUMIER evidence adds no orthogonal support, and the AP-MS result does not establish purified binary binding.	The pair assays do not test client stabilization, ubiquitination, pair-specific HSP90 dependence, or direct binding.	Tagged proteins in one human cell-line background. Database assay labels and pair expansions cannot substitute for the source matrix thresholds.	cellular_complex_not_binary;no_pair_specific_HSP90_assay;not_client_evidence;not_direct_binding;single_publication_multiple_pair_routes;tagged_expression;database_encodings_exceed_primary_matrix	local_native_table_s1_reviewed_supplemental_figure_pdf_missing_not_decision_limiting	focused_primary_review_complete	close_pair
COCHSRCREV-2026-09-13-STUB1-HSPA2-PMID25036637	2026-09-13	HSPA2::STUB1	HSPA2	STUB1	STUB1	HSPA2	PMID:25036637	25036637	PMC4104544	10.1016/j.cell.2014.05.039	A quantitative chaperone interaction network reveals the architecture of cellular protein homeostasis pathways	supports_context_qualified_pair_relationship	physical_association;shared_complex	STUB1_HSPA2_high_confidence_human_cellular_co_complex	undirected_or_not_applicable			cellular_complex_not_binary	high_confidence_cellular_apms_co_complex	no_pair_specific_HSP90_assay_in_this_source	Stable human 293T cell lines expressing C-terminal 3xFLAG-V5-tagged chaperome proteins for AP-MS and Renilla-tagged proteins for quantitative LUMIER assays; high-confidence cutoffs were SAINT AvgP >= 0.85 and LUMIER score >= 7	cultured_cell_line	human	whole_cell_or_unspecified_fraction	omics_or_screening_measurement;physical_interaction_or_proximity	HSPA2 and STUB1 passed the source's high-confidence AP-MS cutoff; this supports a human cellular physical association or shared complex.	STUB1-bait AP-MS SAINT AvgP 1.00 (Table S1 row 453); the available LUMIER orientation was subthreshold at 4.349	High-confidence cellular AP-MS supports co-complex membership. Absent or subthreshold LUMIER evidence adds no orthogonal support, and the AP-MS result does not establish purified binary binding.	The pair assays do not test client stabilization, ubiquitination, pair-specific HSP90 dependence, or direct binding.	Tagged proteins in one human cell-line background. Database assay labels and pair expansions cannot substitute for the source matrix thresholds.	cellular_complex_not_binary;no_pair_specific_HSP90_assay;not_client_evidence;not_direct_binding;single_publication_multiple_pair_routes;tagged_expression;database_encodings_exceed_primary_matrix	local_native_table_s1_reviewed_supplemental_figure_pdf_missing_not_decision_limiting	focused_primary_review_complete	close_pair
COCHSRCREV-2026-09-08-HSPA4-STUB1-PMID20661446-UNSUPPORTED	2026-09-08	HSPA4::STUB1	HSPA4	STUB1	STUB1	HSPA4	PMID:20661446	20661446	PMC2908686	10.1371/journal.pone.0011717	Differential impact of tetratricopeptide repeat proteins on the steroid hormone receptors	database_route_not_supported_by_source		generic_Hsp70_signal_does_not_resolve_HSPA4_STUB1	not_applicable			source_gene_identity_unresolved	database_projection_not_supported_by_source	cytosolic_hsp90_unresolved	Tagged STUB1/CHIP immunoprecipitation with an endogenous generic Hsp70 immunoblot in human HEK-293 cells	cultured_cell_line	human	whole_cell_or_unspecified_fraction	physical_interaction_or_proximity	The source reports a generic endogenous Hsp70 signal in a STUB1-containing cellular complex but never identifies HSPA4 or uses an HSPA4-specific reagent.	Figure 11 and Methods, immunoprecipitation	The experiment cannot be assigned to HSPA4; it therefore does not support the exact HSPA4-STUB1 database projection.	This is an identity-resolution failure, not evidence that HSPA4 and STUB1 do not interact.	The Hsp70 antibody/readout is paralog-unspecified; BioGRID's HSPA4 projection exceeds what the primary source reports.	database_projection_not_supported;generic_hsp70_not_hspa4;not_negative_evidence;single_publication_multiple_pair_routes;source_gene_identity_unresolved	local_claim_figure_objects_reviewed_no_separate_supplement	focused_primary_review_complete	retain_pair
COCHSRCREV-2026-09-14-HSPA4_STUB1-PMID35831314	2026-09-14	HSPA4::STUB1	HSPA4	STUB1	STUB1	HSPA4	PMID:35831314	35831314	PMC9279285	10.1038/s41467-022-31809-z	Scalable multiplex co-fractionation/mass spectrometry platform for accelerated protein interactome discovery	supports_context_qualified_pair_relationship	physical_association;shared_complex	EPIC_cofractionation_association_HSPA4_STUB1_qualifies_in_MCF10A	undirected_or_not_applicable			classifier_inferred_endogenous_coelution_association_not_binary_binding	EPIC_cofractionation_association_above_0.625_in_at_least_one_cell_line	no_HSP90_assay_for_this_pair_in_source	Soluble extracts from human MCF10A, MCF7, and MDA-MB-231 cells were resolved by duplicate triple-phase ion-exchange HPLC, quantified by TMT LC-MS/MS, and scored for co-elution by the EPIC random-forest classifier.	cultured_cell_line	human	whole_cell_or_unspecified_fraction	omics_or_screening_measurement;physical_interaction_or_proximity	Supplementary Data 2, EPIC PPI row 9050, reports MCF10A, MCF7, and MDA-MB-231 scores 0.733;0.546;not_scored. With the source cutoff 0.625, the pair qualifies in MCF10A.	MOESM4 Supplementary Data 2, worksheet EPIC PPI, row 9050; EPIC cutoff 0.625	Protein co-elution and classifier scoring support association or co-complex context only; they do not establish pairwise contact, stoichiometry, binding direction, or mechanism.	A displayed score below 0.625 or no score in another cell line is not a biological negative. The source provides no pair-specific perturbation or HSP90-dependence result.	The prediction can reflect membership in a larger assembly. Cell-line differences can reflect abundance or detectability. The table marks these pairs as overlapping BioGRID, so the source is an experimental re-detection/context observation rather than independent database corroboration.	BioGRID_overlap_not_independent;classifier_inferred_association;cofractionation_not_direct_binding;no_HSP90_assay_in_source;not_client_evidence;not_directional_regulation;not_isoform_exclusivity_evidence;soluble_extract_context	local_main_and_exact_native_Supplementary_Data_2_reviewed_complete	focused_primary_review_complete	retain_pair
COCHSRCREV-2026-09-13-STUB1-HSPA4L-PMID25036637	2026-09-13	HSPA4L::STUB1	HSPA4L	STUB1	STUB1	HSPA4L	PMID:25036637	25036637	PMC4104544	10.1016/j.cell.2014.05.039	A quantitative chaperone interaction network reveals the architecture of cellular protein homeostasis pathways	supports_context_qualified_pair_relationship	physical_association;shared_complex	STUB1_HSPA4L_high_confidence_human_cellular_co_complex	undirected_or_not_applicable			cellular_complex_not_binary	high_confidence_cellular_apms_co_complex	no_pair_specific_HSP90_assay_in_this_source	Stable human 293T cell lines expressing C-terminal 3xFLAG-V5-tagged chaperome proteins for AP-MS and Renilla-tagged proteins for quantitative LUMIER assays; high-confidence cutoffs were SAINT AvgP >= 0.85 and LUMIER score >= 7	cultured_cell_line	human	whole_cell_or_unspecified_fraction	omics_or_screening_measurement;physical_interaction_or_proximity	HSPA4L and STUB1 passed the source's high-confidence AP-MS cutoff; this supports a human cellular physical association or shared complex.	STUB1-bait AP-MS SAINT AvgP 0.99 (Table S1 row 454)	High-confidence cellular AP-MS supports co-complex membership. Absent or subthreshold LUMIER evidence adds no orthogonal support, and the AP-MS result does not establish purified binary binding.	The pair assays do not test client stabilization, ubiquitination, pair-specific HSP90 dependence, or direct binding.	Tagged proteins in one human cell-line background. Database assay labels and pair expansions cannot substitute for the source matrix thresholds.	cellular_complex_not_binary;no_pair_specific_HSP90_assay;not_client_evidence;not_direct_binding;single_publication_multiple_pair_routes;tagged_expression;database_encodings_exceed_primary_matrix	local_native_table_s1_reviewed_supplemental_figure_pdf_missing_not_decision_limiting	focused_primary_review_complete	close_pair
COCHSRCREV-2026-09-14-HSPA8-PPID-PMID15497503	2026-09-14	HSPA8::PPID	HSPA8	PPID	PPID	HSPA8	PMID:15497503	15497503	PMC1065296	10.1379/CSC-26R.1	Interaction of the Hsp90 cochaperone cyclophilin 40 with Hsc70	supports_pair_relationship	direct_binding;physical_association;shared_complex	direct_HSPA8_Hsc70_PPID_CyP40_binding_with_mammalian_ortholog_qualifier	undirected_or_not_applicable			direct_purified_mammalian_ortholog_binding_plus_lysate_association	purified_rat_Hsc70_human_CyP40_fragment_ELISA_plus_lysate_capture_and_mutant_mapping	HSP90AB1_comparator_and_competition_context_without_pair_specific_HSP90_mediation	GST-CyP40/PPID retained cytosolic Hsp70/Hsc70 and recombinant rat Hsc70. Purified full-length rat Hsc70 and a GST-human CyP40 fragment supplied ELISA binding; human/bovine CyP40 constructs, human Hsp90beta, bacterial lysates, and bovine cytosol supplied mapping and competition context.	purified_or_cell_free;tissue_or_biospecimen	cow;human;rat	cytosol	biochemical_or_structural;physical_interaction_or_proximity	Purified full-length rat Hsc70 bound a GST-human CyP40 fragment in ELISA, while CyP40 TPR/clamp mutations reduced binding. Lysate and recombinant-protein capture supported Hsp70/Hsc70 association; Hop competed, and Hsp90/Hsc70 binding to CyP40 was mutually exclusive.	GST-CyP40 cytosol/recombinant capture; purified Hsc70-CyP40 ELISA; TPR/clamp mutant mapping; Hop and Hsp90 competition; trimer-exclusion experiments	The purified assay supports direct HSPA8-PPID binding through the mammalian rat Hsc70 ortholog, not a same-species human HSPA8 preparation. This physical relation is undirected and does not establish regulation, client status, or HSP90 mediation.	GST, BSA, deletions, TPR/clamp mutants, comparator proteins, competition, uninduced lysate, trimer exclusion, and replicate ELISA constrain the interaction. A negative ATPase assay used generic human Hsp70 and is not assigned to HSPA8.	The strongest direct test is cross-species at the mammalian-ortholog level. CyP40 prefers Hsp90 and the compared Hsp90 reagent is HSP90AB1, but those findings do not change the HSPA8-PPID relationship or create HSP90 client evidence.	direct_binding_mammalian_ortholog_qualifier;generic_Hsp70_ATPase_not_exact_HSPA8;HSP90_comparator_not_pair_mediation;not_client_evidence;species_mixed_biochemistry	local_complete_main_article_reviewed;no_separate_supplement_identified	focused_primary_review_complete	close_pair
COCHSRCREV-2026-09-13-PPP5C-HSPA8-PMID21360678	2026-09-13	HSPA8::PPP5C	HSPA8	PPP5C	PPP5C	HSPA8	PMID:21360678	21360678	PMC3086140	10.1002/pmic.201000770	Label-free quantitative proteomics and SAINT analysis enable interactome mapping for the human Ser/Thr protein phosphatase 5	supports_context_qualified_pair_relationship	physical_association;shared_complex	PPP5C_bait_APMS_co_recovers_HSPA8	undirected_or_not_applicable			cellular_complex_not_binary	PPP5C_bait_SAINT_APMS_high_background_cellular_association	no_pair_specific_HSP90_assay_in_this_source	Human HEK293 cells expressed C-terminally FLAG-tagged wild-type PPP5C or K97A/R101A TPR-domain double-mutant PPP5C (called delta-TPR by the authors). Four biological replicates of each construct and five FLAG controls were analyzed by AP-MS and SAINT at AvgP >= 0.5.	cultured_cell_line	human	whole_cell_or_unspecified_fraction	omics_or_screening_measurement;physical_interaction_or_proximity	Wild-type PPP5C-bait AP-MS admitted HSPA8/Hsc70 at AvgP 0.94, with substantial control background.	Main-text Table I: HSPA8 spectra in four WT replicates 33|40|19|47, five controls 26|26|20|20|18, AvgP 0.94; HSPA8 is not admitted in the filtered K97A/R101A mutant section	PPP5C-bait AP-MS supports co-recovery from cellular lysate, not purified binary binding or a specific PPP5C TPR contact.	Not being admitted to filtered Table I for the mutant is construct- and threshold-specific and cannot be treated as a raw absence or biological negative. High control spectral counts limit specificity; filtered-table non-admission for the mutant does not establish raw absence, a biological negative, or TPR dependence.	One tagged-expression HEK293 background. The permissive AvgP 0.5 cutoff and prey-specific spectral-count background require quantitative context.	apms_screen;cellular_complex_not_binary;database_routes_not_independent_replication;delta_TPR_absence_not_biological_negative;not_client_evidence;single_cell_line;tagged_expression;TPR_domain_dependence_not_established;high_control_background;mutant_filtered_nonadmission_only	local_main_article_Table_I_reviewed_source_supplement_unavailable_nonblocking_for_current_decision	focused_primary_review_complete	close_pair
COCHSRCREV-2026-09-13-STIP1-HSPA8-PMID33239621	2026-09-13	HSPA8::STIP1	HSPA8	STIP1	STIP1	HSPA8	PMID:33239621	33239621	PMC7688965	10.1038/s41467-020-19783-w	The Hsp70-Hsp90 co-chaperone Hop/Stip1 shifts the proteostatic balance from folding towards degradation	supports_context_qualified_pair_relationship	shared_complex	STIP1_HSPA8_human_cellular_shared_complex	undirected_or_not_applicable			cellular_complex_not_binary	endogenous_and_tagged_cellular_association	cytosolic_hsp90_unresolved	Human HEK293T STIP1-KO1 cells rescued with HA-tagged wild-type Hop or the K8A/K229A TPR mutant; anti-HA IP-LFQ-MS in two biological replicates, with endogenous Hop co-immunoprecipitation for HSPA8	cultured_cell_line	human	whole_cell_or_unspecified_fraction	omics_or_screening_measurement;physical_interaction_or_proximity	HSPA8/Hsc70 was recovered in Hop rescue IP-LFQ-MS and endogenous HSPA8 co-immunoprecipitated endogenous Hop in HEK293T cells.	Figure 3d; Supplementary Data 3 (MOESM5), proteinGroups_filtered_m1 row 288 and chaperone summary row 18; 37 peptides, WT/mutant ratio 48.676 and STIP1-normalized ratio 26.599	Tagged affinity-purification LFQ-MS plus endogenous co-immunoprecipitation support a cellular association or shared complex, not purified binary binding.	The pair assays do not establish client status, pair-specific HSP90 dependence, or a cytosolic HSP90 paralog.	The IP-LFQ-MS arm uses tagged rescue in one human cell-line background with two biological replicates. Endogenous co-immunoprecipitation independently validates the association but does not resolve complex topology.	cellular_complex_not_binary;hsp90_paralog_unresolved;not_client_evidence;single_publication_multiple_pair_routes;tagged_rescue_construct	local_supplementary_information_and_five_native_data_workbooks_reviewed	focused_primary_review_complete	close_pair
COCHSRCREV-2026-09-13-STUB1-HSPBP1-PMID15215316	2026-09-13	HSPBP1::STUB1	HSPBP1	STUB1	STUB1	HSPBP1	PMID:15215316	15215316	PMC515335	10.1091/mbc.E04-04-0293	The cochaperone HspBP1 inhibits the CHIP ubiquitin ligase and stimulates the maturation of the cystic fibrosis transmembrane conductance regulator	supports_pair_relationship	cochaperone_regulation;direct_binding;shared_complex	HSPBP1_directly_associates_with_and_inhibits_STUB1_in_Hsc70_complexes	directed	HSPBP1	STUB1	direct_low_affinity_purified_binding_plus_cellular_co_complex	purified_binding_with_reciprocal_cellular_co_complex_and_functional_inhibition	Hsc70_specific_complex_HSP90_associated_ubiquitylation_not_inhibited	Human HeLa FLAG-HSPBP1 and reciprocal FLAG-CHIP immunoprecipitation; purified human HSPBP1 and CHIP with rat Hsc70; cell-free ubiquitination	cultured_cell_line;purified_or_cell_free	human;rat	whole_cell_or_unspecified_fraction	biochemical_or_structural;functional_or_phenotypic_readout;physical_interaction_or_proximity	Tagged HSPBP1 and CHIP co-recovered in cells; purified CHIP weakly bound immobilized HSPBP1 without Hsc70 and more strongly with Hsc70; HSPBP1 inhibited CHIP ligase activity in Hsc70 complexes.	Results, HspBP1 and CHIP Simultaneously Associate with Hsc70 and HspBP1 Inhibits the CHIP Ubiquitin Ligase; Figures 1A-B, 1E, and 2A-B	The direct component is a low-affinity pull-down without measured KD or mapped interface; the predominant ternary association is Hsc70-bridged.	HSPBP1 did not significantly inhibit CHIP activity on HSP90-bound luciferase in Figure 2B.	Tagged overexpression and a mixed human-rat reconstituted system; direct affinity and binding interface were not measured.	low_affinity_direct_binding;Hsc70_bridged_complex;tagged_overexpression;no_binding_affinity;HSP90_branch_neutral_result	local_full_text_reviewed_no_separate_supplement_indicated	focused_primary_review_complete	close_pair
COCHSRCREV-2026-09-13-STIP1-IRAK1-PMID32707033	2026-09-13	IRAK1::STIP1	IRAK1	STIP1	STIP1	IRAK1	PMID:32707033	32707033	PMC7427327	10.1016/j.molcel.2020.07.001	Kinase Interaction Network Expands Functional and Disease Roles of Human Kinases	supports_context_qualified_pair_relationship	physical_association;shared_complex	IRAK1_bait_APMS_co_recovers_STIP1	undirected_or_not_applicable			cellular_complex_not_binary	high_confidence_cellular_apms_co_complex	no_pair_specific_HSP90_assay_in_this_source	Human HEK Flp-In 293 T-REx cells with single-locus doxycycline-induced N-terminal Strep-HA-tagged kinase baits; more than 100 million cells per purification, rapid single-step Strep affinity recovery, and duplicate LC-MS/MS runs. Final interactors required WD score > 73.6, GFP-control abundance ratio > 18.4, and at least two total spectra, followed by CRAPome, contaminant, and carry-over filters calibrated to a global false-positive rate below 1%.	cultured_cell_line	human	whole_cell_or_unspecified_fraction	omics_or_screening_measurement;physical_interaction_or_proximity	IRAK1-bait AP-MS recovered STIP1 in the source's final high-confidence interaction matrix.	Table S2 final interactome Excel row 2146: bait IRAK1, prey STIP1, WD 248.58, GFP-control ratio 84.54, total spectra 92; Table S4: bait not listed in the inherited Taipale comparison; Table S2 recovers HSP90AA1, HSP90AB1, and CDC37 with this bait; Table S9: target kinase construct matches canonical UniProt sequence	Affinity purification-mass spectrometry supports cellular co-recovery or shared-complex membership, not purified binary binding.	No requested pair received reciprocal purification, western blot, BioID, genetic perturbation, or purified-protein validation in this study. Table S4 client classes were inherited from Taipale et al. 2012 and are not new client evidence. The source reports no pair-level q-value for these AP-MS rows.	One tagged-expression cell-line background; N-terminal tags and induced expression may alter abundance, localization, folding, or binding. The authors note that overexpressed or misfolded kinases can recover more HSP90 and co-chaperones and that some associations may form after lysis. BioGRID and IntAct are duplicate route encodings of this source, not independent replication. The source label HSP90B denotes cytosolic HSP90AB1.	apms_screen;cellular_complex_not_binary;database_routes_not_independent_replication;no_pair_specific_HSP90_assay;not_client_evidence;possible_post_lysis_association;single_cell_line;tagged_induced_expression	local_article_figures_and_tables_S2_S4_S9_reviewed	focused_primary_review_complete	close_pair
COCHSRCREV-2026-09-13-PPP5C-IRS4-PMID25036637	2026-09-13	IRS4::PPP5C	IRS4	PPP5C	PPP5C	IRS4	PMID:25036637	25036637	PMC4104544	10.1016/j.cell.2014.05.039	A quantitative chaperone interaction network reveals the architecture of cellular protein homeostasis pathways	supports_context_qualified_pair_relationship	physical_association;shared_complex	IRS4_bait_APMS_plus_LUMIER_cellular_association_with_PPP5C	undirected_or_not_applicable			cellular_complex_not_binary	tagged_expression_APMS_plus_LUMIER_cellular_association	no_pair_specific_HSP90_mediation_established	Stable polyclonal human 293T cells expressing predominantly C-terminal 3xFLAG-V5-tagged chaperones or co-chaperones were analyzed by anti-FLAG AP-MS from whole-cell lysate with sodium molybdate. Two AP-MS replicates were scored by SAINT with AvgP >=0.85 (estimated FDR 1.8%). Orthogonal Renilla-luciferase affinity capture used LUMIER score >=7 (estimated upper FDR 4.4%).	cultured_cell_line	human	whole_cell_or_unspecified_fraction	omics_or_screening_measurement;physical_interaction_or_proximity	IRS4-bait AP-MS recovered PPP5C at SAINT AvgP 1.00, and the same IRS4-query/PPP5C-reporter configuration passed LUMIER at 18.355875.	Table S1 AvgP scores row 321: IRS4/PPP5C, AvgP 1.00, Spec 62|120, CtrlCounts 0|0|0|0|1|1|0; reciprocal row 29734: PPP5C/IRS4 AvgP 0; LUMIER scores U51=18.355875 and IRS4 reporter in PPP5C-query row 186=-0.003950; AP-MS and LUMIER row 56: IRS4/PPP5C, 18.355875, 1.00	AP-MS and LUMIER recover proteins from cellular lysates and do not establish purified binary binding. Bait/query orientation records assay configuration, not biological direction.	The reciprocal PPP5C-bait AP-MS row had AvgP 0 and the reverse LUMIER configuration scored -0.003950. These threshold-specific results do not negate the qualifying IRS4-bait/query measurements.	The source uses tagged expression in one transformed 293T lineage. BioGRID and IntAct records can encode the same AP-MS or LUMIER measurement and are not independent replications. No pair-specific client stability, functional perturbation, regulatory direction, or HSP90 isoform-resolved mediation test was performed.	author_curated_APMS_plus_LUMIER_positive;cellular_complex_not_binary;database_routes_not_independent_replication;direct_binding_unclear;no_pair_specific_HSP90_mediation;not_client_evidence;reverse_APMS_below_threshold;reverse_LUMIER_below_threshold;single_cell_line_lineage;tagged_expression	local_main_article_and_complete_Table_S1_workbook_reviewed	focused_primary_review_complete	close_pair
COCHSRCREV-2026-09-13-PPP5C-IRS4-PMID28330616	2026-09-13	IRS4::PPP5C	IRS4	PPP5C	PPP5C	IRS4	PMID:28330616	28330616		10.1016/j.cels.2017.02.011	Systematic Analysis of Human Protein Phosphatase Interactions and Dynamics	supports_context_qualified_pair_relationship	physical_association;shared_complex	PPP5C_bait_APMS_plus_BioID_proximity_for_IRS4	undirected_or_not_applicable			tagged_cellular_APMS_plus_proximity_not_binary	PPP5C_bait_high_confidence_APMS_plus_BioID_proximity	no_HSP90_assay_in_this_source	Stable isogenic Flp-In T-REx 293 cells expressed full-length N-terminal Strep-HA-tagged PPP5C after tetracycline induction. Single-step Strep affinity purification used two biological and two technical AP-MS replicates. High-confidence interactors passed SAINT >=0.87 together with CRAPome occurrence >=40% and spectral-count fold change >=2. Selected validation used stable N-terminal BirA-myc PPP5C BioID and/or HEK293-MSR coexpression of HA-PPP5C with V5-tagged prey followed by anti-HA IP/anti-V5 immunoblot; for this pair: BioID positive; tagged co-IP not selected.	cultured_cell_line	human	whole_cell_or_unspecified_fraction	omics_or_screening_measurement;physical_interaction_or_proximity	PPP5C-bait AP-MS recovered IRS4 as a high-confidence interactor with SAINT 1.00; the source validation table reports BioID positive; tagged co-IP not selected.	Table S1A row 34: full-length PPP5C, N-terminal Strep-HA; Table S1F row 341: PPP5C bait/IRS4 prey, SAINT 1.00; Table S1G row 159: BioID positive; tagged co-IP not selected; Table S2F row 10: OA/without-OA fold change 1.242706, p=0.001075457	AP-MS and co-IP recover cellular lysate complexes, while BioID reports proximity. None establishes purified binary contact. Bait/prey orientation is assay configuration, not biological direction.	A tagged co-IP was not selected or reported for this pair and must not be treated as a negative result.	All measurements are from a transformed HEK293-lineage system with tagged expression. OA abundance dynamics are condition context only, not client, regulatory, or direct-binding evidence. BioGRID and IntAct routes are projections of this one publication, not independent replications. No HSP90 dependence, client phenotype, purified binding, or HSP90 isoform-resolved mechanism was tested.	OA_condition_dynamics_context_only;cellular_complex_not_binary;coIP_not_tested_not_negative;database_routes_not_independent_replication;direct_binding_unclear;no_HSP90_assay;not_client_evidence;single_cell_line_lineage;tagged_expression	complete_local_article_with_STAR_Methods_plus_six_claim_or_context_supplement_objects_reviewed;Tables_S1_and_S2_claim_bearing	focused_primary_review_complete	close_pair
COCHSRCREV-2026-09-13-PTGES3-IRS4-PMID25036637	2026-09-13	IRS4::PTGES3	IRS4	PTGES3	PTGES3	IRS4	PMID:25036637	25036637	PMC4104544	10.1016/j.cell.2014.05.039	A quantitative chaperone interaction network reveals the architecture of cellular protein homeostasis pathways	supports_context_qualified_pair_relationship	physical_association;shared_complex	IRS4_APMS_plus_LUMIER_cellular_association_with_PTGES3	undirected_or_not_applicable			cellular_complex_not_binary	tagged_expression_APMS_plus_LUMIER_cellular_association	no_pair_specific_HSP90_assay_in_this_source	Human stable polyclonal 293T cells expressing predominantly C-terminal 3xFLAG-V5-tagged chaperone or co-chaperone AP-MS baits were analyzed by anti-FLAG affinity-purification mass spectrometry from whole-cell lysate with sodium molybdate. Two AP-MS replicates were scored with SAINT; the high-confidence cutoff was AvgP >= 0.85 (estimated FDR 1.8%). LUMIER used transient 3xFLAG query baits and stable Renilla-fused reporter preys in 293T cells; normalized luminescence Z-scores were evaluated at the source's high-confidence cutoff of approximately 7 (estimated upper FDR 4.4%).	cultured_cell_line	human	whole_cell_or_unspecified_fraction	omics_or_screening_measurement;physical_interaction_or_proximity	IRS4-bait AP-MS recovered PTGES3 above the source's SAINT AvgP 0.85 threshold, and the author-curated AP-MS-and-LUMIER table also passes the LUMIER score 7 threshold.	Table S1 workbook, AvgP scores row 322: bait IRS4, prey PTGES3, AvgP 1.00, Spec 9|11, CtrlCounts 0|0|0|0|0|0|0; PTGES3 was not an AP-MS bait; LUMIER scores row 51, IRS4-FLAG query with PTGES3-Renilla reporter, 7.084157; row 434, reverse PTGES3 query with IRS4 reporter, 0.138332; AP-MS and LUMIER sheet row 57: IRS4-PTGES3, LUMIER 7.084157, SAINT AvgP 1.00	Affinity-purification mass spectrometry from cellular lysate supports co-recovery or shared-complex membership, not purified binary binding. Bait-to-prey orientation records assay configuration rather than biological direction. Within-study replicate or reciprocal AP-MS does not establish HSP90 mediation, client status, or regulation.	No requested pair received a purified-protein binding test, regulatory direction test, pair-specific client-stability assay, functional perturbation, or HSP90-isoform-resolved mediation test. A database luminescence route represents a screened configuration and is counted as within-study cross-assay support only when the author's curated AP-MS-plus-LUMIER table passes both cutoffs. Reverse AP-MS was unavailable. The reverse LUMIER configuration scored 0.138332 and failed the source threshold.	The source uses tagged, expressed proteins in one transformed 293T lineage. Negative or missing LUMIER measurements do not disprove an association because assay sensitivity and construct configuration differ from AP-MS. The main text and combined sheet use LUMIER score >= 7, while the workbook information sheet says > 7; no requested measurement is near that boundary. BioGRID and IntAct records can project the same AP-MS or screened LUMIER configuration and are not independent source replications. IntAct's anti-tag coimmunoprecipitation label does not establish a separate pair-specific co-IP experiment.	apms_screen;cellular_complex_not_binary;database_routes_not_independent_replication;no_pair_specific_HSP90_assay;not_client_evidence;single_cell_line;tagged_expression;reverse_APMS_not_reported;author_curated_APMS_plus_LUMIER_positive	local_main_article_and_complete_Table_S1_workbook_reviewed	focused_primary_review_complete	close_pair
COCHSRCREV-2026-09-13-SUGT1-LRRC40-PMID25036637	2026-09-13	LRRC40::SUGT1	LRRC40	SUGT1	SUGT1	LRRC40	PMID:25036637	25036637	PMC4104544	10.1016/j.cell.2014.05.039	A quantitative chaperone interaction network reveals the architecture of cellular protein homeostasis pathways	supports_context_qualified_pair_relationship	physical_association;shared_complex	SUGT1_APMS_plus_LUMIER_cellular_association_with_LRRC40	undirected_or_not_applicable			cellular_complex_not_binary	tagged_expression_APMS_plus_LUMIER_cellular_association	no_pair_specific_HSP90_assay_in_this_source	Human stable polyclonal 293T cells expressing predominantly C-terminal 3xFLAG-V5-tagged chaperone or co-chaperone AP-MS baits were analyzed by anti-FLAG affinity-purification mass spectrometry from whole-cell lysate with sodium molybdate. Two AP-MS replicates were scored with SAINT; the high-confidence cutoff was AvgP >= 0.85 (estimated FDR 1.8%). LUMIER used transient 3xFLAG query baits and stable Renilla-fused reporter preys in 293T cells; normalized luminescence Z-scores were evaluated at the source's high-confidence cutoff of approximately 7 (estimated upper FDR 4.4%).	cultured_cell_line	human	whole_cell_or_unspecified_fraction	omics_or_screening_measurement;physical_interaction_or_proximity	SUGT1-bait AP-MS recovered LRRC40 above the source's SAINT AvgP 0.85 threshold, and the author-curated AP-MS-and-LUMIER table also passes the LUMIER score 7 threshold.	Table S1 workbook, AvgP scores row 464: bait SUGT1, prey LRRC40, AvgP 1.00, Spec 8|12, CtrlCounts 0|0|0|0|1|0|0; LRRC40 was not an AP-MS bait; LUMIER scores row 552, LRRC40-FLAG query with SUGT1-Renilla reporter, 11.641416; LUMIER scores (b-propeller) domain-panel row 115, Class LRR, LRRC40 query with SUGT1 reporter, 4.615140; AP-MS and LUMIER sheet row 77: SUGT1-LRRC40, LUMIER 11.641416, SAINT AvgP 1.00	Affinity-purification mass spectrometry from cellular lysate supports co-recovery or shared-complex membership, not purified binary binding. Bait-to-prey orientation records assay configuration rather than biological direction. Within-study replicate or reciprocal AP-MS does not establish HSP90 mediation, client status, or regulation.	No requested pair received a purified-protein binding test, regulatory direction test, pair-specific client-stability assay, functional perturbation, or HSP90-isoform-resolved mediation test. A database luminescence route represents a screened configuration and is counted as within-study cross-assay support only when the author's curated AP-MS-plus-LUMIER table passes both cutoffs. Reverse AP-MS was unavailable. The targeted LRR/beta-propeller domain-panel LUMIER re-screen of the same LRRC40-query/SUGT1-reporter configuration scored 4.615140, below 7; the SUGT1-query/LRRC40-reporter configuration was unavailable.	The source uses tagged, expressed proteins in one transformed 293T lineage. Negative or missing LUMIER measurements do not disprove an association because assay sensitivity and construct configuration differ from AP-MS. The main text and combined sheet use LUMIER score >= 7, while the workbook information sheet says > 7; no requested measurement is near that boundary. BioGRID and IntAct records can project the same AP-MS or screened LUMIER configuration and are not independent source replications. IntAct's anti-tag coimmunoprecipitation label does not establish a separate pair-specific co-IP experiment. The targeted LRR/beta-propeller domain-panel LUMIER re-screen measured the same LRRC40-query/SUGT1-reporter configuration at 4.615140, below 7, whereas the general LUMIER screen and author-curated combined sheet report 11.641416. This within-study assay discordance limits replication strength but does not negate the qualifying general screen or AP-MS result.	apms_screen;cellular_complex_not_binary;database_routes_not_independent_replication;no_pair_specific_HSP90_assay;not_client_evidence;single_cell_line;tagged_expression;reverse_APMS_not_reported;reverse_LUMIER_unavailable;author_curated_APMS_plus_LUMIER_positive;targeted_domain_panel_LUMIER_below_threshold;within_study_LUMIER_discordance	local_main_article_and_complete_Table_S1_workbook_reviewed	focused_primary_review_complete	close_pair
COCHSRCREV-2026-09-14-MAPT_STUB1-PMID35831314	2026-09-14	MAPT::STUB1	MAPT	STUB1	STUB1	MAPT	PMID:35831314	35831314	PMC9279285	10.1038/s41467-022-31809-z	Scalable multiplex co-fractionation/mass spectrometry platform for accelerated protein interactome discovery	supports_context_qualified_pair_relationship	physical_association;shared_complex	EPIC_cofractionation_association_MAPT_STUB1_qualifies_in_MCF10A_and_MDA_MB_231	undirected_or_not_applicable			classifier_inferred_endogenous_coelution_association_not_binary_binding	EPIC_cofractionation_association_above_0.625_in_at_least_one_cell_line	no_HSP90_assay_for_this_pair_in_source	Soluble extracts from human MCF10A, MCF7, and MDA-MB-231 cells were resolved by duplicate triple-phase ion-exchange HPLC, quantified by TMT LC-MS/MS, and scored for co-elution by the EPIC random-forest classifier.	cultured_cell_line	human	whole_cell_or_unspecified_fraction	omics_or_screening_measurement;physical_interaction_or_proximity	Supplementary Data 2, EPIC PPI row 11376, reports MCF10A, MCF7, and MDA-MB-231 scores 0.643;0.619;0.667. With the source cutoff 0.625, the pair qualifies in MCF10A and MDA MB 231.	MOESM4 Supplementary Data 2, worksheet EPIC PPI, row 11376; EPIC cutoff 0.625	Protein co-elution and classifier scoring support association or co-complex context only; they do not establish pairwise contact, stoichiometry, binding direction, or mechanism.	A displayed score below 0.625 or no score in another cell line is not a biological negative. The source provides no pair-specific perturbation or HSP90-dependence result.	The prediction can reflect membership in a larger assembly. Cell-line differences can reflect abundance or detectability. The table marks these pairs as overlapping BioGRID, so the source is an experimental re-detection/context observation rather than independent database corroboration.	BioGRID_overlap_not_independent;classifier_inferred_association;cofractionation_not_direct_binding;no_HSP90_assay_in_source;not_client_evidence;not_directional_regulation;not_isoform_exclusivity_evidence;soluble_extract_context	local_main_and_exact_native_Supplementary_Data_2_reviewed_complete	focused_primary_review_complete	retain_pair
COCHSRCREV-2026-09-13-STIP1-MLF2-PMID25036637	2026-09-13	MLF2::STIP1	MLF2	STIP1	STIP1	MLF2	PMID:25036637	25036637	PMC4104544	10.1016/j.cell.2014.05.039	A quantitative chaperone interaction network reveals the architecture of cellular protein homeostasis pathways	supports_context_qualified_pair_relationship	physical_association;shared_complex	STIP1_bait_APMS_cellular_association_with_MLF2	undirected_or_not_applicable			cellular_complex_not_binary	tagged_expression_duplicate_APMS_cellular_association	no_pair_specific_HSP90_assay_in_this_source	Human stable polyclonal 293T cells expressing predominantly C-terminal 3xFLAG-V5-tagged chaperone or co-chaperone AP-MS baits were analyzed in duplicate from whole-cell lysate with sodium molybdate. SAINT high-confidence AP-MS required AvgP >= 0.85. LUMIER used transient 3xFLAG query baits and stable Renilla reporters in 293T cells and a high-confidence score >= 7.	cultured_cell_line	human	whole_cell_or_unspecified_fraction	omics_or_screening_measurement;physical_interaction_or_proximity	STIP1-bait AP-MS recovered MLF2 above the source's AvgP 0.85 threshold.	AvgP scores row 448: STIP1 bait, MLF2 prey, AvgP 0.98, Spec 4|4, CtrlCounts 0|0|0|0|0|0|0; reverse MLF2 bait row 25719 AvgP 0.00, Spec 102|90, CtrlCounts 65|12|12|13|60|50|47|18|62|30; LUMIER MLF2 query/STIP1 reporter 1.394926	AP-MS and LUMIER use cellular lysates and support association or shared-complex membership, not purified binary binding. Assay orientation is not biological direction.	Subthreshold or unavailable AP-MS or LUMIER configurations are source-specific assay results, not evidence that the proteins cannot interact in another context. Reverse AP-MS and the measured LUMIER configuration were below threshold; the reverse LUMIER configuration was unavailable.	One transformed 293T lineage with tagged expressed proteins. BioGRID and IntAct routes can encode the same source measurement and are not independent replications.	apms_screen;cellular_complex_not_binary;database_routes_not_independent_replication;no_pair_specific_HSP90_assay;not_client_evidence;single_cell_line;tagged_expression;reverse_APMS_below_threshold;lumier_below_threshold_or_unavailable	local_main_article_and_complete_Table_S1_workbook_reviewed	focused_primary_review_complete	close_pair
COCHSRCREV-2026-09-13-STIP1-MLF2-PMID33239621	2026-09-13	MLF2::STIP1	MLF2	STIP1	STIP1	MLF2	PMID:33239621	33239621	PMC7688965	10.1038/s41467-020-19783-w	The Hsp70-Hsp90 co-chaperone Hop/Stip1 shifts the proteostatic balance from folding towards degradation	supports_context_qualified_pair_relationship	shared_complex	wild_type_STIP1_rescue_IP_LFQ_MS_recovers_MLF2	undirected_or_not_applicable			cellular_complex_not_binary	wild_type_specific_tagged_rescue_IP_LFQ_MS_cellular_association	cytosolic_hsp90_unresolved;no_pair_specific_HSP90_mediation_established	Human HEK293T STIP1-KO1 cells were rescued with HA-tagged wild-type Hop or K8A/K229A TPR-mutant Hop. Anti-HA IP-LFQ-MS used two biological replicates; selected associations were examined by co-immunoprecipitation.	cultured_cell_line	human	whole_cell_or_unspecified_fraction	omics_or_screening_measurement;physical_interaction_or_proximity	MLF2 was quantified only with wild-type Hop/STIP1 rescue and not with the K8A/K229A TPR mutant or controls.	Supplementary Data 3 MOESM5, proteinGroups_filtered_m1 row 201: control iBAQ 0|0, mutant iBAQ 0|0, wild-type iBAQ 29251000|33907000; 7 peptides, 20 MS/MS counts, WT peptide counts 6|6	Tagged affinity purification and co-immunoprecipitation support a cellular complex but do not establish purified binary contact.	The WT-versus-TPR-mutant comparison is construct-dependent quantitative context, not proof of pairwise TPR-domain binding or HSP90 mediation. The WT-only pattern is construct-dependent and does not prove direct TPR binding or HSP90 mediation.	One tagged-rescue HEK293T background with two biological replicates; MLF2 had no targeted pair validation, and zero filtered iBAQ in controls/mutant is not proof of biological absence.	cellular_complex_not_binary;hsp90_paralog_unresolved;no_pair_specific_HSP90_mediation;not_client_evidence;single_cell_line;tagged_rescue_construct;two_biological_replicates;no_targeted_pair_validation;WT_only_quantitative_IPMS	local_main_and_quantitative_IP_LFQ_MS_workbook_reviewed	focused_primary_review_complete	close_pair
COCHSRCREV-2026-09-13-STUB1-MLF2-PMID25036637	2026-09-13	MLF2::STUB1	MLF2	STUB1	STUB1	MLF2	PMID:25036637	25036637	PMC4104544	10.1016/j.cell.2014.05.039	A quantitative chaperone interaction network reveals the architecture of cellular protein homeostasis pathways	supports_context_qualified_pair_relationship	physical_association;shared_complex	STUB1_bait_APMS_plus_reciprocal_LUMIER_association_with_MLF2	undirected_or_not_applicable			cellular_complex_not_binary	tagged_expression_APMS_plus_LUMIER_cellular_association	no_pair_specific_HSP90_assay_in_this_source	Human stable polyclonal 293T cells expressing predominantly C-terminal 3xFLAG-V5-tagged chaperone or co-chaperone AP-MS baits were analyzed in duplicate from whole-cell lysate with sodium molybdate. SAINT high-confidence AP-MS required AvgP >= 0.85. LUMIER used transient 3xFLAG query baits and stable Renilla reporters in 293T cells and a high-confidence score >= 7.	cultured_cell_line	human	whole_cell_or_unspecified_fraction	omics_or_screening_measurement;physical_interaction_or_proximity	STUB1-bait AP-MS and both LUMIER orientations pass their source thresholds for MLF2.	AvgP scores row 455: STUB1 bait, MLF2 prey, AvgP 1.00, Spec 16|8, CtrlCounts 0|0|0|0|0|0|0; reverse MLF2 bait row 25724 AvgP 0.53, Spec 30|33, below 0.85; LUMIER MLF2 query/STUB1 reporter 7.007530 and STUB1 query/MLF2 reporter 14.183842; combined row 75: STUB1-MLF2, LUMIER 14.183842, AvgP 1.00	AP-MS and LUMIER use cellular lysates and support association or shared-complex membership, not purified binary binding. Assay orientation is not biological direction.	Subthreshold or unavailable AP-MS or LUMIER configurations are source-specific assay results, not evidence that the proteins cannot interact in another context. The reverse MLF2-bait AP-MS row was below the source cutoff.	One transformed 293T lineage with tagged expressed proteins. BioGRID and IntAct routes can encode the same source measurement and are not independent replications.	apms_screen;cellular_complex_not_binary;database_routes_not_independent_replication;no_pair_specific_HSP90_assay;not_client_evidence;single_cell_line;tagged_expression;author_curated_APMS_plus_LUMIER_positive;reverse_APMS_below_threshold;reciprocal_LUMIER	local_main_article_and_complete_Table_S1_workbook_reviewed	focused_primary_review_complete	close_pair
COCHSRCREV-2026-09-13-STUB1-MLF2-PMID33961781	2026-09-13	MLF2::STUB1	MLF2	STUB1	STUB1	MLF2	PMID:33961781	33961781	PMC8165030	10.1016/j.cell.2021.04.011	Dual proteome-scale networks reveal cell-specific remodeling of the human interactome	supports_context_qualified_pair_relationship	physical_association;shared_complex	STUB1_bait_BioPlex3_HCT116_APMS_co_recovers_MLF2	undirected_or_not_applicable			cellular_complex_not_binary	high_confidence_cellular_APMS_co_complex	no_pair_specific_HSP90_mediation_established	BioPlex 3.0 used lentiviral expression of affinity-tagged human baits and AP-MS in 293T and HCT116 cells. Official directed releases preserve bait-prey configuration; final network releases provide pInt, pW, and pNI scores, with the local database route using pInt >= 0.75.	cultured_cell_line	human	whole_cell_or_unspecified_fraction	omics_or_screening_measurement;physical_interaction_or_proximity	STUB1-bait BioPlex 3.0 HCT116 AP-MS recovered MLF2 above pInt 0.75.	HCT116 directed line 62513: STUB1 bait, MLF2 prey; HCT116 final-network line 56449, pInt 0.907675730048695	AP-MS supports cellular co-recovery or shared-complex membership, not purified binary contact. Reciprocal capture or recovery in two cell lines remains same-study evidence, and bait-prey orientation is not regulatory direction.	No pair-specific direct-binding, regulatory, client-stability, or HSP90 mediation experiment was reported.	Tagged-expression AP-MS in two transformed cell lines. BioGRID, IntAct, directed releases, and final-network rows project one study rather than independent evidence. The 293T network carries forward prior releases.	apms_screen;BioPlex3_293T_carries_forward_prior_releases;cellular_complex_not_binary;database_routes_not_independent_replication;no_pair_specific_HSP90_assay;not_client_evidence;tagged_expression;same_study_cross_cell_line_replication	local_main_and_exact_official_directed_and_final_network_matrices_reviewed	focused_primary_review_complete	close_pair
COCHSRCREV-2026-09-13-TSC1-MSN-PMID12226091	2026-09-13	MSN::TSC1	MSN	TSC1	TSC1	MSN	PMID:12226091	12226091		10.1074/jbc.M207211200	The TSC1 tumor suppressor hamartin interacts with neurofilament-L and possibly functions as a novel integrator of the neuronal cytoskeleton	supports_context_qualified_pair_relationship	physical_association;shared_complex	MSN_GST_N_terminal_bait_recovers_endogenous_TSC1_from_HeLa_lysate_with_pan_ERM_localization_context	undirected_or_not_applicable			cell_lysate_GST_pull_down_not_purified_binary_with_pan_ERM_localization_context	one_study_cell_lysate_GST_pull_down_with_family_level_localization_context	no_HSP90_assay_in_this_source	Bacterially expressed GST fused to residues 1-332 of human moesin/MSN or merlin/NF2 was incubated with human HeLa lysate and endogenous TSC1/hamartin was detected by immunoblot. Separately, primary rat cortical-neuron growth cones were stained with anti-hamartin and 13H9, a pan-ezrin/radixin/moesin antibody.	cultured_cell_line;primary_cells;purified_or_cell_free	escherichia_coli;human;rat	cytosol;whole_cell_or_unspecified_fraction	localization_trafficking_or_secretion;physical_interaction_or_proximity	GST-moesin N-terminal bait recovered endogenous TSC1/hamartin from HeLa lysate, whereas GST alone did not. Hamartin overlapped with a pan-ERM signal in the central-to-distal region of primary rat cortical-neuron growth cones, but that image is not moesin-specific.	Fig. 6A: hamartin and pan-ERM 13H9 staining in primary rat cortical-neuron growth cones; Fig. 6B: GST-moesin N terminus recovers endogenous HeLa TSC1, GST-merlin is weaker, and GST alone is negative; Methods: 13H9 detects all three ERM family members	The exact pair evidence is an affinity pull-down from HeLa lysate, not purified binary binding. The localization antibody recognizes ezrin, radixin, and moesin and cannot assign the overlap specifically to MSN. This paper did not test MSN-TSC1 by yeast two-hybrid or co-IP.	GST alone did not recover TSC1, and GST-merlin recovered less TSC1 than GST-moesin. The lack of a pair-specific Y2H or co-IP is an untested-assay boundary, not a negative interaction.	BioGRID's Two-hybrid label and HPRD's yeast-two-hybrid aggregate do not describe an MSN-TSC1 experiment in this source. The neuronal localization is pan-ERM rather than MSN-specific. Database routes are duplicate encodings of one publication. No HSP90 dependence, HSP90 client phenotype, or HSP90 isoform-specific mechanism was tested.	database_method_projection_not_supported;database_routes_not_independent_replication;direct_binding_unclear;no_HSP90_assay;no_MSN_TSC1_Y2H_or_coIP;not_client_evidence;pan_ERM_localization_not_MSN_specific	local_complete_publisher_article_reviewed;no_supplement_advertised_or_required	focused_primary_review_complete	close_pair
COCHSRCREV-2026-09-13-STUB1-NADSYN1-PMID25036637	2026-09-13	NADSYN1::STUB1	NADSYN1	STUB1	STUB1	NADSYN1	PMID:25036637	25036637	PMC4104544	10.1016/j.cell.2014.05.039	A quantitative chaperone interaction network reveals the architecture of cellular protein homeostasis pathways	supports_context_qualified_pair_relationship	physical_association;shared_complex	STUB1_bait_APMS_cellular_association_with_NADSYN1	undirected_or_not_applicable			cellular_complex_not_binary	tagged_expression_duplicate_APMS_cellular_association	no_pair_specific_HSP90_assay_in_this_source	Human stable polyclonal 293T cells expressing predominantly C-terminal 3xFLAG-V5-tagged chaperone or co-chaperone AP-MS baits were analyzed in duplicate from whole-cell lysate with sodium molybdate. SAINT high-confidence AP-MS required AvgP >= 0.85. LUMIER used transient 3xFLAG query baits and stable Renilla reporters in 293T cells and a high-confidence score >= 7.	cultured_cell_line	human	whole_cell_or_unspecified_fraction	omics_or_screening_measurement;physical_interaction_or_proximity	STUB1-bait AP-MS recovered NADSYN1 above the source's AvgP 0.85 threshold.	AvgP scores row 456: STUB1 bait, NADSYN1 prey, AvgP 1.00, Spec 28|21, CtrlCounts 0|0|0|0|0|0|0	AP-MS and LUMIER use cellular lysates and support association or shared-complex membership, not purified binary binding. Assay orientation is not biological direction.	Subthreshold or unavailable AP-MS or LUMIER configurations are source-specific assay results, not evidence that the proteins cannot interact in another context. No usable LUMIER configuration was available.	One transformed 293T lineage with tagged expressed proteins. BioGRID and IntAct routes can encode the same source measurement and are not independent replications.	apms_screen;cellular_complex_not_binary;database_routes_not_independent_replication;no_pair_specific_HSP90_assay;not_client_evidence;single_cell_line;tagged_expression;lumier_unavailable	local_main_article_and_complete_Table_S1_workbook_reviewed	focused_primary_review_complete	close_pair
COCHSRCREV-2026-09-13-STUB1-NADSYN1-PMID33961781	2026-09-13	NADSYN1::STUB1	NADSYN1	STUB1	STUB1	NADSYN1	PMID:33961781	33961781	PMC8165030	10.1016/j.cell.2021.04.011	Dual proteome-scale networks reveal cell-specific remodeling of the human interactome	supports_context_qualified_pair_relationship	physical_association;shared_complex	STUB1_bait_BioPlex3_APMS_co_recovers_NADSYN1_in_293T_and_HCT116	undirected_or_not_applicable			cellular_complex_not_binary	same_study_cross_cell_line_cellular_APMS_association	no_pair_specific_HSP90_mediation_established	BioPlex 3.0 used lentiviral expression of affinity-tagged human baits and AP-MS in 293T and HCT116 cells. Official directed releases preserve bait-prey configuration; final network releases provide pInt, pW, and pNI scores, with the local database route using pInt >= 0.75.	cultured_cell_line	human	whole_cell_or_unspecified_fraction	omics_or_screening_measurement;physical_interaction_or_proximity	STUB1-bait BioPlex 3.0 AP-MS recovered NADSYN1 above pInt 0.75 in both 293T and HCT116.	293T directed line 44973 and final-network pInt 0.999999995645103; HCT116 directed line 62509 and final-network pInt 0.999999977570859	AP-MS supports cellular co-recovery or shared-complex membership, not purified binary contact. Reciprocal capture or recovery in two cell lines remains same-study evidence, and bait-prey orientation is not regulatory direction.	No pair-specific direct-binding, regulatory, client-stability, or HSP90 mediation experiment was reported.	Tagged-expression AP-MS in two transformed cell lines. BioGRID, IntAct, directed releases, and final-network rows project one study rather than independent evidence. The 293T network carries forward prior releases.	apms_screen;BioPlex3_293T_carries_forward_prior_releases;cellular_complex_not_binary;database_routes_not_independent_replication;no_pair_specific_HSP90_assay;not_client_evidence;tagged_expression;same_study_cross_cell_line_replication	local_main_and_exact_official_directed_and_final_network_matrices_reviewed	focused_primary_review_complete	close_pair
COCHSRCREV-2026-09-13-TSC1-NEFL-PMID12226091	2026-09-13	NEFL::TSC1	NEFL	TSC1	TSC1	NEFL	PMID:12226091	12226091		10.1074/jbc.M207211200	The TSC1 tumor suppressor hamartin interacts with neurofilament-L and possibly functions as a novel integrator of the neuronal cytoskeleton	supports_pair_relationship	physical_association;shared_complex	NEFL_TSC1_Y2H_tagged_cellular_coIP_cell_lysate_pull_down_and_neuronal_colocalization	undirected_or_not_applicable			heterologous_binary_reporter_plus_tagged_cellular_complex_and_cell_lysate_pull_down_not_purified_binary	one_study_Y2H_tagged_cellular_coIP_domain_mapped_cell_lysate_pull_down_and_primary_neuron_colocalization	no_HSP90_assay_in_this_source	Human TSC1/hamartin residues 674-1164 were used as bait against a human fetal-brain yeast two-hybrid library and recovered NEFL residues 8-156. Bacterially expressed GST-NEFL fragments were incubated with HeLa lysate to recover endogenous TSC1 and TSC2. Full-length tagged TSC1 and NEFL were coexpressed in COS-7 cells for anti-TSC1 co-IP. Primary rat cortical neurons supplied growth-cone colocalization.	cultured_cell_line;primary_cells;purified_or_cell_free	african_green_monkey;budding_yeast;escherichia_coli;human;rat	cytosol;other_compartment;whole_cell_or_unspecified_fraction	biochemical_or_structural;localization_trafficking_or_secretion;physical_interaction_or_proximity	TSC1 bait recovered NEFL residues 8-156 in 13 of 15 positive yeast clones. GST-NEFL residues 8-156 and rod-domain residues 93-156 recovered endogenous TSC1 from HeLa lysate, and full-length tagged NEFL co-immunoprecipitated with TSC1 in COS-7 cells. TSC1 and NEFL overlapped in proximal-to-central growth-cone regions of primary rat cortical neurons.	Fig. 1: TSC1 residues 674-1164/NEFL residues 8-156 Y2H with bait-alone, prey-alone, and unrelated controls; Fig. 2A: GST-NEFL 8-156 pulls endogenous HeLa TSC1 with GST negative; Fig. 2B: COS-7 anti-TSC1 co-IP with preimmune-serum control; Fig. 3: TSC1 and NEFL domain mapping, including NEFL rod 93-156; Fig. 4: vimentin negative co-IP; Fig. 5: primary-neuron colocalization	The yeast reporter supports a heterologous pair association. The GST bait was bacterially expressed, but endogenous TSC1 came from HeLa lysate, and the cellular co-IP can recover a complex; neither assay establishes purified binary contact. Bait/prey orientation is not biological direction.	TSC1 bait alone, NEFL prey alone, unrelated Y2H controls, GST alone, preimmune serum, and vimentin co-IP were negative. Other tested intermediate-filament controls did not show the same TSC1 association, supporting source-specific NEFL selectivity.	The source combines a TSC1 C-terminal bait fragment, an NEFL fragment, tagged COS-7 coexpression, HeLa lysate, and rat-neuron imaging. TSC2 recovered on the NEFL rod-domain bait is interpreted by the authors as likely indirect through TSC1. BioGRID and HPRD are same-paper encodings, not replication. No HSP90 dependence, client phenotype, or HSP90 isoform-specific mechanism was tested.	cell_lysate_pull_down_not_purified_binary;database_routes_not_independent_replication;heterologous_Y2H;no_HSP90_assay;not_client_evidence;tagged_cellular_coIP;TSC2_recovery_likely_indirect_via_TSC1	local_complete_publisher_article_reviewed;no_supplement_advertised_or_required	focused_primary_review_complete	close_pair
COCHSRCREV-2026-09-13-PPP5C-NOL9-PMID28330616	2026-09-13	NOL9::PPP5C	NOL9	PPP5C	PPP5C	NOL9	PMID:28330616	28330616		10.1016/j.cels.2017.02.011	Systematic Analysis of Human Protein Phosphatase Interactions and Dynamics	supports_context_qualified_pair_relationship	physical_association;shared_complex	PPP5C_bait_APMS_plus_tagged_coIP_for_NOL9	undirected_or_not_applicable			tagged_cellular_APMS_plus_tagged_coIP_not_direct_binding	PPP5C_bait_high_confidence_APMS_plus_tagged_coIP	no_HSP90_assay_in_this_source	Stable isogenic Flp-In T-REx 293 cells expressed full-length N-terminal Strep-HA-tagged PPP5C after tetracycline induction. Single-step Strep affinity purification used two biological and two technical AP-MS replicates. High-confidence interactors passed SAINT >=0.87 together with CRAPome occurrence >=40% and spectral-count fold change >=2. Selected validation used stable N-terminal BirA-myc PPP5C BioID and/or HEK293-MSR coexpression of HA-PPP5C with V5-tagged prey followed by anti-HA IP/anti-V5 immunoblot; for this pair: tagged co-IP positive; BioID not tested.	cultured_cell_line	human	whole_cell_or_unspecified_fraction	omics_or_screening_measurement;physical_interaction_or_proximity	PPP5C-bait AP-MS recovered NOL9 as a high-confidence interactor with SAINT 0.98; the source validation table reports tagged co-IP positive; BioID not tested.	Table S1A row 34: full-length PPP5C, N-terminal Strep-HA; Table S1F row 359: PPP5C bait/NOL9 prey, SAINT 0.98; Table S1G row 172: tagged co-IP positive; BioID not tested; Table S2F row 29: OA/without-OA fold change 1.606404, p=0.000796287	AP-MS and co-IP recover cellular lysate complexes, while BioID reports proximity. None establishes purified binary contact. Bait/prey orientation is assay configuration, not biological direction.	BioID was not selected or reported for this pair and must not be treated as a negative result.	All measurements are from a transformed HEK293-lineage system with tagged expression. OA abundance dynamics are condition context only, not client, regulatory, or direct-binding evidence. BioGRID and IntAct routes are projections of this one publication, not independent replications. No HSP90 dependence, client phenotype, purified binding, or HSP90 isoform-resolved mechanism was tested.	BioID_not_tested_not_negative;OA_condition_dynamics_context_only;cellular_complex_not_binary;database_routes_not_independent_replication;direct_binding_unclear;no_HSP90_assay;not_client_evidence;single_cell_line_lineage;tagged_expression	complete_local_article_with_STAR_Methods_plus_six_claim_or_context_supplement_objects_reviewed;Tables_S1_and_S2_claim_bearing	focused_primary_review_complete	close_pair
COCHSRCREV-2026-09-08-NR3C1-PPID-PMID20661446	2026-09-08	NR3C1::PPID	NR3C1	PPID	PPID	NR3C1	PMID:20661446	20661446	PMC2908686	10.1371/journal.pone.0011717	Differential impact of tetratricopeptide repeat proteins on the steroid hormone receptors	supports_context_qualified_pair_relationship	shared_complex	PPID_NR3C1_weak_cellular_HSP90_heterocomplex	undirected_or_not_applicable			cellular_complex_not_binary	weak_cellular_co_complex_with_neutral_functional_test	cytosolic_hsp90_unresolved	Tagged PPID/Cyp40 and NR3C1/GR reciprocal co-immunoprecipitation in human HEK-293 cells with receptor reporter assays in human SK-N-MC cells	cultured_cell_line	human	whole_cell_or_unspecified_fraction	functional_or_phenotypic_readout;physical_interaction_or_proximity	PPID and NR3C1 show weak reciprocal recovery in cellular co-immunoprecipitation assays.	Figures 3A-B, 6, and 7	Weak cellular co-complex recovery does not establish purified binary PPID-NR3C1 binding.	PPID had little effect on GR reporter activity and did not rescue FKBP5-mediated inhibition.	Weak qualitative signal, tagged overexpression, unresolved cytosolic HSP90 paralog, and one multiplexed publication.	cellular_co_complex_not_binary;functional_test_neutral;hsp90_paralog_unresolved;single_publication_multiple_pair_routes;weak_association_signal	local_claim_figure_objects_reviewed_no_separate_supplement	focused_primary_review_complete	close_pair
COCHSRCREV-2026-09-08-NR3C1-PPP5C-PMID20661446	2026-09-08	NR3C1::PPP5C	NR3C1	PPP5C	PPP5C	NR3C1	PMID:20661446	20661446	PMC2908686	10.1371/journal.pone.0011717	Differential impact of tetratricopeptide repeat proteins on the steroid hormone receptors	supports_context_qualified_pair_relationship	cochaperone_client_regulation;shared_complex	PPP5C_inhibits_NR3C1_within_cellular_HSP90_complex	directed	PPP5C	NR3C1	cellular_complex_not_binary	cellular_co_complex_with_functional_perturbation	cytosolic_hsp90_unresolved	Tagged PPP5C/PP5 and NR3C1/GR reciprocal co-immunoprecipitation in human HEK-293 cells with receptor reporter assays in human SK-N-MC cells	cultured_cell_line	human	whole_cell_or_unspecified_fraction	functional_or_phenotypic_readout;physical_interaction_or_proximity	PPP5C and NR3C1 show moderate reciprocal cellular co-complex association, and PPP5C overexpression strongly inhibits GR reporter activity.	Figures 3A-B and 7	Cellular HSP90-heterocomplex association and reporter inhibition do not establish purified binary PPP5C-NR3C1 binding.	The source did not resolve whether the functional effect requires direct PPP5C-NR3C1 contact rather than HSP90-complex remodeling.	Tagged overexpression, unresolved cytosolic HSP90 paralog, and one multiplexed publication.	cellular_co_complex_not_binary;hsp90_paralog_unresolved;single_publication_multiple_pair_routes;tagged_overexpression	local_claim_figure_objects_reviewed_no_separate_supplement	focused_primary_review_complete	close_pair
COCHSRCREV-2026-09-14-PRKACA-STUB1-PMID31189917	2026-09-14	PRKACA::STUB1	PRKACA	STUB1	STUB1	PRKACA	PMID:31189917	31189917	PMC6561907	10.1038/s41467-019-10037-y	Feedback inhibition of cAMP effector signaling by a chaperone-assisted ubiquitin system	supports_pair_relationship	functional_complex;physical_association;protein_stability_regulation;protein_ubiquitylation;shared_complex;ubiquitin_ligase_substrate	STUB1_CHIP_directed_PRKACA_K310_ubiquitylation_and_degradation_in_Hsp70_assisted_complex	directed	STUB1	PRKACA	cellular_and_lysate_HSP70_mediated_association_not_purified_binary	affinity_proteomics_coIP_genetic_loss_chaperone_binding_mutant_ubiquitylation_and_in_vivo_support	broad_HSP70_HSP90_complex_context_without_paralog_resolution_or_pair_specific_HSP90_dependency	Human cell and tissue panels, HEK293 experiments, SCAR16 fibroblasts, and mouse hippocampal context tested cAMP/forskolin-responsive PRKACA association, K310 ubiquitylation, degradation, and signaling. A GST-PRKACA bait was also incubated with HEK293 lysate expressing CHIP and chaperones.	cultured_cell_line;tissue_or_biospecimen;whole_organism_or_in_vivo	human;mouse	cytosol;nucleus_or_chromatin	functional_or_phenotypic_readout;genetic_perturbation;omics_or_screening_measurement;pharmacologic_or_chemical_perturbation;physical_interaction_or_proximity;protein_abundance_stability_or_folding	PKA affinity proteomics recovered STUB1/CHIP. Anti-PRKACA IP recovered more CHIP, HSP70, and HSP90 after forskolin. STUB1 depletion or the HSP70-binding-defective K30A mutant prevented forskolin-triggered PRKACA K310 ubiquitylation/degradation and altered CREB/c-fos signaling; disease fibroblast and mouse hippocampal results supported the pathway.	PKA affinity-proteomics and anti-PRKACA IP; forskolin/MG132 time courses; CHIP loss and K30A mutant; PRKACA K310 mutants; CREB/c-fos readouts; SCAR16 fibroblast and mouse hippocampal analyses	The source supports STUB1-to-PRKACA K310 ubiquitylation/degradation, but GST-PRKACA was incubated with cell lysate and does not establish purified binary contact. The association is HSP70-assisted; broad HSP90 co-complex observations do not establish an HSP90 client or isoform-specific mechanism.	cAMP competition, GST, nontransfected lysate, forskolin, MG132, control siRNA, CHIP K30A, HSP70 inhibitor, HSP90 comparator, PRKACA mutants, and RIIbeta controls constrain the mechanism.	The BioGRID reconstituted-complex label overstates the cell-lysate topology. The directed call is STUB1-to-PRKACA ubiquitylation/degradation only. HSP70/HSP90 paralogs are unresolved and no pair-level client promotion follows.	cell_lysate_not_purified_binary;database_method_label_overstates_source;directed_STUB1_to_PRKACA_only;HSP70_mediated_association;HSP90_paralog_unresolved;not_client_evidence	local_complete_main_article_and_advertised_supplement_bundle;main_figures_decision_complete	focused_primary_review_complete	close_pair
COCHSRCREV-2026-09-14-PRKACA-STUB1-PMID32814053	2026-09-14	PRKACA::STUB1	PRKACA	STUB1	STUB1	PRKACA	PMID:32814053	32814053		10.1016/j.celrep.2020.108050	Interactome Mapping Provides a Network of Neurodegenerative Disease Proteins and Uncovers Widespread Protein Aggregation in Affected Brains	supports_context_qualified_pair_relationship	physical_association	automated_human_ORF_Y2H_PRKACA_STUB1_binary_physical_potential	undirected_or_not_applicable			heterologous_binary_Y2H_without_construct_boundary	one_publication_four_repeat_Y2H_workflow_final_network_edge	no_pair_specific_HSP90_assay_or_isoform_inference	An automated human ORF yeast two-hybrid workflow used full-length and fragment constructs, triple reporters, backmating, and four repeat screens. The final network table retains PRKACA IOH26286 and STUB1 CCSB_5219, but does not preserve construct boundaries or assay orientation in the final row.	cultured_cell_line	budding_yeast;human	nucleus_or_chromatin	omics_or_screening_measurement;physical_interaction_or_proximity	Supplementary mmc3 identifies PRKACA IOH26286 and STUB1 CCSB_5219 as a top target and retains the pair in the final NN1.0 network (row 10959). The four IntAct routes represent one repeated Y2H workflow, not independent studies.	Supplementary mmc3 top-target table and final NN1.0 worksheet row 10959	Y2H supports heterologous binary physical potential, but missing construct boundaries and native mammalian validation cap this row at context-qualified support. Assay orientation is not biological direction, and no function, HSP90 mechanism, or client state is inferred.	Triple reporters, backmating, and repeated screening improve assay confidence, but the final table omits the fragment/full-length configuration and does not supply a mammalian or functional follow-up for this pair.	The three IntAct method labels and repeated screens belong to one publication/workflow and cannot inflate source independence. This row independently corroborates the separate mammalian PMID31189917 mechanism without supplying its direction or function.	construct_boundaries_not_reported;database_routes_not_independent_replication;heterologous_Y2H_not_native_complex;no_HSP90_assay;not_client_evidence;repeat_screens_not_independent_sources	local_main_article_and_complete_advertised_supplement_bundle;claim_bearing_mmc3_reviewed	focused_primary_review_complete	close_pair
COCHSRCREV-2026-09-13-STIP1-PSMD2-PMID25036637	2026-09-13	PSMD2::STIP1	PSMD2	STIP1	STIP1	PSMD2	PMID:25036637	25036637	PMC4104544	10.1016/j.cell.2014.05.039	A quantitative chaperone interaction network reveals the architecture of cellular protein homeostasis pathways	supports_context_qualified_pair_relationship	physical_association;shared_complex	PSMD2_query_LUMIER_cellular_association_with_STIP1	undirected_or_not_applicable			cellular_complex_not_binary	tagged_expression_LUMIER_cellular_association_without_qualifying_APMS	no_pair_specific_HSP90_assay_in_this_source	Human stable polyclonal 293T cells expressing predominantly C-terminal 3xFLAG-V5-tagged chaperone or co-chaperone AP-MS baits were analyzed in duplicate from whole-cell lysate with sodium molybdate. SAINT high-confidence AP-MS required AvgP >= 0.85. LUMIER used transient 3xFLAG query baits and stable Renilla reporters in 293T cells and a high-confidence score >= 7.	cultured_cell_line	human	whole_cell_or_unspecified_fraction	omics_or_screening_measurement;physical_interaction_or_proximity	PSMD2-query LUMIER recovered STIP1 above the source's score 7 threshold; no AP-MS orientation qualified.	LUMIER PSMD2 query/STIP1 reporter 9.413900; reverse STIP1-bait AP-MS row 32099: PSMD2 prey, AvgP 0.00, Spec 2|1, CtrlCounts 3|10|2|9|49|37|1	AP-MS and LUMIER use cellular lysates and support association or shared-complex membership, not purified binary binding. Assay orientation is not biological direction.	Subthreshold or unavailable AP-MS or LUMIER configurations are source-specific assay results, not evidence that the proteins cannot interact in another context. The AP-MS row was below AvgP 0.85 and the reverse LUMIER configuration was unavailable; this is LUMIER-only evidence, not AP-MS replication.	One transformed 293T lineage with tagged expressed proteins. BioGRID and IntAct routes can encode the same source measurement and are not independent replications.	apms_screen;cellular_complex_not_binary;database_routes_not_independent_replication;no_pair_specific_HSP90_assay;not_client_evidence;single_cell_line;tagged_expression;APMS_below_threshold;LUMIER_only;reverse_LUMIER_unavailable	local_main_article_and_complete_Table_S1_workbook_reviewed	focused_primary_review_complete	close_pair
COCHSRCREV-2026-09-13-STIP1-PSMD2-PMID33239621	2026-09-13	PSMD2::STIP1	PSMD2	STIP1	STIP1	PSMD2	PMID:33239621	33239621	PMC7688965	10.1038/s41467-020-19783-w	The Hsp70-Hsp90 co-chaperone Hop/Stip1 shifts the proteostatic balance from folding towards degradation	supports_context_qualified_pair_relationship	shared_complex	STIP1_rescue_IP_LFQ_MS_and_targeted_coIP_support_PSMD2_association	undirected_or_not_applicable			cellular_complex_not_binary	tagged_rescue_IP_LFQ_MS_plus_targeted_cellular_coIP	cytosolic_hsp90_unresolved;no_pair_specific_HSP90_mediation_established	Human HEK293T STIP1-KO1 cells were rescued with HA-tagged wild-type Hop or K8A/K229A TPR-mutant Hop. Anti-HA IP-LFQ-MS used two biological replicates; selected associations were examined by co-immunoprecipitation.	cultured_cell_line	human	whole_cell_or_unspecified_fraction	omics_or_screening_measurement;physical_interaction_or_proximity	PSMD2 was enriched with wild-type relative to K8A/K229A TPR-mutant Hop/STIP1 and was included in the targeted co-IP panel.	Supplementary Data 3 MOESM5, proteinGroups_filtered_m1 row 606: controls 0|0, mutant iBAQ 112020|131680 (mean 121850), WT 240450|371710 (mean 306080), WT/mutant ratio 2.5119409109560937, STIP1-normalized ratio 1.3726453065333846, 7 peptides, 10 MS/MS, peptide counts control 0|0, mutant 1|2, WT 4|3; Figure 3d targeted co-IP, n=1	Tagged affinity purification and co-immunoprecipitation support a cellular complex but do not establish purified binary contact.	The WT-versus-TPR-mutant comparison is construct-dependent quantitative context, not proof of pairwise TPR-domain binding or HSP90 mediation. The modest construct difference and n=1 co-IP do not establish direct TPR-domain binding or HSP90 mediation.	One tagged-rescue HEK293T background with two IP-LFQ-MS biological replicates; candidate-specific co-IP was n=1, and complex topology is unresolved.	cellular_complex_not_binary;hsp90_paralog_unresolved;no_pair_specific_HSP90_mediation;not_client_evidence;single_cell_line;tagged_rescue_construct;two_biological_replicates;coIP_n1;modest_WT_mutant_ratio;targeted_pair_validation	local_main_and_quantitative_IP_LFQ_MS_workbook_reviewed	focused_primary_review_complete	close_pair
COCHSRCREV-2026-09-14-PSMD4-STUB1-PMID26344197	2026-09-14	PSMD4::STUB1	PSMD4	STUB1	STUB1	PSMD4	PMID:26344197	26344197	PMC5036527	10.1038/nature14877	Panorama of ancient metazoan macromolecular complexes	supports_context_qualified_pair_relationship	physical_association;shared_complex	cross_species_cofractionation_association_STUB1_PSMD4_no_shared_final_complex	undirected_or_not_applicable			cross_species_cofractionation_SVM_co_complex_prediction_not_binary_binding	conserved_cofractionation_association_two_input_species	no_pair_specific_HSP90_assay_in_this_source	Biochemical fractionation and LC-MS/MS across animal tissues, embryos, larvae, stem cells, and cultured cell lines, followed by cross-species correlation features and a support-vector-machine prediction of conserved protein-complex co-membership.	cultured_cell_line;tissue_or_biospecimen;whole_organism_or_in_vivo	human;mouse	whole_cell_or_unspecified_fraction	computational_or_secondary_context;omics_or_screening_measurement;physical_interaction_or_proximity	Supplementary Table 2 row 9519 contains STUB1-PSMD4 with final Cofrac_PPI_score 0.122486756 and two input species. no shared final complex is reported in Supplementary Table 4.	Supplementary Table 2 row 9519; Supplementary Table 4 complex assignment; source entry criterion raw biochemical support >0.5 in at least two input species	Cross-species co-elution plus classifier scoring supports conserved co-complex association, not pairwise contact, binding direction, stoichiometry, or mechanism. The exported final score is not the raw entry correlation threshold.	Lack of a shared final cluster for three pairs does not negate their retained non-clustered association row. No pair-specific affinity capture, reconstitution, or functional test is reported.	The network-level estimated precision is not pair-specific. Cross-species observations are within-source replication on a related platform rather than independent publications, and the source does not assay HSP90 mediation or isoform selectivity.	classifier_inferred_association;cofractionation_not_direct_binding;cross_species_same_source_support;network_precision_not_pair_specific;no_HSP90_assay_in_source;not_client_evidence;not_directional_regulation;not_isoform_exclusivity_evidence	local_main_and_complete_native_Supplementary_Tables_1_to_9_reviewed;exact_rows_present	focused_primary_review_complete	retain_pair
COCHSRCREV-2026-09-13-STUB1-RAF1-PMID15215316	2026-09-13	RAF1::STUB1	RAF1	STUB1	STUB1	RAF1	PMID:15215316	15215316	PMC515335	10.1091/mbc.E04-04-0293	The cochaperone HspBP1 inhibits the CHIP ubiquitin ligase and stimulates the maturation of the cystic fibrosis transmembrane conductance regulator	supports_context_qualified_pair_relationship	protein_ubiquitylation;ubiquitin_ligase_substrate	STUB1_ubiquitylates_RAF1_in_an_Hsc70_linked_cell_free_system	directed	STUB1	RAF1	functional_catalytic_relationship_not_binary_binding	cell_free_Hsc70_linked_ubiquitylation	Hsc70_branch_no_pair_specific_HSP90_test	Cell-free Raf-1 reaction with rat Hsc70 and recombinant human Hsp40, UbcH5b, CHIP, and titrated HSPBP1	purified_or_cell_free	human;rat	not_reported	biochemical_or_structural;functional_or_phenotypic_readout	CHIP produced high-molecular-weight ubiquitylated Raf-1 in the Hsc70 system and HSPBP1 inhibited the reaction dose-dependently.	Results, HspBP1 Inhibits the CHIP Ubiquitin Ligase; Figure 2A	The multicomponent cell-free reaction supports a catalytic substrate relationship, not binary binding.	No cellular RAF1 abundance response or pair-specific HSP90 experiment was reported.	Single mixed-species cell-free reaction with several chaperone and ubiquitin-system components.	cell_free_multicomponent_reaction;Hsc70_branch_not_HSP90_specific;not_binary_binding;single_biochemical_system	local_full_text_reviewed_no_separate_supplement_indicated	focused_primary_review_complete	close_pair
COCHSRCREV-2026-09-14-RNF41-SUGT1-PMID33961781	2026-09-14	RNF41::SUGT1	RNF41	SUGT1	SUGT1	RNF41	PMID:33961781	33961781	PMC8165030	10.1016/j.cell.2021.04.026	Dual proteome-scale networks reveal cell-specific remodeling of the human interactome	supports_context_qualified_pair_relationship	physical_association;shared_complex	BioPlex3_SUGT1_to_RNF41_APMS_association	undirected_or_not_applicable			tagged_bait_APMS_association_not_binary_binding	BioPlex3_single_direction_293T_cellular_APMS_association	no_pair_specific_HSP90_assay_in_this_source	Human BioPlex 3 tagged-bait affinity-purification mass spectrometry in 293T cells.	cultured_cell_line	human	whole_cell_or_unspecified_fraction	omics_or_screening_measurement;physical_interaction_or_proximity	Official BioPlex directed and final-network matrices contain SUGT1 to RNF41 with final-network pInt value(s) 0.999994973212823 in 293T.	Official BioPlex 3 293T/HCT116 directed-edge and final-network matrices; exact gene-symbol rows	Bait-to-prey is assay orientation rather than biological regulation. Tagged-bait AP-MS supports cellular or lysate co-recovery, not purified pairwise binding.	Absence from the other cell-line matrix is not biological negative evidence. The source supplies no pair-specific functional or HSP90-dependence result.	Tagged exogenous bait and cell-line context limit physiological generalization. BioGRID and IntAct routes from this PMID are projections of the same BioPlex experiment and are not independent evidence.	APMS_association_not_direct_binding;assay_bait_prey_not_biological_direction;cell_line_context;database_routes_not_independent_replication;no_HSP90_assay_in_source;not_client_evidence;not_isoform_exclusivity_evidence;tagged_bait_context	local_main_and_exact_official_BioPlex_matrices_reviewed_complete	focused_primary_review_complete	retain_pair
COCHSRCREV-2026-09-13-RPAP3-SUGT1-PMID14676191	2026-09-13	RPAP3::SUGT1	RPAP3	SUGT1	SUGT1	RPAP3	PMID:14676191	14676191		10.1074/jbc.M312171200	Comprehensive proteomic analysis of human Par protein complexes reveals an interconnected protein network	supports_context_qualified_pair_relationship	physical_association;shared_complex	RPAP3_FLJ21908_and_SUGT1_same_Par6C_TAPMS_complex_context	undirected_or_not_applicable			same_bait_complex_comembership_not_pairwise	duplicate_HEK293_TAPMS_complex_comembership	no_pair_specific_HSP90_mediation_established	Duplicate tandem-affinity purifications of tagged human Par-complex baits from HEK293 cells were resolved by SDS-PAGE and LC-MS/MS; the target pair appears as separate preys in the Par6C-bait purification.	cultured_cell_line	human	whole_cell_or_unspecified_fraction	omics_or_screening_measurement;physical_interaction_or_proximity	Source-era FLJ21908/mSpaghetti (current RPAP3; NP_078880) and SUGT1 (NP_006695) were both identified in the Par6C TAP-MS purification, with 18 peptides/36% coverage and 5 peptides/23% coverage, respectively.	Complete supplement pages 42-44: Par6C-bait protein list; FLJ21908/RPAP3 and SUGT1 peptide/coverage entries on page 44	Same-bait TAP-MS co-membership does not establish RPAP3-SUGT1 pairwise contact, reciprocal recovery, or direction.	The study explicitly warns that network connections denote presence in a complex and do not necessarily imply direct interaction; the pair was not selected for targeted co-IP validation.	HPRD COM_1603 is a complex expansion of this purification, not a pairwise experiment. No client, functional, pair-specific HSP90, or HSP90-isotype conclusion follows.	complex_expansion_not_pairwise;database_route_not_independent_replication;not_client_evidence;RPAP3_source_alias_FLJ21908;tagged_expression	local_main_and_complete_claim_bearing_supplement_reviewed	focused_primary_review_complete	close_pair
COCHSRCREV-2026-09-13-RPAP3-SUGT1-PMID25036637	2026-09-13	RPAP3::SUGT1	RPAP3	SUGT1	SUGT1	RPAP3	PMID:25036637	25036637	PMC4104544	10.1016/j.cell.2014.05.039	A quantitative chaperone interaction network reveals the architecture of cellular protein homeostasis pathways	supports_context_qualified_pair_relationship	physical_association;shared_complex	RPAP3_bait_APMS_cellular_association_with_SUGT1_with_subthreshold_LUMIER	undirected_or_not_applicable			cellular_complex_not_binary	tagged_expression_duplicate_APMS_cellular_association	no_pair_specific_HSP90_mediation_established	Human 293T cells stably expressed mostly C-terminal 3xFLAG-V5-tagged bait proteins for duplicate AP-MS scored by SAINT (qualifying AvgP at least 0.85). Separate stable Renilla-reporter cells and transient 3xFLAG query expression supplied LUMIER measurements (qualifying score at least 7). Query/reporter and bait/prey orientations are assay configurations.	cultured_cell_line	human	whole_cell_or_unspecified_fraction	omics_or_screening_measurement;physical_interaction_or_proximity	RPAP3-bait AP-MS recovered SUGT1 at AvgP 0.99 with spectra 25|17; the seven controls had spectra 0|2|0|0|5|3|0. Reverse SUGT1-bait AP-MS had AvgP 0.	Table S1 decision workbook: AP-MS, general LUMIER, and targeted domain-panel sheets rechecked at source thresholds	AP-MS co-recovery and LUMIER signal in cells do not establish purified pairwise contact, biological direction, client status, or HSP90 mediation.	Both LUMIER orientations (RPAP3-query/SUGT1-reporter 3.010245; SUGT1-query/RPAP3-reporter 0.769141) were below 7. Reverse AP-MS and subthreshold LUMIER are assay-specific findings, not evidence that the proteins cannot associate elsewhere.	One tagged-expression 293T study. BioGRID and IntAct routes are encodings of the same publication, not independent experiments or replication.	LUMIER_below_threshold;cellular_complex_not_binary;database_routes_not_independent_replication;no_pair_specific_HSP90_mediation;not_client_evidence;reverse_APMS_below_threshold;same_subthreshold_LUMIER_database_projection;single_cell_line;tagged_expression	local_main_article_and_decision_complete_Table_S1_workbook_reviewed;optional_other_publication_supplements_not_decision_blocking	focused_primary_review_complete	close_pair
COCHSRCREV-2026-09-13-SUGT1-RSU1-PMID25036637	2026-09-13	RSU1::SUGT1	RSU1	SUGT1	SUGT1	RSU1	PMID:25036637	25036637	PMC4104544	10.1016/j.cell.2014.05.039	A quantitative chaperone interaction network reveals the architecture of cellular protein homeostasis pathways	supports_context_qualified_pair_relationship	physical_association;shared_complex	SUGT1_bait_APMS_cellular_association_with_RSU1	undirected_or_not_applicable			cellular_complex_not_binary	tagged_expression_duplicate_APMS_cellular_association	no_pair_specific_HSP90_assay_in_this_source	Human stable polyclonal 293T cells expressing predominantly C-terminal 3xFLAG-V5-tagged chaperone or co-chaperone AP-MS baits were analyzed in duplicate from whole-cell lysate with sodium molybdate. SAINT high-confidence AP-MS required AvgP >= 0.85. LUMIER used transient 3xFLAG query baits and stable Renilla reporters in 293T cells and a high-confidence score >= 7.	cultured_cell_line	human	whole_cell_or_unspecified_fraction	omics_or_screening_measurement;physical_interaction_or_proximity	SUGT1-bait AP-MS recovered RSU1 above the source's AvgP 0.85 threshold.	AvgP scores row 466: SUGT1 bait, RSU1 prey, AvgP 0.95, Spec 3|5, CtrlCounts 0|0|0|0|0|0|0; general LUMIER RSU1 query/SUGT1 reporter -0.360582; targeted LRR/beta-propeller panel RSU1 query/SUGT1 reporter -0.037741	AP-MS and LUMIER use cellular lysates and support association or shared-complex membership, not purified binary binding. Assay orientation is not biological direction.	Subthreshold or unavailable AP-MS or LUMIER configurations are source-specific assay results, not evidence that the proteins cannot interact in another context. Both general and targeted-domain LUMIER measurements were below 7; these assay results are not biological negatives.	One transformed 293T lineage with tagged expressed proteins. BioGRID and IntAct routes can encode the same source measurement and are not independent replications.	apms_screen;cellular_complex_not_binary;database_routes_not_independent_replication;no_pair_specific_HSP90_assay;not_client_evidence;single_cell_line;tagged_expression;lumier_below_threshold;targeted_domain_panel_LUMIER_below_threshold	local_main_article_and_complete_Table_S1_workbook_reviewed	focused_primary_review_complete	close_pair
COCHSRCREV-2026-09-13-SUGT1-RSU1-PMID33961781	2026-09-13	RSU1::SUGT1	RSU1	SUGT1	SUGT1	RSU1	PMID:33961781	33961781	PMC8165030	10.1016/j.cell.2021.04.011	Dual proteome-scale networks reveal cell-specific remodeling of the human interactome	supports_context_qualified_pair_relationship	physical_association;shared_complex	reciprocal_RSU1_SUGT1_BioPlex3_293T_APMS_association	undirected_or_not_applicable			cellular_complex_not_binary	same_study_reciprocal_cellular_APMS_association	no_pair_specific_HSP90_mediation_established	BioPlex 3.0 used lentiviral expression of affinity-tagged human baits and AP-MS in 293T and HCT116 cells. Official directed releases preserve bait-prey configuration; final network releases provide pInt, pW, and pNI scores, with the local database route using pInt >= 0.75.	cultured_cell_line	human	whole_cell_or_unspecified_fraction	omics_or_screening_measurement;physical_interaction_or_proximity	BioPlex 3.0 293T AP-MS recovered RSU1 and SUGT1 in both bait-prey orientations at the pInt threshold.	293T directed lines 42114-42115: reciprocal RSU1-SUGT1 configurations; final-network pInt 0.756170222985880, just above 0.75	AP-MS supports cellular co-recovery or shared-complex membership, not purified binary contact. Reciprocal capture or recovery in two cell lines remains same-study evidence, and bait-prey orientation is not regulatory direction.	No pair-specific direct-binding, regulatory, client-stability, or HSP90 mediation experiment was reported.	Tagged-expression AP-MS in two transformed cell lines. BioGRID, IntAct, directed releases, and final-network rows project one study rather than independent evidence. The 293T network carries forward prior releases.	apms_screen;BioPlex3_293T_carries_forward_prior_releases;cellular_complex_not_binary;database_routes_not_independent_replication;no_pair_specific_HSP90_assay;not_client_evidence;tagged_expression;same_study_cross_cell_line_replication;near_threshold_pInt;reciprocal_APMS_same_study	local_main_and_exact_official_directed_and_final_network_matrices_reviewed	focused_primary_review_complete	close_pair
COCHSRCREV-2026-09-13-SACK1H-UNC45A-PMID25036637	2026-09-13	SACK1H::UNC45A	SACK1H	UNC45A	UNC45A	SACK1H	PMID:25036637	25036637	PMC4104544	10.1016/j.cell.2014.05.039	A quantitative chaperone interaction network reveals the architecture of cellular protein homeostasis pathways	supports_context_qualified_pair_relationship	physical_association;shared_complex	UNC45A_bait_APMS_cellular_association_with_FAM83H_SACK1H	undirected_or_not_applicable			cellular_complex_not_binary	tagged_expression_duplicate_APMS_cellular_association_without_source_LUMIER_row	no_pair_specific_HSP90_mediation_established	Human 293T cells stably expressed mostly C-terminal 3xFLAG-V5-tagged bait proteins for duplicate AP-MS scored by SAINT (qualifying AvgP at least 0.85). Separate stable Renilla-reporter cells and transient 3xFLAG query expression supplied LUMIER measurements (qualifying score at least 7). Query/reporter and bait/prey orientations are assay configurations.	cultured_cell_line	human	whole_cell_or_unspecified_fraction	omics_or_screening_measurement;physical_interaction_or_proximity	UNC45A-bait AP-MS recovered source-era FAM83H (current symbol SACK1H; Entrez 286077; Q6ZRV2) at AvgP 1.00 with spectra 9|5 and zero spectra in all seven controls.	Table S1 decision workbook: AP-MS, general LUMIER, and targeted domain-panel sheets rechecked at source thresholds	AP-MS co-recovery and LUMIER signal in cells do not establish purified pairwise contact, biological direction, client status, or HSP90 mediation.	No FAM83H/SACK1H LUMIER query row exists in the source workbook. The BioGRID luminescence and IntAct anti-tag projections therefore are not qualifying orthogonal support; absence from that screen is not a biological noninteraction.	One tagged-expression 293T study. BioGRID and IntAct routes are encodings of the same publication, not independent experiments or replication.	cellular_complex_not_binary;current_symbol_SACK1H_source_alias_FAM83H;database_LUMIER_projection_not_supported_by_source;database_routes_not_independent_replication;no_pair_specific_HSP90_mediation;not_client_evidence;single_cell_line;tagged_expression	local_main_article_and_decision_complete_Table_S1_workbook_reviewed;optional_other_publication_supplements_not_decision_blocking	focused_primary_review_complete	close_pair
COCHSRCREV-2026-09-13-SACK1H-UNC45A-PMID28514442	2026-09-13	SACK1H::UNC45A	SACK1H	UNC45A	UNC45A	SACK1H	PMID:28514442	28514442	PMC5531611	10.1038/nature22366	Architecture of the human interactome defines protein communities and disease networks	supports_context_qualified_pair_relationship	physical_association;shared_complex	UNC45A_bait_BioPlex2_293T_APMS_network_association_with_FAM83H_SACK1H	undirected_or_not_applicable			cellular_APMS_network_not_binary	BioPlex2_293T_high_confidence_APMS_network_edge	no_pair_specific_HSP90_mediation_established	Human HEK293T FLAG-HA affinity-purification mass spectrometry from the expanded BioPlex 2.0 interaction network; directed-edge orientation records bait and prey, not biological flow.	cultured_cell_line	human	whole_cell_or_unspecified_fraction	omics_or_screening_measurement;physical_interaction_or_proximity	UNC45A bait recovered source-era FAM83H (current SACK1H; Entrez 286077; Q6ZRV2) in the BioPlex2 293T release.	Exact official BioPlex 2.0 293T DirectedEdges matrix: target symbol/accession rows rechecked	AP-MS network co-recovery does not establish pairwise contact, causal direction, client status, or HSP90 mediation.	A missing reverse directed edge is an assay-configuration result and not a biological noninteraction.	BioPlex1 and BioPlex2 are releases from the same evolving 293T program, not independent biological replications; database projections of this publication are also not independent.	APMS_network_not_binary;BioPlex_evolving_293T_lineage;database_routes_not_independent_replication;current_symbol_SACK1H_source_alias_FAM83H;no_pair_specific_HSP90_mediation;not_client_evidence;tagged_expression	local_main_exact_official_directed_matrix_and_complete_publication_supplement_bundle_available;decision_matrix_reviewed	focused_primary_review_complete	close_pair
COCHSRCREV-2026-09-13-SACK1H-UNC45A-PMID33961781	2026-09-13	SACK1H::UNC45A	SACK1H	UNC45A	UNC45A	SACK1H	PMID:33961781	33961781	PMC8165030	10.1016/j.cell.2021.04.011	Dual proteome-scale networks reveal cell-specific remodeling of the human interactome	supports_context_qualified_pair_relationship	physical_association;shared_complex	UNC45A_bait_BioPlex3_293T_and_HCT116_APMS_network_association_with_FAM83H_SACK1H	undirected_or_not_applicable			cellular_APMS_network_not_binary	BioPlex3_APMS_network_edge_with_source_specific_cell_line_context	no_pair_specific_HSP90_mediation_established	BioPlex3 affinity-purification mass spectrometry maps human 293T and HCT116 networks. Final pInt at least 0.75 defines admitted edges; bait-prey orientation is assay configuration.	cultured_cell_line	human	whole_cell_or_unspecified_fraction	omics_or_screening_measurement;physical_interaction_or_proximity	UNC45A bait recovered source-era FAM83H (current SACK1H; Entrez 286077; Q6ZRV2) in 293T (pInt 0.9998161105) and HCT116 (pInt 0.9955698017).	293T and HCT116 exact UNC45A-to-FAM83H directed rows; final-network lines 75801 and 21840.	BioPlex network edges support cell-line-specific co-recovery, not pairwise contact, biological direction, client status, or HSP90 mediation.	A missing reverse direction or cell-line edge is a source-specific network result, not a biological noninteraction.	The 293T BioPlex1/2/3 releases are carry-forward/reanalysis of one evolving program. HCT116 is a distinct lineage measured in the same BioPlex3 publication, not an independent publication. Database routes are not replication.	APMS_network_not_binary;BioPlex_evolving_293T_lineage;database_routes_not_independent_replication;current_symbol_SACK1H_source_alias_FAM83H;single_orientation_in_each_cell_line;no_pair_specific_HSP90_mediation;not_client_evidence;tagged_expression	local_main_and_exact_official_directed_and_final_network_matrices_reviewed;remaining_publication_bundle_archive_gap_not_decision_blocker	focused_primary_review_complete	close_pair
COCHSRCREV-2026-09-13-SACK1H-UNC45A-PMID33973408	2026-09-13	SACK1H::UNC45A	SACK1H	UNC45A	UNC45A	SACK1H	PMID:33973408	33973408	PMC8111494	10.15252/msb.202010016	hu.MAP 2.0: integration of over 15,000 proteomic experiments builds a global compendium of human multiprotein assemblies	supports_context_qualified_pair_relationship	physical_association;shared_complex	huMAP2_predicted_complex_comembership_SACK1H_FAM83H_UNC45A_context	undirected_or_not_applicable			integrative_predicted_complex_not_pairwise	medium_confidence_integrative_predicted_complex_comembership	no_pair_specific_HSP90_mediation_established	hu.MAP 2.0 computationally integrates more than 15,000 human proteomic experiments into predicted multiprotein assemblies. Local record HuMAP2_06349 has confidence 5.	computational_or_database	human	not_reported	computational_or_secondary_context	hu.MAP 2.0 predicts source-era FAM83H (current SACK1H; Q6ZRV2) and UNC45A (Q9H3U1) as co-members of HuMAP2_06349 with SKIV2L, TTC37, OSBPL2, and SDF2.	Official huMAP2 complex release line 6302: HuMAP2_06349, confidence 5, six accession/symbol members	Predicted co-membership in an integrative complex does not establish pairwise contact, biological direction, assay replication, or HSP90 mediation.	No pairwise SACK1H-UNC45A assay, purified binding test, functional perturbation, or client-stability test is reported by this record.	hu.MAP integrates BioPlex and other inputs, so this prediction is not independent of the reviewed BioPlex evidence. The exact official matrix is decision-complete; the publication package is an archive-only gap.	computational_integrative_prediction;current_symbol_SACK1H_source_alias_FAM83H;HuMAP_incorporates_BioPlex_inputs;not_client_evidence;not_independent_pairwise_support;predicted_complex_not_pairwise;publication_package_not_local_archive_gap	exact_official_complex_matrix_reviewed;publication_package_not_local_archive_gap_not_decision_blocker	focused_primary_review_complete	close_pair
COCHSRCREV-2026-09-14-SKP1-SUGT1-PMID26344197	2026-09-14	SKP1::SUGT1	SKP1	SUGT1	SUGT1	SKP1	PMID:26344197	26344197	PMC5036527	10.1038/nature14877	Panorama of ancient metazoan macromolecular complexes	supports_context_qualified_pair_relationship	physical_association;shared_complex	cross_species_cofractionation_association_SKP1_SUGT1_final_complex_395_SKP1_SUGT1_FBXL6	undirected_or_not_applicable			cross_species_cofractionation_SVM_co_complex_prediction_not_binary_binding	conserved_cofractionation_association_mouse_and_human_input_plus_two_holdout_species	no_pair_specific_HSP90_assay_in_this_source	Biochemical fractionation and LC-MS/MS across animal tissues, embryos, larvae, stem cells, and cultured cell lines, followed by cross-species correlation features and a support-vector-machine prediction of conserved protein-complex co-membership.	cultured_cell_line;tissue_or_biospecimen;whole_organism_or_in_vivo	human;mouse;other_nonhuman;xenopus	whole_cell_or_unspecified_fraction	computational_or_secondary_context;omics_or_screening_measurement;physical_interaction_or_proximity	Supplementary Table 2 row 3406 contains SKP1-SUGT1 with final Cofrac_PPI_score 0.988871181 and mouse and human input plus two holdout species. final complex 395 SKP1 SUGT1 FBXL6 is reported in Supplementary Table 4.	Supplementary Table 2 row 3406; Supplementary Table 4 complex assignment; source entry criterion raw biochemical support >0.5 in at least two input species	Cross-species co-elution plus classifier scoring supports conserved co-complex association, not pairwise contact, binding direction, stoichiometry, or mechanism. The exported final score is not the raw entry correlation threshold.	Lack of a shared final cluster for three pairs does not negate their retained non-clustered association row. No pair-specific affinity capture, reconstitution, or functional test is reported.	The network-level estimated precision is not pair-specific. Cross-species observations are within-source replication on a related platform rather than independent publications, and the source does not assay HSP90 mediation or isoform selectivity.	classifier_inferred_association;cofractionation_not_direct_binding;cross_species_same_source_support;network_precision_not_pair_specific;no_HSP90_assay_in_source;not_client_evidence;not_directional_regulation;not_isoform_exclusivity_evidence	local_main_and_complete_native_Supplementary_Tables_1_to_9_reviewed;exact_rows_present	focused_primary_review_complete	retain_pair
COCHSRCREV-2026-09-13-SUGT1-SKP2-PMID25036637	2026-09-13	SKP2::SUGT1	SKP2	SUGT1	SUGT1	SKP2	PMID:25036637	25036637	PMC4104544	10.1016/j.cell.2014.05.039	A quantitative chaperone interaction network reveals the architecture of cellular protein homeostasis pathways	supports_context_qualified_pair_relationship	physical_association;shared_complex	SUGT1_bait_APMS_plus_LUMIER_association_with_SKP2	undirected_or_not_applicable			cellular_complex_not_binary	tagged_expression_APMS_plus_LUMIER_cellular_association	no_pair_specific_HSP90_assay_in_this_source	Human stable polyclonal 293T cells expressing predominantly C-terminal 3xFLAG-V5-tagged chaperone or co-chaperone AP-MS baits were analyzed in duplicate from whole-cell lysate with sodium molybdate. SAINT high-confidence AP-MS required AvgP >= 0.85. LUMIER used transient 3xFLAG query baits and stable Renilla reporters in 293T cells and a high-confidence score >= 7.	cultured_cell_line	human	whole_cell_or_unspecified_fraction	omics_or_screening_measurement;physical_interaction_or_proximity	SUGT1-bait AP-MS and the general LUMIER screen pass the source thresholds for SKP2.	AvgP scores row 467: SUGT1 bait, SKP2 prey, AvgP 0.89, Spec 3|3, CtrlCounts 0|0|0|0|0|0|0; general LUMIER SKP2 query/SUGT1 reporter 36.969164; AP-MS and LUMIER row 76: SUGT1-SKP2, LUMIER 36.969164, AvgP 0.89; targeted LUMIER scores (b-propeller) row 192: Class LRR, SKP2 query/SUGT1 reporter -0.000104	AP-MS and LUMIER use cellular lysates and support association or shared-complex membership, not purified binary binding. Assay orientation is not biological direction.	Subthreshold or unavailable AP-MS or LUMIER configurations are source-specific assay results, not evidence that the proteins cannot interact in another context. The targeted LRR/beta-propeller domain-panel re-screen of the same SKP2-query/SUGT1-reporter configuration scored -0.000104, below 7; this discordance limits within-study replication but is not a biological negative.	One transformed 293T lineage with tagged expressed proteins. BioGRID and IntAct routes can encode the same source measurement and are not independent replications. General LUMIER scored 36.969164, whereas the targeted LRR/beta-propeller panel scored -0.000104 for the same orientation. Preserve the qualifying general screen and AP-MS result while treating the domain-panel discordance as a replication limit.	apms_screen;cellular_complex_not_binary;database_routes_not_independent_replication;no_pair_specific_HSP90_assay;not_client_evidence;single_cell_line;tagged_expression;author_curated_APMS_plus_LUMIER_positive;targeted_domain_panel_LUMIER_below_threshold;within_study_LUMIER_discordance	local_main_article_and_complete_Table_S1_workbook_reviewed	focused_primary_review_complete	close_pair
COCHSRCREV-2026-09-13-SUGT1-SKP2-PMID28514442	2026-09-13	SKP2::SUGT1	SKP2	SUGT1	SUGT1	SKP2	PMID:28514442	28514442	PMC5531611	10.1038/nature22366	Architecture of the human interactome defines protein communities and disease networks	supports_context_qualified_pair_relationship	physical_association;shared_complex	SKP2_bait_BioPlex2_APMS_co_recovers_SUGT1	undirected_or_not_applicable			cellular_complex_not_binary	high_confidence_cellular_APMS_co_complex	no_pair_specific_HSP90_mediation_established	BioPlex 2.0 expressed C-terminal HA-FLAG-tagged human ORFeome baits in HEK293T cells and called AP-MS interactions with CompPASS-Plus. The official directed release preserves bait-prey configuration; the database route records the source score and a 0.75 threshold.	cultured_cell_line	human	whole_cell_or_unspecified_fraction	omics_or_screening_measurement;physical_interaction_or_proximity	SKP2-bait BioPlex 2.0 AP-MS recovered SUGT1 in the official directed network.	BioPlex 2.0 official directed release line 31652: SKP2 bait, SUGT1 prey; database route score 0.984696032 at threshold 0.75	Tagged-expression AP-MS supports cellular co-recovery, not purified binary binding; bait-prey orientation is assay provenance.	No reciprocal direction, direct-binding test, pair-specific functional perturbation, client-stability test, or HSP90 mediation test was reported. No reciprocal SUGT1-bait row was reported.	One 293T AP-MS network. BioPlex 3.0 carries forward and re-scores BioPlex 2.0 measurements, so later 293T presence is not an independent replication. BioGRID is a projection of this source.	apms_screen;BioPlex3_carries_forward_BioPlex2;cellular_complex_not_binary;database_routes_not_independent_replication;no_pair_specific_HSP90_assay;not_client_evidence;single_cell_line;tagged_expression;reverse_APMS_not_reported	local_main_and_exact_official_directed_matrix_reviewed	focused_primary_review_complete	close_pair
COCHSRCREV-2026-09-13-SUGT1-SKP2-PMID33961781	2026-09-13	SKP2::SUGT1	SKP2	SUGT1	SUGT1	SKP2	PMID:33961781	33961781	PMC8165030	10.1016/j.cell.2021.04.011	Dual proteome-scale networks reveal cell-specific remodeling of the human interactome	supports_context_qualified_pair_relationship	physical_association;shared_complex	SKP2_bait_BioPlex3_293T_APMS_co_recovers_SUGT1	undirected_or_not_applicable			cellular_complex_not_binary	high_confidence_cellular_APMS_co_complex	no_pair_specific_HSP90_mediation_established	BioPlex 3.0 used lentiviral expression of affinity-tagged human baits and AP-MS in 293T and HCT116 cells. Official directed releases preserve bait-prey configuration; final network releases provide pInt, pW, and pNI scores, with the local database route using pInt >= 0.75.	cultured_cell_line	human	whole_cell_or_unspecified_fraction	omics_or_screening_measurement;physical_interaction_or_proximity	SKP2-bait BioPlex 3.0 293T AP-MS recovered SUGT1 above pInt 0.75.	293T directed line 63122: SKP2 bait, SUGT1 prey; final-network pInt 0.996863124408419	AP-MS supports cellular co-recovery or shared-complex membership, not purified binary contact. Reciprocal capture or recovery in two cell lines remains same-study evidence, and bait-prey orientation is not regulatory direction.	No pair-specific direct-binding, regulatory, client-stability, or HSP90 mediation experiment was reported.	Tagged-expression AP-MS in two transformed cell lines. BioGRID, IntAct, directed releases, and final-network rows project one study rather than independent evidence. The 293T network carries forward prior releases.	apms_screen;BioPlex3_293T_carries_forward_prior_releases;cellular_complex_not_binary;database_routes_not_independent_replication;no_pair_specific_HSP90_assay;not_client_evidence;tagged_expression;same_study_cross_cell_line_replication;BioPlex3_carries_forward_BioPlex2_not_independent_replication	local_main_and_exact_official_directed_and_final_network_matrices_reviewed	focused_primary_review_complete	close_pair
COCHSRCREV-2026-09-14-STIP1-VCP-PMID26344197	2026-09-14	STIP1::VCP	STIP1	VCP	STIP1	VCP	PMID:26344197	26344197	PMC5036527	10.1038/nature14877	Panorama of ancient metazoan macromolecular complexes	supports_context_qualified_pair_relationship	physical_association;shared_complex	cross_species_cofractionation_association_VCP_STIP1_no_shared_final_complex	undirected_or_not_applicable			cross_species_cofractionation_SVM_co_complex_prediction_not_binary_binding	conserved_cofractionation_association_three_input_species_plus_Xenopus_holdout	no_pair_specific_HSP90_assay_in_this_source	Biochemical fractionation and LC-MS/MS across animal tissues, embryos, larvae, stem cells, and cultured cell lines, followed by cross-species correlation features and a support-vector-machine prediction of conserved protein-complex co-membership.	cultured_cell_line;tissue_or_biospecimen;whole_organism_or_in_vivo	fruit_fly;human;mouse;xenopus	whole_cell_or_unspecified_fraction	computational_or_secondary_context;omics_or_screening_measurement;physical_interaction_or_proximity	Supplementary Table 2 row 13791 contains VCP-STIP1 with final Cofrac_PPI_score 0.081763473 and three input species plus Xenopus holdout. no shared final complex is reported in Supplementary Table 4.	Supplementary Table 2 row 13791; Supplementary Table 4 complex assignment; source entry criterion raw biochemical support >0.5 in at least two input species	Cross-species co-elution plus classifier scoring supports conserved co-complex association, not pairwise contact, binding direction, stoichiometry, or mechanism. The exported final score is not the raw entry correlation threshold.	Lack of a shared final cluster for three pairs does not negate their retained non-clustered association row. No pair-specific affinity capture, reconstitution, or functional test is reported.	The network-level estimated precision is not pair-specific. Cross-species observations are within-source replication on a related platform rather than independent publications, and the source does not assay HSP90 mediation or isoform selectivity.	classifier_inferred_association;cofractionation_not_direct_binding;cross_species_same_source_support;network_precision_not_pair_specific;no_HSP90_assay_in_source;not_client_evidence;not_directional_regulation;not_isoform_exclusivity_evidence	local_main_and_complete_native_Supplementary_Tables_1_to_9_reviewed;exact_rows_present	focused_primary_review_complete	retain_pair
COCHSRCREV-2026-09-13-STUB1-TP53-PMID26330542	2026-09-13	STUB1::TP53	STUB1	TP53	STUB1	TP53	PMID:26330542	26330542	PMC4638040	10.1074/mcp.M115.051169	Protein-protein interactions modulate the docking-dependent E3-ubiquitin ligase activity of carboxy-terminus of Hsc70-interacting protein (CHIP)	supports_context_qualified_pair_relationship	protein_ubiquitylation;ubiquitin_ligase_substrate	STUB1_ubiquitylates_TP53_in_cell_free_reconstitution_modulated_by_HSP70	directed	STUB1	TP53	functional_catalytic_relationship_not_binary_binding	purified_reconstituted_ubiquitylation_with_mutant_and_chaperone_modulation	HSP70_modulated_no_pair_specific_HSP90_test	Purified human TP53, WT or K30A CHIP, UBE1, UbcH5a, ubiquitin, and Hsp70/Hsp40 or Hsp70 peptide	purified_or_cell_free	human	not_reported	biochemical_or_structural;functional_or_phenotypic_readout	WT CHIP ubiquitylated TP53; Hsp70 or Hsp70 peptide inhibited the reaction, and K30A CHIP was severely impaired.	Results, Hsp70 Differentially Regulates CHIP Activity and CHIP-K30A Mutant Is Deficient in the Ubiquitin-conjugating Activity; Figures 1B, 1G, and 2E	The multicomponent cell-free reaction establishes a catalytic substrate relationship, not binary binding, cellular stability, or HSP90-client status.	The HSP90 arm of Figure 1C tested IRF1, not TP53; database qualification overstates pair-specific HSP90 modulation.	Cell-free-only TP53 experiment without a cellular stability test or pair-specific HSP90 assay.	cell_free_only;not_binary_binding;no_cellular_TP53_test;no_pair_specific_HSP90_assay;database_qualification_exceeds_pair_specific_test	main_article_reviewed_actual_supplement_package_missing_not_decision_limiting	focused_primary_review_complete	close_pair
COCHSRCREV-2026-09-13-STUB1-TRAF2-PMID14743216-UNSUPPORTED	2026-09-13	STUB1::TRAF2	STUB1	TRAF2	STUB1	TRAF2	PMID:14743216	14743216		10.1038/ncb1086	A physical and functional map of the human TNF-alpha/NF-kappaB signal transduction pathway	database_route_not_supported_by_source		single_unfiltered_STUB1_identification_does_not_support_STUB1_TRAF2_pair	not_applicable			source_high_confidence_pair_not_supported	database_projection_not_supported_by_source	no_HSP90_assay_in_this_source	Seven tandem-affinity purifications of tagged TRAF2 followed by LC-MS/MS in TNF-responsive human HEK293 cells	cultured_cell_line	human	whole_cell_or_unspecified_fraction	omics_or_screening_measurement	STUB1 appears once in one of seven TRAF2 purifications in the unfiltered protein-identification table, but the pair is absent from the paper's high-confidence nonredundant interaction table.	Supplementary Table S1 row 1929 (single STUB1 identification in 1/7 TRAF2 purifications); absence from Supplementary Table S2	A single identification in an unfiltered complex-scale AP-MS table does not establish a high-confidence pairwise association or binary contact.	Failure to pass this source's interaction-confidence filter is not evidence that STUB1 and TRAF2 cannot interact in another condition or assay.	The database pair projection exceeds the primary source's confidence threshold; no reciprocal purification, targeted co-immunoprecipitation, or pair-specific perturbation is reported.	database_projection_not_supported;not_negative_evidence;single_publication_multiple_pair_routes	local_supplement_reviewed	focused_primary_review_complete	retain_pair
COCHSRCREV-2026-09-14-STUB1_TRAF2-PMID35831314	2026-09-14	STUB1::TRAF2	STUB1	TRAF2	STUB1	TRAF2	PMID:35831314	35831314	PMC9279285	10.1038/s41467-022-31809-z	Scalable multiplex co-fractionation/mass spectrometry platform for accelerated protein interactome discovery	supports_context_qualified_pair_relationship	physical_association;shared_complex	EPIC_cofractionation_association_STUB1_TRAF2_qualifies_in_all_three_cell_lines	undirected_or_not_applicable			classifier_inferred_endogenous_coelution_association_not_binary_binding	EPIC_cofractionation_association_above_0.625_in_at_least_one_cell_line	no_HSP90_assay_for_this_pair_in_source	Soluble extracts from human MCF10A, MCF7, and MDA-MB-231 cells were resolved by duplicate triple-phase ion-exchange HPLC, quantified by TMT LC-MS/MS, and scored for co-elution by the EPIC random-forest classifier.	cultured_cell_line	human	whole_cell_or_unspecified_fraction	omics_or_screening_measurement;physical_interaction_or_proximity	Supplementary Data 2, EPIC PPI row 23225, reports MCF10A, MCF7, and MDA-MB-231 scores 0.705;0.710;0.717. With the source cutoff 0.625, the pair qualifies in all three cell lines.	MOESM4 Supplementary Data 2, worksheet EPIC PPI, row 23225; EPIC cutoff 0.625	Protein co-elution and classifier scoring support association or co-complex context only; they do not establish pairwise contact, stoichiometry, binding direction, or mechanism.	A displayed score below 0.625 or no score in another cell line is not a biological negative. The source provides no pair-specific perturbation or HSP90-dependence result.	The prediction can reflect membership in a larger assembly. Cell-line differences can reflect abundance or detectability. The table marks these pairs as overlapping BioGRID, so the source is an experimental re-detection/context observation rather than independent database corroboration.	BioGRID_overlap_not_independent;classifier_inferred_association;cofractionation_not_direct_binding;no_HSP90_assay_in_source;not_client_evidence;not_directional_regulation;not_isoform_exclusivity_evidence;soluble_extract_context	local_main_and_exact_native_Supplementary_Data_2_reviewed_complete	focused_primary_review_complete	retain_pair
COCHSRCREV-2026-09-13-STUB1-TXLNG-PMID25036637	2026-09-13	STUB1::TXLNG	STUB1	TXLNG	STUB1	TXLNG	PMID:25036637	25036637	PMC4104544	10.1016/j.cell.2014.05.039	A quantitative chaperone interaction network reveals the architecture of cellular protein homeostasis pathways	supports_context_qualified_pair_relationship	physical_association;shared_complex	STUB1_bait_APMS_cellular_association_with_TXLNG	undirected_or_not_applicable			cellular_complex_not_binary	tagged_expression_duplicate_APMS_cellular_association	no_pair_specific_HSP90_assay_in_this_source	Human stable polyclonal 293T cells expressing predominantly C-terminal 3xFLAG-V5-tagged chaperone or co-chaperone AP-MS baits were analyzed in duplicate from whole-cell lysate with sodium molybdate. SAINT high-confidence AP-MS required AvgP >= 0.85. LUMIER used transient 3xFLAG query baits and stable Renilla reporters in 293T cells and a high-confidence score >= 7.	cultured_cell_line	human	whole_cell_or_unspecified_fraction	omics_or_screening_measurement;physical_interaction_or_proximity	STUB1-bait AP-MS recovered TXLNG above the source's AvgP 0.85 threshold.	AvgP scores row 457: STUB1 bait, TXLNG prey, AvgP 0.99, Spec 7|4, CtrlCounts 0|0|0|0|0|0|0	AP-MS and LUMIER use cellular lysates and support association or shared-complex membership, not purified binary binding. Assay orientation is not biological direction.	Subthreshold or unavailable AP-MS or LUMIER configurations are source-specific assay results, not evidence that the proteins cannot interact in another context. No usable LUMIER configuration was available.	One transformed 293T lineage with tagged expressed proteins. BioGRID and IntAct routes can encode the same source measurement and are not independent replications.	apms_screen;cellular_complex_not_binary;database_routes_not_independent_replication;no_pair_specific_HSP90_assay;not_client_evidence;single_cell_line;tagged_expression;lumier_unavailable	local_main_article_and_complete_Table_S1_workbook_reviewed	focused_primary_review_complete	close_pair
COCHSRCREV-2026-09-13-STUB1-TXLNG-PMID33961781	2026-09-13	STUB1::TXLNG	STUB1	TXLNG	STUB1	TXLNG	PMID:33961781	33961781	PMC8165030	10.1016/j.cell.2021.04.011	Dual proteome-scale networks reveal cell-specific remodeling of the human interactome	supports_context_qualified_pair_relationship	physical_association;shared_complex	STUB1_bait_BioPlex3_APMS_co_recovers_TXLNG_in_293T_and_HCT116	undirected_or_not_applicable			cellular_complex_not_binary	same_study_cross_cell_line_cellular_APMS_association	no_pair_specific_HSP90_mediation_established	BioPlex 3.0 used lentiviral expression of affinity-tagged human baits and AP-MS in 293T and HCT116 cells. Official directed releases preserve bait-prey configuration; final network releases provide pInt, pW, and pNI scores, with the local database route using pInt >= 0.75.	cultured_cell_line	human	whole_cell_or_unspecified_fraction	omics_or_screening_measurement;physical_interaction_or_proximity	STUB1-bait BioPlex 3.0 AP-MS recovered TXLNG above pInt 0.75 in both 293T and HCT116.	293T directed line 44971, pInt 0.969001667392514; HCT116 directed line 62508, pInt 0.996594829550657	AP-MS supports cellular co-recovery or shared-complex membership, not purified binary contact. Reciprocal capture or recovery in two cell lines remains same-study evidence, and bait-prey orientation is not regulatory direction.	No pair-specific direct-binding, regulatory, client-stability, or HSP90 mediation experiment was reported.	Tagged-expression AP-MS in two transformed cell lines. BioGRID, IntAct, directed releases, and final-network rows project one study rather than independent evidence. The 293T network carries forward prior releases.	apms_screen;BioPlex3_293T_carries_forward_prior_releases;cellular_complex_not_binary;database_routes_not_independent_replication;no_pair_specific_HSP90_assay;not_client_evidence;tagged_expression;same_study_cross_cell_line_replication	local_main_and_exact_official_directed_and_final_network_matrices_reviewed	focused_primary_review_complete	close_pair
COCHSRCREV-2026-09-13-STUB1-UBE2D1-PMID15215316-UNSUPPORTED	2026-09-13	STUB1::UBE2D1	STUB1	UBE2D1	STUB1	UBE2D1	PMID:15215316	15215316	PMC515335	10.1091/mbc.E04-04-0293	The cochaperone HspBP1 inhibits the CHIP ubiquitin ligase and stimulates the maturation of the cystic fibrosis transmembrane conductance regulator	database_route_not_supported_by_source		database_STUB1_UBE2D1_route_has_UbcH5b_UBE2D2_identity_mismatch	undirected_or_not_applicable			source_gene_identity_mismatch	database_projection_not_supported_by_source	no_pair_specific_HSP90_assay_in_this_source	Reconstituted ubiquitination reactions explicitly used human UbcH5b, now UBE2D2, rather than UbcH5a or UBE2D1	purified_or_cell_free	human	not_reported	methods_or_source_object_only	The source Methods and Figures 2A and 6 explicitly use UbcH5b, the human UBE2D2 paralog, whereas BioGRID record 732893 assigns UBE2D1 or UbcH5a.	Methods, Antibodies and Proteins and In Vitro Ubiquitylation; Figures 2A and 6	A reconstituted catalytic component is not a binding readout, and the wrong paralog cannot support the exact UBE2D1 route.	This is not a biological negative for UBE2D1-STUB1; PMID 26330542 independently supports that exact pair.	Database-to-source gene-identity reconciliation; no UBE2D1 experiment appears in this source.	database_gene_identity_mismatch;UbcH5_family_paralog_ambiguity;wrong_exact_gene_projection;not_biological_negative	local_full_text_reviewed_no_separate_supplement_indicated	focused_primary_review_complete	close_pair
COCHSRCREV-2026-09-13-STUB1-UBE2D1-PMID26330542	2026-09-13	STUB1::UBE2D1	STUB1	UBE2D1	STUB1	UBE2D1	PMID:26330542	26330542	PMC4638040	10.1074/mcp.M115.051169	Protein-protein interactions modulate the docking-dependent E3-ubiquitin ligase activity of carboxy-terminus of Hsc70-interacting protein (CHIP)	supports_pair_relationship	direct_binding;ubiquitin_conjugation_partner	STUB1_directly_binds_UBE2D1_and_promotes_E2_ubiquitin_discharge	directed	STUB1	UBE2D1	direct_purified_binding_with_catalytic_coupling	purified_AlphaScreen_binding_and_E2_ubiquitin_discharge	no_pair_specific_HSP90_assay_in_this_source	Purified human WT, K30A, or H260Q CHIP and His-UbcH5a or UBE2D1 in AlphaScreen binding and E2-ubiquitin discharge assays	purified_or_cell_free	human	not_reported	biochemical_or_structural;physical_interaction_or_proximity	Purified WT CHIP bound UbcH5a in AlphaScreen and stimulated E2-ubiquitin discharge; K30A reduced binding and discharge, while H260Q was an E2-binding-defective control.	Methods, AlphaScreen and E2-Discharge Assays; Figures 5D-E; Figure 5C is prior structural context only	The source supports a direct purified association but reports no KD and no new pair structure; AlphaScreen is a proximity-based binding assay.	No pair-specific HSP90 assay or cellular UBE2D1 validation was reported.	Purified-protein assay without cellular validation; the cited CHIP-E2 structure is prior work rather than a new structure in this source.	purified_protein;alphascreen_binding;no_pair_specific_HSP90_assay;prior_PDB_structure_context;no_cellular_validation	main_article_reviewed_actual_supplement_package_missing_not_decision_limiting	focused_primary_review_complete	close_pair
COCHSRCREV-2026-09-14-STUB1_UBE2N-PMID35831314	2026-09-14	STUB1::UBE2N	STUB1	UBE2N	STUB1	UBE2N	PMID:35831314	35831314	PMC9279285	10.1038/s41467-022-31809-z	Scalable multiplex co-fractionation/mass spectrometry platform for accelerated protein interactome discovery	supports_context_qualified_pair_relationship	physical_association;shared_complex	EPIC_cofractionation_association_STUB1_UBE2N_qualifies_in_MCF10A_and_MCF7	undirected_or_not_applicable			classifier_inferred_endogenous_coelution_association_not_binary_binding	EPIC_cofractionation_association_above_0.625_in_at_least_one_cell_line	no_HSP90_assay_for_this_pair_in_source	Soluble extracts from human MCF10A, MCF7, and MDA-MB-231 cells were resolved by duplicate triple-phase ion-exchange HPLC, quantified by TMT LC-MS/MS, and scored for co-elution by the EPIC random-forest classifier.	cultured_cell_line	human	whole_cell_or_unspecified_fraction	omics_or_screening_measurement;physical_interaction_or_proximity	Supplementary Data 2, EPIC PPI row 23914, reports MCF10A, MCF7, and MDA-MB-231 scores 0.671;0.683;not_scored. With the source cutoff 0.625, the pair qualifies in MCF10A and MCF7.	MOESM4 Supplementary Data 2, worksheet EPIC PPI, row 23914; EPIC cutoff 0.625	Protein co-elution and classifier scoring support association or co-complex context only; they do not establish pairwise contact, stoichiometry, binding direction, or mechanism.	A displayed score below 0.625 or no score in another cell line is not a biological negative. The source provides no pair-specific perturbation or HSP90-dependence result.	The prediction can reflect membership in a larger assembly. Cell-line differences can reflect abundance or detectability. The table marks these pairs as overlapping BioGRID, so the source is an experimental re-detection/context observation rather than independent database corroboration.	BioGRID_overlap_not_independent;classifier_inferred_association;cofractionation_not_direct_binding;no_HSP90_assay_in_source;not_client_evidence;not_directional_regulation;not_isoform_exclusivity_evidence;soluble_extract_context	local_main_and_exact_native_Supplementary_Data_2_reviewed_complete	focused_primary_review_complete	retain_pair
PAIRREV-2026-09-08-COCHQ246-0002-PMC4861430	2026-09-08	TBC1D7::TSC1	TBC1D7	TSC1	TSC1	TBC1D7	PMCID:PMC4861430	26893383	PMC4861430	10.1074/jbc.M115.701870	Structural Basis of the Interaction between Tuberous Sclerosis Complex 1 (TSC1) and Tre2-Bub2-Cdc16 Domain Family Member 7 (TBC1D7)	supports_pair_relationship	direct_binding;coiled_coil_binding;assembly_stabilization	TBC1D7 directly binds a dimeric TSC1 C-terminal coiled-coil fragment through a predominantly hydrophobic interface	undirected_or_not_applicable			direct_fragment_Xray_binding_with_mutational_biochemical_and_full_length_cellular_validation	strong_direct_structural_and_orthogonal_biochemical_replication	no_HSP90_assay;specialized_TSC_client_complex_neighborhood	Recombinant human TSC1 residues 939-992 and TBC1D7 residues 19-293 expressed in bacteria; purified proteins; full-length tagged proteins in HEK293T	cultured_cell_line;purified_or_cell_free	human;escherichia_coli	cytosol	biochemical_or_structural;physical_interaction_or_proximity	At 3.10-Angstrom resolution, each TBC1D7 molecule contacts two parallel TSC1 helices through a largely hydrophobic interface. TSC1 I954, F958, I962 and TBC1D7 V94, V95, L114 substitutions strongly reduced or abolished binding in vitro, and full-length cellular co-IP provided orthogonal support.	Figures 1-7;Tables 1-2;PDB 5EJC	This directly resolves an isolated TSC1-TBC1D7 binding module and validates interface residues, but isolated-fragment oligomer ratios must not replace the mature 2:2:1 stoichiometry resolved in PMC7804450.	Isolated constructs could form 2 TSC1:1 TBC1D7 or 2:2 assemblies depending on concentration; this is not evidence that the mature holo-complex contains two TBC1D7 molecules.	The X-ray construct covers only TSC1 939-992 and near-full-length TBC1D7; isolated oligomer ratios are concentration-dependent, and mature-complex stoichiometry comes from PMC7804450.	fragment_construct;concentration_dependent_stoichiometry;full_complex_stoichiometry_from_separate_source;no_direct_HSP90_evidence;source_absent_from_v6_246_overlay	not_local_not_decision_limiting	focused_primary_review_complete	close_pair
PAIRREV-2026-09-08-COCHQ246-0002-PMC7804450	2026-09-08	TBC1D7::TSC1	TBC1D7	TSC1	TSC1	TBC1D7	PMCID:PMC7804450	33436626	PMC7804450	10.1038/s41467-020-20522-4	Structural insights into TSC complex assembly and GAP activity on Rheb	supports_pair_relationship	core_complex_subunit;direct_structural_binding;assembly_stabilization	One TBC1D7 binds the C-terminal helices of the parallel TSC1 coiled-coil dimer in the mature 2:2:1 TSC complex	undirected_or_not_applicable			direct_contact_in_purified_full_human_complex	highest_direct_structural_contact_plus_cellular_coIP	no_direct_HSP90_assay;specialized_TSC_client_complex_neighborhood	Full-length human TSC1, TSC2, and TBC1D7 coexpressed in Expi293F; purified GraFix-stabilized complex; HEK293A cell assays	cultured_cell_line;purified_or_cell_free	human	cytosol;endosome_or_lysosome	biochemical_or_structural;physical_interaction_or_proximity	TBC1D7 directly associates with and stabilizes the terminal helices of both TSC1 chains at residues 937-971. The mature complex contains one TBC1D7 per TSC1 dimer and TSC2 dimer.	Figure 1b-c;Figure 2b-f;Supplementary Figure 6f;PDB 7DL2;EMD-30708-30711	The full-complex structure establishes TBC1D7-TSC1 contact. It shows no direct TBC1D7-TSC2 contact. The IntAct EM and co-IP rows and Complex Portal projection are encodings of the same source, not three replications.	TBC1D7 co-immunoprecipitated with TSC1 but not TSC2 in the source's pairwise test; this supports TSC1-mediated incorporation rather than a TBC1D7-TSC2 edge.	GraFix crosslinking; terminal or flexible regions limit atomic interpretation; this source does not establish a direct HSP90-TBC1D7 relationship.	GraFix_crosslinking;duplicate_same_source_database_encodings;complex_projection_not_independent;no_direct_TBC1D7_TSC2_contact;no_direct_HSP90_evidence	not_local_not_decision_limiting	focused_primary_review_complete	close_pair
PAIRREV-2026-09-08-COCHQ246-0359-PMC7804450	2026-09-08	TSC1::TSC1	TSC1	TSC1	TSC1	TSC1	PMCID:PMC7804450	33436626	PMC7804450	10.1038/s41467-020-20522-4	Structural insights into TSC complex assembly and GAP activity on Rheb	supports_pair_relationship	homooligomerization;direct_structural_interface;parallel_coiled_coil_dimerization	Two TSC1 chains form a parallel coiled-coil homodimer in the mature human TSC complex	undirected_symmetric_self_association			direct_homodimer_interface_in_purified_full_human_complex	highest_direct_structural_homodimerization	no_HSP90_assay;specialized_TSC_client_complex_neighborhood	Full-length human TSC1, TSC2, and TBC1D7 coexpressed in Expi293F; purified GraFix-stabilized complex	purified_or_cell_free	human	cytosol;endosome_or_lysosome	biochemical_or_structural;physical_interaction_or_proximity	The two TSC1 coiled-coil domains, residues 746-971, interwind in parallel as a two-turn left-handed supercoil with an approximately 2,386-square-Angstrom predominantly hydrophobic interface in the mature 2:2:1 TSC complex.	Figure 2b-e;Supplementary Figure 5;PDB 7DL2;EMD-30708-30711	This is direct native-complex structural evidence for TSC1 self-association. None of the four frozen v6.246 self-route records corresponds to this modern source; those older Y2H, FRET, and AP-MS records remain separate assay-context observations.	No contradictory native-complex finding. Some TSC1 sequence is flexible or poly-alanine modeled.	GraFix crosslinking was used; portions of TSC1 were unresolved or modeled as poly-alanine; this source does not assay self-dimerization outside the assembled complex or test HSP90.	GraFix_crosslinking;partly_polyalanine_model;modern_decisive_source_absent_from_v6_246_overlay;older_self_routes_not_equivalent_to_structural_dimer;no_direct_HSP90_evidence	not_local_not_decision_limiting	focused_primary_review_complete	close_pair
PAIRREV-2026-09-08-COCHQ246-0359-PMID26798146	2026-09-08	TSC1::TSC1	TSC1	TSC1	TSC1	TSC1	PMID:26798146	26798146		10.1093/jmcb/mjw001	Structure of the TBC1D7-TSC1 complex reveals that TBC1D7 stabilizes dimerization of the TSC1 C-terminal coiled coil region	supports_pair_relationship	homooligomerization;direct_structural_interface;TBC1D7_stabilized_dimerization	TSC1 residues 939-992 form a parallel coiled-coil dimer whose assembly is stabilized by TBC1D7	undirected_symmetric_self_association_with_external_TBC1D7_stabilization_context			direct_fragment_Xray_homodimer_with_biochemical_and_cellular_validation	strong_direct_structural_and_orthogonal_cellular_replication	no_HSP90_assay;specialized_TSC_client_complex_neighborhood	Recombinant human TSC1 residues 939-992 and TBC1D7 residues 21-293; purified proteins; HEK293T BiFC and colocalization; full-length complex purified from HEK293F	cultured_cell_line;purified_or_cell_free	human;escherichia_coli	cytosol	biochemical_or_structural;physical_interaction_or_proximity	At 2.81-Angstrom resolution, two TSC1 939-992 fragments form a parallel coiled-coil dimer in a 2:2 TBC1D7-TSC1 crystal assembly. Interface mutants disrupt binding or dimerization, and purified-protein, BiFC, and colocalization experiments show that TBC1D7 promotes or stabilizes TSC1 coiled-coil dimerization.	Figures 1-6;Supplementary Figures S1-S6;Tables 1-2;PDB 4Z6Y	This supports a direct TSC1 fragment dimer and a TBC1D7-dependent stabilization mechanism. The isolated 2:2 module is not the mature holo-complex stoichiometry, which is 2 TSC1:2 TSC2:1 TBC1D7 in PMC7804450.	TSC1 939-992 was predominantly monomeric without TBC1D7 under the isolated-fragment assay conditions; this does not contradict the full-length TSC1 dimer stabilized by the complete TSC complex.	The structure and solution measurements use C-terminal TSC1 fragments; BiFC can stabilize proximity; mitochondrial targeting is artificial; holo-complex stoichiometry comes from PMC7804450.	fragment_construct;TBC1D7_dependent_context;artificial_localization_assay;isolated_module_stoichiometry_not_holo_complex;source_absent_from_v6_246_overlay;no_direct_HSP90_evidence	not_local_not_decision_limiting	focused_primary_review_complete	close_pair
PAIRREV-2026-09-08-COCHQ246-0001-PMC7804450	2026-09-08	TSC1::TSC2	TSC1	TSC2	TSC1	TSC2	PMCID:PMC7804450	33436626	PMC7804450	10.1038/s41467-020-20522-4	Structural insights into TSC complex assembly and GAP activity on Rheb	supports_pair_relationship	core_complex_subunit;direct_structural_interface;assembly_interdependence	TSC1 coiled-coil dimer makes multiple direct contacts with both TSC2 protomers in the 2:2:1 TSC complex	undirected_or_not_applicable			direct_multicontact_interface_in_purified_full_human_complex	highest_direct_structural_contact_plus_biochemical_and_cellular_function	no_HSP90_assay_in_this_source;HSP90_relevant_TSC_client_complex_context	Full-length human TSC1, TSC2, and TBC1D7 coexpressed in Expi293F; purified GraFix-stabilized complex; HEK293A cell GAP assay	cultured_cell_line;purified_or_cell_free	human	cytosol;endosome_or_lysosome	biochemical_or_structural;functional_or_phenotypic_readout;physical_interaction_or_proximity	The asymmetric human complex contains 2 TSC1:2 TSC2:1 TBC1D7. TSC1 residues 746-971 form a parallel dimer and contact both TSC2 protomers at several resolved interfaces, including TSC1a 800-890 on the TSC2 dimerization-domain saddle, TSC1a 746-795 against TSC2a HEAT7-12, the TSC1 890-936 dimer against TSC2b HEAT8-12, and TSC1a 937-971 against TSC2b HEAT3-7.	Figure 1b-c;Figure 2b-f;Supplementary Figure 5;Supplementary Figure 6a-i;PDB 7DL2;EMD-30708-30711	The cryo-EM model directly establishes physical contact. The two IntAct co-IP rows are duplicate encodings from this paper, and the Complex Portal row is complex membership rather than an additional independent experiment.	TSC1 bound TSC2 N-terminal HEAT constructs more clearly than isolated TSC2 dimerization or GAP domains; no finding contradicts the full-complex interface.	GraFix crosslinking was used; flexible regions were unresolved or modeled as poly-alanine; the structural experiment does not test HSP90 or HSP90 isoform specificity.	GraFix_crosslinking;flexible_or_polyalanine_regions;duplicate_IntAct_encodings;complex_projection_not_independent;no_HSP90_assay	not_local_not_decision_limiting	focused_primary_review_complete	close_pair
PAIRREV-2026-09-08-COCHQ246-0001-PMID39490680	2026-09-08	TSC1::TSC2	TSC1	TSC2	TSC1	TSC2	PMID:39490680	39490680		10.1016/j.jmb.2024.168840	The HSP90/R2TP Quaternary Chaperone Scaffolds Assembly of the TSC Complex	supports_pair_relationship	specialized_client_complex_assembly;HSP90_R2TP_assisted_assembly	HSP90 and R2TP promote assembly and stability of the TSC1-TSC2 complex	undirected_pair_with_external_directional_assembly_context			cellular_pair_association_and_perturbation_not_pairwise_direct_contact	strong_orthogonal_cellular_assembly_support	cytosolic_HSP90_isoform_unresolved;TSC2_supported_as_HSP90_client;TSC1_functions_as_HSP90_cochaperone	HeLa GFP-TSC2 SILAC interactome; HEK293T LUMIER and abundance assays; PIH1D1 knockout; RUVBL1/2 ATPase inhibition	cultured_cell_line	human	cytosol	genetic_perturbation;omics_or_screening_measurement;pharmacologic_or_chemical_perturbation;physical_interaction_or_proximity;protein_abundance_stability_or_folding	GFP-TSC2 recovered HSP70, HSP90, and co-chaperones. Geldanamycin reduced reporter-tagged TSC1 and TSC2 abundance by about 40%. PIH1D1 loss reduced reciprocal TSC1-TSC2 LUMIER association by 28-34%, RUVBL1/2 inhibition reduced it by 73%, and combined perturbation reduced it by up to 90%.	Figure 6B-C;Figure 7A-B;Figure 8;Supplementary Table S3	This source supports HSP90/R2TP-dependent TSC-complex assembly but does not map the TSC1-TSC2 interface. Geldanamycin is broad and the HSP90 isoform is unresolved; pair directness comes from PMC7804450.	No negative TSC1-TSC2 result; TBC1D7 was not significantly recovered in the LUMIER configuration, so its R2TP dependence could not be tested.	Reporter and overexpression context; inhibitor selectivity and isoform ambiguity; HSP90 inhibition measured protein abundance rather than direct pair-contact loss; Supplementary Table S3 is not in the local package.	HSP90_isoform_unresolved;compound_intervention_context;reporter_overexpression;pair_directness_not_established;supplement_not_local	main_local_supplement_not_local_not_decision_limiting	focused_primary_review_complete	close_pair
COCHSRCREV-2026-09-14-TSC1-YWHAB-PMID33961781	2026-09-14	TSC1::YWHAB	TSC1	YWHAB	TSC1	YWHAB	PMID:33961781	33961781	PMC8165030	10.1016/j.cell.2021.04.026	Dual proteome-scale networks reveal cell-specific remodeling of the human interactome	supports_context_qualified_pair_relationship	physical_association;shared_complex	BioPlex3_YWHAB_to_TSC1_APMS_association	undirected_or_not_applicable			tagged_bait_APMS_association_not_binary_binding	BioPlex3_single_direction_293T_cellular_APMS_association	no_pair_specific_HSP90_assay_in_this_source	Human BioPlex 3 tagged-bait affinity-purification mass spectrometry in 293T cells.	cultured_cell_line	human	whole_cell_or_unspecified_fraction	omics_or_screening_measurement;physical_interaction_or_proximity	Official BioPlex directed and final-network matrices contain YWHAB to TSC1 with final-network pInt value(s) 0.99852225301501 in 293T.	Official BioPlex 3 293T/HCT116 directed-edge and final-network matrices; exact gene-symbol rows	Bait-to-prey is assay orientation rather than biological regulation. Tagged-bait AP-MS supports cellular or lysate co-recovery, not purified pairwise binding.	Absence from the other cell-line matrix is not biological negative evidence. The source supplies no pair-specific functional or HSP90-dependence result.	Tagged exogenous bait and cell-line context limit physiological generalization. BioGRID and IntAct routes from this PMID are projections of the same BioPlex experiment and are not independent evidence.	APMS_association_not_direct_binding;assay_bait_prey_not_biological_direction;cell_line_context;database_routes_not_independent_replication;no_HSP90_assay_in_source;not_client_evidence;not_isoform_exclusivity_evidence;tagged_bait_context	local_main_and_exact_official_BioPlex_matrices_reviewed_complete	focused_primary_review_complete	retain_pair
