priority_route_resolution_id	priority_review_id	pmid	pmcid	title	pair_id	hsp90_isoform	partner_gene_symbol	database_resources	experimental_systems	throughput_states	package_pair_match_state	matched_locations	representative_match	relationship_type	evidence_modality	scoring_role	support_strength	claim_confidence	caveat_flags	review_outcome	should_flow_to_source_gene_integration	needs_additional_source_recheck	existing_source_review_ids	review_rationale	source_claim_summary	model_context	evidence_limitations	client_status_from_this_review	generated_source_review_id
DBPRIORRES-v6_109-22939624-HSP90AA1-DDR2	DBPRIOR-v6_109-22939624-HSP90AA1-DDR2	22939624	PMC3894786	Quantitative analysis of HSP90-client interactions reveals principles of substrate recognition.	HSP90AA1::DDR2	HSP90AA1	DDR2	BioGRID	Affinity Capture-Luminescence;Affinity Capture-Western	Low Throughput	wrong_isoform_primary_result	Official Table S1 LUMIER/BACON workbook uses Renilla-HSP90beta bait	The DDR2 screen result was measured with HSP90AB1/Hsp90beta bait and does not support an HSP90AA1 pair.	assay_association_only	lumier_or_complementation	context_only	not_supportive	high	HSP90AB1_beta_bait;high_throughput_screen;wrong_isoform_database_attribution	reviewed_wrong_isoform_no_flow	no	no		Preserve as wrong-isoform route closure; any valid beta evidence is handled separately.	The DDR2 screen result was measured with HSP90AB1/Hsp90beta bait and does not support an HSP90AA1 pair.	HEK293T HSP90beta LUMIER/BACON interaction screen.	A beta-bait result cannot be relabeled as alpha-specific evidence.	not_established	
DBPRIORRES-v6_109-35384245-HSP90AA1-DDR2	DBPRIOR-v6_109-35384245-HSP90AA1-DDR2	35384245	PMC9171411	Physical and functional interactome atlas of human receptor tyrosine kinases.	HSP90AA1::DDR2	HSP90AA1	DDR2	BioGRID;IntAct	"Affinity Capture-MS;Affinity Capture-Western;psi-mi:""MI:0004""(affinity chromatography technology)"	;High Throughput;Low Throughput	central_primary_result_confirmed	Dataset EV1 AP-MS/BioID rows and EV1C targeted co-IP/dot-blot validations	RTK interactome AP-MS, BioID, and targeted validation place HSP90AA1 in NTRK1 and DDR2 complexes.	complex_comember	affinity_purification_ms;proximity_labeling;coimmunoprecipitation	support_only	strong	high	both_cytosolic_isoforms_detected;complex_member_not_direct_binding;high_throughput_screen;not_client_evidence;tagged_overexpression	reviewed_primary_source_exact_support_flow_later	yes	no		Orthogonal exact result rows support strong association-only preliminary evidence.	RTK interactome AP-MS, BioID, and targeted validation place HSP90AA1 in NTRK1 and DDR2 complexes.	Tagged wild-type or kinase-dead RTKs in HEK293T cells.	The study establishes robust association, not alpha-specific client dependence; HSP90AB1 is also recovered.	not_established	SRCREV-2026-07-15-V6_109-PMID35384245-HSP90AA1-035
DBPRIORRES-v6_109-22268729-HSP90AA1-FBXO6	DBPRIOR-v6_109-22268729-HSP90AA1-FBXO6	22268729		Proteomic identification of common SCF ubiquitin ligase FBXO6-interacting glycoproteins in three kinds of cells.	HSP90AA1::FBXO6	HSP90AA1	FBXO6	BioGRID	Affinity Capture-MS	High Throughput	source_package_unavailable_or_blocked			unresolved_or_speculative	unclear	context_only	unclear	low	complex_member_not_direct_binding;database_route_reconciled;high_throughput_screen;not_client_evidence;source_not_retrieved	retrieval_blocked_or_no_local_source	no	yes		No inspectable legal/local full-text package was available; the database route remains discovery context only.				not_established	
DBPRIORRES-v6_109-22939624-HSP90AA1-FBXO6	DBPRIOR-v6_109-22939624-HSP90AA1-FBXO6	22939624	PMC3894786	Quantitative analysis of HSP90-client interactions reveals principles of substrate recognition.	HSP90AA1::FBXO6	HSP90AA1	FBXO6	BioGRID	Affinity Capture-Luminescence	Low Throughput	source_package_inspected_pair_not_confirmed			assay_association_only	unclear	context_only	weak	low	database_route_reconciled;not_client_evidence;supplement_or_result_row_not_confirmed	reviewed_source_package_pair_not_confirmed_recheck	no	yes		The available source package was inspected, but the exact pair was not found in accessible article or supplementary result material.				not_established	
DBPRIORRES-v6_109-35043518-HSP90AA1-FBXO6	DBPRIOR-v6_109-35043518-HSP90AA1-FBXO6	35043518	PMC8990293	HSP90 promotes radioresistance of cervical cancer cells via reducing FBXO6-mediated CD147 polyubiquitination.	HSP90AA1::FBXO6	HSP90AA1	FBXO6	BioGRID	Affinity Capture-MS;Affinity Capture-Western	Low Throughput	central_primary_result_confirmed	Results section 3.2 and Figure 2 IP-MS/isoform-specific co-IP	HSP90AA1, HSP90AB1, CD147, and FBXO6 occur in an isoform-resolved regulatory complex; FBXO6 is the E3 substrate receptor, not the HSP90 client.	upstream_regulator	coimmunoprecipitation	support_only	strong	high	not_client_evidence;regulatory_relationship_not_client;single_tissue_or_model_context	reviewed_primary_source_exact_support_flow_later	yes	no		Retain alpha-resolved regulatory-complex support with explicit substrate-direction guardrail.	HSP90AA1, HSP90AB1, CD147, and FBXO6 occur in an isoform-resolved regulatory complex; FBXO6 is the E3 substrate receptor, not the HSP90 client.	Radioresistant cervical-cancer cell IP-MS and isoform-specific co-IP.	Functional stability experiments concern CD147, so the relationship must not be inverted into FBXO6 client biology.	not_established	SRCREV-2026-07-15-V6_109-PMID35043518-HSP90AA1-032
DBPRIORRES-v6_109-29519959-HSP90AA1-LRRK1	DBPRIOR-v6_109-29519959-HSP90AA1-LRRK1	29519959		P62/SQSTM1 is a novel leucine-rich repeat kinase 2 (LRRK2) substrate that enhances neuronal toxicity.	HSP90AA1::LRRK1	HSP90AA1	LRRK1	BioGRID	Affinity Capture-Western	Low Throughput	source_package_unavailable_or_blocked			unresolved_or_speculative	unclear	context_only	unclear	low	complex_member_not_direct_binding;database_route_reconciled;not_client_evidence;source_not_retrieved	retrieval_blocked_or_no_local_source	no	yes		No inspectable legal/local full-text package was available; the database route remains discovery context only.				not_established	
DBPRIORRES-v6_109-32707033-HSP90AA1-LRRK1	DBPRIOR-v6_109-32707033-HSP90AA1-LRRK1	32707033	PMC7427327	Kinase Interaction Network Expands Functional and Disease Roles of Human Kinases.	HSP90AA1::LRRK1	HSP90AA1	LRRK1	BioGRID;IntAct	"Affinity Capture-MS;psi-mi:""MI:0096""(pull down)"	;High Throughput	central_primary_result_confirmed	Supplement mmc4 Table S3 rows 4 and 9; mmc5 Table S4 gene rows	Kinase-bait AP-MS shows HSP90AA1 co-purification across the listed kinase baits, usually together with HSP90AB1 and CDC37.	complex_comember	affinity_purification_ms	support_only	weak	medium	complex_member_not_direct_binding;high_throughput_screen;kinase_bait_overexpression;not_client_evidence;possible_post_lysis_association	reviewed_primary_source_exact_support_flow_later	yes	no		Exact bait-list and HSP-binding table entries support only weak checkpoint complex evidence.	Kinase-bait AP-MS shows HSP90AA1 co-purification across the listed kinase baits, usually together with HSP90AB1 and CDC37.	Flp-In T-REx HEK293 kinase-bait AP-MS network.	Multi-bait co-purification is not a binary interaction or client assay; authors note overexpression and post-lysis artifacts.	not_established	SRCREV-2026-07-15-V6_109-PMID32707033-HSP90AA1-027
DBPRIORRES-v6_109-20663926-HSP90AA1-NTRK1	DBPRIOR-v6_109-20663926-HSP90AA1-NTRK1	20663926	PMC3008427	Heat shock protein 90 inhibition depletes TrkA levels and signaling in human acute leukemia cells.	HSP90AA1::NTRK1	HSP90AA1	NTRK1	BioGRID	Affinity Capture-Western	Low Throughput	source_package_inspected_pair_not_confirmed			assay_association_only	unclear	context_only	weak	low	complex_member_not_direct_binding;database_route_reconciled;not_client_evidence;supplement_or_result_row_not_confirmed	reviewed_source_package_pair_not_confirmed_recheck	no	yes		The available source package was inspected, but the exact pair was not found in accessible article or supplementary result material.				not_established	
DBPRIORRES-v6_109-22939624-HSP90AA1-NTRK1	DBPRIOR-v6_109-22939624-HSP90AA1-NTRK1	22939624	PMC3894786	Quantitative analysis of HSP90-client interactions reveals principles of substrate recognition.	HSP90AA1::NTRK1	HSP90AA1	NTRK1	BioGRID	Affinity Capture-Luminescence	Low Throughput	wrong_isoform_primary_result	Official Table S1 LUMIER/BACON workbook uses Renilla-HSP90beta bait	The NTRK1 screen result was measured with HSP90AB1/Hsp90beta bait and does not support an HSP90AA1 pair.	assay_association_only	lumier_or_complementation	context_only	not_supportive	high	HSP90AB1_beta_bait;high_throughput_screen;wrong_isoform_database_attribution	reviewed_wrong_isoform_no_flow	no	no		Preserve as wrong-isoform route closure; any valid beta evidence is handled separately.	The NTRK1 screen result was measured with HSP90AB1/Hsp90beta bait and does not support an HSP90AA1 pair.	HEK293T HSP90beta LUMIER/BACON interaction screen.	A beta-bait result cannot be relabeled as alpha-specific evidence.	not_established	
DBPRIORRES-v6_109-25921289-HSP90AA1-NTRK1	DBPRIOR-v6_109-25921289-HSP90AA1-NTRK1	25921289		Temporal proteomics of NGF-TrkA signaling identifies an inhibitory role for the E3 ligase Cbl-b in neuroblastoma cell differentiation.	HSP90AA1::NTRK1	HSP90AA1	NTRK1	BioGRID	Affinity Capture-MS	High Throughput	source_package_unavailable_or_blocked			unresolved_or_speculative	unclear	context_only	unclear	low	complex_member_not_direct_binding;database_route_reconciled;high_throughput_screen;not_client_evidence;source_not_retrieved	retrieval_blocked_or_no_local_source	no	yes		No inspectable legal/local full-text package was available; the database route remains discovery context only.				not_established	
DBPRIORRES-v6_109-35384245-HSP90AA1-NTRK1	DBPRIOR-v6_109-35384245-HSP90AA1-NTRK1	35384245	PMC9171411	Physical and functional interactome atlas of human receptor tyrosine kinases.	HSP90AA1::NTRK1	HSP90AA1	NTRK1	BioGRID;IntAct	"Affinity Capture-MS;Affinity Capture-Western;Proximity Label-MS;psi-mi:""MI:0004""(affinity chromatography technology);psi-mi:""MI:1314""(proximity-dependent biotin identification)"	;High Throughput;Low Throughput	central_primary_result_confirmed	Dataset EV1 AP-MS/BioID rows and EV1C targeted co-IP/dot-blot validations	RTK interactome AP-MS, BioID, and targeted validation place HSP90AA1 in NTRK1 and DDR2 complexes.	complex_comember	affinity_purification_ms;proximity_labeling;coimmunoprecipitation	support_only	strong	high	both_cytosolic_isoforms_detected;complex_member_not_direct_binding;high_throughput_screen;not_client_evidence;tagged_overexpression	reviewed_primary_source_exact_support_flow_later	yes	no		Orthogonal exact result rows support strong association-only preliminary evidence.	RTK interactome AP-MS, BioID, and targeted validation place HSP90AA1 in NTRK1 and DDR2 complexes.	Tagged wild-type or kinase-dead RTKs in HEK293T cells.	The study establishes robust association, not alpha-specific client dependence; HSP90AB1 is also recovered.	not_established	SRCREV-2026-07-15-V6_109-PMID35384245-HSP90AA1-035
DBPRIORRES-v6_109-14532270-HSP90AA1-PARK2	DBPRIOR-v6_109-14532270-HSP90AA1-PARK2	14532270		A product of the human gene adjacent to parkin is a component of Lewy bodies and suppresses Pael receptor-induced cell death.	HSP90AA1::PARK2	HSP90AA1	PARK2	BioGRID	Affinity Capture-Western	Low Throughput	source_package_unavailable_or_blocked			unresolved_or_speculative	unclear	context_only	unclear	low	complex_member_not_direct_binding;database_route_reconciled;not_client_evidence;source_not_retrieved	retrieval_blocked_or_no_local_source	no	yes		No inspectable legal/local full-text package was available; the database route remains discovery context only.				not_established	
DBPRIORRES-v6_109-22939624-HSP90AA1-PARK2	DBPRIOR-v6_109-22939624-HSP90AA1-PARK2	22939624	PMC3894786	Quantitative analysis of HSP90-client interactions reveals principles of substrate recognition.	HSP90AA1::PARK2	HSP90AA1	PARK2	BioGRID	Affinity Capture-Luminescence	Low Throughput	wrong_isoform_primary_result	Official Table S1 LUMIER/BACON workbook uses Renilla-HSP90beta bait	The PARK2 screen result was measured with HSP90AB1/Hsp90beta bait and does not support an HSP90AA1 pair.	assay_association_only	lumier_or_complementation	context_only	not_supportive	high	HSP90AB1_beta_bait;high_throughput_screen;wrong_isoform_database_attribution	reviewed_wrong_isoform_no_flow	no	no		Preserve as wrong-isoform route closure; any valid beta evidence is handled separately.	The PARK2 screen result was measured with HSP90AB1/Hsp90beta bait and does not support an HSP90AA1 pair.	HEK293T HSP90beta LUMIER/BACON interaction screen.	A beta-bait result cannot be relabeled as alpha-specific evidence.	not_established	
DBPRIORRES-v6_109-24244333-HSP90AA1-PARK2	DBPRIOR-v6_109-24244333-HSP90AA1-PARK2	24244333	PMC3823883	Profiling of Parkin-binding partners using tandem affinity purification.	HSP90AA1::PARK2	HSP90AA1	PARK2	BioGRID	Affinity Capture-MS	High Throughput	central_primary_result_confirmed	Supplement pone.0078648.s003.tsv, ParkinTAP HSP90AA1 row 528	Parkin tandem-affinity proteomics recovers HSP90AA1 together with other HSP90-family members; the gene is normalized from PARK2 to PRKN.	complex_comember	affinity_purification_ms	support_only	weak	medium	complex_member_not_direct_binding;high_throughput_screen;multiple_hsp90_family_members_detected;not_client_evidence;obsolete_gene_symbol_normalized	reviewed_primary_source_exact_support_flow_later	yes	no		Retain a PRKN checkpoint association row and do not create a separate PARK2 gene entity.	Parkin tandem-affinity proteomics recovers HSP90AA1 together with other HSP90-family members; the gene is normalized from PARK2 to PRKN.	HEK293T Parkin-TAP/AP-MS screen.	The screen does not establish direct binding, client status, or alpha specificity.	not_established	SRCREV-2026-07-15-V6_109-PMID24244333-HSP90AA1-012
DBPRIORRES-v6_109-25959826-HSP90AA1-PARK2	DBPRIOR-v6_109-25959826-HSP90AA1-PARK2	25959826	PMC9014711	Quantitative interaction proteomics of neurodegenerative disease proteins.	HSP90AA1::PARK2	HSP90AA1	PARK2	BioGRID	Affinity Capture-MS	High Throughput	source_package_inspected_pair_not_confirmed			assay_association_only	unclear	context_only	weak	low	complex_member_not_direct_binding;database_route_reconciled;high_throughput_screen;not_client_evidence;supplement_or_result_row_not_confirmed	reviewed_source_package_pair_not_confirmed_recheck	no	yes		The available source package was inspected, but the exact pair was not found in accessible article or supplementary result material.				not_established	
DBPRIORRES-v6_109-32929329-HSP90AA1-PARK2	DBPRIOR-v6_109-32929329-HSP90AA1-PARK2	32929329	PMC7481404	PARK2 promotes mitochondrial pathway of apoptosis and antimicrotubule drugs chemosensitivity via degradation of phospho-BCL-2.	HSP90AA1::PARK2	HSP90AA1	PARK2	BioGRID	Affinity Capture-MS	High Throughput	source_package_inspected_pair_not_confirmed			assay_association_only	unclear	context_only	weak	low	complex_member_not_direct_binding;database_route_reconciled;high_throughput_screen;not_client_evidence;supplement_or_result_row_not_confirmed	reviewed_source_package_pair_not_confirmed_recheck	no	yes		The available source package was inspected, but the exact pair was not found in accessible article or supplementary result material.				not_established	
DBPRIORRES-v6_109-35256949-HSP90AA1-PARK2	DBPRIOR-v6_109-35256949-HSP90AA1-PARK2	35256949	PMC8897022	Histone deacetylase inhibitors inhibit cervical cancer growth through Parkin acetylation-mediated mitophagy.	HSP90AA1::PARK2	HSP90AA1	PARK2	BioGRID	Affinity Capture-MS	High Throughput	source_package_inspected_pair_not_confirmed			assay_association_only	unclear	context_only	weak	low	complex_member_not_direct_binding;database_route_reconciled;high_throughput_screen;not_client_evidence;supplement_or_result_row_not_confirmed	reviewed_source_package_pair_not_confirmed_recheck	no	yes		The available source package was inspected, but the exact pair was not found in accessible article or supplementary result material.				not_established	
DBPRIORRES-v6_109-35509820-HSP90AA1-PARK2	DBPRIOR-v6_109-35509820-HSP90AA1-PARK2	35509820	PMC9058836	The involvement of Parkin-dependent mitophagy in the anti-cancer activity of Ginsenoside.	HSP90AA1::PARK2	HSP90AA1	PARK2	BioGRID	Affinity Capture-MS	Low Throughput	source_package_inspected_pair_not_confirmed			assay_association_only	unclear	context_only	weak	low	complex_member_not_direct_binding;database_route_reconciled;not_client_evidence;supplement_or_result_row_not_confirmed	reviewed_source_package_pair_not_confirmed_recheck	no	yes		The available source package was inspected, but the exact pair was not found in accessible article or supplementary result material.				not_established	
DBPRIORRES-v6_109-37029500-HSP90AA1-PARK2	DBPRIOR-v6_109-37029500-HSP90AA1-PARK2	37029500	PMC10265164	Parkin regulates microglial NLRP3 and represses neurodegeneration in Parkinson's disease.	HSP90AA1::PARK2	HSP90AA1	PARK2	BioGRID	Affinity Capture-Western	Low Throughput	source_package_inspected_pair_not_confirmed			assay_association_only	unclear	context_only	weak	low	complex_member_not_direct_binding;database_route_reconciled;not_client_evidence;supplement_or_result_row_not_confirmed	reviewed_source_package_pair_not_confirmed_recheck	no	yes		The available source package was inspected, but the exact pair was not found in accessible article or supplementary result material.				not_established	
DBPRIORRES-v6_109-22939624-HSP90AA1-SKP2	DBPRIOR-v6_109-22939624-HSP90AA1-SKP2	22939624	PMC3894786	Quantitative analysis of HSP90-client interactions reveals principles of substrate recognition.	HSP90AA1::SKP2	HSP90AA1	SKP2	BioGRID	Affinity Capture-Luminescence	Low Throughput	wrong_isoform_primary_result	Official Table S1 LUMIER/BACON workbook uses Renilla-HSP90beta bait	The SKP2 screen result was measured with HSP90AB1/Hsp90beta bait and does not support an HSP90AA1 pair.	assay_association_only	lumier_or_complementation	context_only	not_supportive	high	HSP90AB1_beta_bait;high_throughput_screen;wrong_isoform_database_attribution	reviewed_wrong_isoform_no_flow	no	no		Preserve as wrong-isoform route closure; any valid beta evidence is handled separately.	The SKP2 screen result was measured with HSP90AB1/Hsp90beta bait and does not support an HSP90AA1 pair.	HEK293T HSP90beta LUMIER/BACON interaction screen.	A beta-bait result cannot be relabeled as alpha-specific evidence.	not_established	
DBPRIORRES-v6_109-25036637-HSP90AA1-SKP2	DBPRIOR-v6_109-25036637-HSP90AA1-SKP2	25036637	PMC4104544	A quantitative chaperone interaction network reveals the architecture of cellular protein homeostasis pathways.	HSP90AA1::SKP2	HSP90AA1	SKP2	IntAct	"psi-mi:""MI:0729""(luminescence based mammalian interactome mapping)"		source_package_inspected_pair_not_confirmed			assay_association_only	unclear	context_only	weak	low	database_route_reconciled;high_throughput_screen;not_client_evidence;supplement_or_result_row_not_confirmed	reviewed_source_package_pair_not_confirmed_recheck	no	yes		The available source package was inspected, but the exact pair was not found in accessible article or supplementary result material.				not_established	
DBPRIORRES-v6_109-31181401-HSP90AA1-SKP2	DBPRIOR-v6_109-31181401-HSP90AA1-SKP2	31181401	PMC6557761	A Multidimensional Characterization of E3 Ubiquitin Ligase and Substrate Interaction Network.	HSP90AA1::SKP2	HSP90AA1	SKP2	BioGRID	Affinity Capture-Western	Low Throughput	central_primary_result_confirmed	Figure 6A affinity capture followed by HSP90AA1 immunoblot	SFB-tagged SKP2 affinity purification followed by immunoblot confirms HSP90AA1 in the recovered complex.	complex_comember	coimmunoprecipitation	support_only	moderate	high	complex_member_not_direct_binding;not_client_evidence	reviewed_primary_source_exact_support_flow_later	yes	no		Two independent alpha-resolved association routes support a non-client preliminary interpretation.	SFB-tagged SKP2 affinity purification followed by immunoblot confirms HSP90AA1 in the recovered complex.	HEK293T SKP2 affinity capture and western validation.	The paper does not show HSP90-dependent SKP2 folding or function; reverse SKP2-to-HSP90 regulation is not established.	not_established	SRCREV-2026-07-15-V6_109-PMID31181401-HSP90AA1-018
DBPRIORRES-v6_109-22304920-HSP90B1-ATF2	DBPRIOR-v6_109-22304920-HSP90B1-ATF2	22304920	PMC3615433	PKCε promotes oncogenic functions of ATF2 in the nucleus while blocking its apoptotic function at mitochondria.	HSP90B1::ATF2	HSP90B1	ATF2	BioGRID;IntAct	"Affinity Capture-MS;psi-mi:""MI:0007""(anti tag coimmunoprecipitation)"	;High Throughput	source_package_inspected_pair_not_confirmed			assay_association_only	unclear	context_only	weak	low	complex_member_not_direct_binding;database_route_reconciled;high_throughput_screen;not_client_evidence;supplement_or_result_row_not_confirmed	reviewed_source_package_pair_not_confirmed_recheck	no	yes		The available source package was inspected, but the exact pair was not found in accessible article or supplementary result material.				not_established	
DBPRIORRES-v6_109-38884001-HSP90B1-ATF2	DBPRIOR-v6_109-38884001-HSP90B1-ATF2	38884001	PMC11180226	Mapping adipocyte interactome networks by HaloTag-enrichment-mass spectrometry.	HSP90B1::ATF2	HSP90B1	ATF2	IntAct	"psi-mi:""MI:0007""(anti tag coimmunoprecipitation)"		central_primary_result_confirmed	Nested Supplement Table S14 row 1385 HaloMS HSP90B1-ATF2 edge	Pre-adipocyte HaloMS reports an HSP90B1-ATF2 complex edge with computational structural support.	complex_comember	affinity_purification_ms	support_only	weak	medium	complex_member_not_direct_binding;computational_structure_support;high_throughput_screen;not_client_evidence;single_tissue_or_model_context	reviewed_primary_source_exact_support_flow_later	yes	no		Retain weak screen support only.	Pre-adipocyte HaloMS reports an HSP90B1-ATF2 complex edge with computational structural support.	Wheat-germ Halo-ATF2 exposed to human adipose-derived stem-cell pre-adipocyte lysate.	No pair-specific pull-down validation, direct binding assay, or client perturbation is shown.	not_established	SRCREV-2026-07-15-V6_109-PMID38884001-HSP90B1-051
DBPRIORRES-v6_109-18239673-HSP90B1-BIRC2	DBPRIOR-v6_109-18239673-HSP90B1-BIRC2	18239673		Interaction of heat-shock protein 90 beta isoform (HSP90 beta) with cellular inhibitor of apoptosis 1 (c-IAP1) is required for cell differentiation.	HSP90B1::BIRC2	HSP90B1	BIRC2	BioGRID	Affinity Capture-Western;FRET	Low Throughput	wrong_isoform_primary_result	Full publisher PDF isoform comparison and beta-specific knockdown	BIRC2/c-IAP1 client evidence is HSP90AB1-specific and is already represented; it cannot support HSP90B1/GRP94.	client	coimmunoprecipitation;stability_degradation_turnover	exclude	not_supportive	high	HSP90AB1_beta_resolved;duplicate_existing_source;wrong_isoform_database_attribution	existing_wrong_isoform_source_review_governs	no	no		Close the HSP90B1 route as wrong isoform and avoid duplicate evidence.	BIRC2/c-IAP1 client evidence is HSP90AB1-specific and is already represented; it cannot support HSP90B1/GRP94.	Human monocyte/macrophage and HT-29 differentiation models.	Cytosolic HSP90beta evidence cannot transfer to ER GRP94.	not_established	
DBPRIORRES-v6_109-25361076-HSP90B1-BIRC2	DBPRIOR-v6_109-25361076-HSP90B1-BIRC2	25361076		Interaction of heat-shock protein 90β isoform (HSP90β) with cellular inhibitor of apoptosis 1 (c-IAP1) is required for cell differentiation.	HSP90B1::BIRC2	HSP90B1	BIRC2	BioGRID	Affinity Capture-MS;Affinity Capture-Western;FRET	Low Throughput	source_package_unavailable_or_blocked			unresolved_or_speculative	unclear	context_only	unclear	low	database_route_reconciled;not_client_evidence;source_not_retrieved	retrieval_blocked_or_no_local_source	no	yes		No inspectable legal/local full-text package was available; the database route remains discovery context only.				not_established	
DBPRIORRES-v6_109-23190606-HSP90B1-CCT2	DBPRIOR-v6_109-23190606-HSP90B1-CCT2	23190606	PMC3542608	Targeting β-tubulin:CCT-β complexes incurs Hsp90- and VCP-related protein degradation and induces ER stress-associated apoptosis by triggering capacitative Ca2+ entry, mitochondrial perturbation and caspase overactivation.	HSP90B1::CCT2	HSP90B1	CCT2	BioGRID	Reconstituted Complex	Low Throughput	central_primary_result_confirmed	Figure 2a-b recombinant CCT2 pull-down/MS; HSP90B1 peptide assignment	Recombinant CCT2 pull-down/MS identifies HSP90B1/gp96, while the follow-up blot uses a generic Hsp90 reagent.	complex_comember	affinity_purification_ms;western_blot	support_only	weak	medium	complex_member_not_direct_binding;generic_hsp90_validation_blot;not_client_evidence;organelle_context	reviewed_primary_source_exact_support_flow_later	yes	no		Retain weak organelle-specific complex evidence with an assay-scope caveat.	Recombinant CCT2 pull-down/MS identifies HSP90B1/gp96, while the follow-up blot uses a generic Hsp90 reagent.	HEK293, MES-SA, and MES-SA/Dx5 cell lysates with recombinant CCT2 pull-down.	The isoform call is peptide/MS-based and the validation blot is not gp96-specific; no client mechanism is shown.	not_established	SRCREV-2026-07-15-V6_109-PMID23190606-HSP90B1-007
DBPRIORRES-v6_109-34349018-HSP90B1-CCT2	DBPRIOR-v6_109-34349018-HSP90B1-CCT2	34349018	PMC8364181	Protein interaction landscapes revealed by advanced in vivo cross-linking-mass spectrometry.	HSP90B1::CCT2	HSP90B1	CCT2	BioGRID	Cross-Linking-MS (XL-MS)	High Throughput	source_package_inspected_pair_not_confirmed			assay_association_only	unclear	context_only	weak	low	complex_member_not_direct_binding;database_route_reconciled;high_throughput_screen;not_client_evidence;supplement_or_result_row_not_confirmed	reviewed_source_package_pair_not_confirmed_recheck	no	yes		The available source package was inspected, but the exact pair was not found in accessible article or supplementary result material.				not_established	
DBPRIORRES-v6_109-26618866-HSP90B1-CFTR	DBPRIOR-v6_109-26618866-HSP90B1-CFTR	26618866	PMC4826614	∆F508 CFTR interactome remodelling promotes rescue of cystic fibrosis.	HSP90B1::CFTR	HSP90B1	CFTR	BioGRID	Affinity Capture-MS	High Throughput	exact_pair_found_in_article_or_pdf	article:pmc_reader_text_v6_109.txt:block_1;article:pmc_reader_v6_109.html:block_1120	in final edited form as: Nature. 2015 Nov 30;528(7583):510–516. doi: 10.1038/nature15729 Search in PMC Search in PubMed View in NLM Catalog Add to search ΔF508 CFTR interactome remodeling promotes rescue of Cystic Fibrosis Sandra Pankow Sandra Pankow 1 Department of Chemical Physiology, The Scripps Research Institute, 10550 North Torrey Pines Road, La Jolla, CA 92037, USA Find articles by Sandra Pankow 1, * , Casimir Bamberger Casimir Bamberger 1 Department of Chemical Physiology, The Scripps Research Institute, 10	assay_association_only	unclear	context_only	weak	low	article_mention_not_pair_level_result;complex_member_not_direct_binding;database_route_reconciled;high_throughput_screen;not_client_evidence	reviewed_article_pair_mention_high_throughput_recheck	no	yes		The pair appears in article text, but the available high-throughput context does not securely locate a pair-level result.				not_established	
DBPRIORRES-v6_109-29924966-HSP90B1-CFTR	DBPRIOR-v6_109-29924966-HSP90B1-CFTR	29924966	PMC6097907	A Proteomic Variant Approach (ProVarA) for Personalized Medicine of Inherited and Somatic Disease.	HSP90B1::CFTR	HSP90B1	CFTR	IntAct	"psi-mi:""MI:0096""(pull down)"		source_package_inspected_pair_not_confirmed			assay_association_only	unclear	context_only	weak	low	complex_member_not_direct_binding;database_route_reconciled;high_throughput_screen;not_client_evidence;supplement_or_result_row_not_confirmed	reviewed_source_package_pair_not_confirmed_recheck	no	yes		The available source package was inspected, but the exact pair was not found in accessible article or supplementary result material.				not_established	
DBPRIORRES-v6_109-36012204-HSP90B1-CFTR	DBPRIOR-v6_109-36012204-HSP90B1-CFTR	36012204	PMC9408702	Differential CFTR-Interactome Proximity Labeling Procedures Identify Enrichment in Multiple SLC Transporters.	HSP90B1::CFTR	HSP90B1	CFTR	IntAct	"psi-mi:""MI:1314""(proximity-dependent biotin identification)"		subthreshold_primary_screen_result	Supplement Table S1 HSP90B1 APEX2/TurboID SAINT rows; FDR 0.0979 and 0.0605	HSP90B1 is detected in CFTR proximity workflows but fails the paper's FDR below 1% high-confidence criterion in both assays.	assay_association_only	proximity_labeling	exclude	weak	high	fails_author_defined_significance_threshold;proximity_not_direct_binding	reviewed_subthreshold_result_no_flow	no	no		Retain as an explicit threshold-based exclusion, not positive interaction evidence.	HSP90B1 is detected in CFTR proximity workflows but fails the paper's FDR below 1% high-confidence criterion in both assays.	CFTR APEX2 and TurboID proximity proteomics.	Nominal detections cannot be promoted over the authors' significance threshold.	not_established	
DBPRIORRES-v6_109-22689054-HSP90B1-CLU	DBPRIOR-v6_109-22689054-HSP90B1-CLU	22689054		GRP78 regulates clusterin stability, retrotranslocation and mitochondrial localization under ER stress in prostate cancer.	HSP90B1::CLU	HSP90B1	CLU	BioGRID	Affinity Capture-MS;Affinity Capture-Western	Low Throughput	source_package_unavailable_or_blocked			unresolved_or_speculative	unclear	context_only	unclear	low	complex_member_not_direct_binding;database_route_reconciled;not_client_evidence;source_not_retrieved	retrieval_blocked_or_no_local_source	no	yes		No inspectable legal/local full-text package was available; the database route remains discovery context only.				not_established	
DBPRIORRES-v6_109-26496610-HSP90B1-CLU	DBPRIOR-v6_109-26496610-HSP90B1-CLU	26496610		A human interactome in three quantitative dimensions organized by stoichiometries and abundances.	HSP90B1::CLU	HSP90B1	CLU	BioGRID;IntAct	"Affinity Capture-MS;psi-mi:""MI:0007""(anti tag coimmunoprecipitation)"	;High Throughput	source_package_unavailable_or_blocked			unresolved_or_speculative	unclear	context_only	unclear	low	complex_member_not_direct_binding;database_route_reconciled;high_throughput_screen;not_client_evidence;source_not_retrieved	retrieval_blocked_or_no_local_source	no	yes		No inspectable legal/local full-text package was available; the database route remains discovery context only.				not_established	
DBPRIORRES-v6_109-27580824-HSP90B1-CUL4B	DBPRIOR-v6_109-27580824-HSP90B1-CUL4B	27580824	PMC5007535	Regulation of CLC-1 chloride channel biosynthesis by FKBP8 and Hsp90β.	HSP90B1::CUL4B	HSP90B1	CUL4B	BioGRID	Affinity Capture-Western	Low Throughput	wrong_isoform_primary_result	Results beta-specific CUL4B co-IP and HSP90beta shRNA	CUL4B association and stability dependence are explicitly HSP90AB1/Hsp90beta, not HSP90B1/GRP94.	degradation_or_stability	coimmunoprecipitation;knockout_or_knockdown	exclude	not_supportive	high	HSP90AB1_beta_resolved;wrong_isoform_database_attribution	reviewed_wrong_isoform_no_flow	no	no		Close as wrong isoform.	CUL4B association and stability dependence are explicitly HSP90AB1/Hsp90beta, not HSP90B1/GRP94.	HEK293T CUL4B/HSP90beta assays.	Broad inhibitor data cannot bridge beta to GRP94.	not_established	
DBPRIORRES-v6_109-34026424-HSP90B1-CUL4B	DBPRIOR-v6_109-34026424-HSP90B1-CUL4B	34026424	PMC8132058	CUL4B Promotes Breast Carcinogenesis by Coordinating with Transcriptional Repressor Complexes in Response to Hypoxia Signaling Pathway.	HSP90B1::CUL4B	HSP90B1	CUL4B	BioGRID	Affinity Capture-MS	High Throughput	source_package_inspected_pair_not_confirmed			assay_association_only	unclear	context_only	weak	low	complex_member_not_direct_binding;database_route_reconciled;high_throughput_screen;not_client_evidence;supplement_or_result_row_not_confirmed	reviewed_source_package_pair_not_confirmed_recheck	no	yes		The available source package was inspected, but the exact pair was not found in accessible article or supplementary result material.				not_established	
DBPRIORRES-v6_109-26496610-HSP90B1-GBA	DBPRIOR-v6_109-26496610-HSP90B1-GBA	26496610		A human interactome in three quantitative dimensions organized by stoichiometries and abundances.	HSP90B1::GBA	HSP90B1	GBA	BioGRID	Affinity Capture-MS	High Throughput	source_package_unavailable_or_blocked			unresolved_or_speculative	unclear	context_only	unclear	low	complex_member_not_direct_binding;database_route_reconciled;high_throughput_screen;not_client_evidence;source_not_retrieved	retrieval_blocked_or_no_local_source	no	yes		No inspectable legal/local full-text package was available; the database route remains discovery context only.				not_established	
DBPRIORRES-v6_109-34644545-HSP90B1-GBA	DBPRIOR-v6_109-34644545-HSP90B1-GBA	34644545	PMC8639668	TRIP12 ubiquitination of glucocerebrosidase contributes to neurodegeneration in Parkinson's disease.	HSP90B1::GBA	HSP90B1	GBA	BioGRID	Affinity Capture-Western	Low Throughput	central_primary_result_confirmed	Figure 1B TAP-GCase MS and GRP94 immunoblot validation	TAP-GCase purification identifies GRP94/HSP90B1 and immunoblotting confirms the GCase-GRP94 association; GBA is normalized to GBA1.	complex_comember	affinity_purification_ms;coimmunoprecipitation	support_only	strong	high	complex_member_not_direct_binding;not_client_evidence;obsolete_gene_symbol_normalized;organelle_context	reviewed_primary_source_exact_support_flow_later	yes	no		Retain strong association support without a GRP94 client call.	TAP-GCase purification identifies GRP94/HSP90B1 and immunoblotting confirms the GCase-GRP94 association; GBA is normalized to GBA1.	HEK-derived and neuronal GCase interaction models.	Functional experiments center on TRIP12-mediated GCase ubiquitination and do not perturb GRP94.	not_established	SRCREV-2026-07-15-V6_109-PMID34644545-HSP90B1-030
DBPRIORRES-v6_109-27684187-HSP90B1-IGF1R	DBPRIOR-v6_109-27684187-HSP90B1-IGF1R	27684187	PMC5455996	Genetic and Proteomic Interrogation of Lower Confidence Candidate Genes Reveals Signaling Networks in β-Catenin-Active Cancers.	HSP90B1::IGF1R	HSP90B1	IGF1R	BioGRID	Affinity Capture-MS	High Throughput	source_package_inspected_pair_not_confirmed			assay_association_only	unclear	context_only	weak	low	complex_member_not_direct_binding;database_route_reconciled;high_throughput_screen;not_client_evidence;supplement_or_result_row_not_confirmed	reviewed_source_package_pair_not_confirmed_recheck	no	yes		The available source package was inspected, but the exact pair was not found in accessible article or supplementary result material.				not_established	
DBPRIORRES-v6_109-35384245-HSP90B1-IGF1R	DBPRIOR-v6_109-35384245-HSP90B1-IGF1R	35384245	PMC9171411	Physical and functional interactome atlas of human receptor tyrosine kinases.	HSP90B1::IGF1R	HSP90B1	IGF1R	BioGRID;IntAct	"Affinity Capture-MS;Proximity Label-MS;psi-mi:""MI:0004""(affinity chromatography technology);psi-mi:""MI:1314""(proximity-dependent biotin identification)"	;High Throughput	central_primary_result_confirmed	Dataset EV1A IGF1R AP-MS HSP90B1 row 128 and BioID row 352	IGF1R AP-MS and BioID both recover HSP90B1/GRP94 as an associated or proximal protein.	complex_comember	affinity_purification_ms;proximity_labeling	support_only	moderate	high	complex_member_not_direct_binding;high_throughput_screen;not_client_evidence;organelle_context;tagged_overexpression	reviewed_primary_source_exact_support_flow_later	yes	no		Orthogonal exact screen rows support organelle-specific association only.	IGF1R AP-MS and BioID both recover HSP90B1/GRP94 as an associated or proximal protein.	Tagged IGF1R in HEK293T AP-MS and BioID assays.	No targeted HSP90B1 validation, perturbation, direct binding, or client mechanism is shown.	not_established	SRCREV-2026-07-15-V6_109-PMID35384245-HSP90B1-036
DBPRIORRES-v6_109-32812023-HSP90B1-MAPT	DBPRIOR-v6_109-32812023-HSP90B1-MAPT	32812023	PMC7526722	Phosphorylated tau interactome in the human Alzheimer's disease brain.	HSP90B1::MAPT	HSP90B1	MAPT	BioGRID;IntAct	"Affinity Capture-MS;Affinity Capture-Western;psi-mi:""MI:0006""(anti bait coimmunoprecipitation)"	;High Throughput;Low Throughput	central_primary_result_confirmed	pTau AP-MS results and Figure 5 HSP90B1 co-IP validation	Human Alzheimer-disease brain pTau proteomics identifies HSP90B1, and HSP90B1 immunoprecipitation validates pTau complex association.	complex_comember	affinity_purification_ms;coimmunoprecipitation	support_only	strong	high	complex_member_not_direct_binding;disease_specific;not_client_evidence;single_tissue_or_model_context	reviewed_primary_source_exact_support_flow_later	yes	no		Strong association evidence remains support-only and disease-tissue specific.	Human Alzheimer-disease brain pTau proteomics identifies HSP90B1, and HSP90B1 immunoprecipitation validates pTau complex association.	Fresh-frozen human sporadic Alzheimer-disease frontal cortex.	The source does not test HSP90B1-dependent tau folding, stability, or maturation.	not_established	SRCREV-2026-07-15-V6_109-PMID32812023-HSP90B1-029
DBPRIORRES-v6_109-35063084-HSP90B1-MAPT	DBPRIOR-v6_109-35063084-HSP90B1-MAPT	35063084	PMC8857049	Tau interactome maps synaptic and mitochondrial processes associated with neurodegeneration.	HSP90B1::MAPT	HSP90B1	MAPT	IntAct	"psi-mi:""MI:0007""(anti tag coimmunoprecipitation)"		source_package_inspected_pair_not_confirmed			assay_association_only	unclear	context_only	weak	low	complex_member_not_direct_binding;database_route_reconciled;high_throughput_screen;not_client_evidence;supplement_or_result_row_not_confirmed	reviewed_source_package_pair_not_confirmed_recheck	no	yes		The available source package was inspected, but the exact pair was not found in accessible article or supplementary result material.				not_established	
DBPRIORRES-v6_109-20195357-HSP90B1-MDM2	DBPRIOR-v6_109-20195357-HSP90B1-MDM2	20195357	PMC2827538	A comprehensive resource of interacting protein regions for refining human transcription factor networks.	HSP90B1::MDM2	HSP90B1	MDM2	BioGRID;IntAct	"Reconstituted Complex;psi-mi:""MI:0034""(display technology)"	;High Throughput	source_package_inspected_pair_not_confirmed			assay_association_only	unclear	context_only	weak	low	database_route_reconciled;high_throughput_screen;not_client_evidence;supplement_or_result_row_not_confirmed	reviewed_source_package_pair_not_confirmed_recheck	no	yes		The available source package was inspected, but the exact pair was not found in accessible article or supplementary result material.				not_established	
DBPRIORRES-v6_109-25637791-HSP90B1-MDM2	DBPRIOR-v6_109-25637791-HSP90B1-MDM2	25637791		Heat shock protein gp96 decreases p53 stability by regulating Mdm2 E3 ligase activity in liver cancer.	HSP90B1::MDM2	HSP90B1	MDM2	BioGRID	Affinity Capture-Western;Reconstituted Complex	Low Throughput	source_package_unavailable_or_blocked			unresolved_or_speculative	unclear	context_only	unclear	low	database_route_reconciled;not_client_evidence;source_not_retrieved	retrieval_blocked_or_no_local_source	no	yes		No inspectable legal/local full-text package was available; the database route remains discovery context only.				not_established	
DBPRIORRES-v6_109-25637791-HSP90B1-TP53	DBPRIOR-v6_109-25637791-HSP90B1-TP53	25637791		Heat shock protein gp96 decreases p53 stability by regulating Mdm2 E3 ligase activity in liver cancer.	HSP90B1::TP53	HSP90B1	TP53	BioGRID	Affinity Capture-Western;Reconstituted Complex	Low Throughput	source_package_unavailable_or_blocked			unresolved_or_speculative	unclear	context_only	unclear	low	database_route_reconciled;not_client_evidence;source_not_retrieved	retrieval_blocked_or_no_local_source	no	yes		No inspectable legal/local full-text package was available; the database route remains discovery context only.				not_established	
DBPRIORRES-v6_109-32807901-HSP90B1-TP53	DBPRIOR-v6_109-32807901-HSP90B1-TP53	32807901		UFMylation maintains tumour suppressor p53 stability by antagonizing its ubiquitination.	HSP90B1::TP53	HSP90B1	TP53	BioGRID	Affinity Capture-MS	High Throughput	source_package_unavailable_or_blocked			unresolved_or_speculative	unclear	context_only	unclear	low	complex_member_not_direct_binding;database_route_reconciled;high_throughput_screen;not_client_evidence;source_not_retrieved	retrieval_blocked_or_no_local_source	no	yes		No inspectable legal/local full-text package was available; the database route remains discovery context only.				not_established	
DBPRIORRES-v6_109-35831314-HSP90B1-TP53	DBPRIOR-v6_109-35831314-HSP90B1-TP53	35831314	PMC9279285	Scalable multiplex co-fractionation/mass spectrometry platform for accelerated protein interactome discovery.	HSP90B1::TP53	HSP90B1	TP53	BioGRID	Co-fractionation	High Throughput	central_primary_result_confirmed	Supplement MOESM4 EPIC PPI row 23022	A cell-line-specific co-fractionation network row links TP53 with HSP90B1/GRP94.	complex_comember	structural_complex	support_only	weak	medium	cofractionation_prediction;complex_member_not_direct_binding;high_throughput_screen;not_client_evidence;single_cell_line	reviewed_primary_source_exact_support_flow_later	yes	no		Retain weak checkpoint complex support while keeping unavailable targeted citations under recheck.	A cell-line-specific co-fractionation network row links TP53 with HSP90B1/GRP94.	MCF10A-only co-fractionation edge in a three-cell-line breast model comparison.	The targeted gp96/p53 paper remains unavailable; this screen row is not client evidence.	not_established	SRCREV-2026-07-15-V6_109-PMID35831314-HSP90B1-040
DBPRIORRES-v6_109-26186194-TRAP1-DND1	DBPRIOR-v6_109-26186194-TRAP1-DND1	26186194	PMC4617211	The BioPlex Network: A Systematic Exploration of the Human Interactome.	TRAP1::DND1	TRAP1	DND1	BioGRID	Affinity Capture-MS	High Throughput	source_package_inspected_pair_not_confirmed			assay_association_only	unclear	context_only	weak	low	complex_member_not_direct_binding;database_route_reconciled;high_throughput_screen;not_client_evidence;supplement_or_result_row_not_confirmed	reviewed_source_package_pair_not_confirmed_recheck	no	yes		The available source package was inspected, but the exact pair was not found in accessible article or supplementary result material.				not_established	
DBPRIORRES-v6_109-33961781-TRAP1-DND1	DBPRIOR-v6_109-33961781-TRAP1-DND1	33961781	PMC8165030	Dual proteome-scale networks reveal cell-specific remodeling of the human interactome.	TRAP1::DND1	TRAP1	DND1	BioGRID;IntAct	"Affinity Capture-MS;psi-mi:""MI:0007""(anti tag coimmunoprecipitation)"	;High Throughput	source_package_inspected_pair_not_confirmed			assay_association_only	unclear	context_only	weak	low	complex_member_not_direct_binding;database_route_reconciled;high_throughput_screen;not_client_evidence;supplement_or_result_row_not_confirmed	reviewed_source_package_pair_not_confirmed_recheck	no	yes		The available source package was inspected, but the exact pair was not found in accessible article or supplementary result material.				not_established	
DBPRIORRES-v6_109-21566061-HSP90AA1-ATR	DBPRIOR-v6_109-21566061-HSP90AA1-ATR	21566061		Hsp90 inhibitor-mediated disruption of chaperone association of ATR with hsp90 sensitizes cancer cells to DNA damage.	HSP90AA1::ATR	HSP90AA1	ATR	BioGRID	Affinity Capture-Western	Low Throughput	source_package_unavailable_or_blocked			unresolved_or_speculative	unclear	context_only	unclear	low	complex_member_not_direct_binding;database_route_reconciled;not_client_evidence;source_not_retrieved	retrieval_blocked_or_no_local_source	no	yes		No inspectable legal/local full-text package was available; the database route remains discovery context only.				not_established	
DBPRIORRES-v6_109-27453043-HSP90AA1-ATR	DBPRIOR-v6_109-27453043-HSP90AA1-ATR	27453043	PMC5209245	A Network of Conserved Synthetic Lethal Interactions for Exploration of Precision Cancer Therapy.	HSP90AA1::ATR	HSP90AA1	ATR	BioGRID	Synthetic Lethality	High Throughput	source_package_inspected_pair_not_confirmed			assay_association_only	unclear	context_only	weak	low	complex_member_not_direct_binding;database_route_reconciled;high_throughput_screen;not_client_evidence;supplement_or_result_row_not_confirmed	reviewed_source_package_pair_not_confirmed_recheck	no	yes		The available source package was inspected, but the exact pair was not found in accessible article or supplementary result material.				not_established	
DBPRIORRES-v6_109-17851643-HSP90AA1-AURKA	DBPRIOR-v6_109-17851643-HSP90AA1-AURKA	17851643		Inhibitors of histone deacetylases induce tumor-selective cytotoxicity through modulating Aurora-A kinase.	HSP90AA1::AURKA	HSP90AA1	AURKA	BioGRID	Affinity Capture-Western	Low Throughput	source_package_unavailable_or_blocked			unresolved_or_speculative	unclear	context_only	unclear	low	complex_member_not_direct_binding;database_route_reconciled;not_client_evidence;source_not_retrieved	retrieval_blocked_or_no_local_source	no	yes		No inspectable legal/local full-text package was available; the database route remains discovery context only.				not_established	
DBPRIORRES-v6_109-23443559-HSP90AA1-AURKA	DBPRIOR-v6_109-23443559-HSP90AA1-AURKA	23443559		LGALS3BP regulates centriole biogenesis and centrosome hypertrophy in cancer cells.	HSP90AA1::AURKA	HSP90AA1	AURKA	BioGRID	Affinity Capture-MS	High Throughput	source_package_unavailable_or_blocked			unresolved_or_speculative	unclear	context_only	unclear	low	complex_member_not_direct_binding;database_route_reconciled;high_throughput_screen;not_client_evidence;source_not_retrieved	retrieval_blocked_or_no_local_source	no	yes		No inspectable legal/local full-text package was available; the database route remains discovery context only.				not_established	
DBPRIORRES-v6_109-16723087-HSP90AA1-BCR	DBPRIOR-v6_109-16723087-HSP90AA1-BCR	16723087		Down-regulation of p210(bcr/abl) by curcumin involves disrupting molecular chaperone functions of Hsp90.	HSP90AA1::BCR	HSP90AA1	BCR	BioGRID	Affinity Capture-Western	Low Throughput	source_package_unavailable_or_blocked			unresolved_or_speculative	unclear	context_only	unclear	low	complex_member_not_direct_binding;database_route_reconciled;not_client_evidence;source_not_retrieved	retrieval_blocked_or_no_local_source	no	yes		No inspectable legal/local full-text package was available; the database route remains discovery context only.				not_established	
DBPRIORRES-v6_109-20675402-HSP90AA1-BCR	DBPRIOR-v6_109-20675402-HSP90AA1-BCR	20675402		Bag1 directly routes immature BCR-ABL for proteasomal degradation.	HSP90AA1::BCR	HSP90AA1	BCR	BioGRID	Affinity Capture-Western	Low Throughput	source_package_inspected_pair_not_confirmed			assay_association_only	unclear	context_only	weak	low	complex_member_not_direct_binding;database_route_reconciled;not_client_evidence;supplement_or_result_row_not_confirmed	reviewed_source_package_pair_not_confirmed_recheck	no	yes		The available source package was inspected, but the exact pair was not found in accessible article or supplementary result material.				not_established	
DBPRIORRES-v6_109-21248063-HSP90AA1-BCR	DBPRIOR-v6_109-21248063-HSP90AA1-BCR	21248063		Bcr-Abl ubiquitination and Usp9x inhibition block kinase signaling and promote CML cell apoptosis.	HSP90AA1::BCR	HSP90AA1	BCR	BioGRID	Affinity Capture-Western	Low Throughput	source_package_unavailable_or_blocked			unresolved_or_speculative	unclear	context_only	unclear	low	complex_member_not_direct_binding;database_route_reconciled;not_client_evidence;source_not_retrieved	retrieval_blocked_or_no_local_source	no	yes		No inspectable legal/local full-text package was available; the database route remains discovery context only.				not_established	
DBPRIORRES-v6_109-22939624-HSP90AA1-BLK	DBPRIOR-v6_109-22939624-HSP90AA1-BLK	22939624	PMC3894786	Quantitative analysis of HSP90-client interactions reveals principles of substrate recognition.	HSP90AA1::BLK	HSP90AA1	BLK	BioGRID	Affinity Capture-Luminescence	High Throughput	source_package_inspected_pair_not_confirmed			assay_association_only	unclear	context_only	weak	low	database_route_reconciled;high_throughput_screen;not_client_evidence;supplement_or_result_row_not_confirmed	reviewed_source_package_pair_not_confirmed_recheck	no	yes		The available source package was inspected, but the exact pair was not found in accessible article or supplementary result material.				not_established	
DBPRIORRES-v6_109-31980649-HSP90AA1-BLK	DBPRIOR-v6_109-31980649-HSP90AA1-BLK	31980649	PMC6981206	Extensive rewiring of the EGFR network in colorectal cancer cells expressing transforming levels of KRASG13D.	HSP90AA1::BLK	HSP90AA1	BLK	BioGRID;IntAct	"Affinity Capture-MS;psi-mi:""MI:0007""(anti tag coimmunoprecipitation)"	;High Throughput	central_primary_result_confirmed	Supplement MOESM6 and MOESM8 exact HSP90AA1 interaction rows	Quantitative AP-MS contains exact HSP90AA1 complex edges for seven kinase candidates across KRAS-defined colorectal cell states.	complex_comember	affinity_purification_ms	support_only	moderate	high	cell_state_specific;complex_member_not_direct_binding;high_throughput_screen;not_client_evidence	reviewed_primary_source_exact_support_flow_later	yes	no		Exact supplement rows support nonpromoted checkpoint association evidence.	Quantitative AP-MS contains exact HSP90AA1 complex edges for seven kinase candidates across KRAS-defined colorectal cell states.	HCT116 and HKE3 colorectal-cell quantitative AP-MS.	Screen edges do not establish direct binding, client mechanism, or alpha exclusivity.	not_established	SRCREV-2026-07-15-V6_109-PMID31980649-HSP90AA1-022
DBPRIORRES-v6_109-32707033-HSP90AA1-BLK	DBPRIOR-v6_109-32707033-HSP90AA1-BLK	32707033	PMC7427327	Kinase Interaction Network Expands Functional and Disease Roles of Human Kinases.	HSP90AA1::BLK	HSP90AA1	BLK	BioGRID;IntAct	"Affinity Capture-MS;psi-mi:""MI:0096""(pull down)"	;High Throughput	central_primary_result_confirmed	Supplement mmc4 Table S3 rows 4 and 9; mmc5 Table S4 gene rows	Kinase-bait AP-MS shows HSP90AA1 co-purification across the listed kinase baits, usually together with HSP90AB1 and CDC37.	complex_comember	affinity_purification_ms	support_only	weak	medium	complex_member_not_direct_binding;high_throughput_screen;kinase_bait_overexpression;not_client_evidence;possible_post_lysis_association	reviewed_primary_source_exact_support_flow_later	yes	no		Exact bait-list and HSP-binding table entries support only weak checkpoint complex evidence.	Kinase-bait AP-MS shows HSP90AA1 co-purification across the listed kinase baits, usually together with HSP90AB1 and CDC37.	Flp-In T-REx HEK293 kinase-bait AP-MS network.	Multi-bait co-purification is not a binary interaction or client assay; authors note overexpression and post-lysis artifacts.	not_established	SRCREV-2026-07-15-V6_109-PMID32707033-HSP90AA1-027
DBPRIORRES-v6_109-22939624-HSP90AA1-BMX	DBPRIOR-v6_109-22939624-HSP90AA1-BMX	22939624	PMC3894786	Quantitative analysis of HSP90-client interactions reveals principles of substrate recognition.	HSP90AA1::BMX	HSP90AA1	BMX	BioGRID	Affinity Capture-Luminescence	High Throughput	wrong_isoform_primary_result	Official Table S1 LUMIER/BACON workbook uses Renilla-HSP90beta bait	The BMX screen result was measured with HSP90AB1/Hsp90beta bait and does not support an HSP90AA1 pair.	assay_association_only	lumier_or_complementation	context_only	not_supportive	high	HSP90AB1_beta_bait;high_throughput_screen;wrong_isoform_database_attribution	reviewed_wrong_isoform_no_flow	no	no		Preserve as wrong-isoform route closure; any valid beta evidence is handled separately.	The BMX screen result was measured with HSP90AB1/Hsp90beta bait and does not support an HSP90AA1 pair.	HEK293T HSP90beta LUMIER/BACON interaction screen.	A beta-bait result cannot be relabeled as alpha-specific evidence.	not_established	
DBPRIORRES-v6_109-31980649-HSP90AA1-BMX	DBPRIOR-v6_109-31980649-HSP90AA1-BMX	31980649	PMC6981206	Extensive rewiring of the EGFR network in colorectal cancer cells expressing transforming levels of KRASG13D.	HSP90AA1::BMX	HSP90AA1	BMX	BioGRID;IntAct	"Affinity Capture-MS;psi-mi:""MI:0007""(anti tag coimmunoprecipitation)"	;High Throughput	central_primary_result_confirmed	Supplement MOESM6 and MOESM8 exact HSP90AA1 interaction rows	Quantitative AP-MS contains exact HSP90AA1 complex edges for seven kinase candidates across KRAS-defined colorectal cell states.	complex_comember	affinity_purification_ms	support_only	moderate	high	cell_state_specific;complex_member_not_direct_binding;high_throughput_screen;not_client_evidence	reviewed_primary_source_exact_support_flow_later	yes	no		Exact supplement rows support nonpromoted checkpoint association evidence.	Quantitative AP-MS contains exact HSP90AA1 complex edges for seven kinase candidates across KRAS-defined colorectal cell states.	HCT116 and HKE3 colorectal-cell quantitative AP-MS.	Screen edges do not establish direct binding, client mechanism, or alpha exclusivity.	not_established	SRCREV-2026-07-15-V6_109-PMID31980649-HSP90AA1-022
DBPRIORRES-v6_109-20195357-HSP90AA1-CERS2	DBPRIOR-v6_109-20195357-HSP90AA1-CERS2	20195357	PMC2827538	A comprehensive resource of interacting protein regions for refining human transcription factor networks.	HSP90AA1::CERS2	HSP90AA1	CERS2	BioGRID;IntAct	"Reconstituted Complex;psi-mi:""MI:0034""(display technology);psi-mi:""MI:0676""(tandem affinity purification)"	;Low Throughput	source_package_inspected_pair_not_confirmed			assay_association_only	unclear	context_only	weak	low	database_route_reconciled;not_client_evidence;supplement_or_result_row_not_confirmed	reviewed_source_package_pair_not_confirmed_recheck	no	yes		The available source package was inspected, but the exact pair was not found in accessible article or supplementary result material.				not_established	
DBPRIORRES-v6_109-31273033-HSP90AA1-CLU	DBPRIOR-v6_109-31273033-HSP90AA1-CLU	31273033		Extracellular Hsp90α and clusterin synergistically promote breast cancer epithelial-to-mesenchymal transition and metastasis via LRP1.	HSP90AA1::CLU	HSP90AA1	CLU	BioGRID	Affinity Capture-Western;Reconstituted Complex	High Throughput;Low Throughput	source_package_unavailable_or_blocked			unresolved_or_speculative	unclear	context_only	unclear	low	database_route_reconciled;not_client_evidence;source_not_retrieved	retrieval_blocked_or_no_local_source	no	yes		No inspectable legal/local full-text package was available; the database route remains discovery context only.				not_established	
DBPRIORRES-v6_109-31413325-HSP90AA1-CLU	DBPRIOR-v6_109-31413325-HSP90AA1-CLU	31413325	PMC6694132	HENA, heterogeneous network-based data set for Alzheimer's disease.	HSP90AA1::CLU	HSP90AA1	CLU	IntAct	"psi-mi:""MI:0399""(two hybrid fragment pooling approach)"		source_package_inspected_pair_not_confirmed			assay_association_only	unclear	context_only	weak	low	complex_member_not_direct_binding;database_route_reconciled;high_throughput_screen;not_client_evidence;supplement_or_result_row_not_confirmed	reviewed_source_package_pair_not_confirmed_recheck	no	yes		The available source package was inspected, but the exact pair was not found in accessible article or supplementary result material.				not_established	
DBPRIORRES-v6_109-19875381-HSP90AA1-EDRF1	DBPRIOR-v6_109-19875381-HSP90AA1-EDRF1	19875381	PMC2830838	A proteomic investigation of ligand-dependent HSP90 complexes reveals CHORDC1 as a novel ADP-dependent HSP90-interacting protein.	HSP90AA1::EDRF1	HSP90AA1	EDRF1	BioGRID;IntAct	"Affinity Capture-MS;psi-mi:""MI:0676""(tandem affinity purification)"	;High Throughput	central_primary_result_confirmed	Main article Table I and Figure 1 HSP90AA1-TAP LC-MS/MS rows	HSP90AA1-TAP proteomics identifies EDRF1, MYLK2, and POLR2E in nucleotide- or geldanamycin-conditioned HSP90alpha complexes.	complex_comember	affinity_purification_ms	support_only	moderate	high	complex_member_not_direct_binding;high_throughput_screen;ligand_conditioned_association;not_client_evidence	reviewed_primary_source_exact_support_flow_later	yes	no		Exact gene rows are present in the primary article table; retain only as checkpoint association support.	HSP90AA1-TAP proteomics identifies EDRF1, MYLK2, and POLR2E in nucleotide- or geldanamycin-conditioned HSP90alpha complexes.	HEK293T HSP90AA1-TAP triplicate LC-MS/MS under ATP, ADP, and geldanamycin conditions.	Screen association does not establish direct binding, isoform exclusivity, or client dependence.	not_established	SRCREV-2026-07-15-V6_109-PMID19875381-HSP90AA1-003
DBPRIORRES-v6_109-33961781-HSP90AA1-EDRF1	DBPRIOR-v6_109-33961781-HSP90AA1-EDRF1	33961781	PMC8165030	Dual proteome-scale networks reveal cell-specific remodeling of the human interactome.	HSP90AA1::EDRF1	HSP90AA1	EDRF1	BioGRID;IntAct	"Affinity Capture-MS;psi-mi:""MI:0007""(anti tag coimmunoprecipitation)"	;High Throughput	source_package_inspected_pair_not_confirmed			assay_association_only	unclear	context_only	weak	low	complex_member_not_direct_binding;database_route_reconciled;high_throughput_screen;not_client_evidence;supplement_or_result_row_not_confirmed	reviewed_source_package_pair_not_confirmed_recheck	no	yes		The available source package was inspected, but the exact pair was not found in accessible article or supplementary result material.				not_established	
DBPRIORRES-v6_109-19567782-HSP90AA1-EPHB1	DBPRIOR-v6_109-19567782-HSP90AA1-EPHB1	19567782	PMC3155284	Hsp90 is an essential regulator of EphA2 receptor stability and signaling: implications for cancer cell migration and metastasis.	HSP90AA1::EPHB1	HSP90AA1	EPHB1	BioGRID	Affinity Capture-Western	Low Throughput	source_package_inspected_pair_not_confirmed			assay_association_only	unclear	context_only	weak	low	complex_member_not_direct_binding;database_route_reconciled;not_client_evidence;supplement_or_result_row_not_confirmed	reviewed_source_package_pair_not_confirmed_recheck	no	yes		The available source package was inspected, but the exact pair was not found in accessible article or supplementary result material.				not_established	
DBPRIORRES-v6_109-22939624-HSP90AA1-EPHB1	DBPRIOR-v6_109-22939624-HSP90AA1-EPHB1	22939624	PMC3894786	Quantitative analysis of HSP90-client interactions reveals principles of substrate recognition.	HSP90AA1::EPHB1	HSP90AA1	EPHB1	BioGRID	Affinity Capture-Luminescence	Low Throughput	wrong_isoform_primary_result	Official Table S1 LUMIER/BACON workbook uses Renilla-HSP90beta bait	The EPHB1 screen result was measured with HSP90AB1/Hsp90beta bait and does not support an HSP90AA1 pair.	assay_association_only	lumier_or_complementation	context_only	not_supportive	high	HSP90AB1_beta_bait;high_throughput_screen;wrong_isoform_database_attribution	reviewed_wrong_isoform_no_flow	no	no		Preserve as wrong-isoform route closure; any valid beta evidence is handled separately.	The EPHB1 screen result was measured with HSP90AB1/Hsp90beta bait and does not support an HSP90AA1 pair.	HEK293T HSP90beta LUMIER/BACON interaction screen.	A beta-bait result cannot be relabeled as alpha-specific evidence.	not_established	
DBPRIORRES-v6_109-22939624-HSP90AA1-EPHB6	DBPRIOR-v6_109-22939624-HSP90AA1-EPHB6	22939624	PMC3894786	Quantitative analysis of HSP90-client interactions reveals principles of substrate recognition.	HSP90AA1::EPHB6	HSP90AA1	EPHB6	BioGRID	Affinity Capture-Luminescence	Low Throughput	wrong_isoform_primary_result	Official Table S1 LUMIER/BACON workbook uses Renilla-HSP90beta bait	The EPHB6 screen result was measured with HSP90AB1/Hsp90beta bait and does not support an HSP90AA1 pair.	assay_association_only	lumier_or_complementation	context_only	not_supportive	high	HSP90AB1_beta_bait;high_throughput_screen;wrong_isoform_database_attribution	reviewed_wrong_isoform_no_flow	no	no		Preserve as wrong-isoform route closure; any valid beta evidence is handled separately.	The EPHB6 screen result was measured with HSP90AB1/Hsp90beta bait and does not support an HSP90AA1 pair.	HEK293T HSP90beta LUMIER/BACON interaction screen.	A beta-bait result cannot be relabeled as alpha-specific evidence.	not_established	
DBPRIORRES-v6_109-35384245-HSP90AA1-EPHB6	DBPRIOR-v6_109-35384245-HSP90AA1-EPHB6	35384245	PMC9171411	Physical and functional interactome atlas of human receptor tyrosine kinases.	HSP90AA1::EPHB6	HSP90AA1	EPHB6	BioGRID;IntAct	"Affinity Capture-MS;Proximity Label-MS;psi-mi:""MI:0004""(affinity chromatography technology);psi-mi:""MI:1314""(proximity-dependent biotin identification)"	;High Throughput	central_primary_result_confirmed	Dataset EV4 exact high-confidence interactor rows	RTK AP-MS/BioID result tables contain exact HSP90AA1 complex/proximity support for EPHB6, FLT4, STYK1, and TYRO3.	complex_comember	affinity_purification_ms;proximity_labeling	support_only	moderate	high	both_cytosolic_isoforms_detected;complex_member_not_direct_binding;high_throughput_screen;not_client_evidence;tagged_overexpression	reviewed_primary_source_exact_support_flow_later	yes	no		Exact supplement rows support nonpromoted checkpoint association evidence.	RTK AP-MS/BioID result tables contain exact HSP90AA1 complex/proximity support for EPHB6, FLT4, STYK1, and TYRO3.	Inducible HEK293 RTK AP-MS/BioID atlas.	High-confidence screen evidence is not direct binding, client biology, or isoform exclusivity.	not_established	SRCREV-2026-07-15-V6_109-PMID35384245-HSP90AA1-034
DBPRIORRES-v6_109-24189400-HSP90AA1-ESRRB	DBPRIOR-v6_109-24189400-HSP90AA1-ESRRB	24189400	PMC4039310	Perturbation of the mutated EGFR interactome identifies vulnerabilities and resistance mechanisms.	HSP90AA1::ESRRB	HSP90AA1	ESRRB	BioGRID	Affinity Capture-MS	High Throughput	source_gene_conflict	Article and supplements s2-s7 searched; ESRRB absent	The cited EGFR-network paper contains ERBB2 and other HSP90 results but no ESRRB result.	not_hsp90_relevant_after_review	unclear	exclude	not_supportive	high	database_record_reconciliation_needed;source_gene_conflict	reviewed_source_gene_conflict_no_flow	no	yes		Exclude this route pending database accession reconciliation.	The cited EGFR-network paper contains ERBB2 and other HSP90 results but no ESRRB result.	EGFR-network proteomics.	The database-normalized source-gene mapping conflicts with the primary source.	not_established	
DBPRIORRES-v6_109-26517842-HSP90AA1-ESRRB	DBPRIOR-v6_109-26517842-HSP90AA1-ESRRB	26517842	PMC4627809	Client Proteins and Small Molecule Inhibitors Display Distinct Binding Preferences for Constitutive and Stress-Induced HSP90 Isoforms and Their Conformationally Restricted Mutants.	HSP90AA1::ESRRB	HSP90AA1	ESRRB	BioGRID	Affinity Capture-Western;Two-hybrid	Low Throughput	source_gene_conflict	Figure 3 tests ERBB2, not ESRRB	The cited isoform-comparison paper tests ERBB2; ESRRB is absent.	not_hsp90_relevant_after_review	unclear	exclude	not_supportive	high	ERBB2_not_ESRRB;source_gene_conflict	reviewed_source_gene_conflict_no_flow	no	yes		Exclude and flag database reconciliation.	The cited isoform-comparison paper tests ERBB2; ESRRB is absent.	HEK293 HSP90 isoform-comparison assays.	The source-gene mapping is incorrect.	not_established	
DBPRIORRES-v6_109-22939624-HSP90AA1-FBXW7	DBPRIOR-v6_109-22939624-HSP90AA1-FBXW7	22939624	PMC3894786	Quantitative analysis of HSP90-client interactions reveals principles of substrate recognition.	HSP90AA1::FBXW7	HSP90AA1	FBXW7	BioGRID	Affinity Capture-Luminescence	Low Throughput	wrong_isoform_primary_result	Official Table S1 LUMIER/BACON workbook uses Renilla-HSP90beta bait	The FBXW7 screen result was measured with HSP90AB1/Hsp90beta bait and does not support an HSP90AA1 pair.	assay_association_only	lumier_or_complementation	context_only	not_supportive	high	HSP90AB1_beta_bait;high_throughput_screen;wrong_isoform_database_attribution	reviewed_wrong_isoform_no_flow	no	no		Preserve as wrong-isoform route closure; any valid beta evidence is handled separately.	The FBXW7 screen result was measured with HSP90AB1/Hsp90beta bait and does not support an HSP90AA1 pair.	HEK293T HSP90beta LUMIER/BACON interaction screen.	A beta-bait result cannot be relabeled as alpha-specific evidence.	not_established	
DBPRIORRES-v6_109-35512704-HSP90AA1-FBXW7	DBPRIOR-v6_109-35512704-HSP90AA1-FBXW7	35512704	PMC9597701	Systematic discovery of mutation-directed neo-protein-protein interactions in cancer.	HSP90AA1::FBXW7	HSP90AA1	FBXW7	IntAct	"psi-mi:""MI:0012""(bioluminescence resonance energy transfer)"		source_package_inspected_pair_not_confirmed			assay_association_only	unclear	context_only	weak	low	database_route_reconciled;high_throughput_screen;not_client_evidence;supplement_or_result_row_not_confirmed	reviewed_source_package_pair_not_confirmed_recheck	no	yes		The available source package was inspected, but the exact pair was not found in accessible article or supplementary result material.				not_established	
DBPRIORRES-v6_109-22939624-HSP90AA1-FLT4	DBPRIOR-v6_109-22939624-HSP90AA1-FLT4	22939624	PMC3894786	Quantitative analysis of HSP90-client interactions reveals principles of substrate recognition.	HSP90AA1::FLT4	HSP90AA1	FLT4	BioGRID	Affinity Capture-Luminescence	Low Throughput	wrong_isoform_primary_result	Official Table S1 LUMIER/BACON workbook uses Renilla-HSP90beta bait	The FLT4 screen result was measured with HSP90AB1/Hsp90beta bait and does not support an HSP90AA1 pair.	assay_association_only	lumier_or_complementation	context_only	not_supportive	high	HSP90AB1_beta_bait;high_throughput_screen;wrong_isoform_database_attribution	reviewed_wrong_isoform_no_flow	no	no		Preserve as wrong-isoform route closure; any valid beta evidence is handled separately.	The FLT4 screen result was measured with HSP90AB1/Hsp90beta bait and does not support an HSP90AA1 pair.	HEK293T HSP90beta LUMIER/BACON interaction screen.	A beta-bait result cannot be relabeled as alpha-specific evidence.	not_established	
DBPRIORRES-v6_109-35384245-HSP90AA1-FLT4	DBPRIOR-v6_109-35384245-HSP90AA1-FLT4	35384245	PMC9171411	Physical and functional interactome atlas of human receptor tyrosine kinases.	HSP90AA1::FLT4	HSP90AA1	FLT4	BioGRID;IntAct	"Affinity Capture-MS;psi-mi:""MI:0004""(affinity chromatography technology)"	;High Throughput	central_primary_result_confirmed	Dataset EV4 exact high-confidence interactor rows	RTK AP-MS/BioID result tables contain exact HSP90AA1 complex/proximity support for EPHB6, FLT4, STYK1, and TYRO3.	complex_comember	affinity_purification_ms;proximity_labeling	support_only	moderate	high	both_cytosolic_isoforms_detected;complex_member_not_direct_binding;high_throughput_screen;not_client_evidence;tagged_overexpression	reviewed_primary_source_exact_support_flow_later	yes	no		Exact supplement rows support nonpromoted checkpoint association evidence.	RTK AP-MS/BioID result tables contain exact HSP90AA1 complex/proximity support for EPHB6, FLT4, STYK1, and TYRO3.	Inducible HEK293 RTK AP-MS/BioID atlas.	High-confidence screen evidence is not direct binding, client biology, or isoform exclusivity.	not_established	SRCREV-2026-07-15-V6_109-PMID35384245-HSP90AA1-034
DBPRIORRES-v6_109-22939624-HSP90AA1-GSK3A	DBPRIOR-v6_109-22939624-HSP90AA1-GSK3A	22939624	PMC3894786	Quantitative analysis of HSP90-client interactions reveals principles of substrate recognition.	HSP90AA1::GSK3A	HSP90AA1	GSK3A	BioGRID	Affinity Capture-Luminescence;Affinity Capture-Western	Low Throughput	wrong_isoform_primary_result	Official Table S1 LUMIER/BACON workbook uses Renilla-HSP90beta bait	The GSK3A screen result was measured with HSP90AB1/Hsp90beta bait and does not support an HSP90AA1 pair.	assay_association_only	lumier_or_complementation	context_only	not_supportive	high	HSP90AB1_beta_bait;high_throughput_screen;wrong_isoform_database_attribution	reviewed_wrong_isoform_no_flow	no	no		Preserve as wrong-isoform route closure; any valid beta evidence is handled separately.	The GSK3A screen result was measured with HSP90AB1/Hsp90beta bait and does not support an HSP90AA1 pair.	HEK293T HSP90beta LUMIER/BACON interaction screen.	A beta-bait result cannot be relabeled as alpha-specific evidence.	not_established	
DBPRIORRES-v6_109-30824926-HSP90AA1-GSK3A	DBPRIOR-v6_109-30824926-HSP90AA1-GSK3A	30824926	PMC6440577	Isoform-specific GSK3A activity is negatively correlated with human sperm motility.	HSP90AA1::GSK3A	HSP90AA1	GSK3A	BioGRID	Two-hybrid	High Throughput	exact_pair_found_in_article_or_pdf	article:pmc_reader_text_v6_109.txt:block_1;article:pmc_reader_v6_109.html:block_1118	Mol Hum Reprod . 2019 Mar 2;25(4):171–183. doi: 10.1093/molehr/gaz009 Search in PMC Search in PubMed View in NLM Catalog Add to search Isoform-specific GSK3A activity is negatively correlated with human sperm motility M J Freitas M J Freitas 1 Signal Transduction Laboratory, Institute for Research in Biomedicine—iBiMED, Medical Sciences Department, University of Aveiro, Aveiro, Portugal Find articles by M J Freitas 1 , J V Silva J V Silva 1 Signal Transduction Laboratory, Institute for Research in Biomedicine—iBiME	assay_association_only	unclear	context_only	weak	low	article_mention_not_pair_level_result;database_route_reconciled;high_throughput_screen;not_client_evidence	reviewed_article_pair_mention_high_throughput_recheck	no	yes		The pair appears in article text, but the available high-throughput context does not securely locate a pair-level result.				not_established	
DBPRIORRES-v6_109-29139175-HSP90AA1-HAX1	DBPRIOR-v6_109-29139175-HSP90AA1-HAX1	29139175		Hematopoietic Substrate-1-Associated Protein X-1 Regulates the Proliferation and Apoptosis of Endothelial Progenitor Cells Through Akt Pathway Modulation.	HSP90AA1::HAX1	HSP90AA1	HAX1	BioGRID	Affinity Capture-Western	Low Throughput	source_package_unavailable_or_blocked			unresolved_or_speculative	unclear	context_only	unclear	low	complex_member_not_direct_binding;database_route_reconciled;not_client_evidence;source_not_retrieved	retrieval_blocked_or_no_local_source	no	yes		No inspectable legal/local full-text package was available; the database route remains discovery context only.				not_established	
DBPRIORRES-v6_109-29311840-HSP90AA1-HAX1	DBPRIOR-v6_109-29311840-HSP90AA1-HAX1	29311840	PMC5742904	HAX-1 Protects Glioblastoma Cells from Apoptosis through the Akt1 Pathway.	HSP90AA1::HAX1	HSP90AA1	HAX1	BioGRID	Affinity Capture-Western;Co-localization	Low Throughput	source_package_inspected_pair_not_confirmed			assay_association_only	unclear	context_only	weak	low	complex_member_not_direct_binding;database_route_reconciled;not_client_evidence;supplement_or_result_row_not_confirmed	reviewed_source_package_pair_not_confirmed_recheck	no	yes		The available source package was inspected, but the exact pair was not found in accessible article or supplementary result material.				not_established	
DBPRIORRES-v6_109-22939624-HSP90AA1-HECTD3	DBPRIOR-v6_109-22939624-HSP90AA1-HECTD3	22939624	PMC3894786	Quantitative analysis of HSP90-client interactions reveals principles of substrate recognition.	HSP90AA1::HECTD3	HSP90AA1	HECTD3	BioGRID	Affinity Capture-Luminescence	Low Throughput	wrong_isoform_primary_result	Official Table S1 LUMIER/BACON workbook uses Renilla-HSP90beta bait	The HECTD3 screen result was measured with HSP90AB1/Hsp90beta bait and does not support an HSP90AA1 pair.	assay_association_only	lumier_or_complementation	context_only	not_supportive	high	HSP90AB1_beta_bait;high_throughput_screen;wrong_isoform_database_attribution	reviewed_wrong_isoform_no_flow	no	no		Preserve as wrong-isoform route closure; any valid beta evidence is handled separately.	The HECTD3 screen result was measured with HSP90AB1/Hsp90beta bait and does not support an HSP90AA1 pair.	HEK293T HSP90beta LUMIER/BACON interaction screen.	A beta-bait result cannot be relabeled as alpha-specific evidence.	not_established	
DBPRIORRES-v6_109-28636940-HSP90AA1-HECTD3	DBPRIOR-v6_109-28636940-HSP90AA1-HECTD3	28636940	PMC5489699	HECTD3 Mediates an HSP90-Dependent Degradation Pathway for Protein Kinase Clients.	HSP90AA1::HECTD3	HSP90AA1	HECTD3	BioGRID	Affinity Capture-Western;Co-localization;Reconstituted Complex	Low Throughput	source_package_inspected_pair_not_confirmed			assay_association_only	unclear	context_only	weak	low	database_route_reconciled;not_client_evidence;supplement_or_result_row_not_confirmed	reviewed_source_package_pair_not_confirmed_recheck	no	yes		The available source package was inspected, but the exact pair was not found in accessible article or supplementary result material.				not_established	
DBPRIORRES-v6_109-22824801-HSP90AA1-HOPX	DBPRIOR-v6_109-22824801-HSP90AA1-HOPX	22824801		C-terminal phosphorylation of Hsp70 and Hsp90 regulates alternate binding to co-chaperones CHIP and HOP to determine cellular protein folding/degradation balances.	HSP90AA1::HOPX	HSP90AA1	HOPX	BioGRID	Affinity Capture-Western	Low Throughput	source_package_unavailable_or_blocked			unresolved_or_speculative	unclear	context_only	unclear	low	complex_member_not_direct_binding;database_route_reconciled;not_client_evidence;source_not_retrieved	retrieval_blocked_or_no_local_source	no	yes		No inspectable legal/local full-text package was available; the database route remains discovery context only.				not_established	
DBPRIORRES-v6_109-24556685-HSP90AA1-HOPX	DBPRIOR-v6_109-24556685-HSP90AA1-HOPX	24556685	PMC3944248	S100A2 is a BRCA1/p63 coregulated tumour suppressor gene with roles in the regulation of mutant p53 stability.	HSP90AA1::HOPX	HSP90AA1	HOPX	BioGRID	Affinity Capture-Western	Low Throughput	source_package_inspected_pair_not_confirmed			assay_association_only	unclear	context_only	weak	low	complex_member_not_direct_binding;database_route_reconciled;not_client_evidence;supplement_or_result_row_not_confirmed	reviewed_source_package_pair_not_confirmed_recheck	no	yes		The available source package was inspected, but the exact pair was not found in accessible article or supplementary result material.				not_established	
DBPRIORRES-v6_109-33571422-HSP90AA1-HOPX	DBPRIOR-v6_109-33571422-HSP90AA1-HOPX	33571422	PMC7980223	The IMiD target CRBN determines HSP90 activity toward transmembrane proteins essential in multiple myeloma.	HSP90AA1::HOPX	HSP90AA1	HOPX	BioGRID	Affinity Capture-Western	Low Throughput	source_package_inspected_pair_not_confirmed			assay_association_only	unclear	context_only	weak	low	complex_member_not_direct_binding;database_route_reconciled;not_client_evidence;supplement_or_result_row_not_confirmed	reviewed_source_package_pair_not_confirmed_recheck	no	yes		The available source package was inspected, but the exact pair was not found in accessible article or supplementary result material.				not_established	
DBPRIORRES-v6_109-33439458-HSP90AA1-IKZF1	DBPRIOR-v6_109-33439458-HSP90AA1-IKZF1	33439458		Hsp90/C terminal Hsc70-interacting protein regulates the stability of Ikaros in acute myeloid leukemia cells.	HSP90AA1::IKZF1	HSP90AA1	IKZF1	BioGRID	Affinity Capture-Western	Low Throughput	source_package_unavailable_or_blocked			unresolved_or_speculative	unclear	context_only	unclear	low	complex_member_not_direct_binding;database_route_reconciled;not_client_evidence;source_not_retrieved	retrieval_blocked_or_no_local_source	no	yes		No inspectable legal/local full-text package was available; the database route remains discovery context only.				not_established	
DBPRIORRES-v6_109-35583604-HSP90AA1-IKZF1	DBPRIOR-v6_109-35583604-HSP90AA1-IKZF1	35583604	PMC9662945	Interactome of Aiolos/Ikaros Reveals Combination Rationale of Cereblon Modulators with HDAC Inhibitors in DLBCL.	HSP90AA1::IKZF1	HSP90AA1	IKZF1	BioGRID	Affinity Capture-MS	Low Throughput	source_package_inspected_pair_not_confirmed			assay_association_only	unclear	context_only	weak	low	complex_member_not_direct_binding;database_route_reconciled;not_client_evidence;supplement_or_result_row_not_confirmed	reviewed_source_package_pair_not_confirmed_recheck	no	yes		The available source package was inspected, but the exact pair was not found in accessible article or supplementary result material.				not_established	
DBPRIORRES-v6_109-27684187-HSP90AA1-JUP	DBPRIOR-v6_109-27684187-HSP90AA1-JUP	27684187	PMC5455996	Genetic and Proteomic Interrogation of Lower Confidence Candidate Genes Reveals Signaling Networks in β-Catenin-Active Cancers.	HSP90AA1::JUP	HSP90AA1	JUP	BioGRID	Affinity Capture-MS	High Throughput	source_package_inspected_pair_not_confirmed			assay_association_only	unclear	context_only	weak	low	complex_member_not_direct_binding;database_route_reconciled;high_throughput_screen;not_client_evidence;supplement_or_result_row_not_confirmed	reviewed_source_package_pair_not_confirmed_recheck	no	yes		The available source package was inspected, but the exact pair was not found in accessible article or supplementary result material.				not_established	
DBPRIORRES-v6_109-31273033-HSP90AA1-JUP	DBPRIOR-v6_109-31273033-HSP90AA1-JUP	31273033		Extracellular Hsp90α and clusterin synergistically promote breast cancer epithelial-to-mesenchymal transition and metastasis via LRP1.	HSP90AA1::JUP	HSP90AA1	JUP	BioGRID	Reconstituted Complex	High Throughput	source_package_unavailable_or_blocked			unresolved_or_speculative	unclear	context_only	unclear	low	database_route_reconciled;high_throughput_screen;not_client_evidence;source_not_retrieved	retrieval_blocked_or_no_local_source	no	yes		No inspectable legal/local full-text package was available; the database route remains discovery context only.				not_established	
DBPRIORRES-v6_109-22939624-HSP90AA1-LGALS3BP	DBPRIOR-v6_109-22939624-HSP90AA1-LGALS3BP	22939624	PMC3894786	Quantitative analysis of HSP90-client interactions reveals principles of substrate recognition.	HSP90AA1::LGALS3BP	HSP90AA1	LGALS3BP	BioGRID	Affinity Capture-Luminescence	Low Throughput	wrong_isoform_primary_result	Official Table S1 LUMIER/BACON workbook uses Renilla-HSP90beta bait	The LGALS3BP screen result was measured with HSP90AB1/Hsp90beta bait and does not support an HSP90AA1 pair.	assay_association_only	lumier_or_complementation	context_only	not_supportive	high	HSP90AB1_beta_bait;high_throughput_screen;wrong_isoform_database_attribution	reviewed_wrong_isoform_no_flow	no	no		Preserve as wrong-isoform route closure; any valid beta evidence is handled separately.	The LGALS3BP screen result was measured with HSP90AB1/Hsp90beta bait and does not support an HSP90AA1 pair.	HEK293T HSP90beta LUMIER/BACON interaction screen.	A beta-bait result cannot be relabeled as alpha-specific evidence.	not_established	
DBPRIORRES-v6_109-23443559-HSP90AA1-LGALS3BP	DBPRIOR-v6_109-23443559-HSP90AA1-LGALS3BP	23443559		LGALS3BP regulates centriole biogenesis and centrosome hypertrophy in cancer cells.	HSP90AA1::LGALS3BP	HSP90AA1	LGALS3BP	BioGRID	Affinity Capture-MS	High Throughput	source_package_unavailable_or_blocked			unresolved_or_speculative	unclear	context_only	unclear	low	complex_member_not_direct_binding;database_route_reconciled;high_throughput_screen;not_client_evidence;source_not_retrieved	retrieval_blocked_or_no_local_source	no	yes		No inspectable legal/local full-text package was available; the database route remains discovery context only.				not_established	
DBPRIORRES-v6_109-31273033-HSP90AA1-LGALS3BP	DBPRIOR-v6_109-31273033-HSP90AA1-LGALS3BP	31273033		Extracellular Hsp90α and clusterin synergistically promote breast cancer epithelial-to-mesenchymal transition and metastasis via LRP1.	HSP90AA1::LGALS3BP	HSP90AA1	LGALS3BP	BioGRID	Reconstituted Complex	High Throughput	source_package_unavailable_or_blocked			unresolved_or_speculative	unclear	context_only	unclear	low	database_route_reconciled;high_throughput_screen;not_client_evidence;source_not_retrieved	retrieval_blocked_or_no_local_source	no	yes		No inspectable legal/local full-text package was available; the database route remains discovery context only.				not_established	
DBPRIORRES-v6_109-38825040-HSP90AA1-LGALS3BP	DBPRIOR-v6_109-38825040-HSP90AA1-LGALS3BP	38825040	PMC11259796	Galectin-3-Binding Protein Inhibits Extracellular Heparan 6-O-Endosulfatase Sulf-2.	HSP90AA1::LGALS3BP	HSP90AA1	LGALS3BP	IntAct	"psi-mi:""MI:0006""(anti bait coimmunoprecipitation)"		central_scanner_false_positive	Supplement mmc5 rows inspected; HSP90AA1 and LGALS3BP occur in separate protein-list rows	The apparent HSP90AA1-LGALS3BP hit was created by a spreadsheet-header heuristic; no pair-level result was found.	assay_association_only	unclear	context_only	weak	high	source_gene_pair_not_confirmed;spreadsheet_header_false_positive	reviewed_source_package_pair_not_confirmed_recheck	no	yes		Remove the automated false positive and keep the database route under recheck.	The apparent HSP90AA1-LGALS3BP hit was created by a spreadsheet-header heuristic; no pair-level result was found.	Extracellular-media immunoprecipitation protein lists.	Separate rows in the same sheet are not interaction evidence.	not_established	
DBPRIORRES-v6_109-22939624-HSP90AA1-MAP2K5	DBPRIOR-v6_109-22939624-HSP90AA1-MAP2K5	22939624	PMC3894786	Quantitative analysis of HSP90-client interactions reveals principles of substrate recognition.	HSP90AA1::MAP2K5	HSP90AA1	MAP2K5	BioGRID	Affinity Capture-Luminescence	Low Throughput	wrong_isoform_primary_result	Official Table S1 LUMIER/BACON workbook uses Renilla-HSP90beta bait	The MAP2K5 screen result was measured with HSP90AB1/Hsp90beta bait and does not support an HSP90AA1 pair.	assay_association_only	lumier_or_complementation	context_only	not_supportive	high	HSP90AB1_beta_bait;high_throughput_screen;wrong_isoform_database_attribution	reviewed_wrong_isoform_no_flow	no	no		Preserve as wrong-isoform route closure; any valid beta evidence is handled separately.	The MAP2K5 screen result was measured with HSP90AB1/Hsp90beta bait and does not support an HSP90AA1 pair.	HEK293T HSP90beta LUMIER/BACON interaction screen.	A beta-bait result cannot be relabeled as alpha-specific evidence.	not_established	
DBPRIORRES-v6_109-31980649-HSP90AA1-MAP2K5	DBPRIOR-v6_109-31980649-HSP90AA1-MAP2K5	31980649	PMC6981206	Extensive rewiring of the EGFR network in colorectal cancer cells expressing transforming levels of KRASG13D.	HSP90AA1::MAP2K5	HSP90AA1	MAP2K5	BioGRID;IntAct	"Affinity Capture-MS;psi-mi:""MI:0007""(anti tag coimmunoprecipitation)"	;High Throughput	central_primary_result_confirmed	Supplement MOESM6 and MOESM8 exact HSP90AA1 interaction rows	Quantitative AP-MS contains exact HSP90AA1 complex edges for seven kinase candidates across KRAS-defined colorectal cell states.	complex_comember	affinity_purification_ms	support_only	moderate	high	cell_state_specific;complex_member_not_direct_binding;high_throughput_screen;not_client_evidence	reviewed_primary_source_exact_support_flow_later	yes	no		Exact supplement rows support nonpromoted checkpoint association evidence.	Quantitative AP-MS contains exact HSP90AA1 complex edges for seven kinase candidates across KRAS-defined colorectal cell states.	HCT116 and HKE3 colorectal-cell quantitative AP-MS.	Screen edges do not establish direct binding, client mechanism, or alpha exclusivity.	not_established	SRCREV-2026-07-15-V6_109-PMID31980649-HSP90AA1-022
DBPRIORRES-v6_109-32707033-HSP90AA1-MAP2K5	DBPRIOR-v6_109-32707033-HSP90AA1-MAP2K5	32707033	PMC7427327	Kinase Interaction Network Expands Functional and Disease Roles of Human Kinases.	HSP90AA1::MAP2K5	HSP90AA1	MAP2K5	BioGRID;IntAct	"Affinity Capture-MS;psi-mi:""MI:0096""(pull down)"	;High Throughput	central_primary_result_confirmed	Supplement mmc4 Table S3 rows 4 and 9; mmc5 Table S4 gene rows	Kinase-bait AP-MS shows HSP90AA1 co-purification across the listed kinase baits, usually together with HSP90AB1 and CDC37.	complex_comember	affinity_purification_ms	support_only	weak	medium	complex_member_not_direct_binding;high_throughput_screen;kinase_bait_overexpression;not_client_evidence;possible_post_lysis_association	reviewed_primary_source_exact_support_flow_later	yes	no		Exact bait-list and HSP-binding table entries support only weak checkpoint complex evidence.	Kinase-bait AP-MS shows HSP90AA1 co-purification across the listed kinase baits, usually together with HSP90AB1 and CDC37.	Flp-In T-REx HEK293 kinase-bait AP-MS network.	Multi-bait co-purification is not a binary interaction or client assay; authors note overexpression and post-lysis artifacts.	not_established	SRCREV-2026-07-15-V6_109-PMID32707033-HSP90AA1-027
DBPRIORRES-v6_109-22939624-HSP90AA1-MAP4K1	DBPRIOR-v6_109-22939624-HSP90AA1-MAP4K1	22939624	PMC3894786	Quantitative analysis of HSP90-client interactions reveals principles of substrate recognition.	HSP90AA1::MAP4K1	HSP90AA1	MAP4K1	BioGRID	Affinity Capture-Luminescence	High Throughput	wrong_isoform_primary_result	Official Table S1 LUMIER/BACON workbook uses Renilla-HSP90beta bait	The MAP4K1 screen result was measured with HSP90AB1/Hsp90beta bait and does not support an HSP90AA1 pair.	assay_association_only	lumier_or_complementation	context_only	not_supportive	high	HSP90AB1_beta_bait;high_throughput_screen;wrong_isoform_database_attribution	reviewed_wrong_isoform_no_flow	no	no		Preserve as wrong-isoform route closure; any valid beta evidence is handled separately.	The MAP4K1 screen result was measured with HSP90AB1/Hsp90beta bait and does not support an HSP90AA1 pair.	HEK293T HSP90beta LUMIER/BACON interaction screen.	A beta-bait result cannot be relabeled as alpha-specific evidence.	not_established	
DBPRIORRES-v6_109-31980649-HSP90AA1-MAP4K1	DBPRIOR-v6_109-31980649-HSP90AA1-MAP4K1	31980649	PMC6981206	Extensive rewiring of the EGFR network in colorectal cancer cells expressing transforming levels of KRASG13D.	HSP90AA1::MAP4K1	HSP90AA1	MAP4K1	BioGRID;IntAct	"Affinity Capture-MS;psi-mi:""MI:0007""(anti tag coimmunoprecipitation)"	;High Throughput	central_primary_result_confirmed	Supplement MOESM6 and MOESM8 exact HSP90AA1 interaction rows	Quantitative AP-MS contains exact HSP90AA1 complex edges for seven kinase candidates across KRAS-defined colorectal cell states.	complex_comember	affinity_purification_ms	support_only	moderate	high	cell_state_specific;complex_member_not_direct_binding;high_throughput_screen;not_client_evidence	reviewed_primary_source_exact_support_flow_later	yes	no		Exact supplement rows support nonpromoted checkpoint association evidence.	Quantitative AP-MS contains exact HSP90AA1 complex edges for seven kinase candidates across KRAS-defined colorectal cell states.	HCT116 and HKE3 colorectal-cell quantitative AP-MS.	Screen edges do not establish direct binding, client mechanism, or alpha exclusivity.	not_established	SRCREV-2026-07-15-V6_109-PMID31980649-HSP90AA1-022
DBPRIORRES-v6_109-32707033-HSP90AA1-MAP4K1	DBPRIOR-v6_109-32707033-HSP90AA1-MAP4K1	32707033	PMC7427327	Kinase Interaction Network Expands Functional and Disease Roles of Human Kinases.	HSP90AA1::MAP4K1	HSP90AA1	MAP4K1	BioGRID;IntAct	"Affinity Capture-MS;psi-mi:""MI:0096""(pull down)"	;High Throughput	central_primary_result_confirmed	Supplement mmc4 Table S3 rows 4 and 9; mmc5 Table S4 gene rows	Kinase-bait AP-MS shows HSP90AA1 co-purification across the listed kinase baits, usually together with HSP90AB1 and CDC37.	complex_comember	affinity_purification_ms	support_only	weak	medium	complex_member_not_direct_binding;high_throughput_screen;kinase_bait_overexpression;not_client_evidence;possible_post_lysis_association	reviewed_primary_source_exact_support_flow_later	yes	no		Exact bait-list and HSP-binding table entries support only weak checkpoint complex evidence.	Kinase-bait AP-MS shows HSP90AA1 co-purification across the listed kinase baits, usually together with HSP90AB1 and CDC37.	Flp-In T-REx HEK293 kinase-bait AP-MS network.	Multi-bait co-purification is not a binary interaction or client assay; authors note overexpression and post-lysis artifacts.	not_established	SRCREV-2026-07-15-V6_109-PMID32707033-HSP90AA1-027
DBPRIORRES-v6_109-20404110-HSP90AA1-MIS12	DBPRIOR-v6_109-20404110-HSP90AA1-MIS12	20404110	PMC2856898	Hsp90-Sgt1 and Skp1 target human Mis12 complexes to ensure efficient formation of kinetochore-microtubule binding sites.	HSP90AA1::MIS12	HSP90AA1	MIS12	BioGRID	Reconstituted Complex	Low Throughput	wrong_isoform_primary_result	Figure 6 reconstitution and Methods identifying recombinant human HSP90beta	The Mis12 complex has strong Hsp90 evidence, but the recombinant construct is HSP90AB1/Hsp90beta rather than HSP90AA1.	complex_comember	direct_binding_biochemistry;coimmunoprecipitation	context_only	strong	high	HSP90AB1_beta_construct;wrong_isoform_database_attribution	reviewed_wrong_isoform_no_flow	no	yes		Close the HSP90AA1 route as wrong-isotype and route any future evidence to beta/family scope.	The Mis12 complex has strong Hsp90 evidence, but the recombinant construct is HSP90AB1/Hsp90beta rather than HSP90AA1.	HeLa cells and recombinant Mis12-complex binding experiments.	The source cannot support the requested alpha pair.	not_established	
DBPRIORRES-v6_109-36269765-HSP90AA1-MIS12	DBPRIOR-v6_109-36269765-HSP90AA1-MIS12	36269765	PMC9629621	Comprehensive characterization of the Hsp70 interactome reveals novel client proteins and interactions mediated by posttranslational modifications.	HSP90AA1::MIS12	HSP90AA1	MIS12	BioGRID	Affinity Capture-Western	Low Throughput	source_package_inspected_pair_not_confirmed			assay_association_only	unclear	context_only	weak	low	complex_member_not_direct_binding;database_route_reconciled;not_client_evidence;supplement_or_result_row_not_confirmed	reviewed_source_package_pair_not_confirmed_recheck	no	yes		The available source package was inspected, but the exact pair was not found in accessible article or supplementary result material.				not_established	
DBPRIORRES-v6_109-19875381-HSP90AA1-MYLK2	DBPRIOR-v6_109-19875381-HSP90AA1-MYLK2	19875381	PMC2830838	A proteomic investigation of ligand-dependent HSP90 complexes reveals CHORDC1 as a novel ADP-dependent HSP90-interacting protein.	HSP90AA1::MYLK2	HSP90AA1	MYLK2	BioGRID;IntAct	"Affinity Capture-MS;psi-mi:""MI:0676""(tandem affinity purification)"	;High Throughput	central_primary_result_confirmed	Main article Table I and Figure 1 HSP90AA1-TAP LC-MS/MS rows	HSP90AA1-TAP proteomics identifies EDRF1, MYLK2, and POLR2E in nucleotide- or geldanamycin-conditioned HSP90alpha complexes.	complex_comember	affinity_purification_ms	support_only	moderate	high	complex_member_not_direct_binding;high_throughput_screen;ligand_conditioned_association;not_client_evidence	reviewed_primary_source_exact_support_flow_later	yes	no		Exact gene rows are present in the primary article table; retain only as checkpoint association support.	HSP90AA1-TAP proteomics identifies EDRF1, MYLK2, and POLR2E in nucleotide- or geldanamycin-conditioned HSP90alpha complexes.	HEK293T HSP90AA1-TAP triplicate LC-MS/MS under ATP, ADP, and geldanamycin conditions.	Screen association does not establish direct binding, isoform exclusivity, or client dependence.	not_established	SRCREV-2026-07-15-V6_109-PMID19875381-HSP90AA1-003
DBPRIORRES-v6_109-22939624-HSP90AA1-MYLK2	DBPRIOR-v6_109-22939624-HSP90AA1-MYLK2	22939624	PMC3894786	Quantitative analysis of HSP90-client interactions reveals principles of substrate recognition.	HSP90AA1::MYLK2	HSP90AA1	MYLK2	BioGRID	Affinity Capture-Luminescence	High Throughput	wrong_isoform_primary_result	Official Table S1 LUMIER/BACON workbook uses Renilla-HSP90beta bait	The MYLK2 screen result was measured with HSP90AB1/Hsp90beta bait and does not support an HSP90AA1 pair.	assay_association_only	lumier_or_complementation	context_only	not_supportive	high	HSP90AB1_beta_bait;high_throughput_screen;wrong_isoform_database_attribution	reviewed_wrong_isoform_no_flow	no	no		Preserve as wrong-isoform route closure; any valid beta evidence is handled separately.	The MYLK2 screen result was measured with HSP90AB1/Hsp90beta bait and does not support an HSP90AA1 pair.	HEK293T HSP90beta LUMIER/BACON interaction screen.	A beta-bait result cannot be relabeled as alpha-specific evidence.	not_established	
DBPRIORRES-v6_109-31980649-HSP90AA1-MYLK2	DBPRIOR-v6_109-31980649-HSP90AA1-MYLK2	31980649	PMC6981206	Extensive rewiring of the EGFR network in colorectal cancer cells expressing transforming levels of KRASG13D.	HSP90AA1::MYLK2	HSP90AA1	MYLK2	BioGRID;IntAct	"Affinity Capture-MS;psi-mi:""MI:0007""(anti tag coimmunoprecipitation)"	;High Throughput	central_primary_result_confirmed	Supplement MOESM6 and MOESM8 exact HSP90AA1 interaction rows	Quantitative AP-MS contains exact HSP90AA1 complex edges for seven kinase candidates across KRAS-defined colorectal cell states.	complex_comember	affinity_purification_ms	support_only	moderate	high	cell_state_specific;complex_member_not_direct_binding;high_throughput_screen;not_client_evidence	reviewed_primary_source_exact_support_flow_later	yes	no		Exact supplement rows support nonpromoted checkpoint association evidence.	Quantitative AP-MS contains exact HSP90AA1 complex edges for seven kinase candidates across KRAS-defined colorectal cell states.	HCT116 and HKE3 colorectal-cell quantitative AP-MS.	Screen edges do not establish direct binding, client mechanism, or alpha exclusivity.	not_established	SRCREV-2026-07-15-V6_109-PMID31980649-HSP90AA1-022
DBPRIORRES-v6_109-25798074-HSP90AA1-NEK4	DBPRIOR-v6_109-25798074-HSP90AA1-NEK4	25798074	PMC4367857	New interaction partners for Nek4.1 and Nek4.2 isoforms: from the DNA damage response to RNA splicing.	HSP90AA1::NEK4	HSP90AA1	NEK4	BioGRID	Affinity Capture-MS	High Throughput	source_package_inspected_pair_not_confirmed			assay_association_only	unclear	context_only	weak	low	complex_member_not_direct_binding;database_route_reconciled;high_throughput_screen;not_client_evidence;supplement_or_result_row_not_confirmed	reviewed_source_package_pair_not_confirmed_recheck	no	yes		The available source package was inspected, but the exact pair was not found in accessible article or supplementary result material.				not_established	
DBPRIORRES-v6_109-32707033-HSP90AA1-NEK4	DBPRIOR-v6_109-32707033-HSP90AA1-NEK4	32707033	PMC7427327	Kinase Interaction Network Expands Functional and Disease Roles of Human Kinases.	HSP90AA1::NEK4	HSP90AA1	NEK4	BioGRID;IntAct	"Affinity Capture-MS;psi-mi:""MI:0096""(pull down)"	;High Throughput	central_primary_result_confirmed	Supplement mmc4 Table S3 rows 4 and 9; mmc5 Table S4 gene rows	Kinase-bait AP-MS shows HSP90AA1 co-purification across the listed kinase baits, usually together with HSP90AB1 and CDC37.	complex_comember	affinity_purification_ms	support_only	weak	medium	complex_member_not_direct_binding;high_throughput_screen;kinase_bait_overexpression;not_client_evidence;possible_post_lysis_association	reviewed_primary_source_exact_support_flow_later	yes	no		Exact bait-list and HSP-binding table entries support only weak checkpoint complex evidence.	Kinase-bait AP-MS shows HSP90AA1 co-purification across the listed kinase baits, usually together with HSP90AB1 and CDC37.	Flp-In T-REx HEK293 kinase-bait AP-MS network.	Multi-bait co-purification is not a binary interaction or client assay; authors note overexpression and post-lysis artifacts.	not_established	SRCREV-2026-07-15-V6_109-PMID32707033-HSP90AA1-027
DBPRIORRES-v6_109-19875381-HSP90AA1-POLR2E	DBPRIOR-v6_109-19875381-HSP90AA1-POLR2E	19875381	PMC2830838	A proteomic investigation of ligand-dependent HSP90 complexes reveals CHORDC1 as a novel ADP-dependent HSP90-interacting protein.	HSP90AA1::POLR2E	HSP90AA1	POLR2E	BioGRID;IntAct	"Affinity Capture-MS;psi-mi:""MI:0676""(tandem affinity purification)"	;High Throughput	central_primary_result_confirmed	Main article Table I and Figure 1 HSP90AA1-TAP LC-MS/MS rows	HSP90AA1-TAP proteomics identifies EDRF1, MYLK2, and POLR2E in nucleotide- or geldanamycin-conditioned HSP90alpha complexes.	complex_comember	affinity_purification_ms	support_only	moderate	high	complex_member_not_direct_binding;high_throughput_screen;ligand_conditioned_association;not_client_evidence	reviewed_primary_source_exact_support_flow_later	yes	no		Exact gene rows are present in the primary article table; retain only as checkpoint association support.	HSP90AA1-TAP proteomics identifies EDRF1, MYLK2, and POLR2E in nucleotide- or geldanamycin-conditioned HSP90alpha complexes.	HEK293T HSP90AA1-TAP triplicate LC-MS/MS under ATP, ADP, and geldanamycin conditions.	Screen association does not establish direct binding, isoform exclusivity, or client dependence.	not_established	SRCREV-2026-07-15-V6_109-PMID19875381-HSP90AA1-003
DBPRIORRES-v6_109-21360678-HSP90AA1-POLR2E	DBPRIOR-v6_109-21360678-HSP90AA1-POLR2E	21360678	PMC3086140	Label-free quantitative proteomics and SAINT analysis enable interactome mapping for the human Ser/Thr protein phosphatase 5.	HSP90AA1::POLR2E	HSP90AA1	POLR2E	BioGRID;IntAct	"Affinity Capture-MS;psi-mi:""MI:0007""(anti tag coimmunoprecipitation)"	;Low Throughput	central_primary_result_confirmed	Main article HSP90AA1 AP-MS/SAINT table	HSP90AA1 bait AP-MS/SAINT recovers POLR2E and TUBB as statistically retained complex-associated proteins.	complex_comember	affinity_purification_ms	support_only	moderate	medium	common_abundant_protein_risk;complex_member_not_direct_binding;high_throughput_screen;not_client_evidence	reviewed_primary_source_exact_support_flow_later	yes	no		The exact rows are in the primary results table and support only a non-client association call.	HSP90AA1 bait AP-MS/SAINT recovers POLR2E and TUBB as statistically retained complex-associated proteins.	Inducible FLAG-HSP90AA1 AP-MS in human cells; SAINT probability table.	AP-MS is co-complex evidence; TUBB also carries abundant/cytoskeletal background risk.	not_established	SRCREV-2026-07-15-V6_109-PMID21360678-HSP90AA1-004
DBPRIORRES-v6_109-22939624-HSP90AA1-PRKCG	DBPRIOR-v6_109-22939624-HSP90AA1-PRKCG	22939624	PMC3894786	Quantitative analysis of HSP90-client interactions reveals principles of substrate recognition.	HSP90AA1::PRKCG	HSP90AA1	PRKCG	BioGRID	Affinity Capture-Luminescence	High Throughput	wrong_isoform_primary_result	Official Table S1 LUMIER/BACON workbook uses Renilla-HSP90beta bait	The PRKCG screen result was measured with HSP90AB1/Hsp90beta bait and does not support an HSP90AA1 pair.	assay_association_only	lumier_or_complementation	context_only	not_supportive	high	HSP90AB1_beta_bait;high_throughput_screen;wrong_isoform_database_attribution	reviewed_wrong_isoform_no_flow	no	no		Preserve as wrong-isoform route closure; any valid beta evidence is handled separately.	The PRKCG screen result was measured with HSP90AB1/Hsp90beta bait and does not support an HSP90AA1 pair.	HEK293T HSP90beta LUMIER/BACON interaction screen.	A beta-bait result cannot be relabeled as alpha-specific evidence.	not_established	
DBPRIORRES-v6_109-31980649-HSP90AA1-PRKCG	DBPRIOR-v6_109-31980649-HSP90AA1-PRKCG	31980649	PMC6981206	Extensive rewiring of the EGFR network in colorectal cancer cells expressing transforming levels of KRASG13D.	HSP90AA1::PRKCG	HSP90AA1	PRKCG	BioGRID;IntAct	"Affinity Capture-MS;psi-mi:""MI:0007""(anti tag coimmunoprecipitation)"	;High Throughput	central_primary_result_confirmed	Supplement MOESM6 and MOESM8 exact HSP90AA1 interaction rows	Quantitative AP-MS contains exact HSP90AA1 complex edges for seven kinase candidates across KRAS-defined colorectal cell states.	complex_comember	affinity_purification_ms	support_only	moderate	high	cell_state_specific;complex_member_not_direct_binding;high_throughput_screen;not_client_evidence	reviewed_primary_source_exact_support_flow_later	yes	no		Exact supplement rows support nonpromoted checkpoint association evidence.	Quantitative AP-MS contains exact HSP90AA1 complex edges for seven kinase candidates across KRAS-defined colorectal cell states.	HCT116 and HKE3 colorectal-cell quantitative AP-MS.	Screen edges do not establish direct binding, client mechanism, or alpha exclusivity.	not_established	SRCREV-2026-07-15-V6_109-PMID31980649-HSP90AA1-022
DBPRIORRES-v6_109-23912458-HSP90AA1-RBCK1	DBPRIOR-v6_109-23912458-HSP90AA1-RBCK1	23912458		Identification of RBCK1 as a novel regulator of FKBPL: implications for tumor growth and response to tamoxifen.	HSP90AA1::RBCK1	HSP90AA1	RBCK1	BioGRID	Affinity Capture-Western	Low Throughput	source_package_inspected_pair_not_confirmed			assay_association_only	unclear	context_only	weak	low	complex_member_not_direct_binding;database_route_reconciled;not_client_evidence;supplement_or_result_row_not_confirmed	reviewed_source_package_pair_not_confirmed_recheck	no	yes		The available source package was inspected, but the exact pair was not found in accessible article or supplementary result material.				not_established	
DBPRIORRES-v6_109-37820061-HSP90AA1-RBCK1	DBPRIOR-v6_109-37820061-HSP90AA1-RBCK1	37820061		Noncanonical regulation of HOIL-1 on cancer stemness and sorafenib resistance identifies pixantrone as a novel therapeutic agent for HCC.	HSP90AA1::RBCK1	HSP90AA1	RBCK1	BioGRID	Affinity Capture-MS	High Throughput	source_package_unavailable_or_blocked			unresolved_or_speculative	unclear	context_only	unclear	low	complex_member_not_direct_binding;database_route_reconciled;high_throughput_screen;not_client_evidence;source_not_retrieved	retrieval_blocked_or_no_local_source	no	yes		No inspectable legal/local full-text package was available; the database route remains discovery context only.				not_established	
DBPRIORRES-v6_109-22939624-HSP90AA1-RET	DBPRIOR-v6_109-22939624-HSP90AA1-RET	22939624	PMC3894786	Quantitative analysis of HSP90-client interactions reveals principles of substrate recognition.	HSP90AA1::RET	HSP90AA1	RET	BioGRID	Affinity Capture-Luminescence	High Throughput	wrong_isoform_primary_result	Official Table S1 LUMIER/BACON workbook uses Renilla-HSP90beta bait	The RET screen result was measured with HSP90AB1/Hsp90beta bait and does not support an HSP90AA1 pair.	assay_association_only	lumier_or_complementation	context_only	not_supportive	high	HSP90AB1_beta_bait;high_throughput_screen;wrong_isoform_database_attribution	reviewed_wrong_isoform_no_flow	no	no		Preserve as wrong-isoform route closure; any valid beta evidence is handled separately.	The RET screen result was measured with HSP90AB1/Hsp90beta bait and does not support an HSP90AA1 pair.	HEK293T HSP90beta LUMIER/BACON interaction screen.	A beta-bait result cannot be relabeled as alpha-specific evidence.	not_established	
DBPRIORRES-v6_109-38334954-HSP90AA1-RET	DBPRIOR-v6_109-38334954-HSP90AA1-RET	38334954	PMC11296914	DSBSO-Based XL-MS Analysis of Breast Cancer PDX Tissues to Delineate Protein Interaction Network in Clinical Samples.	HSP90AA1::RET	HSP90AA1	RET	BioGRID	Cross-Linking-MS (XL-MS)	High Throughput	source_package_inspected_pair_not_confirmed			assay_association_only	unclear	context_only	weak	low	complex_member_not_direct_binding;database_route_reconciled;high_throughput_screen;not_client_evidence;supplement_or_result_row_not_confirmed	reviewed_source_package_pair_not_confirmed_recheck	no	yes		The available source package was inspected, but the exact pair was not found in accessible article or supplementary result material.				not_established	
DBPRIORRES-v6_109-39358380-HSP90AA1-RET	DBPRIOR-v6_109-39358380-HSP90AA1-RET	39358380	PMC11447256	Cell fixation improves performance of in situ crosslinking mass spectrometry while preserving cellular ultrastructure.	HSP90AA1::RET	HSP90AA1	RET	BioGRID	Cross-Linking-MS (XL-MS)	High Throughput	source_package_inspected_pair_not_confirmed			assay_association_only	unclear	context_only	weak	low	complex_member_not_direct_binding;database_route_reconciled;high_throughput_screen;not_client_evidence;supplement_or_result_row_not_confirmed	reviewed_source_package_pair_not_confirmed_recheck	no	yes		The available source package was inspected, but the exact pair was not found in accessible article or supplementary result material.				not_established	
DBPRIORRES-v6_109-22939624-HSP90AA1-RPS6KA3	DBPRIOR-v6_109-22939624-HSP90AA1-RPS6KA3	22939624	PMC3894786	Quantitative analysis of HSP90-client interactions reveals principles of substrate recognition.	HSP90AA1::RPS6KA3	HSP90AA1	RPS6KA3	BioGRID	Affinity Capture-Luminescence	High Throughput	wrong_isoform_primary_result	Official Table S1 LUMIER/BACON workbook uses Renilla-HSP90beta bait	The RPS6KA3 screen result was measured with HSP90AB1/Hsp90beta bait and does not support an HSP90AA1 pair.	assay_association_only	lumier_or_complementation	context_only	not_supportive	high	HSP90AB1_beta_bait;high_throughput_screen;wrong_isoform_database_attribution	reviewed_wrong_isoform_no_flow	no	no		Preserve as wrong-isoform route closure; any valid beta evidence is handled separately.	The RPS6KA3 screen result was measured with HSP90AB1/Hsp90beta bait and does not support an HSP90AA1 pair.	HEK293T HSP90beta LUMIER/BACON interaction screen.	A beta-bait result cannot be relabeled as alpha-specific evidence.	not_established	
DBPRIORRES-v6_109-31980649-HSP90AA1-RPS6KA3	DBPRIOR-v6_109-31980649-HSP90AA1-RPS6KA3	31980649	PMC6981206	Extensive rewiring of the EGFR network in colorectal cancer cells expressing transforming levels of KRASG13D.	HSP90AA1::RPS6KA3	HSP90AA1	RPS6KA3	BioGRID;IntAct	"Affinity Capture-MS;psi-mi:""MI:0007""(anti tag coimmunoprecipitation)"	;High Throughput	central_primary_result_confirmed	Supplement MOESM6 and MOESM8 exact HSP90AA1 interaction rows	Quantitative AP-MS contains exact HSP90AA1 complex edges for seven kinase candidates across KRAS-defined colorectal cell states.	complex_comember	affinity_purification_ms	support_only	moderate	high	cell_state_specific;complex_member_not_direct_binding;high_throughput_screen;not_client_evidence	reviewed_primary_source_exact_support_flow_later	yes	no		Exact supplement rows support nonpromoted checkpoint association evidence.	Quantitative AP-MS contains exact HSP90AA1 complex edges for seven kinase candidates across KRAS-defined colorectal cell states.	HCT116 and HKE3 colorectal-cell quantitative AP-MS.	Screen edges do not establish direct binding, client mechanism, or alpha exclusivity.	not_established	SRCREV-2026-07-15-V6_109-PMID31980649-HSP90AA1-022
DBPRIORRES-v6_109-21280222-HSP90AA1-SOX2	DBPRIOR-v6_109-21280222-HSP90AA1-SOX2	21280222		Landscape of the SOX2 protein-protein interactome.	HSP90AA1::SOX2	HSP90AA1	SOX2	BioGRID	Affinity Capture-MS	Low Throughput	source_package_unavailable_or_blocked			unresolved_or_speculative	unclear	context_only	unclear	low	complex_member_not_direct_binding;database_route_reconciled;not_client_evidence;source_not_retrieved	retrieval_blocked_or_no_local_source	no	yes		No inspectable legal/local full-text package was available; the database route remains discovery context only.				not_established	
DBPRIORRES-v6_109-37353616-HSP90AA1-SOX2	DBPRIOR-v6_109-37353616-HSP90AA1-SOX2	37353616		Control of SOX2 protein stability and tumorigenic activity by E3 ligase CHIP in esophageal cancer cells.	HSP90AA1::SOX2	HSP90AA1	SOX2	BioGRID	Affinity Capture-Western	Low Throughput	source_package_unavailable_or_blocked			unresolved_or_speculative	unclear	context_only	unclear	low	complex_member_not_direct_binding;database_route_reconciled;not_client_evidence;source_not_retrieved	retrieval_blocked_or_no_local_source	no	yes		No inspectable legal/local full-text package was available; the database route remains discovery context only.				not_established	
DBPRIORRES-v6_109-17054904-HSP90AA1-STK36	DBPRIOR-v6_109-17054904-HSP90AA1-STK36	17054904		Fused kinase is stabilized by Cdc37/Hsp90 and enhances Gli protein levels.	HSP90AA1::STK36	HSP90AA1	STK36	BioGRID	Affinity Capture-Western	Low Throughput	source_package_unavailable_or_blocked			unresolved_or_speculative	unclear	context_only	unclear	low	complex_member_not_direct_binding;database_route_reconciled;not_client_evidence;source_not_retrieved	retrieval_blocked_or_no_local_source	no	yes		No inspectable legal/local full-text package was available; the database route remains discovery context only.				not_established	
DBPRIORRES-v6_109-25278022-HSP90AA1-STK36	DBPRIOR-v6_109-25278022-HSP90AA1-STK36	25278022	PMC4231658	The E3 ubiquitin ligase MID1 catalyzes ubiquitination and cleavage of Fu.	HSP90AA1::STK36	HSP90AA1	STK36	BioGRID	Affinity Capture-MS	Low Throughput	source_package_inspected_pair_not_confirmed			assay_association_only	unclear	context_only	weak	low	complex_member_not_direct_binding;database_route_reconciled;not_client_evidence;supplement_or_result_row_not_confirmed	reviewed_source_package_pair_not_confirmed_recheck	no	yes		The available source package was inspected, but the exact pair was not found in accessible article or supplementary result material.				not_established	
DBPRIORRES-v6_109-22939624-HSP90AA1-STYK1	DBPRIOR-v6_109-22939624-HSP90AA1-STYK1	22939624	PMC3894786	Quantitative analysis of HSP90-client interactions reveals principles of substrate recognition.	HSP90AA1::STYK1	HSP90AA1	STYK1	BioGRID	Affinity Capture-Luminescence	Low Throughput	wrong_isoform_primary_result	Official Table S1 LUMIER/BACON workbook uses Renilla-HSP90beta bait	The STYK1 screen result was measured with HSP90AB1/Hsp90beta bait and does not support an HSP90AA1 pair.	assay_association_only	lumier_or_complementation	context_only	not_supportive	high	HSP90AB1_beta_bait;high_throughput_screen;wrong_isoform_database_attribution	reviewed_wrong_isoform_no_flow	no	no		Preserve as wrong-isoform route closure; any valid beta evidence is handled separately.	The STYK1 screen result was measured with HSP90AB1/Hsp90beta bait and does not support an HSP90AA1 pair.	HEK293T HSP90beta LUMIER/BACON interaction screen.	A beta-bait result cannot be relabeled as alpha-specific evidence.	not_established	
DBPRIORRES-v6_109-32707033-HSP90AA1-STYK1	DBPRIOR-v6_109-32707033-HSP90AA1-STYK1	32707033	PMC7427327	Kinase Interaction Network Expands Functional and Disease Roles of Human Kinases.	HSP90AA1::STYK1	HSP90AA1	STYK1	BioGRID;IntAct	"Affinity Capture-MS;psi-mi:""MI:0096""(pull down)"	;High Throughput	central_primary_result_confirmed	Supplement mmc4 Table S3 rows 4 and 9; mmc5 Table S4 gene rows	Kinase-bait AP-MS shows HSP90AA1 co-purification across the listed kinase baits, usually together with HSP90AB1 and CDC37.	complex_comember	affinity_purification_ms	support_only	weak	medium	complex_member_not_direct_binding;high_throughput_screen;kinase_bait_overexpression;not_client_evidence;possible_post_lysis_association	reviewed_primary_source_exact_support_flow_later	yes	no		Exact bait-list and HSP-binding table entries support only weak checkpoint complex evidence.	Kinase-bait AP-MS shows HSP90AA1 co-purification across the listed kinase baits, usually together with HSP90AB1 and CDC37.	Flp-In T-REx HEK293 kinase-bait AP-MS network.	Multi-bait co-purification is not a binary interaction or client assay; authors note overexpression and post-lysis artifacts.	not_established	SRCREV-2026-07-15-V6_109-PMID32707033-HSP90AA1-027
DBPRIORRES-v6_109-35384245-HSP90AA1-STYK1	DBPRIOR-v6_109-35384245-HSP90AA1-STYK1	35384245	PMC9171411	Physical and functional interactome atlas of human receptor tyrosine kinases.	HSP90AA1::STYK1	HSP90AA1	STYK1	BioGRID;IntAct	"Affinity Capture-MS;psi-mi:""MI:0004""(affinity chromatography technology)"	;High Throughput	central_primary_result_confirmed	Dataset EV4 exact high-confidence interactor rows	RTK AP-MS/BioID result tables contain exact HSP90AA1 complex/proximity support for EPHB6, FLT4, STYK1, and TYRO3.	complex_comember	affinity_purification_ms;proximity_labeling	support_only	moderate	high	both_cytosolic_isoforms_detected;complex_member_not_direct_binding;high_throughput_screen;not_client_evidence;tagged_overexpression	reviewed_primary_source_exact_support_flow_later	yes	no		Exact supplement rows support nonpromoted checkpoint association evidence.	RTK AP-MS/BioID result tables contain exact HSP90AA1 complex/proximity support for EPHB6, FLT4, STYK1, and TYRO3.	Inducible HEK293 RTK AP-MS/BioID atlas.	High-confidence screen evidence is not direct binding, client biology, or isoform exclusivity.	not_established	SRCREV-2026-07-15-V6_109-PMID35384245-HSP90AA1-034
DBPRIORRES-v6_109-22939624-HSP90AA1-TESK2	DBPRIOR-v6_109-22939624-HSP90AA1-TESK2	22939624	PMC3894786	Quantitative analysis of HSP90-client interactions reveals principles of substrate recognition.	HSP90AA1::TESK2	HSP90AA1	TESK2	BioGRID	Affinity Capture-Luminescence	Low Throughput	wrong_isoform_primary_result	Official Table S1 LUMIER/BACON workbook uses Renilla-HSP90beta bait	The TESK2 screen result was measured with HSP90AB1/Hsp90beta bait and does not support an HSP90AA1 pair.	assay_association_only	lumier_or_complementation	context_only	not_supportive	high	HSP90AB1_beta_bait;high_throughput_screen;wrong_isoform_database_attribution	reviewed_wrong_isoform_no_flow	no	no		Preserve as wrong-isoform route closure; any valid beta evidence is handled separately.	The TESK2 screen result was measured with HSP90AB1/Hsp90beta bait and does not support an HSP90AA1 pair.	HEK293T HSP90beta LUMIER/BACON interaction screen.	A beta-bait result cannot be relabeled as alpha-specific evidence.	not_established	
DBPRIORRES-v6_109-25036637-HSP90AA1-TESK2	DBPRIOR-v6_109-25036637-HSP90AA1-TESK2	25036637	PMC4104544	A quantitative chaperone interaction network reveals the architecture of cellular protein homeostasis pathways.	HSP90AA1::TESK2	HSP90AA1	TESK2	IntAct	"psi-mi:""MI:0729""(luminescence based mammalian interactome mapping)"		source_package_inspected_pair_not_confirmed			assay_association_only	unclear	context_only	weak	low	database_route_reconciled;high_throughput_screen;not_client_evidence;supplement_or_result_row_not_confirmed	reviewed_source_package_pair_not_confirmed_recheck	no	yes		The available source package was inspected, but the exact pair was not found in accessible article or supplementary result material.				not_established	
DBPRIORRES-v6_109-32707033-HSP90AA1-TESK2	DBPRIOR-v6_109-32707033-HSP90AA1-TESK2	32707033	PMC7427327	Kinase Interaction Network Expands Functional and Disease Roles of Human Kinases.	HSP90AA1::TESK2	HSP90AA1	TESK2	BioGRID;IntAct	"Affinity Capture-MS;psi-mi:""MI:0096""(pull down)"	;High Throughput	central_primary_result_confirmed	Supplement mmc4 Table S3 rows 4 and 9; mmc5 Table S4 gene rows	Kinase-bait AP-MS shows HSP90AA1 co-purification across the listed kinase baits, usually together with HSP90AB1 and CDC37.	complex_comember	affinity_purification_ms	support_only	weak	medium	complex_member_not_direct_binding;high_throughput_screen;kinase_bait_overexpression;not_client_evidence;possible_post_lysis_association	reviewed_primary_source_exact_support_flow_later	yes	no		Exact bait-list and HSP-binding table entries support only weak checkpoint complex evidence.	Kinase-bait AP-MS shows HSP90AA1 co-purification across the listed kinase baits, usually together with HSP90AB1 and CDC37.	Flp-In T-REx HEK293 kinase-bait AP-MS network.	Multi-bait co-purification is not a binary interaction or client assay; authors note overexpression and post-lysis artifacts.	not_established	SRCREV-2026-07-15-V6_109-PMID32707033-HSP90AA1-027
DBPRIORRES-v6_109-21360678-HSP90AA1-TUBB	DBPRIOR-v6_109-21360678-HSP90AA1-TUBB	21360678	PMC3086140	Label-free quantitative proteomics and SAINT analysis enable interactome mapping for the human Ser/Thr protein phosphatase 5.	HSP90AA1::TUBB	HSP90AA1	TUBB	BioGRID;IntAct	"Affinity Capture-MS;psi-mi:""MI:0007""(anti tag coimmunoprecipitation)"	;Low Throughput	central_primary_result_confirmed	Main article HSP90AA1 AP-MS/SAINT table	HSP90AA1 bait AP-MS/SAINT recovers POLR2E and TUBB as statistically retained complex-associated proteins.	complex_comember	affinity_purification_ms	support_only	moderate	medium	common_abundant_protein_risk;complex_member_not_direct_binding;high_throughput_screen;not_client_evidence	reviewed_primary_source_exact_support_flow_later	yes	no		The exact rows are in the primary results table and support only a non-client association call.	HSP90AA1 bait AP-MS/SAINT recovers POLR2E and TUBB as statistically retained complex-associated proteins.	Inducible FLAG-HSP90AA1 AP-MS in human cells; SAINT probability table.	AP-MS is co-complex evidence; TUBB also carries abundant/cytoskeletal background risk.	not_established	SRCREV-2026-07-15-V6_109-PMID21360678-HSP90AA1-004
DBPRIORRES-v6_109-41387687-HSP90AA1-TUBB	DBPRIOR-v6_109-41387687-HSP90AA1-TUBB	41387687	PMC12701074	Cysteine-enabled cleavability to advance cross-linking mass spectrometry for global analysis of endogenous protein-protein interactions.	HSP90AA1::TUBB	HSP90AA1	TUBB	BioGRID	Cross-Linking-MS (XL-MS)	High Throughput	source_package_inspected_pair_not_confirmed			assay_association_only	unclear	context_only	weak	low	complex_member_not_direct_binding;database_route_reconciled;high_throughput_screen;not_client_evidence;supplement_or_result_row_not_confirmed	reviewed_source_package_pair_not_confirmed_recheck	no	yes		The available source package was inspected, but the exact pair was not found in accessible article or supplementary result material.				not_established	
DBPRIORRES-v6_109-22939624-HSP90AA1-TYRO3	DBPRIOR-v6_109-22939624-HSP90AA1-TYRO3	22939624	PMC3894786	Quantitative analysis of HSP90-client interactions reveals principles of substrate recognition.	HSP90AA1::TYRO3	HSP90AA1	TYRO3	BioGRID	Affinity Capture-Luminescence	High Throughput	wrong_isoform_primary_result	Official Table S1 LUMIER/BACON workbook uses Renilla-HSP90beta bait	The TYRO3 screen result was measured with HSP90AB1/Hsp90beta bait and does not support an HSP90AA1 pair.	assay_association_only	lumier_or_complementation	context_only	not_supportive	high	HSP90AB1_beta_bait;high_throughput_screen;wrong_isoform_database_attribution	reviewed_wrong_isoform_no_flow	no	no		Preserve as wrong-isoform route closure; any valid beta evidence is handled separately.	The TYRO3 screen result was measured with HSP90AB1/Hsp90beta bait and does not support an HSP90AA1 pair.	HEK293T HSP90beta LUMIER/BACON interaction screen.	A beta-bait result cannot be relabeled as alpha-specific evidence.	not_established	
DBPRIORRES-v6_109-35384245-HSP90AA1-TYRO3	DBPRIOR-v6_109-35384245-HSP90AA1-TYRO3	35384245	PMC9171411	Physical and functional interactome atlas of human receptor tyrosine kinases.	HSP90AA1::TYRO3	HSP90AA1	TYRO3	BioGRID;IntAct	"Affinity Capture-MS;psi-mi:""MI:0004""(affinity chromatography technology)"	;High Throughput	central_primary_result_confirmed	Dataset EV4 exact high-confidence interactor rows	RTK AP-MS/BioID result tables contain exact HSP90AA1 complex/proximity support for EPHB6, FLT4, STYK1, and TYRO3.	complex_comember	affinity_purification_ms;proximity_labeling	support_only	moderate	high	both_cytosolic_isoforms_detected;complex_member_not_direct_binding;high_throughput_screen;not_client_evidence;tagged_overexpression	reviewed_primary_source_exact_support_flow_later	yes	no		Exact supplement rows support nonpromoted checkpoint association evidence.	RTK AP-MS/BioID result tables contain exact HSP90AA1 complex/proximity support for EPHB6, FLT4, STYK1, and TYRO3.	Inducible HEK293 RTK AP-MS/BioID atlas.	High-confidence screen evidence is not direct binding, client biology, or isoform exclusivity.	not_established	SRCREV-2026-07-15-V6_109-PMID35384245-HSP90AA1-034
DBPRIORRES-v6_109-26496610-HSP90AA1-U2AF2	DBPRIOR-v6_109-26496610-HSP90AA1-U2AF2	26496610		A human interactome in three quantitative dimensions organized by stoichiometries and abundances.	HSP90AA1::U2AF2	HSP90AA1	U2AF2	BioGRID;IntAct	"Affinity Capture-MS;psi-mi:""MI:0007""(anti tag coimmunoprecipitation)"	;High Throughput	source_package_unavailable_or_blocked			unresolved_or_speculative	unclear	context_only	unclear	low	complex_member_not_direct_binding;database_route_reconciled;high_throughput_screen;not_client_evidence;source_not_retrieved	retrieval_blocked_or_no_local_source	no	yes		No inspectable legal/local full-text package was available; the database route remains discovery context only.				not_established	
DBPRIORRES-v6_109-26641092-HSP90AA1-U2AF2	DBPRIOR-v6_109-26641092-HSP90AA1-U2AF2	26641092	PMC4671683	The Activation-Induced Assembly of an RNA/Protein Interactome Centered on the Splicing Factor U2AF2 Regulates Gene Expression in Human CD4 T Cells.	HSP90AA1::U2AF2	HSP90AA1	U2AF2	BioGRID	Affinity Capture-MS	Low Throughput	source_package_inspected_pair_not_confirmed			assay_association_only	unclear	context_only	weak	low	complex_member_not_direct_binding;database_route_reconciled;not_client_evidence;supplement_or_result_row_not_confirmed	reviewed_source_package_pair_not_confirmed_recheck	no	yes		The available source package was inspected, but the exact pair was not found in accessible article or supplementary result material.				not_established	
DBPRIORRES-v6_109-23318261-HSP90AA1-VHL	DBPRIOR-v6_109-23318261-HSP90AA1-VHL	23318261	PMC3563731	Proteostasis modulators prolong missense VHL protein activity and halt tumor progression.	HSP90AA1::VHL	HSP90AA1	VHL	BioGRID	Affinity Capture-Western	Low Throughput	source_package_inspected_pair_not_confirmed			assay_association_only	unclear	context_only	weak	low	complex_member_not_direct_binding;database_route_reconciled;not_client_evidence;supplement_or_result_row_not_confirmed	reviewed_source_package_pair_not_confirmed_recheck	no	yes		The available source package was inspected, but the exact pair was not found in accessible article or supplementary result material.				not_established	
DBPRIORRES-v6_109-28319113-HSP90AA1-VHL	DBPRIOR-v6_109-28319113-HSP90AA1-VHL	28319113	PMC5449203	Combinatorial CRISPR-Cas9 screens for de novo mapping of genetic interactions.	HSP90AA1::VHL	HSP90AA1	VHL	BioGRID	Negative Genetic	High Throughput	source_package_inspected_pair_not_confirmed			assay_association_only	unclear	context_only	weak	low	complex_member_not_direct_binding;database_route_reconciled;high_throughput_screen;not_client_evidence;supplement_or_result_row_not_confirmed	reviewed_source_package_pair_not_confirmed_recheck	no	yes		The available source package was inspected, but the exact pair was not found in accessible article or supplementary result material.				not_established	
DBPRIORRES-v6_109-33729478-HSP90AB1-CCNF	DBPRIOR-v6_109-33729478-HSP90AB1-CCNF	33729478		ALS/FTD-causing mutation in cyclin F causes the dysregulation of SFPQ.	HSP90AB1::CCNF	HSP90AB1	CCNF	BioGRID	Proximity Label-MS	High Throughput	source_package_unavailable_or_blocked			unresolved_or_speculative	unclear	context_only	unclear	low	complex_member_not_direct_binding;database_route_reconciled;high_throughput_screen;not_client_evidence;source_not_retrieved	retrieval_blocked_or_no_local_source	no	yes		No inspectable legal/local full-text package was available; the database route remains discovery context only.				not_established	
DBPRIORRES-v6_109-36114006-HSP90AB1-CCNF	DBPRIOR-v6_109-36114006-HSP90AB1-CCNF	36114006	PMC9481933	ALS-linked loss of Cyclin-F function affects HSP90.	HSP90AB1::CCNF	HSP90AB1	CCNF	BioGRID	Affinity Capture-MS;Affinity Capture-Western;Proximity Label-MS	High Throughput;Low Throughput	central_primary_result_confirmed	Main Results and supplements identifying HSP90AB1 as a Cyclin-F binding and ubiquitination target	Cyclin-F/CCNF binds and ubiquitinates HSP90AB1, with downstream effects on HSP90 complex behavior.	upstream_regulator	affinity_purification_ms;coimmunoprecipitation;proximity_labeling	directional_support	strong	high	not_client_evidence;regulatory_relationship_not_client;single_tissue_or_model_context	reviewed_primary_source_exact_support_flow_later	yes	no		Mechanistic upstream-regulator evidence warrants directional support without final promotion.	Cyclin-F/CCNF binds and ubiquitinates HSP90AB1, with downstream effects on HSP90 complex behavior.	N2a, SH-SY5Y, and patient-derived cell proteomics plus biochemical validation.	This is CCNF regulation of HSP90AB1, not CCNF as an HSP90 client.	not_established	SRCREV-2026-07-15-V6_109-PMID36114006-HSP90AB1-044
DBPRIORRES-v6_109-24189400-HSP90AB1-ESRRB	DBPRIOR-v6_109-24189400-HSP90AB1-ESRRB	24189400	PMC4039310	Perturbation of the mutated EGFR interactome identifies vulnerabilities and resistance mechanisms.	HSP90AB1::ESRRB	HSP90AB1	ESRRB	BioGRID	Affinity Capture-MS	High Throughput	source_gene_conflict	Article and supplements s2-s7 searched; ESRRB absent	The cited EGFR-network paper contains ERBB2 and other HSP90 results but no ESRRB result.	not_hsp90_relevant_after_review	unclear	exclude	not_supportive	high	database_record_reconciliation_needed;source_gene_conflict	reviewed_source_gene_conflict_no_flow	no	yes		Exclude this route pending database accession reconciliation.	The cited EGFR-network paper contains ERBB2 and other HSP90 results but no ESRRB result.	EGFR-network proteomics.	The database-normalized source-gene mapping conflicts with the primary source.	not_established	
DBPRIORRES-v6_109-26517842-HSP90AB1-ESRRB	DBPRIOR-v6_109-26517842-HSP90AB1-ESRRB	26517842	PMC4627809	Client Proteins and Small Molecule Inhibitors Display Distinct Binding Preferences for Constitutive and Stress-Induced HSP90 Isoforms and Their Conformationally Restricted Mutants.	HSP90AB1::ESRRB	HSP90AB1	ESRRB	BioGRID	Affinity Capture-Western;Two-hybrid	Low Throughput	source_gene_conflict	Figure 3 tests ERBB2, not ESRRB	The cited isoform-comparison paper tests ERBB2; ESRRB is absent.	not_hsp90_relevant_after_review	unclear	exclude	not_supportive	high	ERBB2_not_ESRRB;source_gene_conflict	reviewed_source_gene_conflict_no_flow	no	yes		Exclude and flag database reconciliation.	The cited isoform-comparison paper tests ERBB2; ESRRB is absent.	HEK293 HSP90 isoform-comparison assays.	The source-gene mapping is incorrect.	not_established	
DBPRIORRES-v6_109-27684187-HSP90AB1-KRAS	DBPRIOR-v6_109-27684187-HSP90AB1-KRAS	27684187	PMC5455996	Genetic and Proteomic Interrogation of Lower Confidence Candidate Genes Reveals Signaling Networks in β-Catenin-Active Cancers.	HSP90AB1::KRAS	HSP90AB1	KRAS	BioGRID	Affinity Capture-MS	High Throughput	source_package_inspected_pair_not_confirmed			assay_association_only	unclear	context_only	weak	low	complex_member_not_direct_binding;database_route_reconciled;high_throughput_screen;not_client_evidence;supplement_or_result_row_not_confirmed	reviewed_source_package_pair_not_confirmed_recheck	no	yes		The available source package was inspected, but the exact pair was not found in accessible article or supplementary result material.				not_established	
DBPRIORRES-v6_109-35831314-HSP90AB1-KRAS	DBPRIOR-v6_109-35831314-HSP90AB1-KRAS	35831314	PMC9279285	Scalable multiplex co-fractionation/mass spectrometry platform for accelerated protein interactome discovery.	HSP90AB1::KRAS	HSP90AB1	KRAS	BioGRID	Co-fractionation	High Throughput	central_primary_result_confirmed	Supplement MOESM4 EPIC PPI rows 10619 and 11257	Multiplex co-fractionation predicts HSP90AB1 complex edges with KRAS and MAP3K7 across breast-cell models.	complex_comember	structural_complex	support_only	moderate	high	cell_state_specific;cofractionation_prediction;complex_member_not_direct_binding;high_throughput_screen;not_client_evidence	reviewed_primary_source_exact_support_flow_later	yes	no		Exact network rows support nonpromoted beta-resolved complex evidence.	Multiplex co-fractionation predicts HSP90AB1 complex edges with KRAS and MAP3K7 across breast-cell models.	MCF10A, MCF7, and MDA-MB-231 co-fractionation/MS.	Co-fractionation predicts co-complex membership and does not establish direct binding, client status, or beta exclusivity.	not_established	SRCREV-2026-07-15-V6_109-PMID35831314-HSP90AB1-039
DBPRIORRES-v6_109-35839996-HSP90AB1-KRAS	DBPRIOR-v6_109-35839996-HSP90AB1-KRAS	35839996	PMC9396065	A Proteomic Approach Identifies Isoform-Specific and Nucleotide-Dependent RAS Interactions.	HSP90AB1::KRAS	HSP90AB1	KRAS	IntAct	"psi-mi:""MI:0007""(anti tag coimmunoprecipitation)"		source_package_inspected_pair_not_confirmed			assay_association_only	unclear	context_only	weak	low	complex_member_not_direct_binding;database_route_reconciled;high_throughput_screen;not_client_evidence;supplement_or_result_row_not_confirmed	reviewed_source_package_pair_not_confirmed_recheck	no	yes		The available source package was inspected, but the exact pair was not found in accessible article or supplementary result material.				not_established	
DBPRIORRES-v6_109-37682707-HSP90AB1-KRAS	DBPRIOR-v6_109-37682707-HSP90AB1-KRAS	37682707		Methylation of KRAS by SETD7 promotes KRAS degradation in non-small cell lung cancer.	HSP90AB1::KRAS	HSP90AB1	KRAS	BioGRID	Affinity Capture-MS	High Throughput	source_package_unavailable_or_blocked			unresolved_or_speculative	unclear	context_only	unclear	low	complex_member_not_direct_binding;database_route_reconciled;high_throughput_screen;not_client_evidence;source_not_retrieved	retrieval_blocked_or_no_local_source	no	yes		No inspectable legal/local full-text package was available; the database route remains discovery context only.				not_established	
DBPRIORRES-v6_109-24947832-HSP90AB1-LRRK1	DBPRIOR-v6_109-24947832-HSP90AB1-LRRK1	24947832	PMC4272680	Differential protein-protein interactions of LRRK1 and LRRK2 indicate roles in distinct cellular signaling pathways.	HSP90AB1::LRRK1	HSP90AB1	LRRK1	IntAct	"psi-mi:""MI:0007""(anti tag coimmunoprecipitation)"		source_package_inspected_pair_not_confirmed			assay_association_only	unclear	context_only	weak	low	complex_member_not_direct_binding;database_route_reconciled;high_throughput_screen;not_client_evidence;supplement_or_result_row_not_confirmed	reviewed_source_package_pair_not_confirmed_recheck	no	yes		The available source package was inspected, but the exact pair was not found in accessible article or supplementary result material.				not_established	
DBPRIORRES-v6_109-32707033-HSP90AB1-LRRK1	DBPRIOR-v6_109-32707033-HSP90AB1-LRRK1	32707033	PMC7427327	Kinase Interaction Network Expands Functional and Disease Roles of Human Kinases.	HSP90AB1::LRRK1	HSP90AB1	LRRK1	BioGRID;IntAct	"Affinity Capture-MS;psi-mi:""MI:0096""(pull down)"	;High Throughput	central_primary_result_confirmed	Supplement mmc4 Table S3 rows 4 and 10	Kinase-bait AP-MS shows HSP90AB1 co-purification across LRRK1, MAP3K7/TAK1, and NEK4 bait contexts.	complex_comember	affinity_purification_ms	support_only	weak	medium	complex_member_not_direct_binding;high_throughput_screen;kinase_bait_overexpression;not_client_evidence;possible_post_lysis_association	reviewed_primary_source_exact_support_flow_later	yes	no		Exact supplement bait lists support only weak checkpoint complex evidence.	Kinase-bait AP-MS shows HSP90AB1 co-purification across LRRK1, MAP3K7/TAK1, and NEK4 bait contexts.	Flp-In T-REx HEK293 kinase-bait AP-MS network.	Multi-bait co-purification is not direct binding, client biology, or beta exclusivity.	not_established	SRCREV-2026-07-15-V6_109-PMID32707033-HSP90AB1-028
DBPRIORRES-v6_109-14743216-HSP90AB1-MAP3K7	DBPRIOR-v6_109-14743216-HSP90AB1-MAP3K7	14743216		A physical and functional map of the human TNF-alpha/NF-kappa B signal transduction pathway.	HSP90AB1::MAP3K7	HSP90AB1	MAP3K7	IntAct	"psi-mi:""MI:0676""(tandem affinity purification)"		source_package_unavailable_or_blocked			unresolved_or_speculative	unclear	context_only	unclear	low	complex_member_not_direct_binding;database_route_reconciled;high_throughput_screen;not_client_evidence;source_not_retrieved	retrieval_blocked_or_no_local_source	no	yes		No inspectable legal/local full-text package was available; the database route remains discovery context only.				not_established	
DBPRIORRES-v6_109-32707033-HSP90AB1-MAP3K7	DBPRIOR-v6_109-32707033-HSP90AB1-MAP3K7	32707033	PMC7427327	Kinase Interaction Network Expands Functional and Disease Roles of Human Kinases.	HSP90AB1::MAP3K7	HSP90AB1	MAP3K7	BioGRID;IntAct	"Affinity Capture-MS;psi-mi:""MI:0096""(pull down)"	;High Throughput	central_primary_result_confirmed	Supplement mmc4 Table S3 rows 4 and 10	Kinase-bait AP-MS shows HSP90AB1 co-purification across LRRK1, MAP3K7/TAK1, and NEK4 bait contexts.	complex_comember	affinity_purification_ms	support_only	weak	medium	complex_member_not_direct_binding;high_throughput_screen;kinase_bait_overexpression;not_client_evidence;possible_post_lysis_association	reviewed_primary_source_exact_support_flow_later	yes	no		Exact supplement bait lists support only weak checkpoint complex evidence.	Kinase-bait AP-MS shows HSP90AB1 co-purification across LRRK1, MAP3K7/TAK1, and NEK4 bait contexts.	Flp-In T-REx HEK293 kinase-bait AP-MS network.	Multi-bait co-purification is not direct binding, client biology, or beta exclusivity.	not_established	SRCREV-2026-07-15-V6_109-PMID32707033-HSP90AB1-028
DBPRIORRES-v6_109-35831314-HSP90AB1-MAP3K7	DBPRIOR-v6_109-35831314-HSP90AB1-MAP3K7	35831314	PMC9279285	Scalable multiplex co-fractionation/mass spectrometry platform for accelerated protein interactome discovery.	HSP90AB1::MAP3K7	HSP90AB1	MAP3K7	BioGRID	Co-fractionation	High Throughput	central_primary_result_confirmed	Supplement MOESM4 EPIC PPI rows 10619 and 11257	Multiplex co-fractionation predicts HSP90AB1 complex edges with KRAS and MAP3K7 across breast-cell models.	complex_comember	structural_complex	support_only	moderate	high	cell_state_specific;cofractionation_prediction;complex_member_not_direct_binding;high_throughput_screen;not_client_evidence	reviewed_primary_source_exact_support_flow_later	yes	no		Exact network rows support nonpromoted beta-resolved complex evidence.	Multiplex co-fractionation predicts HSP90AB1 complex edges with KRAS and MAP3K7 across breast-cell models.	MCF10A, MCF7, and MDA-MB-231 co-fractionation/MS.	Co-fractionation predicts co-complex membership and does not establish direct binding, client status, or beta exclusivity.	not_established	SRCREV-2026-07-15-V6_109-PMID35831314-HSP90AB1-039
DBPRIORRES-v6_109-22863883-HSP90AB1-MCM7	DBPRIOR-v6_109-22863883-HSP90AB1-MCM7	22863883	PMC3954081	A high-throughput approach for measuring temporal changes in the interactome.	HSP90AB1::MCM7	HSP90AB1	MCM7	BioGRID	Co-fractionation	High Throughput	source_package_inspected_pair_not_confirmed			assay_association_only	unclear	context_only	weak	low	complex_member_not_direct_binding;database_route_reconciled;high_throughput_screen;not_client_evidence;supplement_or_result_row_not_confirmed	reviewed_source_package_pair_not_confirmed_recheck	no	yes		The available source package was inspected, but the exact pair was not found in accessible article or supplementary result material.				not_established	
DBPRIORRES-v6_109-23764002-HSP90AB1-MCM7	DBPRIOR-v6_109-23764002-HSP90AB1-MCM7	23764002	PMC3703149	Epidermal growth factor receptor potentiates MCM7-mediated DNA replication through tyrosine phosphorylation of Lyn kinase in human cancers.	HSP90AB1::MCM7	HSP90AB1	MCM7	IntAct	"psi-mi:""MI:0006""(anti bait coimmunoprecipitation)"		source_package_inspected_pair_not_confirmed			assay_association_only	unclear	context_only	weak	low	complex_member_not_direct_binding;database_route_reconciled;high_throughput_screen;not_client_evidence;supplement_or_result_row_not_confirmed	reviewed_source_package_pair_not_confirmed_recheck	no	yes		The available source package was inspected, but the exact pair was not found in accessible article or supplementary result material.				not_established	
DBPRIORRES-v6_109-25798074-HSP90AB1-NEK4	DBPRIOR-v6_109-25798074-HSP90AB1-NEK4	25798074	PMC4367857	New interaction partners for Nek4.1 and Nek4.2 isoforms: from the DNA damage response to RNA splicing.	HSP90AB1::NEK4	HSP90AB1	NEK4	BioGRID	Affinity Capture-MS	High Throughput	source_package_inspected_pair_not_confirmed			assay_association_only	unclear	context_only	weak	low	complex_member_not_direct_binding;database_route_reconciled;high_throughput_screen;not_client_evidence;supplement_or_result_row_not_confirmed	reviewed_source_package_pair_not_confirmed_recheck	no	yes		The available source package was inspected, but the exact pair was not found in accessible article or supplementary result material.				not_established	
DBPRIORRES-v6_109-32707033-HSP90AB1-NEK4	DBPRIOR-v6_109-32707033-HSP90AB1-NEK4	32707033	PMC7427327	Kinase Interaction Network Expands Functional and Disease Roles of Human Kinases.	HSP90AB1::NEK4	HSP90AB1	NEK4	BioGRID;IntAct	"Affinity Capture-MS;psi-mi:""MI:0096""(pull down)"	;High Throughput	central_primary_result_confirmed	Supplement mmc4 Table S3 rows 4 and 10	Kinase-bait AP-MS shows HSP90AB1 co-purification across LRRK1, MAP3K7/TAK1, and NEK4 bait contexts.	complex_comember	affinity_purification_ms	support_only	weak	medium	complex_member_not_direct_binding;high_throughput_screen;kinase_bait_overexpression;not_client_evidence;possible_post_lysis_association	reviewed_primary_source_exact_support_flow_later	yes	no		Exact supplement bait lists support only weak checkpoint complex evidence.	Kinase-bait AP-MS shows HSP90AB1 co-purification across LRRK1, MAP3K7/TAK1, and NEK4 bait contexts.	Flp-In T-REx HEK293 kinase-bait AP-MS network.	Multi-bait co-purification is not direct binding, client biology, or beta exclusivity.	not_established	SRCREV-2026-07-15-V6_109-PMID32707033-HSP90AB1-028
DBPRIORRES-v6_109-22579285-HSP90AB1-NELFE	DBPRIOR-v6_109-22579285-HSP90AB1-NELFE	22579285		Hsp90 globally targets paused RNA polymerase to regulate gene expression in response to environmental stimuli.	HSP90AB1::NELFE	HSP90AB1	NELFE	IntAct	"psi-mi:""MI:0006""(anti bait coimmunoprecipitation)"		source_package_unavailable_or_blocked			unresolved_or_speculative	unclear	context_only	unclear	low	complex_member_not_direct_binding;database_route_reconciled;high_throughput_screen;not_client_evidence;source_not_retrieved	retrieval_blocked_or_no_local_source	no	yes		No inspectable legal/local full-text package was available; the database route remains discovery context only.				not_established	
DBPRIORRES-v6_109-37117180-HSP90AB1-NELFE	DBPRIOR-v6_109-37117180-HSP90AB1-NELFE	37117180	PMC10147683	Dependency of NELF-E-SLUG-KAT2B epigenetic axis in breast cancer carcinogenesis.	HSP90AB1::NELFE	HSP90AB1	NELFE	BioGRID	Affinity Capture-MS	High Throughput	source_package_inspected_pair_not_confirmed			assay_association_only	unclear	context_only	weak	low	complex_member_not_direct_binding;database_route_reconciled;high_throughput_screen;not_client_evidence;supplement_or_result_row_not_confirmed	reviewed_source_package_pair_not_confirmed_recheck	no	yes		The available source package was inspected, but the exact pair was not found in accessible article or supplementary result material.				not_established	
DBPRIORRES-v6_109-21532586-HSP90AB1-PTEN	DBPRIOR-v6_109-21532586-HSP90AB1-PTEN	21532586	PMC3926303	WWP2 is an E3 ubiquitin ligase for PTEN.	HSP90AB1::PTEN	HSP90AB1	PTEN	BioGRID	Affinity Capture-MS	High Throughput	source_package_inspected_pair_not_confirmed			assay_association_only	unclear	context_only	weak	low	complex_member_not_direct_binding;database_route_reconciled;high_throughput_screen;not_client_evidence;supplement_or_result_row_not_confirmed	reviewed_source_package_pair_not_confirmed_recheck	no	yes		The available source package was inspected, but the exact pair was not found in accessible article or supplementary result material.				not_established	
DBPRIORRES-v6_109-26561776-HSP90AB1-PTEN	DBPRIOR-v6_109-26561776-HSP90AB1-PTEN	26561776		Reversible oxidation of phosphatase and tensin homolog (PTEN) alters its interactions with signaling and regulatory proteins.	HSP90AB1::PTEN	HSP90AB1	PTEN	BioGRID	Reconstituted Complex	High Throughput	source_package_unavailable_or_blocked			unresolved_or_speculative	unclear	context_only	unclear	low	database_route_reconciled;high_throughput_screen;not_client_evidence;source_not_retrieved	retrieval_blocked_or_no_local_source	no	yes		No inspectable legal/local full-text package was available; the database route remains discovery context only.				not_established	
DBPRIORRES-v6_109-28319085-HSP90AB1-PTEN	DBPRIOR-v6_109-28319085-HSP90AB1-PTEN	28319085	PMC5557292	Synergistic drug combinations for cancer identified in a CRISPR screen for pairwise genetic interactions.	HSP90AB1::PTEN	HSP90AB1	PTEN	BioGRID	Positive Genetic	High Throughput	source_package_inspected_pair_not_confirmed			assay_association_only	unclear	context_only	weak	low	complex_member_not_direct_binding;database_route_reconciled;high_throughput_screen;not_client_evidence;supplement_or_result_row_not_confirmed	reviewed_source_package_pair_not_confirmed_recheck	no	yes		The available source package was inspected, but the exact pair was not found in accessible article or supplementary result material.				not_established	
DBPRIORRES-v6_109-33299139-HSP90AB1-PTEN	DBPRIOR-v6_109-33299139-HSP90AB1-PTEN	33299139	PMC8027835	Neddylation of PTEN regulates its nuclear import and promotes tumor development.	HSP90AB1::PTEN	HSP90AB1	PTEN	BioGRID	Affinity Capture-MS	High Throughput	source_package_inspected_pair_not_confirmed			assay_association_only	unclear	context_only	weak	low	complex_member_not_direct_binding;database_route_reconciled;high_throughput_screen;not_client_evidence;supplement_or_result_row_not_confirmed	reviewed_source_package_pair_not_confirmed_recheck	no	yes		The available source package was inspected, but the exact pair was not found in accessible article or supplementary result material.				not_established	
DBPRIORRES-v6_109-35512704-HSP90AB1-PTEN	DBPRIOR-v6_109-35512704-HSP90AB1-PTEN	35512704	PMC9597701	Systematic discovery of mutation-directed neo-protein-protein interactions in cancer.	HSP90AB1::PTEN	HSP90AB1	PTEN	IntAct	"psi-mi:""MI:0012""(bioluminescence resonance energy transfer)"		source_package_inspected_pair_not_confirmed			assay_association_only	unclear	context_only	weak	low	database_route_reconciled;high_throughput_screen;not_client_evidence;supplement_or_result_row_not_confirmed	reviewed_source_package_pair_not_confirmed_recheck	no	yes		The available source package was inspected, but the exact pair was not found in accessible article or supplementary result material.				not_established	
DBPRIORRES-v6_109-36950384-HSP90AB1-PTEN	DBPRIOR-v6_109-36950384-HSP90AB1-PTEN	36950384	PMC10025425	Protein interaction studies in human induced neurons indicate convergent biology underlying autism spectrum disorders.	HSP90AB1::PTEN	HSP90AB1	PTEN	BioGRID	Affinity Capture-MS	High Throughput	central_primary_result_confirmed	Supplement mmc4 interaction lists and mmc9 PPI network rows	PTEN-bait interaction tables in induced neurons contain an exact HSP90AB1 AP-MS edge.	complex_comember	affinity_purification_ms	support_only	weak	medium	complex_member_not_direct_binding;high_throughput_screen;not_client_evidence;single_tissue_or_model_context	reviewed_primary_source_exact_support_flow_later	yes	no		Retain weak checkpoint co-complex support only.	PTEN-bait interaction tables in induced neurons contain an exact HSP90AB1 AP-MS edge.	Human induced-neuron interaction proteomics.	A single high-throughput AP-MS edge does not establish direct binding or client biology.	not_established	SRCREV-2026-07-15-V6_109-PMID36950384-HSP90AB1-046
DBPRIORRES-v6_109-21280222-HSP90AB1-SOX2	DBPRIOR-v6_109-21280222-HSP90AB1-SOX2	21280222		Landscape of the SOX2 protein-protein interactome.	HSP90AB1::SOX2	HSP90AB1	SOX2	BioGRID	Affinity Capture-MS	Low Throughput	source_package_unavailable_or_blocked			unresolved_or_speculative	unclear	context_only	unclear	low	complex_member_not_direct_binding;database_route_reconciled;not_client_evidence;source_not_retrieved	retrieval_blocked_or_no_local_source	no	yes		No inspectable legal/local full-text package was available; the database route remains discovery context only.				not_established	
DBPRIORRES-v6_109-38884001-HSP90AB1-SOX2	DBPRIOR-v6_109-38884001-HSP90AB1-SOX2	38884001	PMC11180226	Mapping adipocyte interactome networks by HaloTag-enrichment-mass spectrometry.	HSP90AB1::SOX2	HSP90AB1	SOX2	IntAct	"psi-mi:""MI:0007""(anti tag coimmunoprecipitation)"		source_package_inspected_pair_not_confirmed			assay_association_only	unclear	context_only	weak	low	complex_member_not_direct_binding;database_route_reconciled;high_throughput_screen;not_client_evidence;supplement_or_result_row_not_confirmed	reviewed_source_package_pair_not_confirmed_recheck	no	yes		The available source package was inspected, but the exact pair was not found in accessible article or supplementary result material.				not_established	
DBPRIORRES-v6_109-23443559-HSP90AB1-TUBG1	DBPRIOR-v6_109-23443559-HSP90AB1-TUBG1	23443559		LGALS3BP regulates centriole biogenesis and centrosome hypertrophy in cancer cells.	HSP90AB1::TUBG1	HSP90AB1	TUBG1	BioGRID	Affinity Capture-MS	High Throughput	source_package_unavailable_or_blocked			unresolved_or_speculative	unclear	context_only	unclear	low	complex_member_not_direct_binding;database_route_reconciled;high_throughput_screen;not_client_evidence;source_not_retrieved	retrieval_blocked_or_no_local_source	no	yes		No inspectable legal/local full-text package was available; the database route remains discovery context only.				not_established	
DBPRIORRES-v6_109-26496610-HSP90AB1-TUBG1	DBPRIOR-v6_109-26496610-HSP90AB1-TUBG1	26496610		A human interactome in three quantitative dimensions organized by stoichiometries and abundances.	HSP90AB1::TUBG1	HSP90AB1	TUBG1	BioGRID;IntAct	"Affinity Capture-MS;psi-mi:""MI:0007""(anti tag coimmunoprecipitation)"	;High Throughput	source_package_unavailable_or_blocked			unresolved_or_speculative	unclear	context_only	unclear	low	complex_member_not_direct_binding;database_route_reconciled;high_throughput_screen;not_client_evidence;source_not_retrieved	retrieval_blocked_or_no_local_source	no	yes		No inspectable legal/local full-text package was available; the database route remains discovery context only.				not_established	
DBPRIORRES-v6_109-25737303-HSP90B1-APAF1	DBPRIOR-v6_109-25737303-HSP90B1-APAF1	25737303		Bortezomib enhances the therapeutic efficacy of dasatinib by promoting c-KIT internalization-induced apoptosis in gastrointestinal stromal tumor cells.	HSP90B1::APAF1	HSP90B1	APAF1	BioGRID	Affinity Capture-Western	Low Throughput	source_package_unavailable_or_blocked			unresolved_or_speculative	unclear	context_only	unclear	low	complex_member_not_direct_binding;database_route_reconciled;not_client_evidence;source_not_retrieved	retrieval_blocked_or_no_local_source	no	yes		No inspectable legal/local full-text package was available; the database route remains discovery context only.				not_established	
DBPRIORRES-v6_109-30196744-HSP90B1-ATG16L1	DBPRIOR-v6_109-30196744-HSP90B1-ATG16L1	30196744	PMC6333460	ATG5 is required for B cell polarization and presentation of particulate antigens.	HSP90B1::ATG16L1	HSP90B1	ATG16L1	BioGRID	Affinity Capture-MS	High Throughput	source_package_inspected_pair_not_confirmed			assay_association_only	unclear	context_only	weak	low	complex_member_not_direct_binding;database_route_reconciled;high_throughput_screen;not_client_evidence;supplement_or_result_row_not_confirmed	reviewed_source_package_pair_not_confirmed_recheck	no	yes		The available source package was inspected, but the exact pair was not found in accessible article or supplementary result material.				not_established	
DBPRIORRES-v6_109-37689310-HSP90B1-ATG16L1	DBPRIOR-v6_109-37689310-HSP90B1-ATG16L1	37689310	PMC10565876	Pulse-SILAC and Interactomics Reveal Distinct DDB1-CUL4-Associated Factors, Cellular Functions, and Protein Substrates.	HSP90B1::ATG16L1	HSP90B1	ATG16L1	BioGRID	Proximity Label-MS	High Throughput	central_primary_result_confirmed	PMC10565876/mmc5.xlsx: ATG16L sheet row 64	The exact high-confidence screen row is retained as association only because the organelle topology and functional dependence are untested.	complex_comember	affinity_purification_ms;supplement_table	support_only	weak	medium	SAINT_APMS;client_evidence_incomplete;complex_member_not_direct_binding;cytosolic_autophagy_protein_vs_ER_lumen;high_throughput_screen;single_publication	reviewed_primary_source_exact_support_flow_later	yes	no		The exact high-confidence screen row is retained as association only because the organelle topology and functional dependence are untested.	The exact high-confidence screen row is retained as association only because the organelle topology and functional dependence are untested.	Pulse-SILAC and Interactomics Reveal Distinct DDB1-CUL4-Associated Factors, Cellular Functions, and Protein Substrates.	ATG16L1 bait recovered HSP90B1 with 7|7 spectral counts, SAINT score 1, BFDR 0; the screen does not establish direct contact or client biology.	not_established	SRCREV-2026-07-15-V6_109-PMID37689310-HSP90B1-049
DBPRIORRES-v6_109-25852190-HSP90B1-BLK	DBPRIOR-v6_109-25852190-HSP90B1-BLK	25852190		Integrative analysis of kinase networks in TRAIL-induced apoptosis provides a source of potential targets for combination therapy.	HSP90B1::BLK	HSP90B1	BLK	BioGRID;IntAct	"Affinity Capture-MS;psi-mi:""MI:0007""(anti tag coimmunoprecipitation)"	;High Throughput	source_package_unavailable_or_blocked			unresolved_or_speculative	unclear	context_only	unclear	low	complex_member_not_direct_binding;database_route_reconciled;high_throughput_screen;not_client_evidence;source_not_retrieved	retrieval_blocked_or_no_local_source	no	yes		No inspectable legal/local full-text package was available; the database route remains discovery context only.				not_established	
DBPRIORRES-v6_109-21145461-HSP90B1-CUL3	DBPRIOR-v6_109-21145461-HSP90B1-CUL3	21145461	PMC3008586	Dynamics of cullin-RING ubiquitin ligase network revealed by systematic quantitative proteomics.	HSP90B1::CUL3	HSP90B1	CUL3	BioGRID;IntAct	"Affinity Capture-MS;psi-mi:""MI:0676""(tandem affinity purification)"	;High Throughput	source_package_inspected_pair_not_confirmed			assay_association_only	unclear	context_only	weak	low	complex_member_not_direct_binding;database_route_reconciled;high_throughput_screen;not_client_evidence;supplement_or_result_row_not_confirmed	reviewed_source_package_pair_not_confirmed_recheck	no	yes		The available source package was inspected, but the exact pair was not found in accessible article or supplementary result material.				not_established	
DBPRIORRES-v6_109-35563538-HSP90B1-CUL3	DBPRIOR-v6_109-35563538-HSP90B1-CUL3	35563538	PMC9105235	Cullin 3 Exon 9 Deletion in Familial Hyperkalemic Hypertension Impairs Cullin3-Ring-E3 Ligase (CRL3) Dynamic Regulation and Cycling.	HSP90B1::CUL3	HSP90B1	CUL3	BioGRID	Affinity Capture-MS	High Throughput	source_package_inspected_pair_not_confirmed			assay_association_only	unclear	context_only	weak	low	complex_member_not_direct_binding;database_route_reconciled;high_throughput_screen;not_client_evidence;supplement_or_result_row_not_confirmed	reviewed_source_package_pair_not_confirmed_recheck	no	yes		The available source package was inspected, but the exact pair was not found in accessible article or supplementary result material.				not_established	
DBPRIORRES-v6_109-37788672-HSP90B1-CUL3	DBPRIOR-v6_109-37788672-HSP90B1-CUL3	37788672		Cryo-EM structure of the KLHL22 E3 ligase bound to an oligomeric metabolic enzyme.	HSP90B1::CUL3	HSP90B1	CUL3	BioGRID	Affinity Capture-MS	High Throughput	source_package_unavailable_or_blocked			unresolved_or_speculative	unclear	context_only	unclear	low	complex_member_not_direct_binding;database_route_reconciled;high_throughput_screen;not_client_evidence;source_not_retrieved	retrieval_blocked_or_no_local_source	no	yes		No inspectable legal/local full-text package was available; the database route remains discovery context only.				not_established	
DBPRIORRES-v6_109-11907036-HSP90B1-EIF2AK3	DBPRIOR-v6_109-11907036-HSP90B1-EIF2AK3	11907036		Dimerization and release of molecular chaperone inhibition facilitate activation of eukaryotic initiation factor-2 kinase in response to endoplasmic reticulum stress.	HSP90B1::EIF2AK3	HSP90B1	EIF2AK3	BioGRID;IntAct	"Affinity Capture-Western;psi-mi:""MI:0006""(anti bait coimmunoprecipitation)"	;Low Throughput	source_package_unavailable_or_blocked			unresolved_or_speculative	unclear	context_only	unclear	low	complex_member_not_direct_binding;database_route_reconciled;not_client_evidence;source_not_retrieved	retrieval_blocked_or_no_local_source	no	yes		No inspectable legal/local full-text package was available; the database route remains discovery context only.				not_established	
DBPRIORRES-v6_109-27342126-HSP90B1-EMC2	DBPRIOR-v6_109-27342126-HSP90B1-EMC2	27342126		Identification of Zika Virus and Dengue Virus Dependency Factors using Functional Genomics.	HSP90B1::EMC2	HSP90B1	EMC2	BioGRID	Affinity Capture-MS	High Throughput	source_package_unavailable_or_blocked			unresolved_or_speculative	unclear	context_only	unclear	low	complex_member_not_direct_binding;database_route_reconciled;high_throughput_screen;not_client_evidence;source_not_retrieved	retrieval_blocked_or_no_local_source	no	yes		No inspectable legal/local full-text package was available; the database route remains discovery context only.				not_established	
DBPRIORRES-v6_109-32296183-HSP90B1-EMC2	DBPRIOR-v6_109-32296183-HSP90B1-EMC2	32296183	PMC7169983	A reference map of the human binary protein interactome.	HSP90B1::EMC2	HSP90B1	EMC2	BioGRID	Two-hybrid	High Throughput	source_package_inspected_pair_not_confirmed			assay_association_only	unclear	context_only	weak	low	database_route_reconciled;high_throughput_screen;not_client_evidence;supplement_or_result_row_not_confirmed	reviewed_source_package_pair_not_confirmed_recheck	no	yes		The available source package was inspected, but the exact pair was not found in accessible article or supplementary result material.				not_established	
DBPRIORRES-v6_109-18264092-HSP90B1-ERLEC1	DBPRIOR-v6_109-18264092-HSP90B1-ERLEC1	18264092	PMC2757077	OS-9 and GRP94 deliver mutant alpha1-antitrypsin to the Hrd1-SEL1L ubiquitin ligase complex for ERAD.	HSP90B1::ERLEC1	HSP90B1	ERLEC1	BioGRID	Affinity Capture-MS;Affinity Capture-Western	Low Throughput	source_negative_for_requested_pair	PMC2757077/pmc_article_v6_36.txt: OS-9/XTP3-B AP-MS and endogenous GRP94 validation text; Table 1 and Figure 5 discussion	The local primary source explicitly distinguishes the positive OS-9 route from the negative XTP3-B/ERLEC1 result.	not_hsp90_relevant_after_review	affinity_purification_ms;coimmunoprecipitation;western_blot	exclude	not_supportive	exclude	ER_lumen_context;database_route_reconciled;false_positive_candidate;source_negative_for_pair	reviewed_source_negative_no_flow	no	no		The local primary source explicitly distinguishes the positive OS-9 route from the negative XTP3-B/ERLEC1 result.	The local primary source explicitly distinguishes the positive OS-9 route from the negative XTP3-B/ERLEC1 result.	OS-9 and GRP94 deliver mutant alpha1-antitrypsin to the Hrd1-SEL1L ubiquitin ligase complex for ERAD.	The source validates OS-9/OS9 with endogenous GRP94, while XTP3-B/ERLEC1 did not robustly bind GRP94.	not_established	
DBPRIORRES-v6_109-22119785-HSP90B1-FAF2	DBPRIOR-v6_109-22119785-HSP90B1-FAF2	22119785	PMC3250479	Defining human ERAD networks through an integrative mapping strategy.	HSP90B1::FAF2	HSP90B1	FAF2	BioGRID;IntAct	"Affinity Capture-MS;psi-mi:""MI:0096""(pull down)"	;High Throughput	source_package_inspected_pair_not_confirmed			assay_association_only	unclear	context_only	weak	low	complex_member_not_direct_binding;database_route_reconciled;high_throughput_screen;not_client_evidence;supplement_or_result_row_not_confirmed	reviewed_source_package_pair_not_confirmed_recheck	no	yes		The available source package was inspected, but the exact pair was not found in accessible article or supplementary result material.				not_established	
DBPRIORRES-v6_109-20195357-HSP90B1-FOS	DBPRIOR-v6_109-20195357-HSP90B1-FOS	20195357	PMC2827538	A comprehensive resource of interacting protein regions for refining human transcription factor networks.	HSP90B1::FOS	HSP90B1	FOS	IntAct	"psi-mi:""MI:0034""(display technology)"		source_package_inspected_pair_not_confirmed			assay_association_only	unclear	context_only	weak	low	complex_member_not_direct_binding;database_route_reconciled;high_throughput_screen;not_client_evidence;supplement_or_result_row_not_confirmed	reviewed_source_package_pair_not_confirmed_recheck	no	yes		The available source package was inspected, but the exact pair was not found in accessible article or supplementary result material.				not_established	
DBPRIORRES-v6_109-38884001-HSP90B1-FOS	DBPRIOR-v6_109-38884001-HSP90B1-FOS	38884001	PMC11180226	Mapping adipocyte interactome networks by HaloTag-enrichment-mass spectrometry.	HSP90B1::FOS	HSP90B1	FOS	IntAct	"psi-mi:""MI:0007""(anti tag coimmunoprecipitation)"		central_primary_result_confirmed	PMC11180226/bpae039_supplementary_data.zip::Table S13 row 2638; Table S14 row 271; Table S20 row 16	Exact source rows support a context-specific screen association while leaving ER-to-nuclear access unresolved.	complex_comember	affinity_purification_ms;supplement_table	support_only	weak	medium	HaloMS_and_compendium_rows_same_publication_not_independent;adipocyte_state;client_evidence_incomplete;complex_member_not_direct_binding;high_throughput_screen;nuclear_target_vs_ER_lumen	reviewed_primary_source_exact_support_flow_later	yes	no		Exact source rows support a context-specific screen association while leaving ER-to-nuclear access unresolved.	Exact source rows support a context-specific screen association while leaving ER-to-nuclear access unresolved.	Mapping adipocyte interactome networks by HaloTag-enrichment-mass spectrometry.	HSP90B1-FOS appears in the adipocyte interaction compendium, ColabFold table, and HaloMS table; these are same-study association layers, not independent client evidence.	not_established	SRCREV-2026-07-15-V6_109-PMID38884001-HSP90B1-053
DBPRIORRES-v6_109-31980649-HSP90B1-FYN	DBPRIOR-v6_109-31980649-HSP90B1-FYN	31980649	PMC6981206	Extensive rewiring of the EGFR network in colorectal cancer cells expressing transforming levels of KRASG13D.	HSP90B1::FYN	HSP90B1	FYN	BioGRID;IntAct	"Affinity Capture-MS;psi-mi:""MI:0007""(anti tag coimmunoprecipitation)"	;High Throughput	central_primary_result_confirmed	PMC6981206/40467_2019_139_MOESM6_ESM.xlsx: mtKRAS_Lo row 651; MOESM9 row 1198; MOESM27 Figure 2B/6A rows 1013/3007 and 137/1122	The exact HSP90B1 screen result is retained without interpreting it as isoform-specific binding or client biology.	complex_comember	affinity_purification_ms;supplement_table	support_only	weak	medium	ER_lumen_vs_cytosolic_kinase_discordance;client_evidence_incomplete;complex_member_not_direct_binding;high_throughput_screen;mtKRAS_context;not_GRP94_specific;parallel_cytosolic_Hsp90_hits;rewired_interactome	reviewed_primary_source_exact_support_flow_later	yes	no		The exact HSP90B1 screen result is retained without interpreting it as isoform-specific binding or client biology.	The exact HSP90B1 screen result is retained without interpreting it as isoform-specific binding or client biology.	Extensive rewiring of the EGFR network in colorectal cancer cells expressing transforming levels of KRASG13D.	The mtKRAS AP-MS tables contain an HSP90B1–FYN hit, but FYN also appears with HSP90AA1 and HSP90AB1 in the same source.	not_established	SRCREV-2026-07-15-V6_109-PMID31980649-HSP90B1-023
DBPRIORRES-v6_109-33957083-HSP90B1-HSPA13	DBPRIOR-v6_109-33957083-HSP90B1-HSPA13	33957083		Comprehensive interactome profiling of the human Hsp70 network highlights functional differentiation of J domains.	HSP90B1::HSPA13	HSP90B1	HSPA13	BioGRID	Proximity Label-MS	High Throughput	source_package_unavailable_or_blocked			unresolved_or_speculative	unclear	context_only	unclear	low	complex_member_not_direct_binding;database_route_reconciled;high_throughput_screen;not_client_evidence;source_not_retrieved	retrieval_blocked_or_no_local_source	no	yes		No inspectable legal/local full-text package was available; the database route remains discovery context only.				not_established	
DBPRIORRES-v6_109-35914814-HSP90B1-HSPA13	DBPRIOR-v6_109-35914814-HSP90B1-HSPA13	35914814	PMC9348576	Chr21 protein-protein interactions: enrichment in proteins involved in intellectual disability, autism, and late-onset Alzheimer's disease.	HSP90B1::HSPA13	HSP90B1	HSPA13	BioGRID;IntAct	"Two-hybrid;psi-mi:""MI:0399""(two hybrid fragment pooling approach)"	;High Throughput	central_primary_result_confirmed	PMC9348576/LSA-2021-01205_TableS3.xlsx: data row 919; article text describing the human brain-library Y2H screen	A binary assay supports fragment-level binding, but the heterologous construct cannot establish a physiological ER interaction or client relationship.	direct_binding_partner	lumier_or_complementation;supplement_table	support_only	weak	medium	HSP90B1_fragment_aa56_546;client_evidence_incomplete;heterologous_nuclear_assay;human_proteins;signal_peptide_and_KDEL_context_absent;single_screen;yeast_two_hybrid	reviewed_primary_source_exact_support_flow_later	yes	no		A binary assay supports fragment-level binding, but the heterologous construct cannot establish a physiological ER interaction or client relationship.	A binary assay supports fragment-level binding, but the heterologous construct cannot establish a physiological ER interaction or client relationship.	Chr21 protein-protein interactions: enrichment in proteins involved in intellectual disability, autism, and late-onset Alzheimer's disease.	Human HSPA13 bait recovered an HSP90B1 prey fragment (aa 56-546) in a brain-library Y2H screen; topology and full-length ER localization are not modeled.	not_established	SRCREV-2026-07-15-V6_109-PMID35914814-HSP90B1-043
DBPRIORRES-v6_109-25147182-HSP90B1-HUWE1	DBPRIOR-v6_109-25147182-HSP90B1-HUWE1	25147182	PMC4200252	Quantitative Lys-ϵ-Gly-Gly (diGly) proteomics coupled with inducible RNAi reveals ubiquitin-mediated proteolysis of DNA damage-inducible transcript 4 (DDIT4) by the E3 ligase HUWE1.	HSP90B1::HUWE1	HSP90B1	HUWE1	BioGRID	Affinity Capture-MS	High Throughput	source_package_inspected_pair_not_confirmed			assay_association_only	unclear	context_only	weak	low	complex_member_not_direct_binding;database_route_reconciled;high_throughput_screen;not_client_evidence;supplement_or_result_row_not_confirmed	reviewed_source_package_pair_not_confirmed_recheck	no	yes		The available source package was inspected, but the exact pair was not found in accessible article or supplementary result material.				not_established	
DBPRIORRES-v6_109-34349018-HSP90B1-HUWE1	DBPRIOR-v6_109-34349018-HSP90B1-HUWE1	34349018	PMC8364181	Protein interaction landscapes revealed by advanced in vivo cross-linking-mass spectrometry.	HSP90B1::HUWE1	HSP90B1	HUWE1	BioGRID	Cross-Linking-MS (XL-MS)	High Throughput	source_package_inspected_pair_not_confirmed			assay_association_only	unclear	context_only	weak	low	complex_member_not_direct_binding;database_route_reconciled;high_throughput_screen;not_client_evidence;supplement_or_result_row_not_confirmed	reviewed_source_package_pair_not_confirmed_recheck	no	yes		The available source package was inspected, but the exact pair was not found in accessible article or supplementary result material.				not_established	
DBPRIORRES-v6_109-37167062-HSP90B1-HUWE1	DBPRIOR-v6_109-37167062-HSP90B1-HUWE1	37167062	PMC10279472	HAPSTR1 localizes HUWE1 to the nucleus to limit stress signaling pathways.	HSP90B1::HUWE1	HSP90B1	HUWE1	BioGRID	Affinity Capture-MS	Low Throughput	source_package_inspected_pair_not_confirmed			assay_association_only	unclear	context_only	weak	low	complex_member_not_direct_binding;database_route_reconciled;not_client_evidence;supplement_or_result_row_not_confirmed	reviewed_source_package_pair_not_confirmed_recheck	no	yes		The available source package was inspected, but the exact pair was not found in accessible article or supplementary result material.				not_established	
DBPRIORRES-v6_109-24618592-HSP90B1-IKBKG	DBPRIOR-v6_109-24618592-HSP90B1-IKBKG	24618592	PMC3950214	Hepatitis B virus polymerase suppresses NF-κB signaling by inhibiting the activity of IKKs via interaction with Hsp90β.	HSP90B1::IKBKG	HSP90B1	IKBKG	BioGRID	Affinity Capture-Western	Low Throughput	wrong_isoform_primary_result	PMC3950214/europe_pmc_fulltext_text_v6_109.txt: title, Hsp90beta cDNA methods, and NEMO/IKK/Hsp90/Cdc37 co-IP results	The full text explicitly assigns the beta shorthand to the cytosolic isoform and contains no GRP94 evidence.	not_hsp90_relevant_after_review	coimmunoprecipitation;western_blot;pathway_or_process_readout	exclude	not_supportive	exclude	IKK_NEMO_Cdc37_context;cytosolic_HSP90beta;database_route_reconciled;do_not_merge_with_GRP94;wrong_isoform_route	reviewed_wrong_isoform_no_flow	no	no		The full text explicitly assigns the beta shorthand to the cytosolic isoform and contains no GRP94 evidence.	The full text explicitly assigns the beta shorthand to the cytosolic isoform and contains no GRP94 evidence.	Hepatitis B virus polymerase suppresses NF-κB signaling by inhibiting the activity of IKKs via interaction with Hsp90β.	The source concerns the cytosolic HSP90AB1–NEMO/IKK–CDC37 complex; 'Hsp90beta' is not HSP90B1/GRP94.	not_established	
DBPRIORRES-v6_109-32457219-HSP90B1-INS	DBPRIOR-v6_109-32457219-HSP90B1-INS	32457219	PMC7372081	Unbiased Profiling of the Human Proinsulin Biosynthetic Interaction Network Reveals a Role for Peroxiredoxin 4 in Proinsulin Folding.	HSP90B1::INS	HSP90B1	INS	BioGRID	Affinity Capture-MS;Affinity Capture-Western	High Throughput;Low Throughput	central_primary_result_confirmed	PMC7372081/pmc_reader_text_v6_109.txt: Figure 2B proinsulin ER-localized interactor subnetwork and proinsulin IP/GRP94 antibody methods/results	The compartment is concordant and the exact protein is named, but screen association is not upgraded to client status.	complex_comember	affinity_purification_ms;coimmunoprecipitation;western_blot	support_only	moderate	medium	ER_lumen_context;antibody_specificity_risk;client_evidence_incomplete;complex_member_not_direct_binding;high_throughput_interactome;human_donor_islets;prior_mechanistic_citation_not_adjudicated_here;same_source_APMS_validation_not_independent	reviewed_primary_source_exact_support_flow_later	yes	no		The compartment is concordant and the exact protein is named, but screen association is not upgraded to client status.	The compartment is concordant and the exact protein is named, but screen association is not upgraded to client status.	Unbiased Profiling of the Human Proinsulin Biosynthetic Interaction Network Reveals a Role for Peroxiredoxin 4 in Proinsulin Folding.	Human proinsulin AP-MS places GRP94/HSP90B1 in an ER folding-factor subnetwork, with source-level IP/Western validation context; this paper alone does not prove client dependence.	not_established	SRCREV-2026-07-15-V6_109-PMID32457219-HSP90B1-026
DBPRIORRES-v6_109-35384245-HSP90B1-INSR	DBPRIOR-v6_109-35384245-HSP90B1-INSR	35384245	PMC9171411	Physical and functional interactome atlas of human receptor tyrosine kinases.	HSP90B1::INSR	HSP90B1	INSR	BioGRID;IntAct	"Affinity Capture-MS;Proximity Label-MS;psi-mi:""MI:0004""(affinity chromatography technology);psi-mi:""MI:1314""(proximity-dependent biotin identification)"	;High Throughput	central_primary_result_confirmed	PMC9171411/EMBR-23-e54041-s005.zip::Dataset EV1.xlsx, EV1A rows 5753 (WT AP-MS) and 5838 (WT BioID)	Orthogonal assay classes occur within one screen paper and support complex/proximity association only.	complex_comember	affinity_purification_ms;supplement_table	support_only	moderate	medium	APMS_and_BioID_same_publication_not_independent;client_evidence_incomplete;complex_member_not_direct_binding;high_throughput_screen;isoform_exclusivity_not_tested;receptor_biosynthesis_or_trafficking_context	reviewed_primary_source_exact_support_flow_later	yes	no		Orthogonal assay classes occur within one screen paper and support complex/proximity association only.	Orthogonal assay classes occur within one screen paper and support complex/proximity association only.	Physical and functional interactome atlas of human receptor tyrosine kinases.	INSR-HSP90B1 is present in the AP-MS and BioID supplementary tables with BFDR 0 for the AP-MS route; no folding-dependence experiment is provided.	not_established	SRCREV-2026-07-15-V6_109-PMID35384245-HSP90B1-037
DBPRIORRES-v6_109-23431407-HSP90B1-KCNQ4	DBPRIOR-v6_109-23431407-HSP90B1-KCNQ4	23431407	PMC3576372	Distinct roles of molecular chaperones HSP90α and HSP90β in the biogenesis of KCNQ4 channels.	HSP90B1::KCNQ4	HSP90B1	KCNQ4	BioGRID	Affinity Capture-Western	Low Throughput	wrong_isoform_primary_result	PMC3576372/europe_pmc_fulltext_text_v6_109.txt: HSP90alpha/beta definitions, NM_007355 construct, reciprocal co-IP, knockdown, stability, and surface-expression results	Explicit construct identity resolves shorthand that would otherwise be confused with HSP90B1.	not_hsp90_relevant_after_review	coimmunoprecipitation;knockout_or_knockdown;stability_degradation_turnover;localization_secretion_trafficking;western_blot	exclude	not_supportive	exclude	cytosolic_HSP90beta;database_route_reconciled;do_not_merge_with_GRP94;wrong_isoform_route	reviewed_wrong_isoform_no_flow	no	no		Explicit construct identity resolves shorthand that would otherwise be confused with HSP90B1.	Explicit construct identity resolves shorthand that would otherwise be confused with HSP90B1.	Distinct roles of molecular chaperones HSP90α and HSP90β in the biogenesis of KCNQ4 channels.	The paper's Hsp90beta is cytosolic HSP90AB1 (NM_007355); it reports strong KCNQ4 maturation/stability evidence for that isoform, not GRP94.	not_established	
DBPRIORRES-v6_109-23589305-HSP90B1-KDM4B	DBPRIOR-v6_109-23589305-HSP90B1-KDM4B	23589305	PMC3663493	Heat shock protein 90 (Hsp90) selectively regulates the stability of KDM4B/JMJD2B histone demethylase.	HSP90B1::KDM4B	HSP90B1	KDM4B	BioGRID	Affinity Capture-MS;Affinity Capture-Western	Low Throughput	source_package_inspected_pair_not_confirmed			assay_association_only	unclear	context_only	weak	low	complex_member_not_direct_binding;database_route_reconciled;not_client_evidence;supplement_or_result_row_not_confirmed	reviewed_source_package_pair_not_confirmed_recheck	no	yes		The available source package was inspected, but the exact pair was not found in accessible article or supplementary result material.				not_established	
DBPRIORRES-v6_109-25737303-HSP90B1-KIT	DBPRIOR-v6_109-25737303-HSP90B1-KIT	25737303		Bortezomib enhances the therapeutic efficacy of dasatinib by promoting c-KIT internalization-induced apoptosis in gastrointestinal stromal tumor cells.	HSP90B1::KIT	HSP90B1	KIT	BioGRID	Affinity Capture-Western	Low Throughput	source_package_unavailable_or_blocked			unresolved_or_speculative	unclear	context_only	unclear	low	complex_member_not_direct_binding;database_route_reconciled;not_client_evidence;source_not_retrieved	retrieval_blocked_or_no_local_source	no	yes		No inspectable legal/local full-text package was available; the database route remains discovery context only.				not_established	
DBPRIORRES-v6_109-25852190-HSP90B1-LIMK2	DBPRIOR-v6_109-25852190-HSP90B1-LIMK2	25852190		Integrative analysis of kinase networks in TRAIL-induced apoptosis provides a source of potential targets for combination therapy.	HSP90B1::LIMK2	HSP90B1	LIMK2	BioGRID;IntAct	"Affinity Capture-MS;psi-mi:""MI:0007""(anti tag coimmunoprecipitation)"	;High Throughput	source_package_unavailable_or_blocked			unresolved_or_speculative	unclear	context_only	unclear	low	complex_member_not_direct_binding;database_route_reconciled;high_throughput_screen;not_client_evidence;source_not_retrieved	retrieval_blocked_or_no_local_source	no	yes		No inspectable legal/local full-text package was available; the database route remains discovery context only.				not_established	
DBPRIORRES-v6_109-31046837-HSP90B1-LRRK2	DBPRIOR-v6_109-31046837-HSP90B1-LRRK2	31046837	PMC6498585	Parkinson's disease-associated LRRK2-G2019S mutant acts through regulation of SERCA activity to control ER stress in astrocytes.	HSP90B1::LRRK2	HSP90B1	LRRK2	BioGRID;IntAct	"Affinity Capture-MS;psi-mi:""MI:0007""(anti tag coimmunoprecipitation)"	;High Throughput	central_primary_result_confirmed	PMC6498585/40478_2019_716_MOESM2_ESM.pdf: page 7 Figure S4a; page 15 anti-GRP94 CST 2104 antibody listing	The exact supplemental blot supports a stress- and mutant-context co-complex signal but not direct contact or client biology across the ER membrane.	complex_comember	coimmunoprecipitation;western_blot	support_only	weak	medium	ER_membrane_context;G2019S_mutant_specific;alpha_synuclein_stress;antibody_specificity_risk;astrocyte_context;client_evidence_incomplete;complex_member_not_direct_binding;transmembrane_compartment_boundary	reviewed_primary_source_exact_support_flow_later	yes	no		The exact supplemental blot supports a stress- and mutant-context co-complex signal but not direct contact or client biology across the ER membrane.	The exact supplemental blot supports a stress- and mutant-context co-complex signal but not direct contact or client biology across the ER membrane.	Parkinson's disease-associated LRRK2-G2019S mutant acts through regulation of SERCA activity to control ER stress in astrocytes.	Endogenous G2019S-LRRK2 immunoprecipitation includes a GRP94 blot under alpha-synuclein stress; LRRK2 is on the cytosolic ER face whereas GRP94 is luminal.	not_established	SRCREV-2026-07-15-V6_109-PMID31046837-HSP90B1-017
DBPRIORRES-v6_109-28514442-HSP90B1-LYZL2	DBPRIOR-v6_109-28514442-HSP90B1-LYZL2	28514442	PMC5531611	Architecture of the human interactome defines protein communities and disease networks.	HSP90B1::LYZL2	HSP90B1	LYZL2	BioGRID;IntAct	"Affinity Capture-MS;psi-mi:""MI:0007""(anti tag coimmunoprecipitation)"	;High Throughput	source_package_inspected_pair_not_confirmed			assay_association_only	unclear	context_only	weak	low	complex_member_not_direct_binding;database_route_reconciled;high_throughput_screen;not_client_evidence;supplement_or_result_row_not_confirmed	reviewed_source_package_pair_not_confirmed_recheck	no	yes		The available source package was inspected, but the exact pair was not found in accessible article or supplementary result material.				not_established	
DBPRIORRES-v6_109-26949251-HSP90B1-MKI67	DBPRIOR-v6_109-26949251-HSP90B1-MKI67	26949251	PMC4841783	The cell proliferation antigen Ki-67 organises heterochromatin.	HSP90B1::MKI67	HSP90B1	MKI67	BioGRID;IntAct	"Affinity Capture-MS;psi-mi:""MI:0007""(anti tag coimmunoprecipitation)"	;High Throughput	source_package_inspected_pair_not_confirmed			assay_association_only	unclear	context_only	weak	low	complex_member_not_direct_binding;database_route_reconciled;high_throughput_screen;not_client_evidence;supplement_or_result_row_not_confirmed	reviewed_source_package_pair_not_confirmed_recheck	no	yes		The available source package was inspected, but the exact pair was not found in accessible article or supplementary result material.				not_established	
DBPRIORRES-v6_109-20159978-HSP90B1-MLLT3	DBPRIOR-v6_109-20159978-HSP90B1-MLLT3	20159978	PMC2852934	Hsp90 directly modulates the spatial distribution of AF9/MLLT3 and affects target gene expression.	HSP90B1::MLLT3	HSP90B1	MLLT3	BioGRID	Affinity Capture-MS;Affinity Capture-Western;Co-localization;Reconstituted Complex	Low Throughput	source_package_inspected_pair_not_confirmed			assay_association_only	unclear	context_only	weak	low	database_route_reconciled;not_client_evidence;supplement_or_result_row_not_confirmed	reviewed_source_package_pair_not_confirmed_recheck	no	yes		The available source package was inspected, but the exact pair was not found in accessible article or supplementary result material.				not_established	
DBPRIORRES-v6_109-29467282-HSP90B1-MYC	DBPRIOR-v6_109-29467282-HSP90B1-MYC	29467282	PMC5891417	Proteomic profiling of VCP substrates links VCP to K6-linked ubiquitylation and c-Myc function.	HSP90B1::MYC	HSP90B1	MYC	BioGRID	Affinity Capture-MS	High Throughput	source_package_inspected_pair_not_confirmed			assay_association_only	unclear	context_only	weak	low	complex_member_not_direct_binding;database_route_reconciled;high_throughput_screen;not_client_evidence;supplement_or_result_row_not_confirmed	reviewed_source_package_pair_not_confirmed_recheck	no	yes		The available source package was inspected, but the exact pair was not found in accessible article or supplementary result material.				not_established	
DBPRIORRES-v6_109-35013218-HSP90B1-MYC	DBPRIOR-v6_109-35013218-HSP90B1-MYC	35013218	PMC8748958	EZH2 depletion potentiates MYC degradation inhibiting neuroblastoma and small cell carcinoma tumor formation.	HSP90B1::MYC	HSP90B1	MYC	BioGRID	Affinity Capture-MS	High Throughput	central_primary_result_confirmed	PMC8748958/41467_2021_27609_MOESM5_ESM.xlsx: Sheet1 row 23; MOESM4 row 772 MYCN comparator	The exact AP-MS enrichment is association evidence only and does not resolve how ER-luminal GRP94 could access nuclear MYC.	complex_comember	affinity_purification_ms;supplement_table	support_only	moderate	medium	MYCN_comparator_not_enriched;cancer_cell_line;client_evidence_incomplete;complex_member_not_direct_binding;high_throughput_APMS;nuclear_target_vs_ER_lumen	reviewed_primary_source_exact_support_flow_later	yes	no		The exact AP-MS enrichment is association evidence only and does not resolve how ER-luminal GRP94 could access nuclear MYC.	The exact AP-MS enrichment is association evidence only and does not resolve how ER-luminal GRP94 could access nuclear MYC.	EZH2 depletion potentiates MYC degradation inhibiting neuroblastoma and small cell carcinoma tumor formation.	HSP90B1 was enriched in MYC immunoprecipitates (15 peptides, 43 PSMs, log2 MYC/IgG 4.24); the MYCN comparator was not enriched.	not_established	SRCREV-2026-07-15-V6_109-PMID35013218-HSP90B1-031
DBPRIORRES-v6_109-36424410-HSP90B1-MYC	DBPRIOR-v6_109-36424410-HSP90B1-MYC	36424410		MYC multimers shield stalled replication forks from RNA polymerase.	HSP90B1::MYC	HSP90B1	MYC	BioGRID	Proximity Label-MS	High Throughput	source_package_unavailable_or_blocked			unresolved_or_speculative	unclear	context_only	unclear	low	complex_member_not_direct_binding;database_route_reconciled;high_throughput_screen;not_client_evidence;source_not_retrieved	retrieval_blocked_or_no_local_source	no	yes		No inspectable legal/local full-text package was available; the database route remains discovery context only.				not_established	
DBPRIORRES-v6_109-37204028-HSP90B1-NR5A2	DBPRIOR-v6_109-37204028-HSP90B1-NR5A2	37204028	PMC10748477	Cellular gp96 upregulates AFP expression by blocking NR5A2 SUMOylation and ubiquitination in hepatocellular carcinoma.	HSP90B1::NR5A2	HSP90B1	NR5A2	BioGRID	Affinity Capture-Western;Reconstituted Complex	Low Throughput	central_primary_result_confirmed	PMC10748477/europe_pmc_fulltext_text_v6_109.txt: gp96-versus-cytosolic-HSP90 distinction; protein/RNA, knockdown, half-life, endogenous co-IP, GST pull-down, SUMOylation/ubiquitination, and binding-region results	The source meets mechanistic client-like criteria, but a nuclear NR5A2–ER-luminal GRP94 route is not demonstrated and blocks validated-client promotion.	candidate_client	coimmunoprecipitation;direct_binding_biochemistry;knockout_or_knockdown;stability_degradation_turnover;western_blot	directional_support	strong	medium	HCC_context;SUMOylation_ubiquitination_mechanism;client_status_capped_pending_compartment;compartment_access_unresolved;nuclear_target_vs_ER_lumen;overexpression_context;recombinant_gp96_signal_peptide_removed	reviewed_primary_source_exact_support_flow_later	yes	yes		The source meets mechanistic client-like criteria, but a nuclear NR5A2–ER-luminal GRP94 route is not demonstrated and blocks validated-client promotion.	The source meets mechanistic client-like criteria, but a nuclear NR5A2–ER-luminal GRP94 route is not demonstrated and blocks validated-client promotion.	Cellular gp96 upregulates AFP expression by blocking NR5A2 SUMOylation and ubiquitination in hepatocellular carcinoma.	Resolve how full-length ER-luminal gp96 accesses nuclear NR5A2 in cells; distinguish recombinant/truncated binding from physiological compartmental contact.	candidate_client_only	SRCREV-2026-07-15-V6_109-PMID37204028-HSP90B1-048
DBPRIORRES-v6_109-35384245-HSP90B1-NTRK3	DBPRIOR-v6_109-35384245-HSP90B1-NTRK3	35384245	PMC9171411	Physical and functional interactome atlas of human receptor tyrosine kinases.	HSP90B1::NTRK3	HSP90B1	NTRK3	BioGRID;IntAct	"Affinity Capture-MS;Proximity Label-MS;psi-mi:""MI:0004""(affinity chromatography technology);psi-mi:""MI:1314""(proximity-dependent biotin identification)"	;High Throughput	central_primary_result_confirmed	PMC9171411/EMBR-23-e54041-s005.zip::Dataset EV1.xlsx, EV1A rows 1494, 1627, 1870, and 2056	The exact screen evidence is repeatable within the study but lacks a GRP94-dependent maturation or stability test.	complex_comember	affinity_purification_ms;supplement_table	support_only	moderate	medium	APMS_and_BioID_same_publication_not_independent;client_evidence_incomplete;complex_member_not_direct_binding;high_throughput_screen;isoform_exclusivity_not_tested;receptor_biosynthesis_or_trafficking_context	reviewed_primary_source_exact_support_flow_later	yes	no		The exact screen evidence is repeatable within the study but lacks a GRP94-dependent maturation or stability test.	The exact screen evidence is repeatable within the study but lacks a GRP94-dependent maturation or stability test.	Physical and functional interactome atlas of human receptor tyrosine kinases.	NTRK3-HSP90B1 is present across WT/KD AP-MS and BioID supplementary tables; repeated rows in one study are not independent publications.	not_established	SRCREV-2026-07-15-V6_109-PMID35384245-HSP90B1-038
DBPRIORRES-v6_109-30833792-HSP90B1-P2RY6	DBPRIOR-v6_109-30833792-HSP90B1-P2RY6	30833792		A protein-interaction network of interferon-stimulated genes extends the innate immune system landscape.	HSP90B1::P2RY6	HSP90B1	P2RY6	BioGRID;IntAct	"Affinity Capture-MS;psi-mi:""MI:0096""(pull down)"	;High Throughput	source_package_unavailable_or_blocked			unresolved_or_speculative	unclear	context_only	unclear	low	complex_member_not_direct_binding;database_route_reconciled;high_throughput_screen;not_client_evidence;source_not_retrieved	retrieval_blocked_or_no_local_source	no	yes		No inspectable legal/local full-text package was available; the database route remains discovery context only.				not_established	
DBPRIORRES-v6_109-27025967-HSP90B1-PHB	DBPRIOR-v6_109-27025967-HSP90B1-PHB	27025967	PMC5525133	Prohibitin 1 regulates tumor cell apoptosis via the interaction with X-linked inhibitor of apoptosis protein.	HSP90B1::PHB	HSP90B1	PHB	BioGRID	Affinity Capture-MS	High Throughput	source_package_inspected_pair_not_confirmed			assay_association_only	unclear	context_only	weak	low	complex_member_not_direct_binding;database_route_reconciled;high_throughput_screen;not_client_evidence;supplement_or_result_row_not_confirmed	reviewed_source_package_pair_not_confirmed_recheck	no	yes		The available source package was inspected, but the exact pair was not found in accessible article or supplementary result material.				not_established	
DBPRIORRES-v6_109-31536960-HSP90B1-PHB	DBPRIOR-v6_109-31536960-HSP90B1-PHB	31536960	PMC6831851	Rewiring of the Human Mitochondrial Interactome during Neuronal Reprogramming Reveals Regulators of the Respirasome and Neurogenesis.	HSP90B1::PHB	HSP90B1	PHB	BioGRID	Co-fractionation	High Throughput	central_primary_result_confirmed	PMC6831851/mmc3.xlsx: DN PPI row 1407 and PPIs-to-cell-types row 2506; mmc4.xlsx: Intra complex PPI row 1629	Exact accession-level screen support is retained as complex membership only, with the ER-versus-mitochondrial topology caveat made explicit.	complex_comember	structural_complex;supplement_table	support_only	weak	medium	ER_mitochondrial_compartment_discordance;client_evidence_incomplete;cofractionation_only;complex_member_not_direct_binding;isoform_exclusivity_not_tested;large_mixed_complex;neuron_specific;screen_only	reviewed_primary_source_exact_support_flow_later	yes	no		Exact accession-level screen support is retained as complex membership only, with the ER-versus-mitochondrial topology caveat made explicit.	Exact accession-level screen support is retained as complex membership only, with the ER-versus-mitochondrial topology caveat made explicit.	Rewiring of the Human Mitochondrial Interactome during Neuronal Reprogramming Reveals Regulators of the Respirasome and Neurogenesis.	HSP90B1 and PHB co-occur in the neuronal complexome/PPI tables and a large mixed-organelle complex; no direct interaction or chaperoning mechanism is shown.	not_established	SRCREV-2026-07-15-V6_109-PMID31536960-HSP90B1-019
DBPRIORRES-v6_109-22519731-HSP90B1-PRKCA	DBPRIOR-v6_109-22519731-HSP90B1-PRKCA	22519731	PMC3410974	IQGAP1 mediates the disruption of adherens junctions to promote Escherichia coli K1 invasion of brain endothelial cells.	HSP90B1::PRKCA	HSP90B1	PRKCA	BioGRID	Affinity Capture-Western	Low Throughput	source_package_inspected_pair_not_confirmed			assay_association_only	unclear	context_only	weak	low	complex_member_not_direct_binding;database_route_reconciled;not_client_evidence;supplement_or_result_row_not_confirmed	reviewed_source_package_pair_not_confirmed_recheck	no	yes		The available source package was inspected, but the exact pair was not found in accessible article or supplementary result material.				not_established	
DBPRIORRES-v6_109-22079093-HSP90B1-PSMA3	DBPRIOR-v6_109-22079093-HSP90B1-PSMA3	22079093		Proteomic analysis of the 20S proteasome (PSMA3)-interacting proteins reveals a functional link between the proteasome and mRNA metabolism.	HSP90B1::PSMA3	HSP90B1	PSMA3	BioGRID	Affinity Capture-MS	High Throughput	source_package_unavailable_or_blocked			unresolved_or_speculative	unclear	context_only	unclear	low	complex_member_not_direct_binding;database_route_reconciled;high_throughput_screen;not_client_evidence;source_not_retrieved	retrieval_blocked_or_no_local_source	no	yes		No inspectable legal/local full-text package was available; the database route remains discovery context only.				not_established	
DBPRIORRES-v6_109-35831314-HSP90B1-PSMA3	DBPRIOR-v6_109-35831314-HSP90B1-PSMA3	35831314	PMC9279285	Scalable multiplex co-fractionation/mass spectrometry platform for accelerated protein interactome discovery.	HSP90B1::PSMA3	HSP90B1	PSMA3	BioGRID	Co-fractionation	High Throughput	central_primary_result_confirmed	PMC9279285/41467_2022_31809_MOESM4_ESM.xlsx: EPIC PPI row 8858	The exact accession-level result is retained as weak complexome evidence with a strong compartment caveat.	complex_comember	structural_complex;supplement_table	support_only	weak	medium	ER_lumen_vs_cytosolic_proteasome_discordance;MCF10A_cell_line;client_evidence_incomplete;cofractionation_only;complex_member_not_direct_binding;isoform_exclusivity_not_tested;screen_only	reviewed_primary_source_exact_support_flow_later	yes	no		The exact accession-level result is retained as weak complexome evidence with a strong compartment caveat.	The exact accession-level result is retained as weak complexome evidence with a strong compartment caveat.	Scalable multiplex co-fractionation/mass spectrometry platform for accelerated protein interactome discovery.	HSP90B1-P14625 and PSMA3-P25788 co-fractionate in the EPIC PPI table (score 0.698); no direct interaction or GRP94 dependency is tested.	not_established	SRCREV-2026-07-15-V6_109-PMID35831314-HSP90B1-041
DBPRIORRES-v6_109-31980649-HSP90B1-PTPRR	DBPRIOR-v6_109-31980649-HSP90B1-PTPRR	31980649	PMC6981206	Extensive rewiring of the EGFR network in colorectal cancer cells expressing transforming levels of KRASG13D.	HSP90B1::PTPRR	HSP90B1	PTPRR	BioGRID;IntAct	"Affinity Capture-MS;psi-mi:""MI:0007""(anti tag coimmunoprecipitation)"	;High Throughput	central_primary_result_confirmed	PMC6981206/40467_2019_139_MOESM6_ESM.xlsx: mtKRAS_Lo row 1965; MOESM9 row 849; MOESM27 Figure 2B/6A rows 3007 and 1122	The exact screen evidence supports association only and remains compartmentally unresolved.	complex_comember	affinity_purification_ms;supplement_table	support_only	weak	medium	ER_lumen_vs_cytosolic_protein_discordance;client_evidence_incomplete;complex_member_not_direct_binding;high_throughput_screen;isoform_exclusivity_not_tested;mtKRAS_context;rewired_interactome	reviewed_primary_source_exact_support_flow_later	yes	no		The exact screen evidence supports association only and remains compartmentally unresolved.	The exact screen evidence supports association only and remains compartmentally unresolved.	Extensive rewiring of the EGFR network in colorectal cancer cells expressing transforming levels of KRASG13D.	The mtKRAS AP-MS tables contain a reproducible HSP90B1–PTPRR screen hit; non-detection of alpha/beta in the same table is not proof of GRP94 specificity.	not_established	SRCREV-2026-07-15-V6_109-PMID31980649-HSP90B1-024
DBPRIORRES-v6_109-35343654-HSP90B1-RNF115	DBPRIOR-v6_109-35343654-HSP90B1-RNF115	35343654	PMC9165487	RNF115 Inhibits the Post-ER Trafficking of TLRs and TLRs-Mediated Immune Responses by Catalyzing K11-Linked Ubiquitination of RAB1A and RAB13.	HSP90B1::RNF115	HSP90B1	RNF115	BioGRID	Affinity Capture-Western	Low Throughput	central_primary_result_confirmed	PMC9165487/ADVS-9-2105391-s001.pdf: page 6 Figure S3; pmc_article text: RNF115-gp96 interaction and non-substrate conclusion	The route is exact for gp96 but remains a complex association across a membrane-topology question, not a client or degradation relationship.	complex_comember	coimmunoprecipitation;western_blot	support_only	moderate	medium	ER_Golgi_membrane_context;client_evidence_incomplete;complex_member_not_direct_binding;gp96_not_RNF115_ubiquitination_substrate;transfected_system;transmembrane_compartment_boundary	reviewed_primary_source_exact_support_flow_later	yes	no		The route is exact for gp96 but remains a complex association across a membrane-topology question, not a client or degradation relationship.	The route is exact for gp96 but remains a complex association across a membrane-topology question, not a client or degradation relationship.	RNF115 Inhibits the Post-ER Trafficking of TLRs and TLRs-Mediated Immune Responses by Catalyzing K11-Linked Ubiquitination of RAB1A and RAB13.	RNF115 and gp96 co-immunoprecipitate, but gp96 was not ubiquitinated and is explicitly judged unlikely to be an RNF115 substrate.	not_established	SRCREV-2026-07-15-V6_109-PMID35343654-HSP90B1-033
DBPRIORRES-v6_109-30833792-HSP90B1-SERPINE1	DBPRIOR-v6_109-30833792-HSP90B1-SERPINE1	30833792		A protein-interaction network of interferon-stimulated genes extends the innate immune system landscape.	HSP90B1::SERPINE1	HSP90B1	SERPINE1	BioGRID;IntAct	"Affinity Capture-MS;psi-mi:""MI:0096""(pull down)"	;High Throughput	source_package_unavailable_or_blocked			unresolved_or_speculative	unclear	context_only	unclear	low	complex_member_not_direct_binding;database_route_reconciled;high_throughput_screen;not_client_evidence;source_not_retrieved	retrieval_blocked_or_no_local_source	no	yes		No inspectable legal/local full-text package was available; the database route remains discovery context only.				not_established	
DBPRIORRES-v6_109-19299420-HSP90B1-SIRPA	DBPRIOR-v6_109-19299420-HSP90B1-SIRPA	19299420	PMC2709185	Identification of novel SHPS-1-associated proteins and their roles in regulation of insulin-like growth factor-dependent responses in vascular smooth muscle cells.	HSP90B1::SIRPA	HSP90B1	SIRPA	BioGRID	Affinity Capture-Western;Reconstituted Complex	High Throughput;High Throughput|Low Throughput;Low Throughput	source_package_inspected_pair_not_confirmed			assay_association_only	unclear	context_only	weak	low	database_route_reconciled;not_client_evidence;supplement_or_result_row_not_confirmed	reviewed_source_package_pair_not_confirmed_recheck	no	yes		The available source package was inspected, but the exact pair was not found in accessible article or supplementary result material.				not_established	
DBPRIORRES-v6_109-19343720-HSP90B1-SIRT3	DBPRIOR-v6_109-19343720-HSP90B1-SIRT3	19343720		Identification and characterization of proteins interacting with SIRT1 and SIRT3: implications in the anti-aging and metabolic effects of sirtuins.	HSP90B1::SIRT3	HSP90B1	SIRT3	BioGRID;IntAct	"Affinity Capture-MS;psi-mi:""MI:0096""(pull down)"	;Low Throughput	source_package_unavailable_or_blocked			unresolved_or_speculative	unclear	context_only	unclear	low	complex_member_not_direct_binding;database_route_reconciled;not_client_evidence;source_not_retrieved	retrieval_blocked_or_no_local_source	no	yes		No inspectable legal/local full-text package was available; the database route remains discovery context only.				not_established	
DBPRIORRES-v6_109-11726552-HSP90B1-SMARCA4	DBPRIOR-v6_109-11726552-HSP90B1-SMARCA4	11726552		Fanconi anemia protein, FANCA, associates with BRG1, a component of the human SWI/SNF complex.	HSP90B1::SMARCA4	HSP90B1	SMARCA4	BioGRID	Affinity Capture-Western	Low Throughput	source_package_unavailable_or_blocked			unresolved_or_speculative	unclear	context_only	unclear	low	complex_member_not_direct_binding;database_route_reconciled;not_client_evidence;source_not_retrieved	retrieval_blocked_or_no_local_source	no	yes		No inspectable legal/local full-text package was available; the database route remains discovery context only.				not_established	
DBPRIORRES-v6_109-11726552-HSP90B1-SMARCC1	DBPRIOR-v6_109-11726552-HSP90B1-SMARCC1	11726552		Fanconi anemia protein, FANCA, associates with BRG1, a component of the human SWI/SNF complex.	HSP90B1::SMARCC1	HSP90B1	SMARCC1	BioGRID	Affinity Capture-Western	Low Throughput	source_package_unavailable_or_blocked			unresolved_or_speculative	unclear	context_only	unclear	low	complex_member_not_direct_binding;database_route_reconciled;not_client_evidence;source_not_retrieved	retrieval_blocked_or_no_local_source	no	yes		No inspectable legal/local full-text package was available; the database route remains discovery context only.				not_established	
DBPRIORRES-v6_109-11726552-HSP90B1-SMARCC2	DBPRIOR-v6_109-11726552-HSP90B1-SMARCC2	11726552		Fanconi anemia protein, FANCA, associates with BRG1, a component of the human SWI/SNF complex.	HSP90B1::SMARCC2	HSP90B1	SMARCC2	BioGRID	Affinity Capture-Western	Low Throughput	source_package_unavailable_or_blocked			unresolved_or_speculative	unclear	context_only	unclear	low	complex_member_not_direct_binding;database_route_reconciled;not_client_evidence;source_not_retrieved	retrieval_blocked_or_no_local_source	no	yes		No inspectable legal/local full-text package was available; the database route remains discovery context only.				not_established	
DBPRIORRES-v6_109-24981860-HSP90B1-SOD1	DBPRIOR-v6_109-24981860-HSP90B1-SOD1	24981860		Human-chromatin-related protein interactions identify a demethylase complex required for chromosome segregation.	HSP90B1::SOD1	HSP90B1	SOD1	BioGRID	Affinity Capture-MS	High Throughput	source_package_unavailable_or_blocked			unresolved_or_speculative	unclear	context_only	unclear	low	complex_member_not_direct_binding;database_route_reconciled;high_throughput_screen;not_client_evidence;source_not_retrieved	retrieval_blocked_or_no_local_source	no	yes		No inspectable legal/local full-text package was available; the database route remains discovery context only.				not_established	
DBPRIORRES-v6_109-29128334-HSP90B1-SOD1	DBPRIOR-v6_109-29128334-HSP90B1-SOD1	29128334	PMC5746455	A Map of Human Mitochondrial Protein Interactions Linked to Neurodegeneration Reveals New Mechanisms of Redox Homeostasis and NF-κB Signaling.	HSP90B1::SOD1	HSP90B1	SOD1	BioGRID;IntAct	"Affinity Capture-MS;psi-mi:""MI:0030""(cross-linking study)"	;High Throughput	source_package_inspected_pair_not_confirmed			assay_association_only	unclear	context_only	weak	low	complex_member_not_direct_binding;database_route_reconciled;high_throughput_screen;not_client_evidence;supplement_or_result_row_not_confirmed	reviewed_source_package_pair_not_confirmed_recheck	no	yes		The available source package was inspected, but the exact pair was not found in accessible article or supplementary result material.				not_established	
DBPRIORRES-v6_109-18662321-HSP90B1-STAT1	DBPRIOR-v6_109-18662321-HSP90B1-STAT1	18662321	PMC2579944	Escherichia coli interaction with human brain microvascular endothelial cells induces signal transducer and activator of transcription 3 association with the C-terminal domain of Ec-gp96, the outer membrane protein A receptor for invasion.	HSP90B1::STAT1	HSP90B1	STAT1	BioGRID	Affinity Capture-Western	Low Throughput	central_primary_result_confirmed	PMC2579944/pmc_reader_text_v6_109.txt: Ec-gp96 definition and STAT1/STAT3 co-IP/colocalization result text	Exact gp96 evidence exists, but STAT1 is a constitutive comparator and the source does not establish GRP94-dependent folding or stability.	complex_comember	coimmunoprecipitation;western_blot	support_only	weak	medium	bacterial_invasion_context;cell_surface_GRP94;client_evidence_incomplete;comparator_only;complex_member_not_direct_binding;no_dynamic_response;noncanonical_compartment	reviewed_primary_source_exact_support_flow_later	yes	no		Exact gp96 evidence exists, but STAT1 is a constitutive comparator and the source does not establish GRP94-dependent folding or stability.	Exact gp96 evidence exists, but STAT1 is a constitutive comparator and the source does not establish GRP94-dependent folding or stability.	Escherichia coli interaction with human brain microvascular endothelial cells induces signal transducer and activator of transcription 3 association with the C-terminal domain of Ec-gp96, the outer membrane protein A receptor for invasion.	Phospho-STAT1 co-associated with endothelial cell-surface Ec-gp96 but did not show the infection-induced change seen for STAT3.	not_established	SRCREV-2026-07-15-V6_109-PMID18662321-HSP90B1-001
DBPRIORRES-v6_109-18662321-HSP90B1-STAT3	DBPRIOR-v6_109-18662321-HSP90B1-STAT3	18662321	PMC2579944	Escherichia coli interaction with human brain microvascular endothelial cells induces signal transducer and activator of transcription 3 association with the C-terminal domain of Ec-gp96, the outer membrane protein A receptor for invasion.	HSP90B1::STAT3	HSP90B1	STAT3	BioGRID	Affinity Capture-Western;Co-localization	Low Throughput	central_primary_result_confirmed	PMC2579944/pmc_reader_text_v6_109.txt: Ec-gp96 definition and STAT3 co-IP, colocalization, domain, and invasion result text	The source supports a context-specific gp96-associated signaling complex, not canonical ER-lumen client maturation.	complex_comember	coimmunoprecipitation;western_blot;immunofluorescence_or_microscopy;localization_secretion_trafficking;pathway_or_process_readout	support_only	moderate	medium	bacterial_invasion_context;cell_surface_GRP94;client_evidence_incomplete;complex_member_not_direct_binding;noncanonical_compartment	reviewed_primary_source_exact_support_flow_later	yes	no		The source supports a context-specific gp96-associated signaling complex, not canonical ER-lumen client maturation.	The source supports a context-specific gp96-associated signaling complex, not canonical ER-lumen client maturation.	Escherichia coli interaction with human brain microvascular endothelial cells induces signal transducer and activator of transcription 3 association with the C-terminal domain of Ec-gp96, the outer membrane protein A receptor for invasion.	Infection induced STAT3 phosphorylation and association/colocalization with endothelial cell-surface Ec-gp96; domain deletion impaired the invasion phenotype.	not_established	SRCREV-2026-07-15-V6_109-PMID18662321-HSP90B1-002
DBPRIORRES-v6_109-38884001-HSP90B1-STAT3	DBPRIOR-v6_109-38884001-HSP90B1-STAT3	38884001	PMC11180226	Mapping adipocyte interactome networks by HaloTag-enrichment-mass spectrometry.	HSP90B1::STAT3	HSP90B1	STAT3	IntAct	"psi-mi:""MI:0007""(anti tag coimmunoprecipitation)"		central_primary_result_confirmed	PMC11180226/bpae039_supplementary_data.zip::Table S13 row 2642; Table S22 rows 7 and 17	The exact rows are retained as weak screen support and are not treated as independent of the underlying database prior.	complex_comember	affinity_purification_ms;supplement_table	support_only	weak	medium	BioGRID_prior_in_same_table_not_independent;adipocyte_or_preadipocyte_state;client_evidence_incomplete;complex_member_not_direct_binding;cytosolic_transcription_factor_vs_ER_lumen;high_throughput_screen	reviewed_primary_source_exact_support_flow_later	yes	no		The exact rows are retained as weak screen support and are not treated as independent of the underlying database prior.	The exact rows are retained as weak screen support and are not treated as independent of the underlying database prior.	Mapping adipocyte interactome networks by HaloTag-enrichment-mass spectrometry.	HSP90B1-STAT3 appears in the adipocyte/pre-adipocyte compendium and HaloMS follow-up table, partly from a BioGRID prior; no GRP94-dependent STAT3 handling is tested.	not_established	SRCREV-2026-07-15-V6_109-PMID38884001-HSP90B1-052
DBPRIORRES-v6_109-26344197-HSP90B1-SUCLG2	DBPRIOR-v6_109-26344197-HSP90B1-SUCLG2	26344197	PMC5036527	Panorama of ancient metazoan macromolecular complexes.	HSP90B1::SUCLG2	HSP90B1	SUCLG2	BioGRID	Co-fractionation	High Throughput	source_package_inspected_pair_not_confirmed			assay_association_only	unclear	context_only	weak	low	complex_member_not_direct_binding;database_route_reconciled;high_throughput_screen;not_client_evidence;supplement_or_result_row_not_confirmed	reviewed_source_package_pair_not_confirmed_recheck	no	yes		The available source package was inspected, but the exact pair was not found in accessible article or supplementary result material.				not_established	
DBPRIORRES-v6_109-41249152-HSP90B1-SUCLG2	DBPRIOR-v6_109-41249152-HSP90B1-SUCLG2	41249152	PMC12623996	Knockdown of SUCLG2 inhibits glioblastoma proliferation and promotes apoptosis through LMNA acetylation and the mediation of H4K16la lactylation.	HSP90B1::SUCLG2	HSP90B1	SUCLG2	BioGRID	Affinity Capture-MS	Low Throughput	source_package_inspected_pair_not_confirmed			assay_association_only	unclear	context_only	weak	low	complex_member_not_direct_binding;database_route_reconciled;not_client_evidence;supplement_or_result_row_not_confirmed	reviewed_source_package_pair_not_confirmed_recheck	no	yes		The available source package was inspected, but the exact pair was not found in accessible article or supplementary result material.				not_established	
DBPRIORRES-v6_109-27249023-HSP90B1-SUGT1	DBPRIOR-v6_109-27249023-HSP90B1-SUGT1	27249023	PMC4889068	Calcyclin Binding Protein/Siah-1 Interacting Protein Is a Hsp90 Binding Chaperone.	HSP90B1::SUGT1	HSP90B1	SUGT1	BioGRID	Affinity Capture-Western;Co-localization	Low Throughput	wrong_isoform_primary_result	PMC4889068/pmc_article.html: human HSP90alpha/HSP90beta constructs and SGT1 cytosolic cochaperone/positive-control experiments	The paper's isoform language and constructs separate cytosolic alpha/beta biology from ER GRP94.	not_hsp90_relevant_after_review	coimmunoprecipitation;immunofluorescence_or_microscopy;western_blot	exclude	not_supportive	exclude	cytosolic_Hsp90_cochaperone_context;database_route_reconciled;do_not_merge_with_GRP94;wrong_isoform_route	reviewed_wrong_isoform_no_flow	no	no		The paper's isoform language and constructs separate cytosolic alpha/beta biology from ER GRP94.	The paper's isoform language and constructs separate cytosolic alpha/beta biology from ER GRP94.	Calcyclin Binding Protein/Siah-1 Interacting Protein Is a Hsp90 Binding Chaperone.	SGT1/SUGT1 is used in the paper as a cytosolic Hsp90 cochaperone/positive control for HSP90alpha and HSP90beta; no GRP94 route is tested.	not_established	
DBPRIORRES-v6_109-36682482-HSP90B1-TGFBR2	DBPRIOR-v6_109-36682482-HSP90B1-TGFBR2	36682482		Vorapaxar proven to be a promising candidate for pulmonary fibrosis by intervening in the PAR1/JAK2/STAT1/3 signaling pathway-an experimental in vitro and vivo study.	HSP90B1::TGFBR2	HSP90B1	TGFBR2	BioGRID	Affinity Capture-Western	Low Throughput	source_package_unavailable_or_blocked			unresolved_or_speculative	unclear	context_only	unclear	low	complex_member_not_direct_binding;database_route_reconciled;not_client_evidence;source_not_retrieved	retrieval_blocked_or_no_local_source	no	yes		No inspectable legal/local full-text package was available; the database route remains discovery context only.				not_established	
DBPRIORRES-v6_109-20562859-HSP90B1-UBA5	DBPRIOR-v6_109-20562859-HSP90B1-UBA5	20562859	PMC2901998	Network organization of the human autophagy system.	HSP90B1::UBA5	HSP90B1	UBA5	BioGRID;IntAct	"Affinity Capture-MS;psi-mi:""MI:0007""(anti tag coimmunoprecipitation)"	;High Throughput	source_package_inspected_pair_not_confirmed			assay_association_only	unclear	context_only	weak	low	complex_member_not_direct_binding;database_route_reconciled;high_throughput_screen;not_client_evidence;supplement_or_result_row_not_confirmed	reviewed_source_package_pair_not_confirmed_recheck	no	yes		The available source package was inspected, but the exact pair was not found in accessible article or supplementary result material.				not_established	
DBPRIORRES-v6_109-29128334-HSP90B1-VDAC1	DBPRIOR-v6_109-29128334-HSP90B1-VDAC1	29128334	PMC5746455	A Map of Human Mitochondrial Protein Interactions Linked to Neurodegeneration Reveals New Mechanisms of Redox Homeostasis and NF-κB Signaling.	HSP90B1::VDAC1	HSP90B1	VDAC1	BioGRID;IntAct	"Affinity Capture-MS;psi-mi:""MI:0030""(cross-linking study)"	;High Throughput	source_package_inspected_pair_not_confirmed			assay_association_only	unclear	context_only	weak	low	complex_member_not_direct_binding;database_route_reconciled;high_throughput_screen;not_client_evidence;supplement_or_result_row_not_confirmed	reviewed_source_package_pair_not_confirmed_recheck	no	yes		The available source package was inspected, but the exact pair was not found in accessible article or supplementary result material.				not_established	
DBPRIORRES-v6_109-31536960-HSP90B1-VDAC1	DBPRIOR-v6_109-31536960-HSP90B1-VDAC1	31536960	PMC6831851	Rewiring of the Human Mitochondrial Interactome during Neuronal Reprogramming Reveals Regulators of the Respirasome and Neurogenesis.	HSP90B1::VDAC1	HSP90B1	VDAC1	BioGRID	Co-fractionation	High Throughput	central_primary_result_confirmed	PMC6831851/mmc3.xlsx: DN PPI row 1414, DF PPI row 2579, and cell-type row 2033; mmc4.xlsx: Intra complex PPI row 1624	The exact table hit is a co-fractionation/complex signal and is not evidence of GRP94 client handling.	complex_comember	structural_complex;supplement_table	support_only	weak	medium	ER_outer_mitochondrial_membrane_compartment_discordance;client_evidence_incomplete;cofractionation_only;complex_member_not_direct_binding;isoform_exclusivity_not_tested;large_mixed_complex;neuron_specific;screen_only	reviewed_primary_source_exact_support_flow_later	yes	no		The exact table hit is a co-fractionation/complex signal and is not evidence of GRP94 client handling.	The exact table hit is a co-fractionation/complex signal and is not evidence of GRP94 client handling.	Rewiring of the Human Mitochondrial Interactome during Neuronal Reprogramming Reveals Regulators of the Respirasome and Neurogenesis.	HSP90B1 and VDAC1 co-occur in neuronal complexome/PPI tables and a large mixed-organelle complex; this does not establish a luminal GRP94–VDAC1 contact.	not_established	SRCREV-2026-07-15-V6_109-PMID31536960-HSP90B1-020
DBPRIORRES-v6_109-10887119-HSP90B1-VWF	DBPRIOR-v6_109-10887119-HSP90B1-VWF	10887119		A novel von Willebrand disease-causing mutation (Arg273Trp) in the von Willebrand factor propeptide that results in defective multimerization and secretion.	HSP90B1::VWF	HSP90B1	VWF	BioGRID	Affinity Capture-Western	Low Throughput	source_package_unavailable_or_blocked			unresolved_or_speculative	unclear	context_only	unclear	low	complex_member_not_direct_binding;database_route_reconciled;not_client_evidence;source_not_retrieved	retrieval_blocked_or_no_local_source	no	yes		No inspectable legal/local full-text package was available; the database route remains discovery context only.				not_established	
DBPRIORRES-v6_109-26084290-TRAP1-BRAF	DBPRIOR-v6_109-26084290-TRAP1-BRAF	26084290	PMC4673164	Targeting TRAP1 as a downstream effector of BRAF cytoprotective pathway: a novel strategy for human BRAF-driven colorectal carcinoma.	TRAP1::BRAF	TRAP1	BRAF	BioGRID	Affinity Capture-Western	Low Throughput	central_primary_result_confirmed	Figures 3A-B show reduced cytosolic/mitochondrial BRAF after TRAP1 loss; Figures 4A-B show reciprocal co-IP; Figures 5-6 show BRAF-dependent TRAP1 phosphorylation and cytoprotection; BRAF ubiquitination control is cited from prior work	Admit the exact reciprocal association and dependence evidence, but retain candidate-client status rather than a validated folding client	candidate_client	coimmunoprecipitation;knockout_or_knockdown;western_blot;localization_secretion_trafficking;pathway_or_process_readout;inhibitor_pharmacology	anchor_direct	strong	high	client_evidence_incomplete;disease_specific;mutant_or_variant_specific;organelle_context;single_tissue_or_model_context	reviewed_primary_source_exact_support_flow_later	yes	no		Admit the exact reciprocal association and dependence evidence, but retain candidate-client status rather than a validated folding client	Admit the exact reciprocal association and dependence evidence, but retain candidate-client status rather than a validated folding client	The paper separates ER-associated TRAP1 control of BRAF synthesis/ubiquitination from mitochondrial BRAF-TRAP1 cytoprotection, and BRAF also regulates TRAP1 phosphorylation	none	candidate_client_only	SRCREV-2026-07-15-V6_109-PMID26084290-TRAP1-013
DBPRIORRES-v6_109-22904065-TRAP1-C1QBP	DBPRIOR-v6_109-22904065-TRAP1-C1QBP	22904065	PMC3479211	p32/gC1qR is indispensable for fetal development and mitochondrial translation: importance of its RNA-binding ability.	TRAP1::C1QBP	TRAP1	C1QBP	BioGRID	Affinity Capture-MS	Low Throughput	central_primary_result_confirmed	PMID22904065 Table 2 lists TRAP1 among proteins identified by crosslinked p32/C1QBP-HA IP-LC-MS/MS; targeted validation was performed for mitoribosomal proteins, not TRAP1; PMID34079125 is blocked	Admit exact mitochondrial co-complex support with no direct-binding or client interpretation	complex_comember	affinity_purification_ms	support_only	moderate	high	client_evidence_incomplete;complex_member_not_direct_binding;organelle_context	reviewed_primary_source_exact_support_flow_later	yes	no		Admit exact mitochondrial co-complex support with no direct-binding or client interpretation	Admit exact mitochondrial co-complex support with no direct-binding or client interpretation	Both proteins are mitochondrial and the experiment was performed on p32 complexes in mitochondrial translation context, but TRAP1 was not individually validated	none	not_established	SRCREV-2026-07-15-V6_109-PMID22904065-TRAP1-006
DBPRIORRES-v6_109-34079125-TRAP1-C1QBP	DBPRIOR-v6_109-34079125-TRAP1-C1QBP	34079125		A proximity-dependent biotinylation map of a human cell.	TRAP1::C1QBP	TRAP1	C1QBP	BioGRID	Proximity Label-MS	High Throughput	source_package_unavailable_or_blocked			unresolved_or_speculative	unclear	context_only	unclear	low	complex_member_not_direct_binding;database_route_reconciled;high_throughput_screen;not_client_evidence;source_not_retrieved	retrieval_blocked_or_no_local_source	no	yes		No inspectable legal/local full-text package was available; the database route remains discovery context only.				not_established	
DBPRIORRES-v6_109-28678347-TRAP1-CCNB1	DBPRIOR-v6_109-28678347-TRAP1-CCNB1	28678347		TRAP1 controls cell cycle G2-M transition through the regulation of CDK1 and MAD2 expression/ubiquitination.	TRAP1::CCNB1	TRAP1	CCNB1	BioGRID	Affinity Capture-Western	Low Throughput	central_primary_result_confirmed	Figures 1C-G and 3A-C show TRAP1-dependent cyclin B1 abundance/nuclear CDK1-cyclin B1 complex and co-IP; Figure 4C shows increased ubiquitination, but Discussion explicitly states interaction and stability may be indirect through CDK1	Integrate as a condition-specific TRAP1-associated cell-cycle complex/regulatory target, not as a client	complex_comember	coimmunoprecipitation;knockout_or_knockdown;western_blot;stability_degradation_turnover;localization_secretion_trafficking	support_only	moderate	high	client_evidence_incomplete;complex_member_not_direct_binding;disease_specific;organelle_context;regulatory_relationship_not_client;single_tissue_or_model_context	reviewed_primary_source_exact_support_flow_later	yes	no		Integrate as a condition-specific TRAP1-associated cell-cycle complex/regulatory target, not as a client	Integrate as a condition-specific TRAP1-associated cell-cycle complex/regulatory target, not as a client	Extra-mitochondrial cell-cycle complex observed outside fragmented nuclei; no mitochondrial cyclin B1 interaction is established	none	not_established	SRCREV-2026-07-15-V6_109-PMID28678347-TRAP1-016
DBPRIORRES-v6_109-29128334-TRAP1-COX15	DBPRIOR-v6_109-29128334-TRAP1-COX15	29128334	PMC5746455	A Map of Human Mitochondrial Protein Interactions Linked to Neurodegeneration Reveals New Mechanisms of Redox Homeostasis and NF-κB Signaling.	TRAP1::COX15	TRAP1	COX15	BioGRID;IntAct	"Affinity Capture-MS;psi-mi:""MI:0030""(cross-linking study)"	;High Throughput	source_package_inspected_pair_not_confirmed			assay_association_only	unclear	context_only	weak	low	complex_member_not_direct_binding;database_route_reconciled;high_throughput_screen;not_client_evidence;supplement_or_result_row_not_confirmed	reviewed_source_package_pair_not_confirmed_recheck	no	yes		The available source package was inspected, but the exact pair was not found in accessible article or supplementary result material.				not_established	
DBPRIORRES-v6_109-34079125-TRAP1-COX15	DBPRIOR-v6_109-34079125-TRAP1-COX15	34079125		A proximity-dependent biotinylation map of a human cell.	TRAP1::COX15	TRAP1	COX15	BioGRID	Proximity Label-MS	High Throughput	source_package_unavailable_or_blocked			unresolved_or_speculative	unclear	context_only	unclear	low	complex_member_not_direct_binding;database_route_reconciled;high_throughput_screen;not_client_evidence;source_not_retrieved	retrieval_blocked_or_no_local_source	no	yes		No inspectable legal/local full-text package was available; the database route remains discovery context only.				not_established	
DBPRIORRES-v6_109-27173435-TRAP1-CS	DBPRIOR-v6_109-27173435-TRAP1-CS	27173435	PMC4869170	An organelle-specific protein landscape identifies novel diseases and molecular mechanisms.	TRAP1::CS	TRAP1	CS	BioGRID	Affinity Capture-MS	High Throughput	central_primary_result_confirmed	PMID27173435 Supplementary Data file 3 row 2596 is CS-TRAP1 with Syscilia score 6.12241 and FDR 0.08333; PMID31536960 Complex List row 7 places CS and TRAP1 in CID003; PMID34079125 is blocked	Admit exact complex-level support with a screen cap; do not call direct binding or client status	complex_comember	affinity_purification_ms;proteomics_abundance	support_only	moderate	medium	client_evidence_incomplete;complex_member_not_direct_binding;organelle_context	reviewed_primary_source_exact_support_flow_later	yes	no		Admit exact complex-level support with a screen cap; do not call direct binding or client status	Admit exact complex-level support with a screen cap; do not call direct binding or client status	Both proteins are mitochondrial, but AP-MS/co-fractionation supports co-complex behavior rather than a chaperone-substrate mechanism	none	not_established	SRCREV-2026-07-15-V6_109-PMID27173435-TRAP1-015
DBPRIORRES-v6_109-31536960-TRAP1-CS	DBPRIOR-v6_109-31536960-TRAP1-CS	31536960	PMC6831851	Rewiring of the Human Mitochondrial Interactome during Neuronal Reprogramming Reveals Regulators of the Respirasome and Neurogenesis.	TRAP1::CS	TRAP1	CS	BioGRID	Co-fractionation	High Throughput	central_primary_result_confirmed	PMID27173435 Supplementary Data file 3 row 2596 is CS-TRAP1 with Syscilia score 6.12241 and FDR 0.08333; PMID31536960 Complex List row 7 places CS and TRAP1 in CID003; PMID34079125 is blocked	Admit exact complex-level support with a screen cap; do not call direct binding or client status	complex_comember	affinity_purification_ms;proteomics_abundance	support_only	moderate	medium	client_evidence_incomplete;complex_member_not_direct_binding;organelle_context	reviewed_primary_source_exact_support_flow_later	yes	no		Admit exact complex-level support with a screen cap; do not call direct binding or client status	Admit exact complex-level support with a screen cap; do not call direct binding or client status	Both proteins are mitochondrial, but AP-MS/co-fractionation supports co-complex behavior rather than a chaperone-substrate mechanism	none	not_established	SRCREV-2026-07-15-V6_109-PMID31536960-TRAP1-021
DBPRIORRES-v6_109-34079125-TRAP1-CS	DBPRIOR-v6_109-34079125-TRAP1-CS	34079125		A proximity-dependent biotinylation map of a human cell.	TRAP1::CS	TRAP1	CS	BioGRID	Proximity Label-MS	High Throughput	source_package_unavailable_or_blocked			unresolved_or_speculative	unclear	context_only	unclear	low	complex_member_not_direct_binding;database_route_reconciled;high_throughput_screen;not_client_evidence;source_not_retrieved	retrieval_blocked_or_no_local_source	no	yes		No inspectable legal/local full-text package was available; the database route remains discovery context only.				not_established	
DBPRIORRES-v6_109-27173435-TRAP1-DNAJC8	DBPRIOR-v6_109-27173435-TRAP1-DNAJC8	27173435	PMC4869170	An organelle-specific protein landscape identifies novel diseases and molecular mechanisms.	TRAP1::DNAJC8	TRAP1	DNAJC8	BioGRID	Affinity Capture-MS	High Throughput	central_primary_result_confirmed	PMID27173435 Supplementary Data file 3 row 2798 is DNAJC8-TRAP1 with score 6.10209 and FDR 0.08333; PMID35831314 EPIC PPI row 4695 is DNAJC8-TRAP1 and both occur in the same large complex across three cell lines	Admit only capped exact complex support and retain a mandatory compartment recheck	complex_comember	affinity_purification_ms;proteomics_abundance	support_only	moderate	medium	client_evidence_incomplete;complex_member_not_direct_binding;false_positive_candidate;localization_or_trafficking_context;organelle_context	reviewed_primary_source_exact_support_flow_later	yes	yes		Admit only capped exact complex support and retain a mandatory compartment recheck	Admit only capped exact complex support and retain a mandatory compartment recheck	DNAJC8 is chiefly nuclear/spliceosomal in the second screen; repeated co-complex assignment creates a marked compartment mismatch with canonical mitochondrial TRAP1	Compartment mismatch and large-complex membership require targeted co-IP/localization before mechanism	not_established	SRCREV-2026-07-15-V6_109-PMID27173435-TRAP1-014
DBPRIORRES-v6_109-35831314-TRAP1-DNAJC8	DBPRIOR-v6_109-35831314-TRAP1-DNAJC8	35831314	PMC9279285	Scalable multiplex co-fractionation/mass spectrometry platform for accelerated protein interactome discovery.	TRAP1::DNAJC8	TRAP1	DNAJC8	BioGRID	Co-fractionation	High Throughput	central_primary_result_confirmed	PMID27173435 Supplementary Data file 3 row 2798 is DNAJC8-TRAP1 with score 6.10209 and FDR 0.08333; PMID35831314 EPIC PPI row 4695 is DNAJC8-TRAP1 and both occur in the same large complex across three cell lines	Admit only capped exact complex support and retain a mandatory compartment recheck	complex_comember	affinity_purification_ms;proteomics_abundance	support_only	moderate	medium	client_evidence_incomplete;complex_member_not_direct_binding;false_positive_candidate;localization_or_trafficking_context;organelle_context	reviewed_primary_source_exact_support_flow_later	yes	yes		Admit only capped exact complex support and retain a mandatory compartment recheck	Admit only capped exact complex support and retain a mandatory compartment recheck	DNAJC8 is chiefly nuclear/spliceosomal in the second screen; repeated co-complex assignment creates a marked compartment mismatch with canonical mitochondrial TRAP1	Compartment mismatch and large-complex membership require targeted co-IP/localization before mechanism	not_established	SRCREV-2026-07-15-V6_109-PMID35831314-TRAP1-042
DBPRIORRES-v6_109-24113185-TRAP1-EEF1A1	DBPRIOR-v6_109-24113185-TRAP1-EEF1A1	24113185	PMC3824688	Translational control in the stress adaptive response of cancer cells: a novel role for the heat shock protein TRAP1.	TRAP1::EEF1A1	TRAP1	EEF1A1	BioGRID	Affinity Capture-Western	Low Throughput	central_primary_result_confirmed	Results and Figure 3A/C plus Supplementary Figure S2: AP-MS followed by selective co-IP of TRAP1 with eEF1A and eEF1A colocalization	Admit the targeted TRAP1-eEF1A association but cap gene-level confidence because the paper and antibody do not distinguish EEF1A1 from EEF1A2	direct_binding_partner	affinity_purification_ms;coimmunoprecipitation;immunofluorescence_or_microscopy	anchor_direct	strong	medium	antibody_specificity_risk;client_evidence_incomplete;disease_specific;organelle_context;paralog_or_peptide_ambiguity;single_tissue_or_model_context	reviewed_primary_source_exact_support_flow_later	yes	no		Admit the targeted TRAP1-eEF1A association but cap gene-level confidence because the paper and antibody do not distinguish EEF1A1 from EEF1A2	Admit the targeted TRAP1-eEF1A association but cap gene-level confidence because the paper and antibody do not distinguish EEF1A1 from EEF1A2	Association is reported in cytosolic translation/ribosome and stress-adaptive CRC context, not the mitochondrial matrix	none	not_established	SRCREV-2026-07-15-V6_109-PMID24113185-TRAP1-010
DBPRIORRES-v6_109-24113185-TRAP1-EEF1G	DBPRIOR-v6_109-24113185-TRAP1-EEF1G	24113185	PMC3824688	Translational control in the stress adaptive response of cancer cells: a novel role for the heat shock protein TRAP1.	TRAP1::EEF1G	TRAP1	EEF1G	BioGRID	Affinity Capture-Western	Low Throughput	central_primary_result_confirmed	Results and Figure 3A/C plus Supplementary Figure S2: AP-MS followed by selective co-IP of TRAP1 with eEF1G	Admit the exact targeted association as a non-client translation-network partner	direct_binding_partner	affinity_purification_ms;coimmunoprecipitation	anchor_direct	strong	high	client_evidence_incomplete;disease_specific;organelle_context;single_tissue_or_model_context	reviewed_primary_source_exact_support_flow_later	yes	no		Admit the exact targeted association as a non-client translation-network partner	Admit the exact targeted association as a non-client translation-network partner	Association is in the cytosolic translation apparatus under cancer/stress-adaptation conditions, not shown in mitochondria	none	not_established	SRCREV-2026-07-15-V6_109-PMID24113185-TRAP1-008
DBPRIORRES-v6_109-24113185-TRAP1-EIF2AK4	DBPRIOR-v6_109-24113185-TRAP1-EIF2AK4	24113185	PMC3824688	Translational control in the stress adaptive response of cancer cells: a novel role for the heat shock protein TRAP1.	TRAP1::EIF2AK4	TRAP1	EIF2AK4	BioGRID	Affinity Capture-Western	Low Throughput	central_primary_result_confirmed	Results and Figure 4B-D: GCN2/EIF2AK4 co-IP and colocalization with TRAP1; phospho-GCN2 is lower after TRAP1 knockdown during nutrient deprivation	Admit exact association plus activity dependence as a downstream regulatory target, not a client	downstream_regulated_target	coimmunoprecipitation;immunofluorescence_or_microscopy;knockout_or_knockdown;western_blot;pathway_or_process_readout	directional_support	strong	high	antibody_specificity_risk;disease_specific;organelle_context;regulatory_relationship_not_client;single_tissue_or_model_context;stress_response_context	reviewed_primary_source_exact_support_flow_later	yes	no		Admit exact association plus activity dependence as a downstream regulatory target, not a client	Admit exact association plus activity dependence as a downstream regulatory target, not a client	Stress-responsive GCN2-eIF2alpha signaling is cytosolic/ER-facing; mitochondrial TRAP1 participation is not localized	none	not_established	SRCREV-2026-07-15-V6_109-PMID24113185-TRAP1-011
DBPRIORRES-v6_109-24113185-TRAP1-EIF4A1	DBPRIOR-v6_109-24113185-TRAP1-EIF4A1	24113185	PMC3824688	Translational control in the stress adaptive response of cancer cells: a novel role for the heat shock protein TRAP1.	TRAP1::EIF4A1	TRAP1	EIF4A1	BioGRID	Affinity Capture-Western	Low Throughput	central_primary_result_confirmed	Results and Figure 3A/C plus Supplementary Figure S2: AP-MS followed by selective co-IP of TRAP1 with eIF4A	Admit the targeted eIF4A association but cap EIF4A1 gene-level confidence because the paper uses protein-class naming	direct_binding_partner	affinity_purification_ms;coimmunoprecipitation	anchor_direct	strong	medium	antibody_specificity_risk;client_evidence_incomplete;disease_specific;organelle_context;paralog_or_peptide_ambiguity;single_tissue_or_model_context	reviewed_primary_source_exact_support_flow_later	yes	no		Admit the targeted eIF4A association but cap EIF4A1 gene-level confidence because the paper uses protein-class naming	Admit the targeted eIF4A association but cap EIF4A1 gene-level confidence because the paper uses protein-class naming	Association is in the cytosolic translation apparatus and stress-adaptive CRC setting, not demonstrated in mitochondria	none	not_established	SRCREV-2026-07-15-V6_109-PMID24113185-TRAP1-009
DBPRIORRES-v6_109-34079125-TRAP1-ELAC2	DBPRIOR-v6_109-34079125-TRAP1-ELAC2	34079125		A proximity-dependent biotinylation map of a human cell.	TRAP1::ELAC2	TRAP1	ELAC2	BioGRID	Proximity Label-MS	High Throughput	source_package_unavailable_or_blocked			unresolved_or_speculative	unclear	context_only	unclear	low	complex_member_not_direct_binding;database_route_reconciled;high_throughput_screen;not_client_evidence;source_not_retrieved	retrieval_blocked_or_no_local_source	no	yes		No inspectable legal/local full-text package was available; the database route remains discovery context only.				not_established	
DBPRIORRES-v6_109-37071682-TRAP1-ELAC2	DBPRIOR-v6_109-37071682-TRAP1-ELAC2	37071682	PMC10151615	Cross-linking mass spectrometry discovers, evaluates, and corroborates structures and protein-protein interactions in the human cell.	TRAP1::ELAC2	TRAP1	ELAC2	BioGRID	Cross-Linking-MS (XL-MS)	High Throughput	central_primary_result_confirmed	PMID37071682 Crosslinked peptides sheet row 12160 contains an intermolecular DSSO crosslink between ELAC2 Q9BQ52 residue-region peptide SQYPEIIFLGTGSAIPMK and TRAP1 Q12931 peptide EDIAKLLR, labeled Mitochondria; PMID34079125 is blocked	Admit the exact mitochondrial crosslink as direct-contact evidence, capped at moderate/medium and explicitly non-client	direct_binding_partner	structural_complex	anchor_direct	moderate	medium	client_evidence_incomplete;organelle_context;single_tissue_or_model_context	reviewed_primary_source_exact_support_flow_later	yes	no		Admit the exact mitochondrial crosslink as direct-contact evidence, capped at moderate/medium and explicitly non-client	Admit the exact mitochondrial crosslink as direct-contact evidence, capped at moderate/medium and explicitly non-client	The exact crosslink is assigned to the mitochondrial organelle fraction and is topologically plausible, but it is a high-throughput XL-MS result without orthogonal targeted validation	none	not_established	SRCREV-2026-07-15-V6_109-PMID37071682-TRAP1-047
DBPRIORRES-v6_109-10545594-TRAP1-EXT2	DBPRIOR-v6_109-10545594-TRAP1-EXT2	10545594		A direct interaction between EXT proteins and glycosyltransferases is defective in hereditary multiple exostoses.	TRAP1::EXT2	TRAP1	EXT2	BioGRID	Reconstituted Complex;Two-hybrid	Low Throughput	source_package_unavailable_or_blocked			unresolved_or_speculative	unclear	context_only	unclear	low	database_route_reconciled;not_client_evidence;source_not_retrieved	retrieval_blocked_or_no_local_source	no	yes		No inspectable legal/local full-text package was available; the database route remains discovery context only.				not_established	
DBPRIORRES-v6_109-19019082-TRAP1-HGS	DBPRIOR-v6_109-19019082-TRAP1-HGS	19019082	PMC2647816	Proteomic analysis reveals Hrs ubiquitin-interacting motif-mediated ubiquitin signaling in multiple cellular processes.	TRAP1::HGS	TRAP1	HGS	BioGRID	Reconstituted Complex	Low Throughput	central_nonflow_decision	Discussion/result interpretation identifies TRAP1 among putative ubiquitinated adaptor proteins recognized by the Hrs/HGS UIM; no TRAP1-specific validation figure is present	Keep as exact ubiquitin/UIM assay context; do not integrate as direct binding or client evidence	assay_association_only	affinity_purification_ms;direct_binding_biochemistry	context_only	weak	medium	assay_only;client_evidence_incomplete;direct_binding_unclear;localization_or_trafficking_context;organelle_context	reviewed_context_only_no_flow	no	no		Keep as exact ubiquitin/UIM assay context; do not integrate as direct binding or client evidence	Keep as exact ubiquitin/UIM assay context; do not integrate as direct binding or client evidence	HGS is endosomal and the result is an Hrs-UIM ubiquitin-recognition context; no mitochondrial TRAP1 compartment or direct HGS-TRAP1 contact is established	none	not_established	
DBPRIORRES-v6_109-28380382-TRAP1-HSCB	DBPRIOR-v6_109-28380382-TRAP1-HSCB	28380382	PMC12285277	A Single Adaptable Cochaperone-Scaffold Complex Delivers Nascent Iron-Sulfur Clusters to Mammalian Respiratory Chain Complexes I-III.	TRAP1::HSCB	TRAP1	HSCB	BioGRID;IntAct	"Affinity Capture-MS;psi-mi:""MI:0007""(anti tag coimmunoprecipitation)"	;High Throughput	source_package_inspected_pair_not_confirmed			assay_association_only	unclear	context_only	weak	low	complex_member_not_direct_binding;database_route_reconciled;high_throughput_screen;not_client_evidence;supplement_or_result_row_not_confirmed	reviewed_source_package_pair_not_confirmed_recheck	no	yes		The available source package was inspected, but the exact pair was not found in accessible article or supplementary result material.				not_established	
DBPRIORRES-v6_109-28678347-TRAP1-MAD2L1	DBPRIOR-v6_109-28678347-TRAP1-MAD2L1	28678347		TRAP1 controls cell cycle G2-M transition through the regulation of CDK1 and MAD2 expression/ubiquitination.	TRAP1::MAD2L1	TRAP1	MAD2L1	BioGRID	Affinity Capture-Western;Co-localization	Low Throughput	central_nonflow_decision	Figures 3C-D show TRAP1-MAD2 co-IP/PLA; Figure 4C shows increased MAD2 ubiquitination after TRAP1/TBP7 loss; Figure 5A shows CDK1 rescue of MAD2 abundance	Do not double-count; retain the existing moderate/high directional-support regulatory-target decision and no promotion	downstream_regulated_target	coimmunoprecipitation;immunofluorescence_or_microscopy;knockout_or_knockdown;western_blot;stability_degradation_turnover;pathway_or_process_readout	directional_support	moderate	high	client_evidence_incomplete;degradation_not_stabilization;disease_specific;organelle_context;regulatory_relationship_not_client;single_tissue_or_model_context	existing_source_review_governs	prior_review	no		Do not double-count; retain the existing moderate/high directional-support regulatory-target decision and no promotion	Do not double-count; retain the existing moderate/high directional-support regulatory-target decision and no promotion	Extra-mitochondrial mitotic checkpoint context; interaction is observed outside fragmented nuclei and is not a mitochondrial matrix claim	none	not_established	
DBPRIORRES-v6_109-21150319-TRAP1-MYC	DBPRIOR-v6_109-21150319-TRAP1-MYC	21150319	PMC3047814	Proteomic profiling of Myc-associated proteins.	TRAP1::MYC	TRAP1	MYC	IntAct	"psi-mi:""MI:0676""(tandem affinity purification)"		source_package_inspected_pair_not_confirmed			assay_association_only	unclear	context_only	weak	low	complex_member_not_direct_binding;database_route_reconciled;high_throughput_screen;not_client_evidence;supplement_or_result_row_not_confirmed	reviewed_source_package_pair_not_confirmed_recheck	no	yes		The available source package was inspected, but the exact pair was not found in accessible article or supplementary result material.				not_established	
DBPRIORRES-v6_109-36424410-TRAP1-MYC	DBPRIOR-v6_109-36424410-TRAP1-MYC	36424410		MYC multimers shield stalled replication forks from RNA polymerase.	TRAP1::MYC	TRAP1	MYC	BioGRID	Proximity Label-MS	High Throughput	source_package_unavailable_or_blocked			unresolved_or_speculative	unclear	context_only	unclear	low	complex_member_not_direct_binding;database_route_reconciled;high_throughput_screen;not_client_evidence;source_not_retrieved	retrieval_blocked_or_no_local_source	no	yes		No inspectable legal/local full-text package was available; the database route remains discovery context only.				not_established	
DBPRIORRES-v6_109-29128334-TRAP1-PDHA1	DBPRIOR-v6_109-29128334-TRAP1-PDHA1	29128334	PMC5746455	A Map of Human Mitochondrial Protein Interactions Linked to Neurodegeneration Reveals New Mechanisms of Redox Homeostasis and NF-κB Signaling.	TRAP1::PDHA1	TRAP1	PDHA1	BioGRID;IntAct	"Affinity Capture-MS;psi-mi:""MI:0030""(cross-linking study)"	;High Throughput	source_package_inspected_pair_not_confirmed			assay_association_only	unclear	context_only	weak	low	complex_member_not_direct_binding;database_route_reconciled;high_throughput_screen;not_client_evidence;supplement_or_result_row_not_confirmed	reviewed_source_package_pair_not_confirmed_recheck	no	yes		The available source package was inspected, but the exact pair was not found in accessible article or supplementary result material.				not_established	
DBPRIORRES-v6_109-34079125-TRAP1-PDHA1	DBPRIOR-v6_109-34079125-TRAP1-PDHA1	34079125		A proximity-dependent biotinylation map of a human cell.	TRAP1::PDHA1	TRAP1	PDHA1	BioGRID	Proximity Label-MS	High Throughput	source_package_unavailable_or_blocked			unresolved_or_speculative	unclear	context_only	unclear	low	complex_member_not_direct_binding;database_route_reconciled;high_throughput_screen;not_client_evidence;source_not_retrieved	retrieval_blocked_or_no_local_source	no	yes		No inspectable legal/local full-text package was available; the database route remains discovery context only.				not_established	
DBPRIORRES-v6_109-33025742-TRAP1-PFKM	DBPRIOR-v6_109-33025742-TRAP1-PFKM	33025742	PMC7718945	TRAP1 enhances Warburg metabolism through modulation of PFK1 expression/activity and favors resistance to EGFR inhibitors in human colorectal carcinomas.	TRAP1::PFKM	TRAP1	PFKM	BioGRID	Affinity Capture-Western;Co-localization	Low Throughput	source_package_inspected_pair_not_confirmed			assay_association_only	unclear	context_only	weak	low	complex_member_not_direct_binding;database_route_reconciled;not_client_evidence;supplement_or_result_row_not_confirmed	reviewed_source_package_pair_not_confirmed_recheck	no	yes		The available source package was inspected, but the exact pair was not found in accessible article or supplementary result material.				not_established	
DBPRIORRES-v6_109-28330616-TRAP1-PHOSPHO1	DBPRIOR-v6_109-28330616-TRAP1-PHOSPHO1	28330616		Systematic Analysis of Human Protein Phosphatase Interactions and Dynamics.	TRAP1::PHOSPHO1	TRAP1	PHOSPHO1	BioGRID;IntAct	"Affinity Capture-MS;psi-mi:""MI:0096""(pull down)"	;High Throughput	source_package_unavailable_or_blocked			unresolved_or_speculative	unclear	context_only	unclear	low	complex_member_not_direct_binding;database_route_reconciled;high_throughput_screen;not_client_evidence;source_not_retrieved	retrieval_blocked_or_no_local_source	no	yes		No inspectable legal/local full-text package was available; the database route remains discovery context only.				not_established	
DBPRIORRES-v6_109-31980649-TRAP1-PRKD1	DBPRIOR-v6_109-31980649-TRAP1-PRKD1	31980649	PMC6981206	Extensive rewiring of the EGFR network in colorectal cancer cells expressing transforming levels of KRASG13D.	TRAP1::PRKD1	TRAP1	PRKD1	BioGRID;IntAct	"Affinity Capture-MS;psi-mi:""MI:0007""(anti tag coimmunoprecipitation)"	;High Throughput	central_primary_result_confirmed	MOESM6 mtKRAS-Hi interactions row 2102: PRKD1 bait-TRAP1 prey, SILAC ratio 1.4175, p=0.00117, Significance A=0.04683, absent from mtKRAS-Lo and not significantly rewired; MOESM8 union network preserves the edge	Admit only as a capped exact AP-MS association; require targeted compartment-aware validation before mechanistic use	assay_association_only	affinity_purification_ms	support_only	weak	medium	assay_only;client_evidence_incomplete;direct_binding_unclear;organelle_context;single_tissue_or_model_context	reviewed_primary_source_exact_support_flow_later	yes	yes		Admit only as a capped exact AP-MS association; require targeted compartment-aware validation before mechanistic use	Admit only as a capped exact AP-MS association; require targeted compartment-aware validation before mechanistic use	PRKD1 is not a canonical mitochondrial resident; lysis-based AP-MS does not establish a mitochondrial or ER-facing contact	Exact screen edge is near the study threshold, condition-specific, and lacks targeted co-IP or compartment validation	not_established	SRCREV-2026-07-15-V6_109-PMID31980649-TRAP1-025
DBPRIORRES-v6_109-21979464-TRAP1-PSMC4	DBPRIOR-v6_109-21979464-TRAP1-PSMC4	21979464	PMC3307973	TRAP1 and the proteasome regulatory particle TBP7/Rpt3 interact in the endoplasmic reticulum and control cellular ubiquitination of specific mitochondrial proteins.	TRAP1::PSMC4	TRAP1	PSMC4	BioGRID	Affinity Capture-Western;FRET	Low Throughput	central_primary_result_confirmed	Figure 1A-C confirms AP-MS/co-IP and ER fraction association; Figure 1D FRET supports direct TRAP1-TBP7/Rpt3 contact; Figure 1E-H localizes both to the outer face of ER membranes	Admit as a strong direct TRAP1 partner with explicit ER-facing localization; do not classify PSMC4 as a client	direct_binding_partner	affinity_purification_ms;coimmunoprecipitation;lumier_or_complementation;immunofluorescence_or_microscopy;localization_secretion_trafficking	anchor_direct	strong	high	antibody_specificity_risk;organelle_context;single_tissue_or_model_context	reviewed_primary_source_exact_support_flow_later	yes	no		Admit as a strong direct TRAP1 partner with explicit ER-facing localization; do not classify PSMC4 as a client	Admit as a strong direct TRAP1 partner with explicit ER-facing localization; do not classify PSMC4 as a client	The interaction is specifically ER-associated on the cytosolic face and supports ER-mitochondria quality-control crosstalk, not a mitochondrial-matrix complex	none	not_established	SRCREV-2026-07-15-V6_109-PMID21979464-TRAP1-005
DBPRIORRES-v6_109-27499296-TRAP1-PTPMT1	DBPRIOR-v6_109-27499296-TRAP1-PTPMT1	27499296	PMC4992456	Mitochondrial Protein Interaction Mapping Identifies Regulators of Respiratory Chain Function.	TRAP1::PTPMT1	TRAP1	PTPMT1	IntAct	"psi-mi:""MI:0007""(anti tag coimmunoprecipitation)"		source_package_inspected_pair_not_confirmed			assay_association_only	unclear	context_only	weak	low	complex_member_not_direct_binding;database_route_reconciled;high_throughput_screen;not_client_evidence;supplement_or_result_row_not_confirmed	reviewed_source_package_pair_not_confirmed_recheck	no	yes		The available source package was inspected, but the exact pair was not found in accessible article or supplementary result material.				not_established	
DBPRIORRES-v6_109-34079125-TRAP1-PTPMT1	DBPRIOR-v6_109-34079125-TRAP1-PTPMT1	34079125		A proximity-dependent biotinylation map of a human cell.	TRAP1::PTPMT1	TRAP1	PTPMT1	BioGRID	Proximity Label-MS	High Throughput	source_package_unavailable_or_blocked			unresolved_or_speculative	unclear	context_only	unclear	low	complex_member_not_direct_binding;database_route_reconciled;high_throughput_screen;not_client_evidence;source_not_retrieved	retrieval_blocked_or_no_local_source	no	yes		No inspectable legal/local full-text package was available; the database route remains discovery context only.				not_established	
DBPRIORRES-v6_109-36244648-TRAP1-RAF1	DBPRIOR-v6_109-36244648-TRAP1-RAF1	36244648	PMC9772558	HDLBP Promotes Hepatocellular Carcinoma Proliferation and Sorafenib Resistance by Suppressing Trim71-dependent RAF1 Degradation.	TRAP1::RAF1	TRAP1	RAF1	BioGRID	Affinity Capture-MS	Low Throughput	central_primary_result_confirmed	PMID36244648 mmc1 CoIP with RAF1 in HepG2 row 501 detects TRAP1 in one of three AP-MS replicates; PMID38496616 media-1 Pancreatic row 109 gives TRAP1 SAINT 0.95/log2FC 1.585, whereas Melanoma row 705 gives SAINT 0.21/log2FC 0.81	Admit recurrent exact screen-level co-complex support; do not call direct binding or a RAF1 client	complex_comember	affinity_purification_ms	support_only	moderate	medium	client_evidence_incomplete;complex_member_not_direct_binding;disease_specific;organelle_context;single_tissue_or_model_context	reviewed_primary_source_exact_support_flow_later	yes	yes		Admit recurrent exact screen-level co-complex support; do not call direct binding or a RAF1 client	Admit recurrent exact screen-level co-complex support; do not call direct binding or a RAF1 client	The 2024 study explicitly examines mitochondrial RAF1, but support varies by cell lineage; the 2022 co-IP/AP-MS study does not localize the TRAP1 edge	Cell-line variability and lack of targeted reciprocal co-IP/localization cap the claim	not_established	SRCREV-2026-07-15-V6_109-PMID36244648-TRAP1-045
DBPRIORRES-v6_109-38496616-TRAP1-RAF1	DBPRIOR-v6_109-38496616-TRAP1-RAF1	38496616	PMC10942467	Mitochondrial Raf1 Regulates Glutamine Catabolism.	TRAP1::RAF1	TRAP1	RAF1	BioGRID	Proximity Label-MS	High Throughput	central_primary_result_confirmed	PMID36244648 mmc1 CoIP with RAF1 in HepG2 row 501 detects TRAP1 in one of three AP-MS replicates; PMID38496616 media-1 Pancreatic row 109 gives TRAP1 SAINT 0.95/log2FC 1.585, whereas Melanoma row 705 gives SAINT 0.21/log2FC 0.81	Admit recurrent exact screen-level co-complex support; do not call direct binding or a RAF1 client	complex_comember	affinity_purification_ms	support_only	moderate	medium	client_evidence_incomplete;complex_member_not_direct_binding;disease_specific;organelle_context;single_tissue_or_model_context	reviewed_primary_source_exact_support_flow_later	yes	yes		Admit recurrent exact screen-level co-complex support; do not call direct binding or a RAF1 client	Admit recurrent exact screen-level co-complex support; do not call direct binding or a RAF1 client	The 2024 study explicitly examines mitochondrial RAF1, but support varies by cell lineage; the 2022 co-IP/AP-MS study does not localize the TRAP1 edge	Cell-line variability and lack of targeted reciprocal co-IP/localization cap the claim	not_established	SRCREV-2026-07-15-V6_109-PMID38496616-TRAP1-050
DBPRIORRES-v6_109-8756626-TRAP1-RB1	DBPRIOR-v6_109-8756626-TRAP1-RB1	8756626	PMC231469	A new member of the hsp90 family of molecular chaperones interacts with the retinoblastoma protein during mitosis and after heat shock.	TRAP1::RB1	TRAP1	RB1	BioGRID	Affinity Capture-Western;Reconstituted Complex;Two-hybrid	Low Throughput	central_primary_result_confirmed	Abstract and primary-result summary: Rb bait two-hybrid isolation; LxCxE-dependent binding; condition-specific cellular complexes; in-vitro refolding of denatured Rb to native conformation	This is the only lane pair with an explicit primary folding assay; preserve the mitosis/heat-shock and historical-localization limits	client	direct_binding_biochemistry;lumier_or_complementation;coimmunoprecipitation;pathway_or_process_readout	anchor_direct	strong	high	antibody_specificity_risk;organelle_context;single_tissue_or_model_context;stress_response_context	reviewed_primary_source_exact_support_flow_later	yes	no		This is the only lane pair with an explicit primary folding assay; preserve the mitosis/heat-shock and historical-localization limits	This is the only lane pair with an explicit primary folding assay; preserve the mitosis/heat-shock and historical-localization limits	Historical hsp75 was described as cytoplasmic and entered nuclei during mitosis or heat shock; mitochondrial localization was not tested in this 1996 study	none	validated_client	SRCREV-2026-07-15-V6_109-PMID8756626-TRAP1-054
DBPRIORRES-v6_109-34349018-TRAP1-SERBP1	DBPRIOR-v6_109-34349018-TRAP1-SERBP1	34349018	PMC8364181	Protein interaction landscapes revealed by advanced in vivo cross-linking-mass spectrometry.	TRAP1::SERBP1	TRAP1	SERBP1	BioGRID	Cross-Linking-MS (XL-MS)	High Throughput	source_package_inspected_pair_not_confirmed			assay_association_only	unclear	context_only	weak	low	complex_member_not_direct_binding;database_route_reconciled;high_throughput_screen;not_client_evidence;supplement_or_result_row_not_confirmed	reviewed_source_package_pair_not_confirmed_recheck	no	yes		The available source package was inspected, but the exact pair was not found in accessible article or supplementary result material.				not_established	
DBPRIORRES-v6_109-37223481-TRAP1-SERBP1	DBPRIOR-v6_109-37223481-TRAP1-SERBP1	37223481	PMC10202183	SERBP1 Promotes Stress Granule Clearance by Regulating 26S Proteasome Activity and G3BP1 Ubiquitination and Protects Male Germ Cells from Thermostimuli Damage.	TRAP1::SERBP1	TRAP1	SERBP1	BioGRID	Affinity Capture-MS	Low Throughput	source_package_inspected_pair_not_confirmed			assay_association_only	unclear	context_only	weak	low	complex_member_not_direct_binding;database_route_reconciled;not_client_evidence;supplement_or_result_row_not_confirmed	reviewed_source_package_pair_not_confirmed_recheck	no	yes		The available source package was inspected, but the exact pair was not found in accessible article or supplementary result material.				not_established	
DBPRIORRES-v6_109-26344197-TRAP1-SOD1	DBPRIOR-v6_109-26344197-TRAP1-SOD1	26344197	PMC5036527	Panorama of ancient metazoan macromolecular complexes.	TRAP1::SOD1	TRAP1	SOD1	BioGRID	Co-fractionation	High Throughput	source_package_inspected_pair_not_confirmed			assay_association_only	unclear	context_only	weak	low	complex_member_not_direct_binding;database_route_reconciled;high_throughput_screen;not_client_evidence;supplement_or_result_row_not_confirmed	reviewed_source_package_pair_not_confirmed_recheck	no	yes		The available source package was inspected, but the exact pair was not found in accessible article or supplementary result material.				not_established	
DBPRIORRES-v6_109-29128334-TRAP1-SOD1	DBPRIOR-v6_109-29128334-TRAP1-SOD1	29128334	PMC5746455	A Map of Human Mitochondrial Protein Interactions Linked to Neurodegeneration Reveals New Mechanisms of Redox Homeostasis and NF-κB Signaling.	TRAP1::SOD1	TRAP1	SOD1	BioGRID;IntAct	"Affinity Capture-MS;psi-mi:""MI:0030""(cross-linking study)"	;High Throughput	source_package_inspected_pair_not_confirmed			assay_association_only	unclear	context_only	weak	low	complex_member_not_direct_binding;database_route_reconciled;high_throughput_screen;not_client_evidence;supplement_or_result_row_not_confirmed	reviewed_source_package_pair_not_confirmed_recheck	no	yes		The available source package was inspected, but the exact pair was not found in accessible article or supplementary result material.				not_established	
DBPRIORRES-v6_109-30833792-TRAP1-TNFRSF10A	DBPRIOR-v6_109-30833792-TRAP1-TNFRSF10A	30833792		A protein-interaction network of interferon-stimulated genes extends the innate immune system landscape.	TRAP1::TNFRSF10A	TRAP1	TNFRSF10A	BioGRID;IntAct	"Affinity Capture-MS;psi-mi:""MI:0096""(pull down)"	;High Throughput	source_package_unavailable_or_blocked			unresolved_or_speculative	unclear	context_only	unclear	low	complex_member_not_direct_binding;database_route_reconciled;high_throughput_screen;not_client_evidence;source_not_retrieved	retrieval_blocked_or_no_local_source	no	yes		No inspectable legal/local full-text package was available; the database route remains discovery context only.				not_established	
DBPRIORRES-v6_109-7876093-TRAP1-TNFRSF1A	DBPRIOR-v6_109-7876093-TRAP1-TNFRSF1A	7876093		Identification of a protein with homology to hsp90 that binds the type 1 tumor necrosis factor receptor.	TRAP1::TNFRSF1A	TRAP1	TNFRSF1A	BioGRID	Reconstituted Complex	Low Throughput	source_package_unavailable_or_blocked			unresolved_or_speculative	unclear	context_only	unclear	low	database_route_reconciled;not_client_evidence;source_not_retrieved	retrieval_blocked_or_no_local_source	no	yes		No inspectable legal/local full-text package was available; the database route remains discovery context only.				not_established	
DBPRIORRES-v6_109-20391533-TRAP1-TRAF3IP1	DBPRIOR-v6_109-20391533-TRAP1-TRAF3IP1	20391533		Proteomic analysis reveals novel binding partners of MIP-T3 in human cells.	TRAP1::TRAF3IP1	TRAP1	TRAF3IP1	BioGRID;IntAct	"Affinity Capture-MS;psi-mi:""MI:0006""(anti bait coimmunoprecipitation)"	;Low Throughput	source_package_unavailable_or_blocked			unresolved_or_speculative	unclear	context_only	unclear	low	complex_member_not_direct_binding;database_route_reconciled;not_client_evidence;source_not_retrieved	retrieval_blocked_or_no_local_source	no	yes		No inspectable legal/local full-text package was available; the database route remains discovery context only.				not_established	
DBPRIORRES-v6_109-16196087-TRAP1-UBC	DBPRIOR-v6_109-16196087-TRAP1-UBC	16196087		Large-scale analysis of the human ubiquitin-related proteome.	TRAP1::UBC	TRAP1	UBC	BioGRID	Affinity Capture-MS	High Throughput	central_nonflow_decision	PMID27182664 is a cascading ubiquitin-probe proteomic study with no local TRAP1-UBC result; PMID16196087 is blocked; UBC mapping cannot distinguish free ubiquitin, polyubiquitin, or a ubiquitinated TRAP1-associated species	Exclude the pair from scored gene evidence; retain only as ubiquitination-method context if needed	not_hsp90_relevant_after_review	affinity_purification_ms;assay_design_or_methods_only	exclude	not_supportive	exclude	assay_only;direct_binding_unclear;false_positive_candidate;gene_not_primary_caption_readout;methods_only_candidate;organelle_context	reviewed_exclude_no_flow	no	yes		Exclude the pair from scored gene evidence; retain only as ubiquitination-method context if needed	Exclude the pair from scored gene evidence; retain only as ubiquitination-method context if needed	No organelle-specific protein partner can be defined because UBC is a generic ubiquitin precursor/readout in these assay contexts	Primary result identity is unresolved and the gene-level edge conflates ubiquitin state with a discrete partner	not_established	
DBPRIORRES-v6_109-27182664-TRAP1-UBC	DBPRIOR-v6_109-27182664-TRAP1-UBC	27182664	PMC5108872	A cascading activity-based probe sequentially targets E1-E2-E3 ubiquitin enzymes.	TRAP1::UBC	TRAP1	UBC	BioGRID	Proximity Label-MS	High Throughput	central_nonflow_decision	PMID27182664 is a cascading ubiquitin-probe proteomic study with no local TRAP1-UBC result; PMID16196087 is blocked; UBC mapping cannot distinguish free ubiquitin, polyubiquitin, or a ubiquitinated TRAP1-associated species	Exclude the pair from scored gene evidence; retain only as ubiquitination-method context if needed	not_hsp90_relevant_after_review	affinity_purification_ms;assay_design_or_methods_only	exclude	not_supportive	exclude	assay_only;direct_binding_unclear;false_positive_candidate;gene_not_primary_caption_readout;methods_only_candidate;organelle_context	reviewed_exclude_no_flow	no	yes		Exclude the pair from scored gene evidence; retain only as ubiquitination-method context if needed	Exclude the pair from scored gene evidence; retain only as ubiquitination-method context if needed	No organelle-specific protein partner can be defined because UBC is a generic ubiquitin precursor/readout in these assay contexts	Primary result identity is unresolved and the gene-level edge conflates ubiquitin state with a discrete partner	not_established	
